,syn_Cd_0001,syn_Cd_0002,syn_Cd_0003,syn_Cd_0004,syn_Cd_0005,syn_Cd_0006,syn_Cd_0007,syn_Cd_0008,syn_Cd_0009,syn_Cd_0010,syn_Cd_0011,syn_Cd_0012,syn_Cd_0013,syn_Cd_0014,syn_Cd_0015,syn_Cd_0016,syn_Cd_0017,syn_Cd_0018,syn_Cd_0019,syn_Cd_0020,syn_Cd_0021,syn_Cd_0022,syn_Cd_0023,syn_Cd_0024,syn_Cd_0025,syn_Cd_0026,syn_Cd_0027,syn_Cd_0028,syn_Cd_0029,syn_Cd_0030,syn_Cd_0031,syn_Cd_0032,syn_Cd_0033,syn_Cd_0034,syn_Cd_0035,syn_Cd_0036,syn_Cd_0037,syn_Cd_0038,syn_Cd_0039,syn_Cd_0040,syn_Ni_0001,syn_Ni_0002,syn_Ni_0003,syn_Ni_0004,syn_Ni_0005,syn_Ni_0006,syn_Ni_0007,syn_Ni_0008,syn_Ni_0009,syn_Ni_0010,syn_Ni_0011,syn_Ni_0012,syn_Ni_0013,syn_Ni_0014,syn_Ni_0015,syn_Ni_0016,syn_Ni_0017,syn_Ni_0018,syn_Ni_0019,syn_Ni_0020,syn_Ni_0021,syn_Ni_0022,syn_Ni_0023,syn_Ni_0024,syn_Ni_0025,syn_Ni_0026,syn_Ni_0027,syn_Ni_0028,syn_Ni_0029,syn_Ni_0030,syn_Ni_0031,syn_Ni_0032,syn_Ni_0033,syn_Ni_0034,syn_Ni_0035,syn_Ni_0036,syn_Ni_0037,syn_Ni_0038,syn_Ni_0039,syn_Ni_0040
syn_Cd_0001,0.0,0.7773288439955106,0.26114953493918436,0.44697761974482325,0.4599715774514448,0.22962962962962963,0.7984848484848485,0.30416312659303313,0.7843370626041418,0.4961298377028714,0.7940859054608245,0.24818577648766327,0.7636006117544243,0.443267776096823,0.41633590975558804,0.22277024249897245,0.45854241338112306,0.23754345307068367,0.7212734556188066,0.2628099173553719,0.7652811735941321,0.303264766937158,0.39477068152593225,0.24173131890567578,0.24651810584958217,0.2081174438687392,0.46792204948543903,0.7921252139887504,0.23116518483855872,0.755719271035285,0.4375243285325029,0.7607932245403842,0.7861635220125787,0.7899712289354706,0.799645390070922,0.784585926280517,0.4603389830508475,0.2307358367701324,0.7651964011411017,0.7154408933384675,0.7354573980207579,0.4267434420985285,0.5265286699976207,0.43536260004850835,0.4860063275736189,0.43675649429473173,0.45554789800137835,0.554140127388535,0.7274662881476224,0.49953358208955223,0.7342242019302153,0.4726875455207575,0.7218934911242604,0.7151268115942029,0.4424320827943079,0.708201178069778,0.7157534246575342,0.44212523719165087,0.4405086285195277,0.4626398210290828,0.7159817351598173,0.46275395033860045,0.4088669950738916,0.42376784891754954,0.4921077065923863,0.4418604651162791,0.5014084507042254,0.7435144395496819,0.4241953385127636,0.4713656387665198,0.7091802546348001,0.7303703703703703,0.5397871262037507,0.5140467510186575,0.7229647630619684,0.48513449740443604,0.48273748723186927,0.7318691374971402,0.48405797101449277,0.4361676646706587
syn_Cd_0002,0.7773288439955106,0.0,0.7557557557557557,0.6609947643979057,0.6685714285714286,0.7528136723634847,0.2171140047834175,0.7481711372201286,0.16183816183816183,0.6769957983193278,0.19161406672678089,0.7462170341547774,0.20319634703196346,0.8230248306997743,0.6745098039215687,0.7391304347826086,0.6820461384152458,0.753763963088878,0.3752749670039595,0.7454232177471463,0.23756392375639238,0.7773422187377499,0.6509286193779369,0.7698362050627526,0.7470201897348577,0.7316798196166855,0.6567505720823799,0.19167523124357658,0.7512877115526122,0.1973392461197339,0.7089657963974904,0.18130921619293713,0.206502413004826,0.21396444634825446,0.22363847045191193,0.22783220296407938,0.804162724692526,0.7573696145124716,0.19495412844036697,0.4628777266359816,0.5899645210339585,0.6669634906500446,0.8067898152770844,0.7381558838512481,0.6554192229038854,0.7496175420703722,0.7444658325312801,0.6512875536480687,0.5826302729528536,0.6895624541676851,0.6045785639958376,0.7771545130035696,0.6063855134619967,0.6122303863474757,0.6509795091195677,0.6134692909651411,0.5790285273708559,0.7661109728788256,0.7299738531019729,0.79265153288088,0.587377480277313,0.7694306638317978,0.739517451393769,0.7437876960193004,0.6609097543176843,0.7790639154504277,0.6667487078513413,0.6364103882746207,0.7321262766945218,0.6506316812439261,0.624766355140187,0.6117311186088762,0.7892771405708189,0.7080161218092252,0.6416539050535988,0.6698836921554071,0.6743295019157088,0.5625299472927647,0.6505199086989601,0.7606837606837606
syn_Cd_0003,0.26114953493918436,0.7557557557557557,0.0,0.4451642757982416,0.4344937549827265,0.2874779541446208,0.7857754927163667,0.33725582489997646,0.7685729556386959,0.4455724760293288,0.7786296118830858,0.29789184234647115,0.7440505099562894,0.4510556621880998,0.4232902033271719,0.2784206943498979,0.44981213097155126,0.25103734439834025,0.7128851540616247,0.3143118009586852,0.7534653465346535,0.3747933884297521,0.3938673639172807,0.3016445145302996,0.23200831384775267,0.2432302899592619,0.46153846153846156,0.7757575757575758,0.22621231979030143,0.744200893807193,0.4584312887369096,0.7512551346417161,0.7703401360544218,0.7708191513501248,0.7813964964224032,0.7569239042753428,0.45738779626828036,0.2651880424300868,0.7515861395802831,0.7110876451953537,0.7095548317046688,0.4231678486997636,0.5101495726495726,0.4230349344978166,0.456986301369863,0.43005464480874317,0.4524910118130457,0.5187536064627813,0.6990445859872612,0.48080438756855576,0.718034617532105,0.45081967213114754,0.714866581956798,0.7265605256507455,0.4362287628619287,0.7087231352718079,0.6853127583356297,0.4303965930263508,0.42864385297845375,0.44901520817751184,0.6975261412904871,0.4515235457063712,0.41901672073870727,0.4215812516095802,0.47778643803585347,0.44504310344827586,0.47434885556432516,0.7298042459332782,0.40434997528423133,0.44680851063829785,0.6898954703832753,0.7109440267335004,0.526813880126183,0.49571836346336823,0.6991247264770241,0.4734056628737761,0.47475202885482415,0.7080777096114519,0.4621026894865526,0.4176533907427341
syn_Cd_0004,0.44697761974482325,0.6609947643979057,0.4451642757982416,0.0,0.255343599172604,0.4383294301327088,0.7104426510149181,0.4963820549927641,0.7145496535796767,0.2883405902273827,0.7085258294834104,0.4737479806138934,0.6719082022949426,0.571488645920942,0.21074043938161108,0.4286286286286286,0.25498377375985165,0.45634563456345634,0.6059113300492611,0.45542362648420204,0.6624891961970614,0.4867354458364038,0.2583941605839416,0.46369604137656656,0.4306964164976335,0.42785129174543163,0.2223168654173765,0.7088667614983405,0.4312968430615489,0.6527331189710611,0.2895386367951395,0.6832997987927565,0.6945812807881774,0.6880880880880881,0.7272139625080801,0.6995588576735546,0.5704874835309618,0.4657939189189189,0.6709346991037132,0.6021040766485065,0.673689138576779,0.36114570361145704,0.6163434903047091,0.5051740357478833,0.4285040113260972,0.525894538606403,0.5185185185185185,0.4203256043413912,0.6694214876033058,0.5485623726511206,0.6781774580335731,0.5470809792843692,0.6820694229493699,0.6928492849284928,0.3853576672959933,0.6715826546335021,0.6499881432297842,0.5304948216340621,0.5146701963379661,0.5803435529462927,0.6500332667997338,0.5305988155297214,0.5120783460282916,0.5142026392305972,0.3540680640072121,0.5483720930232558,0.44406470722260194,0.6911032028469751,0.5032369443245576,0.3935164340387213,0.6617455492835432,0.6683417085427136,0.6161963190184049,0.3631051752921536,0.6621112158341188,0.3414243187542936,0.5230891719745223,0.6542222222222223,0.3684703677676271,0.5213754646840149
syn_Cd_0005,0.4599715774514448,0.6685714285714286,0.4344937549827265,0.255343599172604,0.0,0.4593647316538883,0.7087818696883853,0.5245441795231417,0.7146645452134712,0.2637762237762238,0.7011658339281466,0.4723423628499886,0.6812153363877502,0.5773171312842507,0.238466834978196,0.4558160504959423,0.23621837549933422,0.44761904761904764,0.608625086946441,0.47891156462585033,0.6726468419759155,0.4959950708564387,0.31869688385269124,0.4686660698299015,0.41774110366168127,0.4207520228462637,0.27386995407299974,0.7037441924022957,0.4292403746097815,0.6582064297800339,0.2986406117247239,0.6830650646111993,0.6906047516198704,0.7037871956717764,0.7280744732974033,0.6953041622198506,0.5579474342928661,0.46612401244912616,0.6796704628059123,0.628463476070529,0.6870455157554538,0.3838929326132895,0.5817651736019083,0.4930950446791227,0.44550149497145963,0.521279479533749,0.5279123120061178,0.42832618025751074,0.6786937055570187,0.5484707102125453,0.6892827471614511,0.5332068311195446,0.6917255297679112,0.7029603612644255,0.4310836501901141,0.6832329317269076,0.6577364680153089,0.4918119387216059,0.5183694011071968,0.5618811881188119,0.6769620253164557,0.5285,0.479187314172448,0.5158486707566462,0.3996905621454358,0.532745255279337,0.4511749347258486,0.6985776805251641,0.5008588957055214,0.42003605459696114,0.6698789226587596,0.6751381215469613,0.5938566552901023,0.4145995747696669,0.6683853459972863,0.37184873949579833,0.5408734602463606,0.6711494544531845,0.3633423180592992,0.491588785046729
syn_Cd_0006,0.22962962962962963,0.7528136723634847,0.2874779541446208,0.4383294301327088,0.4593647316538883,0.0,0.777829421333953,0.2658879429815878,0.7649647887323944,0.48482060717571296,0.7688906752411575,0.26248548199767713,0.7357723577235772,0.45553319919517105,0.4148148148148148,0.2213476674985602,0.463339222614841,0.274796049806784,0.6909162406606371,0.24252363496044763,0.7393638992152003,0.271534916696207,0.3771211818726293,0.23945811867964129,0.2668243388518598,0.217286432160804,0.4460285132382892,0.773014440433213,0.24496426250812214,0.7291401563352118,0.4340448823207444,0.7395833333333334,0.7659146750055841,0.7696294874256095,0.7734294541709578,0.7584605175846052,0.4823825503355705,0.25171717171717173,0.7391836734693877,0.6861116127867076,0.7066428889879626,0.4002384737678855,0.559612846458425,0.42857142857142855,0.46271338724168914,0.44822949350067237,0.4540034071550256,0.5229615745079662,0.7059080962800875,0.46231915353055497,0.7171532846715328,0.47601972209771404,0.7027654633734431,0.7150661903761294,0.42662116040955633,0.6930838763926844,0.6953283683141503,0.44593112524676465,0.42784916789551297,0.5001038853106171,0.6934152022019903,0.45778336476010895,0.41235184029943855,0.43308431163287087,0.46764136744786067,0.46743464776251664,0.47338692157288725,0.7254459245879431,0.415016501650165,0.4428694158075601,0.6912863070539419,0.7077168222171637,0.5714618792259268,0.48421893727526966,0.7034544638851503,0.4599432438332242,0.4238258877434135,0.7017394993635978,0.4610751728753067,0.4351482957060646
syn_Cd_0007,0.7984848484848485,0.2171140047834175,0.7857754927163667,0.7104426510149181,0.7087818696883853,0.777829421333953,0.0,0.7818725099601593,0.1974921630094044,0.6969514035617266,0.23674194366911952,0.7714839022028565,0.24633204633204633,0.8302414231257942,0.726984126984127,0.7656923814087206,0.7022616661895219,0.7830527187413745,0.45692421624290297,0.7719382835101254,0.3033884948778566,0.80204037334491,0.7000503271263211,0.809320019020447,0.7704646017699115,0.7553299492385787,0.6923870967741935,0.1592581689726229,0.7699609156895589,0.3013882669055083,0.7566351776878093,0.25524222704266086,0.18245206275421266,0.28845232390991854,0.23769633507853402,0.17670682730923695,0.8199839271363515,0.7844189016602809,0.21914618369987063,0.5290981785872946,0.5966386554621849,0.6997748311233425,0.8057533466248932,0.7336053628679685,0.681592039800995,0.7519696527575138,0.7508877355913685,0.6721311475409836,0.6096181046676096,0.703559510567297,0.6166019707375336,0.7799824919754887,0.6234467855213398,0.6267454350161117,0.6862645717181957,0.6265448683503493,0.5942285041224971,0.7616345062429057,0.7429956896551724,0.7961884595023823,0.6024945770065075,0.7720706260032103,0.7519872813990461,0.7567123287671232,0.6952433628318584,0.7941937338315608,0.7068385650224215,0.6411314083677078,0.7461316548649357,0.6813035073184204,0.6443857331571995,0.6170339487790352,0.8002458512599877,0.7386048854192898,0.6622845457201285,0.6824591088550479,0.6987865810135617,0.5949986409350367,0.6722737819025522,0.7622739018087855
syn_Cd_0008,0.30416312659303313,0.7481711372201286,0.33725582489997646,0.4963820549927641,0.5245441795231417,0.2658879429815878,0.7818725099601593,0.0,0.7674418604651163,0.5213001723713371,0.7735124760076776,0.304775568764091,0.7427153032592273,0.5511424300661969,0.5073301672517034,0.28850060950832995,0.507191700070738,0.3580416380690917,0.6945196916024172,0.3116830065359477,0.7444566410537871,0.3303454715219421,0.458280389665396,0.29027048849414616,0.3235563703024748,0.2815699658703072,0.500324464633355,0.7698431845597105,0.3321016166281755,0.7272727272727273,0.496726992683866,0.7451500918929957,0.7684964200477327,0.7631044290938643,0.7863397548161121,0.7581483230987246,0.558134345012274,0.3266137679605404,0.739865597225233,0.6792380952380952,0.7161228864015242,0.49209694415173866,0.5938013618220239,0.5218951902368988,0.5188475390156062,0.5410778443113773,0.5413926060331141,0.5584024114544084,0.7109502685033855,0.4198895027624309,0.7158896753722236,0.5592814371257485,0.7078651685393258,0.7231663685152058,0.5227950575202386,0.7046979865771812,0.6954633204633205,0.5426029962546817,0.52152466367713,0.5103844454264251,0.6920649233543733,0.5506018724921979,0.508624502432552,0.5152341973624375,0.5073327222731439,0.5594984622663828,0.5634847080630213,0.7286335103814582,0.4895856171892129,0.5353627832455939,0.6911537613059784,0.7145640526059425,0.5902048975512244,0.5727908455181182,0.6945576600335651,0.5067536096879367,0.39365784689961625,0.7099615992771628,0.5162059103908484,0.5263531080122903
syn_Cd_0009,0.7843370626041418,0.16183816183816183,0.7685729556386959,0.7145496535796767,0.7146645452134712,0.7649647887323944,0.1974921630094044,0.7674418604651163,0.0,0.7163759144625774,0.18794835007173602,0.757548032936871,0.2001938923897237,0.8189655172413793,0.7297047970479705,0.7499433748584371,0.7171933583288699,0.760351966873706,0.43895619757688725,0.7671451355661882,0.2658102766798419,0.7970297029702971,0.7062870699881376,0.7926692152012593,0.7625097225823179,0.7483855536952883,0.7050534499514092,0.18691588785046728,0.7640596390269422,0.24835351603994052,0.7687219970130147,0.1990888382687927,0.18490361118653273,0.23986409966024916,0.19477961093326768,0.20042929970485646,0.8027176648213387,0.7723772858517806,0.1977593765221627,0.5247733502002951,0.5958829902491874,0.7045776309579991,0.8043710021321961,0.7347494553376906,0.6850738108255877,0.7459105779716467,0.7416709379805229,0.6966033390903857,0.5995762711864406,0.6992442011988532,0.6061281337047354,0.7797164667393675,0.6119705807760588,0.6191677175283733,0.6737520898017674,0.6220035326772647,0.5848226560351938,0.7529880478087649,0.7323551732861118,0.7999502363772083,0.5973530160346144,0.7612465443578789,0.7479452054794521,0.7491647391416089,0.688877365828364,0.7817204301075269,0.7012339196639538,0.637414030261348,0.7464232856438086,0.6716727084412222,0.6408345752608048,0.6243400944706863,0.7957081545064377,0.7345679012345679,0.6517467248908297,0.6979139160285186,0.6989198919891989,0.5857142857142857,0.6790458118731364,0.7588614393125671
syn_Cd_0010,0.4961298377028714,0.6769957983193278,0.4455724760293288,0.2883405902273827,0.2637762237762238,0.48482060717571296,0.6969514035617266,0.5213001723713371,0.7163759144625774,0.0,0.708981435022579,0.5023946360153256,0.6768447837150128,0.6115577889447236,0.2826086956521739,0.4747570514339891,0.20859242509892595,0.4678298800436205,0.6318359375,0.5120438826615789,0.6770508826583593,0.5434221840068788,0.35705399353072903,0.5102328863796753,0.4618956569243376,0.4559598494353827,0.24591836734693878,0.6955258570598489,0.4502343534601599,0.6847705608512525,0.3921175684702739,0.6943252265140677,0.7034700315457413,0.6980327091727898,0.7226390685640363,0.6924384027187765,0.6109052408681842,0.49595959595959593,0.6849104859335038,0.6432812843633164,0.6979405034324943,0.41217219198416627,0.6017997750281214,0.5195627157652474,0.43096476025418834,0.5552995391705069,0.5407447382622774,0.38926174496644295,0.7005586592178771,0.5671518813512771,0.6912197996464349,0.5604838709677419,0.7026954897251134,0.7219421597240647,0.4302179904785768,0.6888770905229625,0.6791630340017437,0.5421686746987951,0.5469789725845089,0.5689249280669632,0.6726493436914011,0.556436690457309,0.5354804922754648,0.550744248985115,0.37448784485113357,0.5783200908059024,0.45640741765845555,0.7086362314626344,0.5246241575946086,0.41025641025641024,0.6830287206266319,0.6849838377901851,0.5871476204910578,0.4203187250996016,0.6753171856978085,0.34057365636313003,0.5607344632768362,0.677765843179377,0.35699971371314054,0.5430839002267573
syn_Cd_0011,0.7940859054608245,0.19161406672678089,0.7786296118830858,0.7085258294834104,0.7011658339281466,0.7688906752411575,0.23674194366911952,0.7735124760076776,0.18794835007173602,0.708981435022579,0.0,0.7681099084096586,0.14611671785870997,0.8255208333333334,0.7189597315436241,0.7623272127088921,0.7052328372539607,0.7760707635009311,0.3793395427603726,0.7639493880937565,0.23169642857142858,0.7950757575757575,0.6875403486120077,0.8015986882557902,0.7729074376311494,0.756340776067635,0.6917326297273527,0.2221130221130221,0.7645123384253819,0.16987740805604204,0.7456534479390506,0.160929075072584,0.212636695018226,0.20651949659583246,0.14088582239038505,0.20269295503726859,0.8134362233318202,0.7807323452484742,0.1868664609960335,0.44772946859903384,0.6251212415130941,0.6822269807280514,0.8121414913957935,0.7480506822612085,0.6723716381418093,0.7590243902439024,0.7563451776649747,0.6620583717357911,0.6311787072243346,0.705785898336847,0.6345101939333665,0.784390243902439,0.6452571428571429,0.6365703889015237,0.6700584542108682,0.6455062571103527,0.6175964610469403,0.7736478436978794,0.7427594070695553,0.8027409570882947,0.6193533593212566,0.7769213330310587,0.7544411963121205,0.7552625491556789,0.6763814408953136,0.7890173410404624,0.696298042914407,0.6611753134988936,0.7445385644226482,0.6748952026082906,0.6662180349932705,0.647730091788638,0.812070282658518,0.7174849267872524,0.6767578125,0.6871296515762029,0.6886792452830188,0.6199448529411765,0.6738655666100462,0.7781520692974013
syn_Cd_0012,0.24818577648766327,0.7462170341547774,0.29789184234647115,0.4737479806138934,0.4723423628499886,0.26248548199767713,0.7714839022028565,0.304775568764091,0.757548032936871,0.5023946360153256,0.7681099084096586,0.0,0.7363100252737995,0.4597749062109212,0.43243243243243246,0.23049434187016082,0.48484848484848486,0.27017387427552386,0.6947496947496947,0.2229095988824586,0.7387580299785867,0.2606946983546618,0.4033491833781269,0.24876701519037286,0.26590756865371734,0.2321465750572559,0.48121570282819753,0.7577464788732394,0.27289088863892014,0.7196472133608557,0.45225089470710117,0.7426177174780527,0.7579558652729385,0.756204089735954,0.7672432201580184,0.750747298229478,0.40992167101827676,0.22436165759732105,0.7301184433164128,0.6902143522833178,0.713490959666203,0.4148148148148148,0.541838134430727,0.35165346995808106,0.4864485981308411,0.37156177156177156,0.39036251105216624,0.54833984375,0.7016825829922693,0.4850863422291994,0.7212725546058879,0.40233100233100233,0.707776560788609,0.7148463047743623,0.43522561863173215,0.6964013086150491,0.6900680911011975,0.3863688169591976,0.36830601092896176,0.49235078646843355,0.6954515491100857,0.3905672679852206,0.35820573646754367,0.35962774207844006,0.4842598794373744,0.3873790879778904,0.5007898894154819,0.7340850364106178,0.358426005132592,0.4727921498661909,0.6828743545611016,0.7152333570244018,0.5623026475589021,0.5076541166735623,0.6943537097526832,0.4797006123837605,0.4563758389261745,0.7045354469396742,0.47297610763164,0.3630924988495168
syn_Cd_0013,0.7636006117544243,0.20319634703196346,0.7440505099562894,0.6719082022949426,0.6812153363877502,0.7357723577235772,0.24633204633204633,0.7427153032592273,0.2001938923897237,0.6768447837150128,0.14611671785870997,0.7363100252737995,0.0,0.8132688927943761,0.6850594227504244,0.7269881026925485,0.6856447688564477,0.7433962264150943,0.38817480719794345,0.738090241343127,0.22965641952983726,0.7737366003062787,0.6602047484208233,0.771511507360564,0.7486416253248287,0.7248189598420013,0.6651825467497774,0.23168908819133036,0.7356513455584663,0.18512689356679127,0.7171637369148726,0.17498950902224086,0.22246858832224686,0.20601127113337508,0.16159567275185938,0.18644893980014624,0.8050574712643678,0.7493380406001765,0.1677822400713967,0.44442273881617506,0.5909537856440511,0.6731686172518422,0.7950581395348837,0.7356719367588933,0.6623698562221121,0.7522255192878339,0.7419354838709677,0.655064935064935,0.5934489402697495,0.6852599098029908,0.616238023197176,0.7759643916913946,0.6184301921741143,0.6185210780926054,0.6638176638176638,0.6197280479373127,0.5838524794418141,0.7609273122434195,0.7186417186417187,0.7829351535836178,0.5953542392566783,0.7593570608495982,0.7467547255750399,0.73470822591985,0.657925820930782,0.77001953125,0.6807646356033453,0.6384941411119421,0.7237020316027089,0.658329400660689,0.6206269877328487,0.6211320754716981,0.787651769568587,0.7131647776809067,0.6450495049504951,0.6699495556089359,0.6809128630705394,0.5945065176908753,0.6560885608856089,0.76
syn_Cd_0014,0.443267776096823,0.8230248306997743,0.4510556621880998,0.571488645920942,0.5773171312842507,0.45553319919517105,0.8302414231257942,0.5511424300661969,0.8189655172413793,0.6115577889447236,0.8255208333333334,0.4597749062109212,0.8132688927943761,0.0,0.5674086518269634,0.43648006610204504,0.5975961538461538,0.43916083916083914,0.7766002543450614,0.4782969885773624,0.8082253017434063,0.4857792946530148,0.537599655246714,0.4598809768109994,0.4382442213401821,0.43911439114391143,0.6067811536767944,0.8252952755905512,0.4200988467874794,0.797389440872784,0.5908468609426951,0.8060631229235881,0.8296422487223168,0.8235901673208015,0.8355248495654112,0.8256681916686732,0.2913636363636364,0.4495853339153208,0.8111209179170344,0.763590636486748,0.768334142787761,0.5583190394511149,0.35519387266634755,0.4997559785261103,0.579333986287953,0.504152418172936,0.5351201478743068,0.6328205128205128,0.7715373631603998,0.6101337086558761,0.772410358565737,0.5324865657059111,0.7766079194323644,0.7713504896378957,0.5386949924127465,0.7739804055593529,0.7607679054885552,0.5204008589835362,0.5122174012331583,0.43217097862767156,0.7529276693455798,0.530533484676504,0.4843503715379419,0.5121612230715775,0.6077515759981321,0.5118186203569706,0.5655253837072018,0.7769022408273825,0.5178571428571429,0.5685634328358209,0.7726864330637916,0.7783850931677019,0.4108645753634277,0.6209573091849935,0.7667481662591688,0.587467362924282,0.6094455852156058,0.7722043258168431,0.5829890643985419,0.5021686746987952
syn_Cd_0015,0.41633590975558804,0.6745098039215687,0.4232902033271719,0.21074043938161108,0.238466834978196,0.4148148148148148,0.726984126984127,0.5073301672517034,0.7297047970479705,0.2826086956521739,0.7189597315436241,0.43243243243243246,0.6850594227504244,0.5674086518269634,0.0,0.40931813637272546,0.27824074074074073,0.4301123595505618,0.6104961049610496,0.4484422110552764,0.6763055675442382,0.47405226352594776,0.24057488023328474,0.43413471090800715,0.41976142246230025,0.40423746591147475,0.22883879200340282,0.7239583333333334,0.41528691313222954,0.6599282070659361,0.2478664896643277,0.6989549839228296,0.707659873506676,0.6988602279544092,0.7417688831504197,0.7041502434500347,0.5640350877192982,0.43652467313369886,0.6884057971014492,0.6119346969412648,0.6769518466573166,0.35323383084577115,0.6260949746426925,0.49788633161108503,0.4321394910461828,0.5181006111894687,0.5147058823529411,0.4408866995073892,0.672627235213205,0.5613836762378476,0.6767241379310345,0.5185707569346497,0.6780746301611835,0.6928147659854977,0.3727215587680704,0.6702571993844801,0.6509590338621832,0.5049413927832682,0.507821105970478,0.5895765472312704,0.6562569213732005,0.5220153340635268,0.5088024342534232,0.4978780433325888,0.3589916722934954,0.5383186251741756,0.4443686006825939,0.6967543236199952,0.49353448275862066,0.3947841726618705,0.6496097137901128,0.6735961768219833,0.6363636363636364,0.37057107127969985,0.6597647058823529,0.3569631831694489,0.5312127236580517,0.6604527296937417,0.36701754385964913,0.49930394431554526
syn_Cd_0016,0.22277024249897245,0.7391304347826086,0.2784206943498979,0.4286286286286286,0.4558160504959423,0.2213476674985602,0.7656923814087206,0.28850060950832995,0.7499433748584371,0.4747570514339891,0.7623272127088921,0.23049434187016082,0.7269881026925485,0.43648006610204504,0.40931813637272546,0.0,0.4616958399636281,0.23382645175535438,0.6885212830340932,0.23031262366442423,0.7305325694886484,0.2671866497369853,0.37991803278688524,0.22652582159624413,0.2516585581601061,0.21254643004539828,0.45659903785818867,0.7513362770160353,0.25044563279857396,0.7189128816083395,0.4390881913303438,0.7361028684470821,0.7442502299908004,0.7480314960629921,0.7668218366483284,0.7422586520947176,0.4421211467988791,0.21883426674963702,0.7321316285893943,0.6756656804733728,0.6933669956392012,0.4146440954517642,0.5354312882046638,0.3737606640534932,0.4730511219060837,0.4087237479806139,0.41931245894460256,0.530804542159942,0.6892591758612925,0.46868058640604177,0.6968272620446534,0.43318716824371106,0.6948784722222222,0.7010799136069115,0.42415498763396536,0.6905790838375108,0.6764295676429568,0.41173814898419864,0.40277176266782155,0.47224594363791633,0.6843709185894645,0.425495262704565,0.37606837606837606,0.3858647936786655,0.4758956214064573,0.4129988597491448,0.48725972284309343,0.7172093023255814,0.36554354736172917,0.45129224652087474,0.6734171818375613,0.7012195121951219,0.5485576923076924,0.49313102316998153,0.6872256872256872,0.4636118598382749,0.42806811509101583,0.6933478735005453,0.46853468075333027,0.40168603326498065
syn_Cd_0017,0.45854241338112306,0.6820461384152458,0.44981213097155126,0.25498377375985165,0.23621837549933422,0.463339222614841,0.7022616661895219,0.507191700070738,0.7171933583288699,0.20859242509892595,0.7052328372539607,0.48484848484848486,0.6856447688564477,0.5975961538461538,0.27824074074074073,0.4616958399636281,0.0,0.46205821205821207,0.6206735266604303,0.48868053967528013,0.6865079365079365,0.5149006622516556,0.29697547035008337,0.4813811780636425,0.4360843530330643,0.44537815126050423,0.23804878048780487,0.7078961899503037,0.43472550564749146,0.6840758900021318,0.3675872404196104,0.6945587562871514,0.7043905099536406,0.7140259149806775,0.7344870210135971,0.7100511991376988,0.584133400707428,0.48985507246376814,0.6943765281173594,0.6310556378252592,0.7083786724700761,0.39744197063003317,0.5899357601713062,0.5016411378555798,0.43986820428336076,0.5136911281489595,0.5172413793103449,0.4042799305957201,0.6946808510638298,0.5550902904998691,0.6927811975377728,0.5470974808324206,0.7112299465240641,0.7163838946568751,0.4327499400623352,0.6939447681783634,0.6846175089754212,0.5246732461989864,0.5306070612141224,0.5638271296527604,0.6677740863787376,0.5291445874337622,0.5188797199299825,0.5189677419354839,0.38818016141629785,0.5485961123110151,0.46111257579752174,0.7087593257806024,0.5136206042595344,0.4118564742589704,0.6912718204488778,0.6840636338264025,0.6021845357861454,0.42850333651096284,0.6820175438596491,0.36992840095465396,0.5532971996386631,0.6885245901639344,0.3618295671113531,0.5248112189859763
syn_Cd_0018,0.23754345307068367,0.753763963088878,0.25103734439834025,0.45634563456345634,0.44761904761904764,0.274796049806784,0.7830527187413745,0.3580416380690917,0.760351966873706,0.4678298800436205,0.7760707635009311,0.27017387427552386,0.7433962264150943,0.43916083916083914,0.4301123595505618,0.23382645175535438,0.46205821205821207,0.0,0.7044938719927372,0.2684876748834111,0.7486785199423354,0.3317210802095929,0.4114114114114114,0.2751589563692173,0.2273986401410224,0.2167636786961583,0.4690307328605201,0.7665245202558635,0.2313944627889256,0.7390582866625182,0.4709435534263695,0.7420071047957372,0.7598103766131156,0.7641863546036652,0.7777245508982036,0.7511064826868004,0.43052837573385516,0.22763466042154568,0.7497630331753554,0.7092855672225654,0.7088807146610615,0.4287683823529412,0.520951888256596,0.3824617010036978,0.4634146341463415,0.387625594923321,0.40089641434262946,0.5261984392419174,0.7023136246786632,0.49025563148569984,0.7073434125269978,0.4108937070333157,0.7140744392408184,0.7259132140230449,0.42850499883747967,0.7032131469217562,0.6859504132231405,0.39004898169631347,0.38677157610031965,0.48124848778127266,0.6918130101409844,0.41949670168580505,0.37466698958585615,0.384769038701623,0.4908083606144548,0.41053729786124155,0.4662248279378027,0.7263270205388104,0.3714011516314779,0.4461770623742455,0.6830917874396135,0.7096687314839752,0.5356054308672763,0.49422098936662046,0.6860772895712017,0.4724429633427326,0.49407634927599825,0.7055032226078334,0.46831448856166186,0.3824908806670141
syn_Cd_0019,0.7212734556188066,0.3752749670039595,0.7128851540616247,0.6059113300492611,0.608625086946441,0.6909162406606371,0.45692421624290297,0.6945196916024172,0.43895619757688725,0.6318359375,0.3793395427603726,0.6947496947496947,0.38817480719794345,0.7766002543450614,0.6104961049610496,0.6885212830340932,0.6206735266604303,0.7044938719927372,0.0,0.6941796795781788,0.4392156862745098,0.7220779220779221,0.5883960479293673,0.7253958709160152,0.7049329393043874,0.6811348719034512,0.6058394160583942,0.44641148325358854,0.699885452462772,0.281767955801105,0.6370242876266973,0.29724249797242497,0.4570414201183432,0.4165826104498689,0.42733000217249617,0.42281564769266805,0.7692648361381754,0.7054065559812687,0.3227194492254733,0.2336802270577105,0.6480869154463864,0.6108786610878661,0.768048439683279,0.7104888467014713,0.6033333333333334,0.7330166270783848,0.716021602160216,0.6225099601593626,0.6470588235294118,0.6688741721854304,0.6587608906098742,0.754394299287411,0.6753623188405797,0.6702906589749279,0.5939945020088814,0.667480577136515,0.6439339554917445,0.7371720455073136,0.7125695216907675,0.743915807936856,0.6354283158130172,0.736783897367839,0.717357910906298,0.7112564854500338,0.6180950215958172,0.7526982637259503,0.6166398529073777,0.6768015322001436,0.6884247171453438,0.6058128973660308,0.6541155866900175,0.653706834098044,0.7592271488729254,0.648716870004207,0.6438421302900618,0.6206976206976207,0.6341756919374247,0.6400717167189601,0.6005672417868116,0.7383966244725738
syn_Cd_0020,0.2628099173553719,0.7454232177471463,0.3143118009586852,0.45542362648420204,0.47891156462585033,0.24252363496044763,0.7719382835101254,0.3116830065359477,0.7671451355661882,0.5120438826615789,0.7639493880937565,0.2229095988824586,0.738090241343127,0.4782969885773624,0.4484422110552764,0.23031262366442423,0.48868053967528013,0.2684876748834111,0.6941796795781788,0.0,0.7435459782376787,0.24147986149079642,0.407498969921714,0.244199764058199,0.27580071174377224,0.23443983402489627,0.48264984227129337,0.7577741407528642,0.27969520394441955,0.7231575009352788,0.4618850920015021,0.7442831576854245,0.7556686719111523,0.7566284131381085,0.7685106382978724,0.7526339899221255,0.43767613266854544,0.24421272158498436,0.7344573234984194,0.6978818283166109,0.7150773493419533,0.43776912036087756,0.5545433841949442,0.3899327302250058,0.5126832673958576,0.4139772463431623,0.4221537106364237,0.5594456601021153,0.7005662514156286,0.5008936550491511,0.7157720501300544,0.437195263524495,0.7001309471846355,0.7137271937445699,0.4649813510153336,0.6892655367231638,0.6917680074836295,0.4187102633969119,0.3989547038327526,0.5032202662086732,0.6935201401050788,0.40926808142052834,0.39406961753330466,0.3911699779249448,0.5124555160142349,0.42647396191787107,0.5031474820143885,0.727187646233037,0.39526955039420414,0.4752277271717396,0.690032154340836,0.7135441245870694,0.5757135945815192,0.5200989486703772,0.6992795723913549,0.47853592408495255,0.4762935274444226,0.7144110550559333,0.4907578558225508,0.4040797616319047
syn_Cd_0021,0.7652811735941321,0.23756392375639238,0.7534653465346535,0.6624891961970614,0.6726468419759155,0.7393638992152003,0.3033884948778566,0.7444566410537871,0.2658102766798419,0.6770508826583593,0.23169642857142858,0.7387580299785867,0.22965641952983726,0.8082253017434063,0.6763055675442382,0.7305325694886484,0.6865079365079365,0.7486785199423354,0.4392156862745098,0.7435459782376787,0.0,0.7741935483870968,0.6565477509417239,0.7639620653319283,0.7405535499398316,0.725385130609511,0.6628908019936566,0.2855691056910569,0.7427808784275661,0.23556443556443557,0.7195586760280842,0.23848122866894197,0.26701833710123085,0.20942075111394018,0.23193392980041294,0.31577639751552794,0.7968164794007491,0.7462954647507858,0.26248864668483196,0.50724062685975,0.5779448621553884,0.6662257495590829,0.7985185185185185,0.7340050377833753,0.6440849342770475,0.7392839132627332,0.7361904761904762,0.6447507953340403,0.5822287677957781,0.6798065296251512,0.5915637860082305,0.7695410993444276,0.6000943173779769,0.5847994370161858,0.6379041248606466,0.5902370335601972,0.567979669631512,0.7425547624907703,0.7181839567160668,0.7808663423673847,0.5855216465578424,0.7577741407528642,0.7305819615117087,0.7369300549057054,0.6471720818291216,0.7655550024888004,0.6605794984173362,0.6160691584032545,0.7279411764705882,0.6447115384615385,0.6170212765957447,0.5950731331793687,0.7991036119166887,0.6962305986696231,0.6254416961130742,0.6577723378212974,0.6739772247996626,0.577524893314367,0.6468522698771005,0.7578319244157136
syn_Cd_0022,0.303264766937158,0.7773422187377499,0.3747933884297521,0.4867354458364038,0.4959950708564387,0.271534916696207,0.80204037334491,0.3303454715219421,0.7970297029702971,0.5434221840068788,0.7950757575757575,0.2606946983546618,0.7737366003062787,0.4857792946530148,0.47405226352594776,0.2671866497369853,0.5149006622516556,0.3317210802095929,0.7220779220779221,0.24147986149079642,0.7741935483870968,0.0,0.4436288349331828,0.26420198376916143,0.3440968718466196,0.2964576624360674,0.4994246260069045,0.7922297297297297,0.34241007925218453,0.7491817398794143,0.4658599827139153,0.7696793002915452,0.7912570591926376,0.789225467077816,0.7964721845318861,0.7844559585492228,0.44637223974763407,0.2874000761324705,0.7744043043812452,0.7195685670261941,0.7394572025052192,0.4760119940029985,0.5657731958762887,0.4088050314465409,0.5588730025231287,0.40998741082668905,0.4068,0.600174978127734,0.7291752154288059,0.5051671732522797,0.7487201365187713,0.4322282836760386,0.7333862328902996,0.7436302587398775,0.49517502365184485,0.7316735822959889,0.7267159450897571,0.4164096236890808,0.40051474955454364,0.5161227281610319,0.7266759498706983,0.4256450659838487,0.3635830236651672,0.39547003407496495,0.5471241170534813,0.41760066417600666,0.5410637864275525,0.755757447707585,0.3889751552795031,0.5076612903225807,0.7302888368462139,0.7462209921226315,0.5941650337470064,0.552165725047081,0.7303653926921462,0.5242579324462641,0.4785276073619632,0.7377441211638103,0.5337372049300187,0.3832434674408959
syn_Cd_0023,0.39477068152593225,0.6509286193779369,0.3938673639172807,0.2583941605839416,0.31869688385269124,0.3771211818726293,0.7000503271263211,0.458280389665396,0.7062870699881376,0.35705399353072903,0.6875403486120077,0.4033491833781269,0.6602047484208233,0.537599655246714,0.24057488023328474,0.37991803278688524,0.29697547035008337,0.4114114114114114,0.5883960479293673,0.407498969921714,0.6565477509417239,0.4436288349331828,0.0,0.41205211726384366,0.3877834335955576,0.3809728798966853,0.251255184457542,0.6933950767730929,0.3885261194029851,0.631477184841454,0.31017080745341613,0.67826982492276,0.686595949855352,0.675,0.722492266902342,0.6860687022900763,0.5345798603289029,0.4222029863665873,0.6560927586961277,0.5771889400921659,0.6579263892229974,0.36381033382947053,0.5907042921508181,0.4479091128837322,0.38345864661654133,0.4652794580208081,0.47103274559193953,0.45773038842345776,0.6486677670360764,0.499767549976755,0.6586929716399507,0.4841519477377208,0.6601633393829401,0.6735891647855531,0.39767841788478075,0.6364046973803071,0.6192101413944417,0.46713947990543736,0.45359891353553644,0.5606601248884924,0.6331360946745562,0.4855985598559856,0.45982142857142855,0.4508723599632691,0.4141601110596946,0.4862604540023895,0.44782405240992046,0.6760975609756098,0.44678026111971675,0.40097064941067717,0.633934535738143,0.65501968503937,0.6106060606060606,0.41885824246311737,0.6415596996851538,0.3791157102539981,0.4833978407007537,0.633751425313569,0.3890226287915262,0.4576271186440678
syn_Cd_0024,0.24173131890567578,0.7698362050627526,0.3016445145302996,0.46369604137656656,0.4686660698299015,0.23945811867964129,0.809320019020447,0.29027048849414616,0.7926692152012593,0.5102328863796753,0.8015986882557902,0.24876701519037286,0.771511507360564,0.4598809768109994,0.43413471090800715,0.22652582159624413,0.4813811780636425,0.2751589563692173,0.7253958709160152,0.244199764058199,0.7639620653319283,0.26420198376916143,0.41205211726384366,0.0,0.28809837505489677,0.22099220992209923,0.47974236442966967,0.7956170703575548,0.28407079646017697,0.7598075499629904,0.45468053491827637,0.7743267151562807,0.7885844748858447,0.7934272300469484,0.8066414459857083,0.7897830018083183,0.47505887390280455,0.26396043684318976,0.7730585051009785,0.7121323529411765,0.7589428115743905,0.45288753799392095,0.5351764441447516,0.44151979858091095,0.514580941446613,0.46071019473081326,0.4642313546423135,0.5789978422440661,0.7348535658394814,0.48478164975738863,0.7504082108700723,0.47262313860252003,0.7366379310344827,0.7434577434577434,0.4696969696969697,0.7068669527896996,0.7185048454083988,0.4648139847601972,0.447741935483871,0.4864291772688719,0.728923476005188,0.45808383233532934,0.432937181663837,0.44725370531822145,0.5111989459815547,0.4575503735567127,0.5108743897026188,0.765466297322253,0.4354872658387708,0.4867295459530599,0.7175524031336016,0.7486033519553073,0.5715648854961832,0.5286209003870442,0.7234579224948406,0.5017841213202497,0.4604162614277378,0.7270955165692008,0.5002279981760146,0.44854105406016737
syn_Cd_0025,0.24651810584958217,0.7470201897348577,0.23200831384775267,0.4306964164976335,0.41774110366168127,0.2668243388518598,0.7704646017699115,0.3235563703024748,0.7625097225823179,0.4618956569243376,0.7729074376311494,0.26590756865371734,0.7486416253248287,0.4382442213401821,0.41976142246230025,0.2516585581601061,0.4360843530330643,0.2273986401410224,0.7049329393043874,0.27580071174377224,0.7405535499398316,0.3440968718466196,0.3877834335955576,0.28809837505489677,0.0,0.2150186567164179,0.4492067250769595,0.7639519359145527,0.21272264631043258,0.7332779393435812,0.44847726324572385,0.7398265510340227,0.7567282321899736,0.7638213180008846,0.7749520153550864,0.7569118414188837,0.4491546189659397,0.24841660802251936,0.7436506052694042,0.7035051546391753,0.7093972097920506,0.4006904487917146,0.4967608188649909,0.4051336332363059,0.45285524568393093,0.42887417218543045,0.4382639062110252,0.5202457414130132,0.7007468452227659,0.4594320486815416,0.7067892886123884,0.4447682119205298,0.7071604938271605,0.7111984282907662,0.43176525384257103,0.6972972972972973,0.6917735042735043,0.4142561983471074,0.41674876847290643,0.433349491032477,0.6858275520317145,0.4302496328928047,0.3978651140223193,0.416208104052026,0.4601412714429869,0.43506663182649596,0.4540347293156282,0.7167290219134153,0.42033165104542175,0.4381456286218191,0.6864263247036051,0.7064220183486238,0.5197112715158245,0.4906228293586478,0.6892071068682047,0.4519774011299435,0.45550428477257743,0.7035013657809784,0.44204425711275025,0.4142521534847298
syn_Cd_0026,0.2081174438687392,0.7316798196166855,0.2432302899592619,0.42785129174543163,0.4207520228462637,0.217286432160804,0.7553299492385787,0.2815699658703072,0.7483855536952883,0.4559598494353827,0.756340776067635,0.2321465750572559,0.7248189598420013,0.43911439114391143,0.40423746591147475,0.21254643004539828,0.44537815126050423,0.2167636786961583,0.6811348719034512,0.23443983402489627,0.725385130609511,0.2964576624360674,0.3809728798966853,0.22099220992209923,0.2150186567164179,0.0,0.45370574004838354,0.7483411157532563,0.21203573107663376,0.7193460490463215,0.4282923016803439,0.7299315494710641,0.7433155080213903,0.7424680148576145,0.7577916295636687,0.7392977392977393,0.4474460839954597,0.20558098975365163,0.7236059069869958,0.6838036335523773,0.7040989570700946,0.4020132790747483,0.515658618216591,0.41408725322934437,0.4619711420885302,0.43010490363503295,0.42257096699746133,0.5247119078104994,0.6905158069883528,0.471883786316776,0.6990798308878389,0.44230300073188583,0.6918152720621856,0.6983621474067334,0.4231268947596362,0.6763768775603095,0.6799410029498525,0.4261201143946616,0.41742700729927007,0.461123595505618,0.6798165137614679,0.4326530612244898,0.394961763382816,0.4095326237852846,0.4710820895522388,0.4396530956396049,0.4650943396226415,0.7112641416625677,0.3930880713489409,0.44234800838574423,0.6719766659187795,0.6992555831265509,0.5374426897605705,0.49644626319190177,0.6869352869352869,0.4442863916548127,0.4613333333333333,0.6874281774304758,0.4475728155339806,0.4089049338146811
syn_Cd_0027,0.46792204948543903,0.6567505720823799,0.46153846153846156,0.2223168654173765,0.27386995407299974,0.4460285132382892,0.6923870967741935,0.500324464633355,0.7050534499514092,0.24591836734693878,0.6917326297273527,0.48121570282819753,0.6651825467497774,0.6067811536767944,0.22883879200340282,0.45659903785818867,0.23804878048780487,0.4690307328605201,0.6058394160583942,0.48264984227129337,0.6628908019936566,0.4994246260069045,0.251255184457542,0.47974236442966967,0.4492067250769595,0.45370574004838354,0.0,0.6978021978021978,0.45094294581045596,0.6542479794993101,0.3156540668909559,0.6749369217830109,0.6853544084959249,0.6921146203723071,0.7212559295233792,0.6789640850232104,0.6004608294930875,0.5002211410880142,0.6574239713774598,0.5952241143080838,0.6998521439132578,0.35534317984361424,0.616318601262749,0.5151064883605745,0.4000994035785288,0.5294992563212693,0.5365510777881912,0.4125,0.6880733944954128,0.53604568165596,0.6941354903943378,0.5572632622706991,0.6992341610582502,0.7127684137612561,0.40215242697122777,0.6816816816816816,0.6622533100174869,0.5274751876059066,0.5272053716137995,0.5849486887115165,0.6717112922002328,0.5429228998849251,0.5192878338278932,0.5142118863049095,0.3473833767463888,0.5491923641703378,0.4380838323353293,0.715071232191952,0.5090497737556561,0.38789025543992434,0.6734972677595629,0.694829760403531,0.622895622895623,0.3730886850152905,0.6803970223325062,0.3397543944136769,0.5243243243243243,0.6560895940270649,0.34204685573366217,0.5300733496332518
syn_Cd_0028,0.7921252139887504,0.19167523124357658,0.7757575757575758,0.7088667614983405,0.7037441924022957,0.773014440433213,0.1592581689726229,0.7698431845597105,0.18691588785046728,0.6955258570598489,0.2221130221130221,0.7577464788732394,0.23168908819133036,0.8252952755905512,0.7239583333333334,0.7513362770160353,0.7078961899503037,0.7665245202558635,0.44641148325358854,0.7577741407528642,0.2855691056910569,0.7922297297297297,0.6933950767730929,0.7956170703575548,0.7639519359145527,0.7483411157532563,0.6978021978021978,0.0,0.767178658043654,0.27225244831338413,0.7490710382513661,0.2337540906965872,0.19238308597031645,0.256797583081571,0.23271714358065332,0.19944674965421855,0.8171931641636457,0.7809099901088031,0.20330495743615423,0.5132800690995465,0.5860335195530726,0.6926805622879302,0.804945054945055,0.7258426966292135,0.6694867456288776,0.7334083239595051,0.7435356200527704,0.6621058893515764,0.5895196506550219,0.68,0.6101207590569293,0.7761529808773904,0.6110676063690942,0.6267843239034518,0.68,0.6307452609711763,0.5858156028368794,0.7558171366000548,0.7235095027336631,0.7926798054773484,0.5897301545716531,0.7626066718386346,0.7407122726108122,0.7348504895474993,0.6817089452603471,0.7749445676274944,0.6862320800649175,0.6372409877944933,0.7265347539320142,0.6794666666666667,0.633622892181911,0.6174361915686837,0.8108187998817618,0.7185365853658536,0.6542792792792793,0.6756462585034013,0.7017543859649122,0.592436974789916,0.6684372379088622,0.7558139534883721
syn_Cd_0029,0.23116518483855872,0.7512877115526122,0.22621231979030143,0.4312968430615489,0.4292403746097815,0.24496426250812214,0.7699609156895589,0.3321016166281755,0.7640596390269422,0.4502343534601599,0.7645123384253819,0.27289088863892014,0.7356513455584663,0.4200988467874794,0.41528691313222954,0.25044563279857396,0.43472550564749146,0.2313944627889256,0.699885452462772,0.27969520394441955,0.7427808784275661,0.34241007925218453,0.3885261194029851,0.28407079646017697,0.21272264631043258,0.21203573107663376,0.45094294581045596,0.767178658043654,0.0,0.7305439330543934,0.4550420168067227,0.7494958548061842,0.7646432374866879,0.7633689839572193,0.7750362844702468,0.7589473684210526,0.4351371386212009,0.24379285883187515,0.7401292175161522,0.7022425249169435,0.7067729083665338,0.410809556947344,0.4875816993464052,0.3794392523364486,0.4623425355132672,0.40443731622560813,0.41836477987421383,0.5088807442909501,0.7027799428422967,0.4608695652173913,0.702975702975703,0.4391873830526597,0.7061752988047809,0.7191679049034175,0.42065727699530514,0.701189296333003,0.693800539083558,0.4064616988014591,0.40536512667660207,0.4447702834799609,0.6841579210394803,0.41411648568608095,0.3806262230919765,0.39606458123107974,0.48091603053435117,0.417347745847614,0.446676970633694,0.714670981661273,0.3840562151684032,0.4317662007623888,0.6867528665528178,0.7031590413943355,0.5022421524663677,0.4959159859976663,0.6863794487556863,0.4544041450777202,0.4527341155634271,0.7019784623090408,0.45614035087719296,0.3937318936002107
syn_Cd_0030,0.755719271035285,0.1973392461197339,0.744200893807193,0.6527331189710611,0.6582064297800339,0.7291401563352118,0.3013882669055083,0.7272727272727273,0.24835351603994052,0.6847705608512525,0.16987740805604204,0.7196472133608557,0.18512689356679127,0.797389440872784,0.6599282070659361,0.7189128816083395,0.6840758900021318,0.7390582866625182,0.281767955801105,0.7231575009352788,0.23556443556443557,0.7491817398794143,0.631477184841454,0.7598075499629904,0.7332779393435812,0.7193460490463215,0.6542479794993101,0.27225244831338413,0.7305439330543934,0.0,0.6807228915662651,0.15653637553768468,0.2663793103448276,0.2114668652271035,0.20406536468712635,0.27241673783091375,0.7886838369499087,0.7445726579307648,0.1937586411218645,0.3389473684210526,0.5891589589158959,0.6504331087584215,0.7872159694202591,0.7252106286454958,0.6411700975081257,0.7349189189189189,0.7361597036427249,0.648837734145791,0.5896894147475175,0.6825198164372132,0.6182098086650539,0.7630270270270271,0.6048979591836735,0.6038195855343357,0.6279160186625194,0.6178861788617886,0.5772747061384415,0.7467174925878864,0.7193482688391039,0.7733118971061094,0.5873925501432665,0.7552674230145867,0.7212389380530974,0.7306105610561056,0.6447860407145825,0.7635236262561471,0.6579941250524549,0.6371951219512195,0.7182199161843943,0.6426644532060594,0.6162954043748746,0.6128182616330115,0.7848158131176999,0.677307022634939,0.6312486474789006,0.6555649241146712,0.6563599333456768,0.5804798031576789,0.6358157554885924,0.7444990386669516
syn_Cd_0031,0.4375243285325029,0.7089657963974904,0.4584312887369096,0.2895386367951395,0.2986406117247239,0.4340448823207444,0.7566351776878093,0.496726992683866,0.7687219970130147,0.3921175684702739,0.7456534479390506,0.45225089470710117,0.7171637369148726,0.5908468609426951,0.2478664896643277,0.4390881913303438,0.3675872404196104,0.4709435534263695,0.6370242876266973,0.4618850920015021,0.7195586760280842,0.4658599827139153,0.31017080745341613,0.45468053491827637,0.44847726324572385,0.4282923016803439,0.3156540668909559,0.7490710382513661,0.4550420168067227,0.6807228915662651,0.0,0.7296789938051436,0.7393939393939394,0.7290732436472347,0.7735094037615046,0.75,0.598045204642639,0.46200667582957,0.7215942891136229,0.6214788732394366,0.7083603370058328,0.40251207729468597,0.6464064832586905,0.5252766326752007,0.4916213275299238,0.5548317046688382,0.5399876007439554,0.525731126728633,0.6974326331423721,0.5802262253875157,0.7185774243428319,0.5713355048859935,0.7008196721311475,0.7164422684618523,0.47580015612802495,0.6938775510204082,0.6838653257542632,0.5393449595916632,0.5419222903885481,0.6081517352703794,0.6905055487053021,0.5683482506102523,0.5153473344103393,0.5269262634631318,0.4455569461827284,0.5572256817693795,0.5221238938053098,0.7327209098862643,0.515527950310559,0.4773911231506564,0.6836590771710659,0.7045855379188712,0.6529783393501805,0.4088172460671975,0.6974570745490111,0.4263336155800169,0.5350306634454562,0.6882849495573399,0.4466061392131431,0.5374383179575198
syn_Cd_0032,0.7607932245403842,0.18130921619293713,0.7512551346417161,0.6832997987927565,0.6830650646111993,0.7395833333333334,0.25524222704266086,0.7451500918929957,0.1990888382687927,0.6943252265140677,0.160929075072584,0.7426177174780527,0.17498950902224086,0.8060631229235881,0.6989549839228296,0.7361028684470821,0.6945587562871514,0.7420071047957372,0.29724249797242497,0.7442831576854245,0.23848122866894197,0.7696793002915452,0.67826982492276,0.7743267151562807,0.7398265510340227,0.7299315494710641,0.6749369217830109,0.2337540906965872,0.7494958548061842,0.15653637553768468,0.7296789938051436,0.0,0.22970159611380986,0.22294757665677548,0.18315252074026803,0.22234943897412413,0.8036410923276983,0.7518765638031694,0.16013485040033712,0.38770202489318223,0.6094182825484764,0.6711767117671177,0.7918943533697632,0.7453617810760668,0.6598417868776175,0.7511606313834726,0.7419638925583444,0.6587263004375303,0.6209239130434783,0.6957784230511503,0.6340425531914894,0.7831940575673166,0.6347370717870391,0.6273615635179153,0.6474000414336026,0.635889637193135,0.6086041617956511,0.7607264472190692,0.7322011757021555,0.7737711955355226,0.6130444298533596,0.765750162372808,0.7426423200859291,0.7461928934010152,0.6677785190126752,0.7779816513761468,0.6709372892784895,0.6533333333333333,0.7273114614401364,0.6579298089737894,0.6493784826403772,0.6329322953526775,0.78863361547763,0.701154163231657,0.6598513011152416,0.6674949175513892,0.6833202202989772,0.5991228070175438,0.6567336567336567,0.7621448212648946
syn_Cd_0033,0.7861635220125787,0.206502413004826,0.7703401360544218,0.6945812807881774,0.6906047516198704,0.7659146750055841,0.18245206275421266,0.7684964200477327,0.18490361118653273,0.7034700315457413,0.212636695018226,0.7579558652729385,0.22246858832224686,0.8296422487223168,0.707659873506676,0.7442502299908004,0.7043905099536406,0.7598103766131156,0.4570414201183432,0.7556686719111523,0.26701833710123085,0.7912570591926376,0.686595949855352,0.7885844748858447,0.7567282321899736,0.7433155080213903,0.6853544084959249,0.19238308597031645,0.7646432374866879,0.2663793103448276,0.7393939393939394,0.22970159611380986,0.0,0.2534498620055198,0.22233350025037557,0.21693989071038253,0.8141796775019197,0.7715822939594033,0.20772468432780392,0.5029940119760479,0.5729655172413793,0.6849676336609926,0.8002713704206241,0.7425797503467406,0.671957671957672,0.7450708136628714,0.7408083441981748,0.6659818021719989,0.5740091668913454,0.696551724137931,0.5872835651433438,0.7711746737017495,0.5959752321981424,0.5926115956900975,0.6699029126213593,0.5975359342915811,0.5619047619047619,0.7593293672255274,0.7267112712300566,0.7844129554655871,0.5779388917659244,0.7694274028629857,0.7522796352583586,0.74581589958159,0.6675461741424802,0.7820969066520668,0.6942811330839124,0.6154708520179372,0.7406571356909958,0.6716732542819499,0.6115180601161909,0.5939977349943375,0.7928821470245041,0.7124246079613993,0.628023352793995,0.6811827956989247,0.6911126342243545,0.5660524266805087,0.6681391496410822,0.7593656002187585
syn_Cd_0034,0.7899712289354706,0.21396444634825446,0.7708191513501248,0.6880880880880881,0.7037871956717764,0.7696294874256095,0.28845232390991854,0.7631044290938643,0.23986409966024916,0.6980327091727898,0.20651949659583246,0.756204089735954,0.20601127113337508,0.8235901673208015,0.6988602279544092,0.7480314960629921,0.7140259149806775,0.7641863546036652,0.4165826104498689,0.7566284131381085,0.20942075111394018,0.789225467077816,0.675,0.7934272300469484,0.7638213180008846,0.7424680148576145,0.6921146203723071,0.256797583081571,0.7633689839572193,0.2114668652271035,0.7290732436472347,0.22294757665677548,0.2534498620055198,0.0,0.18154887854422344,0.2718579234972678,0.8197887475749084,0.77266127359469,0.23286522741563614,0.4718934911242604,0.6125774615561166,0.687946155415052,0.8102784695494679,0.7477519022365691,0.6743002544529262,0.7627509808446804,0.7499452594701117,0.679632761536603,0.6104480972753884,0.7072412261217237,0.6324324324324324,0.7867528271405493,0.6332465277777778,0.6375809935205183,0.6685902720527618,0.634399308556612,0.6076243607624361,0.7747178329571106,0.7418796015591165,0.7971818958155422,0.6094906399651719,0.7764857881136951,0.7534188034188034,0.7506584723441615,0.6855373728438744,0.7851767388825541,0.6942333482342423,0.6609302325581395,0.7385039203221021,0.674839849790148,0.6431464506501812,0.6439962476547842,0.8052884615384616,0.7223703096165676,0.6585816585816586,0.6864330637915543,0.6903503621060872,0.606979280261723,0.6779972439136426,0.7748917748917749
syn_Cd_0035,0.799645390070922,0.22363847045191193,0.7813964964224032,0.7272139625080801,0.7280744732974033,0.7734294541709578,0.23769633507853402,0.7863397548161121,0.19477961093326768,0.7226390685640363,0.14088582239038505,0.7672432201580184,0.16159567275185938,0.8355248495654112,0.7417688831504197,0.7668218366483284,0.7344870210135971,0.7777245508982036,0.42733000217249617,0.7685106382978724,0.23193392980041294,0.7964721845318861,0.722492266902342,0.8066414459857083,0.7749520153550864,0.7577916295636687,0.7212559295233792,0.23271714358065332,0.7750362844702468,0.20406536468712635,0.7735094037615046,0.18315252074026803,0.22233350025037557,0.18154887854422344,0.0,0.2129767211490837,0.8240373395565928,0.7859861204387733,0.20670138102784696,0.4752671151563118,0.6302772920309768,0.7076280501209057,0.8149150873738616,0.7524479035902586,0.6956412194507433,0.7652676551897462,0.7673866603370519,0.6961690885072656,0.6344506973330071,0.7140790742526519,0.6539348884901307,0.7929127921588339,0.6450399623883404,0.6492048643592142,0.6851934192974656,0.6583996256434254,0.6231003039513677,0.7767419038272817,0.7504690431519699,0.8083140877598153,0.6264150943396226,0.7855477855477856,0.7651410078594545,0.7653498334126606,0.7072936660268714,0.7960803770776482,0.6995145631067962,0.6695387734414597,0.756701030927835,0.6817637191468967,0.670278994696795,0.6516624040920717,0.8113504992117709,0.7461861596285652,0.6840251572327044,0.7091264031234749,0.7097791798107256,0.6180571968801701,0.693,0.7690210656753408
syn_Cd_0036,0.784585926280517,0.22783220296407938,0.7569239042753428,0.6995588576735546,0.6953041622198506,0.7584605175846052,0.17670682730923695,0.7581483230987246,0.20042929970485646,0.6924384027187765,0.20269295503726859,0.750747298229478,0.18644893980014624,0.8256681916686732,0.7041502434500347,0.7422586520947176,0.7100511991376988,0.7511064826868004,0.42281564769266805,0.7526339899221255,0.31577639751552794,0.7844559585492228,0.6860687022900763,0.7897830018083183,0.7569118414188837,0.7392977392977393,0.6789640850232104,0.19944674965421855,0.7589473684210526,0.27241673783091375,0.75,0.22234943897412413,0.21693989071038253,0.2718579234972678,0.2129767211490837,0.0,0.8208048595292331,0.766271473505928,0.18246387460200833,0.4682203389830508,0.5851730716816571,0.6873072360616844,0.8085277554304103,0.7456837489723211,0.6682255845942229,0.7481481481481481,0.7427171951533901,0.6615473775717183,0.5901945110578204,0.6895647614053487,0.5979814970563498,0.782167352537723,0.611734693877551,0.6093353627600203,0.6695485110470701,0.6106598984771574,0.5771997786386276,0.7685729556386959,0.7307888040712468,0.7972972972972973,0.590373783922171,0.776036400404449,0.750501002004008,0.749741468459152,0.6755346896191967,0.7825263727346498,0.6904384574749075,0.6351052048726468,0.7325725626395435,0.6655379004949206,0.6302772920309768,0.6140939597315436,0.7955069124423964,0.7197421819049893,0.6391101345784125,0.6737513283740701,0.6810676317575209,0.5740313061329227,0.6595744680851063,0.7633072142664145
syn_Cd_0037,0.4603389830508475,0.804162724692526,0.45738779626828036,0.5704874835309618,0.5579474342928661,0.4823825503355705,0.8199839271363515,0.558134345012274,0.8027176648213387,0.6109052408681842,0.8134362233318202,0.40992167101827676,0.8050574712643678,0.2913636363636364,0.5640350877192982,0.4421211467988791,0.584133400707428,0.43052837573385516,0.7692648361381754,0.43767613266854544,0.7968164794007491,0.44637223974763407,0.5345798603289029,0.47505887390280455,0.4491546189659397,0.4474460839954597,0.6004608294930875,0.8171931641636457,0.4351371386212009,0.7886838369499087,0.598045204642639,0.8036410923276983,0.8141796775019197,0.8197887475749084,0.8240373395565928,0.8208048595292331,0.0,0.426027397260274,0.7976905311778291,0.7624320515401651,0.7655771195097038,0.5535634244733303,0.3677062374245473,0.419917864476386,0.5754765584750129,0.41161356628982526,0.4527387300048473,0.6316928069226609,0.765,0.581876385126816,0.7629785002621919,0.44809866392600206,0.7744180465562756,0.7631893053234662,0.5461346633416458,0.7812276092667781,0.7565397565397566,0.43344196540486335,0.4335647593966962,0.42870610417157673,0.7515049361907055,0.4489650249821556,0.4163717857985374,0.4313487241798299,0.6030384709629992,0.4234279918864097,0.5735184726010414,0.77144337911376,0.4427302477793361,0.5599608418991678,0.7769411764705882,0.7698142819775046,0.39553643452541004,0.6145175834084761,0.7618312757201646,0.5861381201695338,0.5998286203941731,0.7726833976833977,0.5778175313059034,0.4159067882472138
syn_Cd_0038,0.2307358367701324,0.7573696145124716,0.2651880424300868,0.4657939189189189,0.46612401244912616,0.25171717171717173,0.7844189016602809,0.3266137679605404,0.7723772858517806,0.49595959595959593,0.7807323452484742,0.22436165759732105,0.7493380406001765,0.4495853339153208,0.43652467313369886,0.21883426674963702,0.48985507246376814,0.22763466042154568,0.7054065559812687,0.24421272158498436,0.7462954647507858,0.2874000761324705,0.4222029863665873,0.26396043684318976,0.24841660802251936,0.20558098975365163,0.5002211410880142,0.7809099901088031,0.24379285883187515,0.7445726579307648,0.46200667582957,0.7518765638031694,0.7715822939594033,0.77266127359469,0.7859861204387733,0.766271473505928,0.426027397260274,0.0,0.7548758865248227,0.7094581472130511,0.7101024890190337,0.4272179155900086,0.5228475228475229,0.3889161353604708,0.4822834645669291,0.4074619538537064,0.41643454038997213,0.5438144329896907,0.7173601147776184,0.49893942964883337,0.7147147147147147,0.4261168384879725,0.7102782248792826,0.7172271791352093,0.43305029392553884,0.6983291371023117,0.7022013356418502,0.4121313833613042,0.40903877036017433,0.4653107344632768,0.7024221453287197,0.4244013683010262,0.38656412576340193,0.39259948801489414,0.495191179920244,0.4168686379059622,0.49655990510083037,0.7357089829250185,0.3852017937219731,0.4681349578256795,0.6981046931407943,0.7203495630461922,0.5560112791591899,0.5192724122996968,0.7017199017199017,0.4805628428332936,0.4668041237113402,0.7096625057790107,0.48376068376068376,0.38886198547215495
syn_Cd_0039,0.7651964011411017,0.19495412844036697,0.7515861395802831,0.6709346991037132,0.6796704628059123,0.7391836734693877,0.21914618369987063,0.739865597225233,0.1977593765221627,0.6849104859335038,0.1868664609960335,0.7301184433164128,0.1677822400713967,0.8111209179170344,0.6884057971014492,0.7321316285893943,0.6943765281173594,0.7497630331753554,0.3227194492254733,0.7344573234984194,0.26248864668483196,0.7744043043812452,0.6560927586961277,0.7730585051009785,0.7436506052694042,0.7236059069869958,0.6574239713774598,0.20330495743615423,0.7401292175161522,0.1937586411218645,0.7215942891136229,0.16013485040033712,0.20772468432780392,0.23286522741563614,0.20670138102784696,0.18246387460200833,0.7976905311778291,0.7548758865248227,0.0,0.399490096097274,0.5948616600790514,0.6726164562472791,0.7896786757546251,0.7293942403177756,0.656203288490284,0.7480119284294234,0.7360263034288398,0.6610966057441253,0.5871248789932236,0.6770808490341045,0.6102382159148505,0.7768389662027833,0.6120027913468249,0.610738255033557,0.6315210213515299,0.6156517712433434,0.5892812421738042,0.7476340694006309,0.721977256904154,0.7814857142857143,0.5943990665110852,0.7610149942329874,0.739647677876916,0.7334589121732988,0.6596249703299312,0.767909715407262,0.6576230492196878,0.6361814081683789,0.7156462585034014,0.6415362731152204,0.6230031948881789,0.6131479140328698,0.789665022072189,0.7031523642732049,0.6383084577114427,0.6611151339608979,0.665,0.5846585594013096,0.6494437577255872,0.7519607843137255
syn_Cd_0040,0.7154408933384675,0.4628777266359816,0.7110876451953537,0.6021040766485065,0.628463476070529,0.6861116127867076,0.5290981785872946,0.6792380952380952,0.5247733502002951,0.6432812843633164,0.44772946859903384,0.6902143522833178,0.44442273881617506,0.763590636486748,0.6119346969412648,0.6756656804733728,0.6310556378252592,0.7092855672225654,0.2336802270577105,0.6978818283166109,0.50724062685975,0.7195685670261941,0.5771889400921659,0.7121323529411765,0.7035051546391753,0.6838036335523773,0.5952241143080838,0.5132800690995465,0.7022425249169435,0.3389473684210526,0.6214788732394366,0.38770202489318223,0.5029940119760479,0.4718934911242604,0.4752671151563118,0.4682203389830508,0.7624320515401651,0.7094581472130511,0.399490096097274,0.0,0.6606189967982924,0.5889887210858344,0.7563751317175975,0.717470525187567,0.578585250483767,0.7365372237717228,0.7168539325842697,0.6256995746586076,0.66030614384567,0.6674948240165631,0.6796857953305695,0.7537009225488093,0.6839546191247974,0.6776926179911255,0.5888030888030888,0.6791767554479419,0.6440604751619871,0.7398066414459857,0.7153255155681358,0.7286512370311253,0.6444534741974807,0.7437650844730491,0.7156549520766773,0.7125307125307125,0.5950515463917526,0.7475068958200721,0.6180758017492711,0.6875540190146932,0.6897166633643749,0.5971163748712668,0.6600916517234509,0.6650696864111498,0.7562388591800356,0.6414985590778098,0.6542838737384582,0.594979079497908,0.6325179326834651,0.6438021575412172,0.588210166595472,0.7333050667797328
syn_Ni_0001,0.7354573980207579,0.5899645210339585,0.7095548317046688,0.673689138576779,0.6870455157554538,0.7066428889879626,0.5966386554621849,0.7161228864015242,0.5958829902491874,0.6979405034324943,0.6251212415130941,0.713490959666203,0.5909537856440511,0.768334142787761,0.6769518466573166,0.6933669956392012,0.7083786724700761,0.7088807146610615,0.6480869154463864,0.7150773493419533,0.5779448621553884,0.7394572025052192,0.6579263892229974,0.7589428115743905,0.7093972097920506,0.7040989570700946,0.6998521439132578,0.5860335195530726,0.7067729083665338,0.5891589589158959,0.7083603370058328,0.6094182825484764,0.5729655172413793,0.6125774615561166,0.6302772920309768,0.5851730716816571,0.7655771195097038,0.7101024890190337,0.5948616600790514,0.6606189967982924,0.0,0.6679425837320574,0.7910124526258798,0.7111234089651356,0.6377777777777778,0.7368421052631579,0.7325702393340271,0.667447306791569,0.20118343195266272,0.6734585869277586,0.19592298980747452,0.7584487534626039,0.18712998712998713,0.283849500895828,0.6652942601114071,0.23636363636363636,0.20201173512154233,0.7334772052872943,0.7160462130937099,0.7783388033324918,0.20950658744510461,0.7464932415200204,0.7235279251958554,0.714062092355857,0.6556988681231903,0.7684325505188422,0.697147427352706,0.19150125803746157,0.7077077077077077,0.6656151419558359,0.22933467741935484,0.19796667608020332,0.7742217049752691,0.7250842561386616,0.20244037714919577,0.640117994100295,0.6780665754673962,0.24495080269290523,0.6463784081520242,0.7288597926895799
syn_Ni_0002,0.4267434420985285,0.6669634906500446,0.4231678486997636,0.36114570361145704,0.3838929326132895,0.4002384737678855,0.6997748311233425,0.49209694415173866,0.7045776309579991,0.41217219198416627,0.6822269807280514,0.4148148148148148,0.6731686172518422,0.5583190394511149,0.35323383084577115,0.4146440954517642,0.39744197063003317,0.4287683823529412,0.6108786610878661,0.43776912036087756,0.6662257495590829,0.4760119940029985,0.36381033382947053,0.45288753799392095,0.4006904487917146,0.4020132790747483,0.35534317984361424,0.6926805622879302,0.410809556947344,0.6504331087584215,0.40251207729468597,0.6711767117671177,0.6849676336609926,0.687946155415052,0.7076280501209057,0.6873072360616844,0.5535634244733303,0.4272179155900086,0.6726164562472791,0.5889887210858344,0.6679425837320574,0.0,0.6231132075471698,0.5043269230769231,0.24457308248914617,0.512512030798845,0.5079726651480638,0.287228672387683,0.6726078799249531,0.5334104046242775,0.6910250122609122,0.5240615976900866,0.673211464680659,0.6716820121266562,0.20684491978609626,0.6665917771287351,0.6504242424242425,0.5085821772866213,0.48119792839450576,0.5810960727756823,0.6445551279148743,0.5245130960376091,0.4816788807461692,0.49349166476364464,0.20138089758342922,0.5275665399239544,0.2771701186874564,0.6837254426388552,0.47556142668428003,0.2381609195402299,0.66371289322109,0.6838757034499633,0.644489078583982,0.24,0.6642581888246628,0.22619883040935673,0.5004055150040552,0.6687840290381125,0.22576011491501077,0.5
syn_Ni_0003,0.5265286699976207,0.8067898152770844,0.5101495726495726,0.6163434903047091,0.5817651736019083,0.559612846458425,0.8057533466248932,0.5938013618220239,0.8043710021321961,0.6017997750281214,0.8121414913957935,0.541838134430727,0.7950581395348837,0.35519387266634755,0.6260949746426925,0.5354312882046638,0.5899357601713062,0.520951888256596,0.768048439683279,0.5545433841949442,0.7985185185185185,0.5657731958762887,0.5907042921508181,0.5351764441447516,0.4967608188649909,0.515658618216591,0.616318601262749,0.804945054945055,0.4875816993464052,0.7872159694202591,0.6464064832586905,0.7918943533697632,0.8002713704206241,0.8102784695494679,0.8149150873738616,0.8085277554304103,0.3677062374245473,0.5228475228475229,0.7896786757546251,0.7563751317175975,0.7910124526258798,0.6231132075471698,0.0,0.5835601524224279,0.6049180327868853,0.5880108991825613,0.6070696721311475,0.6478711162255466,0.795659078877713,0.6316749153425372,0.7989977728285078,0.6196185286103543,0.8058301647655259,0.792286362490547,0.6204344712341847,0.7977301387137453,0.7906018136850783,0.5922484735864083,0.5969658659924146,0.3076349166873912,0.7868226914271178,0.6041195679477518,0.5698282300224048,0.5956845620344208,0.6341020989893755,0.5738850080601827,0.6174232484912097,0.8064338740720374,0.6050295857988166,0.6066252587991718,0.7999006951340616,0.7956123299083588,0.2730912210466114,0.6563834836260085,0.7872340425531915,0.6067564001055687,0.6396761133603239,0.7899031106578276,0.5973990788404226,0.5866881374127751
syn_Ni_0004,0.43536260004850835,0.7381558838512481,0.4230349344978166,0.5051740357478833,0.4930950446791227,0.42857142857142855,0.7336053628679685,0.5218951902368988,0.7347494553376906,0.5195627157652474,0.7480506822612085,0.35165346995808106,0.7356719367588933,0.4997559785261103,0.49788633161108503,0.3737606640534932,0.5016411378555798,0.3824617010036978,0.7104888467014713,0.3899327302250058,0.7340050377833753,0.4088050314465409,0.4479091128837322,0.44151979858091095,0.4051336332363059,0.41408725322934437,0.5151064883605745,0.7258426966292135,0.3794392523364486,0.7252106286454958,0.5252766326752007,0.7453617810760668,0.7425797503467406,0.7477519022365691,0.7524479035902586,0.7456837489723211,0.419917864476386,0.3889161353604708,0.7293942403177756,0.717470525187567,0.7111234089651356,0.5043269230769231,0.5835601524224279,0.0,0.5206703910614525,0.21337047353760447,0.24006276150627615,0.5606595995288575,0.7214710654407788,0.3929236499068901,0.7175398633257403,0.2373259052924791,0.7329883570504527,0.748906611782866,0.4937941104891701,0.7281853281853282,0.7218319752739534,0.23298074315161377,0.2366451612903226,0.5767571682314133,0.7143599065177876,0.2499359138682389,0.21209042418084836,0.21688958825072122,0.5443238952103732,0.21252059308072488,0.5164835164835165,0.7317964576890639,0.23340040241448692,0.514799154334038,0.7269503546099291,0.7120136324907697,0.597892888498683,0.5500725689404935,0.7194645844952593,0.5384200593151793,0.43930371049015116,0.7267048412285269,0.5126003877042371,0.2210641799232035
syn_Ni_0005,0.4860063275736189,0.6554192229038854,0.456986301369863,0.4285040113260972,0.44550149497145963,0.46271338724168914,0.681592039800995,0.5188475390156062,0.6850738108255877,0.43096476025418834,0.6723716381418093,0.4864485981308411,0.6623698562221121,0.579333986287953,0.4321394910461828,0.4730511219060837,0.43986820428336076,0.4634146341463415,0.6033333333333334,0.5126832673958576,0.6440849342770475,0.5588730025231287,0.38345864661654133,0.514580941446613,0.45285524568393093,0.4619711420885302,0.4000994035785288,0.6694867456288776,0.4623425355132672,0.6411700975081257,0.4916213275299238,0.6598417868776175,0.671957671957672,0.6743002544529262,0.6956412194507433,0.6682255845942229,0.5754765584750129,0.4822834645669291,0.656203288490284,0.578585250483767,0.6377777777777778,0.24457308248914617,0.6049180327868853,0.5206703910614525,0.0,0.5335570469798657,0.5265091863517061,0.2749852158486103,0.6498371335504886,0.5172229639519359,0.6546598056032018,0.5453020134228188,0.6686574915606336,0.6586625355021947,0.2713064713064713,0.6667527770601912,0.6214386459802539,0.5311734277157637,0.5073815073815073,0.5788133435192259,0.6194943966640605,0.5441214304090558,0.5039510578638797,0.5146091076599105,0.24196547144754316,0.5540242557883132,0.3177293516276567,0.6550945526390065,0.4906612821807168,0.27055702917771884,0.6487036095577021,0.6646706586826348,0.6291507493388186,0.32233009708737864,0.6433370660694289,0.26062246278755075,0.5147058823529411,0.6504702194357367,0.237698081734779,0.5154185022026432
syn_Ni_0006,0.43675649429473173,0.7496175420703722,0.43005464480874317,0.525894538606403,0.521279479533749,0.44822949350067237,0.7519696527575138,0.5410778443113773,0.7459105779716467,0.5552995391705069,0.7590243902439024,0.37156177156177156,0.7522255192878339,0.504152418172936,0.5181006111894687,0.4087237479806139,0.5136911281489595,0.387625594923321,0.7330166270783848,0.4139772463431623,0.7392839132627332,0.40998741082668905,0.4652794580208081,0.46071019473081326,0.42887417218543045,0.43010490363503295,0.5294992563212693,0.7334083239595051,0.40443731622560813,0.7349189189189189,0.5548317046688382,0.7511606313834726,0.7450708136628714,0.7627509808446804,0.7652676551897462,0.7481481481481481,0.41161356628982526,0.4074619538537064,0.7480119284294234,0.7365372237717228,0.7368421052631579,0.512512030798845,0.5880108991825613,0.21337047353760447,0.5335570469798657,0.0,0.20785340314136125,0.5660377358490566,0.742284786139686,0.40719041278295603,0.7388825541619156,0.2180702732849972,0.7539497539497539,0.7471027556013392,0.5010962241169306,0.7521257407884566,0.730520393811533,0.21748574531631823,0.19762335313872384,0.58750317500635,0.7270600467897063,0.23428278162689248,0.20213577421815407,0.19611446573903912,0.5544370860927152,0.2034084661902144,0.5229407029782667,0.7489445538981143,0.22910372608257804,0.5238095238095238,0.7454361054766734,0.7332954222348592,0.6144154702607677,0.5569007263922519,0.7353433835845896,0.551417004048583,0.4621733149931224,0.7462219906201146,0.535902411976712,0.18066996155958265
syn_Ni_0007,0.45554789800137835,0.7444658325312801,0.4524910118130457,0.5185185185185185,0.5279123120061178,0.4540034071550256,0.7508877355913685,0.5413926060331141,0.7416709379805229,0.5407447382622774,0.7563451776649747,0.39036251105216624,0.7419354838709677,0.5351201478743068,0.5147058823529411,0.41931245894460256,0.5172413793103449,0.40089641434262946,0.716021602160216,0.4221537106364237,0.7361904761904762,0.4068,0.47103274559193953,0.4642313546423135,0.4382639062110252,0.42257096699746133,0.5365510777881912,0.7435356200527704,0.41836477987421383,0.7361597036427249,0.5399876007439554,0.7419638925583444,0.7408083441981748,0.7499452594701117,0.7673866603370519,0.7427171951533901,0.4527387300048473,0.41643454038997213,0.7360263034288398,0.7168539325842697,0.7325702393340271,0.5079726651480638,0.6070696721311475,0.24006276150627615,0.5265091863517061,0.20785340314136125,0.0,0.5758411472697187,0.7286150712830958,0.40737026823765354,0.729021913415286,0.22303664921465968,0.747008547008547,0.7439883410250182,0.49481447338096335,0.7360874848116646,0.7271047769860122,0.18202706152667858,0.17710109622411693,0.5953008870774394,0.7231070815976476,0.20987654320987653,0.20086393088552915,0.2193915409349493,0.5574956348216513,0.2159090909090909,0.5284019187073972,0.735410615262741,0.20209224916785545,0.521175884404584,0.7319291527046433,0.7275393228472408,0.6309295311214697,0.5559120073327223,0.7237945492662474,0.5486164001015487,0.46040034812880765,0.7244597249508841,0.5365790158812809,0.22084623323013416
syn_Ni_0008,0.554140127388535,0.6512875536480687,0.5187536064627813,0.4203256043413912,0.42832618025751074,0.5229615745079662,0.6721311475409836,0.5584024114544084,0.6966033390903857,0.38926174496644295,0.6620583717357911,0.54833984375,0.655064935064935,0.6328205128205128,0.4408866995073892,0.530804542159942,0.4042799305957201,0.5261984392419174,0.6225099601593626,0.5594456601021153,0.6447507953340403,0.600174978127734,0.45773038842345776,0.5789978422440661,0.5202457414130132,0.5247119078104994,0.4125,0.6621058893515764,0.5088807442909501,0.648837734145791,0.525731126728633,0.6587263004375303,0.6659818021719989,0.679632761536603,0.6961690885072656,0.6615473775717183,0.6316928069226609,0.5438144329896907,0.6610966057441253,0.6256995746586076,0.667447306791569,0.287228672387683,0.6478711162255466,0.5606595995288575,0.2749852158486103,0.5660377358490566,0.5758411472697187,0.0,0.6794285714285714,0.5574276888514462,0.6777308388654194,0.5595518867924528,0.692391600763567,0.7061534291135809,0.295832267962158,0.7016544616219148,0.6667658434989586,0.5763829177414732,0.5344030459613816,0.620090836227625,0.6501505611825896,0.5792600594112881,0.5544263171971116,0.5645919778699862,0.2454621614074281,0.5940766550522648,0.3348429097084631,0.6874069663590354,0.5553202752779248,0.2989403234802008,0.6874666666666667,0.6755943424616311,0.6439888164026095,0.3155487804878049,0.6706021251475797,0.2623184277983481,0.5628598848368522,0.6827661909989023,0.23762086141224728,0.5603248259860789
syn_Ni_0009,0.7274662881476224,0.5826302729528536,0.6990445859872612,0.6694214876033058,0.6786937055570187,0.7059080962800875,0.6096181046676096,0.7109502685033855,0.5995762711864406,0.7005586592178771,0.6311787072243346,0.7016825829922693,0.5934489402697495,0.7715373631603998,0.672627235213205,0.6892591758612925,0.6946808510638298,0.7023136246786632,0.6470588235294118,0.7005662514156286,0.5822287677957781,0.7291752154288059,0.6486677670360764,0.7348535658394814,0.7007468452227659,0.6905158069883528,0.6880733944954128,0.5895196506550219,0.7027799428422967,0.5896894147475175,0.6974326331423721,0.6209239130434783,0.5740091668913454,0.6104480972753884,0.6344506973330071,0.5901945110578204,0.765,0.7173601147776184,0.5871248789932236,0.66030614384567,0.20118343195266272,0.6726078799249531,0.795659078877713,0.7214710654407788,0.6498371335504886,0.742284786139686,0.7286150712830958,0.6794285714285714,0.0,0.6867719389075848,0.2029867256637168,0.7682728749323227,0.1746031746031746,0.2848910047607116,0.6681699501542844,0.24592629731762347,0.2132132132132132,0.7309417040358744,0.7160090474993717,0.7775030902348579,0.21466498103666246,0.7453183520599251,0.7272952239544667,0.7115139137094715,0.6574813288694309,0.7640149492792312,0.6964797913950457,0.20677410543567332,0.7220588235294118,0.6651234567901234,0.1949654491609082,0.22979310344827586,0.772223800056802,0.7126002831524304,0.2097560975609756,0.6469971151324416,0.6863534675615213,0.22199695894576787,0.6506056527590848,0.7317333333333333
syn_Ni_0010,0.49953358208955223,0.6895624541676851,0.48080438756855576,0.5485623726511206,0.5484707102125453,0.46231915353055497,0.703559510567297,0.4198895027624309,0.6992442011988532,0.5671518813512771,0.705785898336847,0.4850863422291994,0.6852599098029908,0.6101337086558761,0.5613836762378476,0.46868058640604177,0.5550902904998691,0.49025563148569984,0.6688741721854304,0.5008936550491511,0.6798065296251512,0.5051671732522797,0.499767549976755,0.48478164975738863,0.4594320486815416,0.471883786316776,0.53604568165596,0.68,0.4608695652173913,0.6825198164372132,0.5802262253875157,0.6957784230511503,0.696551724137931,0.7072412261217237,0.7140790742526519,0.6895647614053487,0.581876385126816,0.49893942964883337,0.6770808490341045,0.6674948240165631,0.6734585869277586,0.5334104046242775,0.6316749153425372,0.3929236499068901,0.5172229639519359,0.40719041278295603,0.40737026823765354,0.5574276888514462,0.6867719389075848,0.0,0.6834375849877617,0.4306258322237017,0.6918114143920595,0.707305034550839,0.5517080018717829,0.6923456790123457,0.6627282491944146,0.4190031152647975,0.3678217821782178,0.5947394057476864,0.6698207171314741,0.4195769798327595,0.363725012189176,0.37104072398190047,0.5278904665314401,0.4152876280535855,0.5595482546201233,0.6915636754433101,0.37406423569186187,0.5406432008103317,0.6814976902504255,0.6711882799782962,0.6275823562255723,0.592928588043731,0.682218075179952,0.541042849767682,0.24608254248510264,0.6705764911405041,0.5164194915254238,0.40907898189451586
syn_Ni_0011,0.7342242019302153,0.6045785639958376,0.718034617532105,0.6781774580335731,0.6892827471614511,0.7171532846715328,0.6166019707375336,0.7158896753722236,0.6061281337047354,0.6912197996464349,0.6345101939333665,0.7212725546058879,0.616238023197176,0.772410358565737,0.6767241379310345,0.6968272620446534,0.6927811975377728,0.7073434125269978,0.6587608906098742,0.7157720501300544,0.5915637860082305,0.7487201365187713,0.6586929716399507,0.7504082108700723,0.7067892886123884,0.6990798308878389,0.6941354903943378,0.6101207590569293,0.702975702975703,0.6182098086650539,0.7185774243428319,0.6340425531914894,0.5872835651433438,0.6324324324324324,0.6539348884901307,0.5979814970563498,0.7629785002621919,0.7147147147147147,0.6102382159148505,0.6796857953305695,0.19592298980747452,0.6910250122609122,0.7989977728285078,0.7175398633257403,0.6546598056032018,0.7388825541619156,0.729021913415286,0.6777308388654194,0.2029867256637168,0.6834375849877617,0.0,0.7696693272519954,0.20222045995241872,0.29356110381077527,0.6761857462130618,0.22008940310281358,0.2200172562553926,0.7375866851595007,0.7189559715264962,0.7776626068929775,0.21146192624038207,0.7454831107619796,0.7317769130998703,0.7169659608683999,0.6667568298620503,0.7612359550561798,0.7106056453822965,0.19136690647482013,0.7159732922444787,0.6785521339816315,0.21883083290222452,0.1863913928467578,0.7787106446776612,0.7319842053307009,0.20376712328767124,0.6537082988695891,0.6918767507002801,0.2404255319148936,0.6605270614905072,0.7317620650953984
syn_Ni_0012,0.4726875455207575,0.7771545130035696,0.45081967213114754,0.5470809792843692,0.5332068311195446,0.47601972209771404,0.7799824919754887,0.5592814371257485,0.7797164667393675,0.5604838709677419,0.784390243902439,0.40233100233100233,0.7759643916913946,0.5324865657059111,0.5185707569346497,0.43318716824371106,0.5470974808324206,0.4108937070333157,0.754394299287411,0.437195263524495,0.7695410993444276,0.4322282836760386,0.4841519477377208,0.47262313860252003,0.4447682119205298,0.44230300073188583,0.5572632622706991,0.7761529808773904,0.4391873830526597,0.7630270270270271,0.5713355048859935,0.7831940575673166,0.7711746737017495,0.7867528271405493,0.7929127921588339,0.782167352537723,0.44809866392600206,0.4261168384879725,0.7768389662027833,0.7537009225488093,0.7584487534626039,0.5240615976900866,0.6196185286103543,0.2373259052924791,0.5453020134228188,0.2180702732849972,0.22303664921465968,0.5595518867924528,0.7682728749323227,0.4306258322237017,0.7696693272519954,0.0,0.7808857808857809,0.7707957764614989,0.5186358099878198,0.7639783560937903,0.7541490857946554,0.2115123540591909,0.188840092999225,0.6134112268224536,0.7582531842994541,0.23120348986399794,0.21484871599288075,0.24809661328432658,0.5655629139072847,0.2182517866959868,0.5331365709686074,0.7748381649310442,0.23816717019133937,0.5343915343915344,0.7692697768762677,0.7600227466590844,0.6466451801933782,0.5535108958837772,0.7627024008933556,0.570310391363023,0.49564419990829894,0.7628973423658155,0.5403382312170779,0.2097748489840747
syn_Ni_0013,0.7218934911242604,0.6063855134619967,0.714866581956798,0.6820694229493699,0.6917255297679112,0.7027654633734431,0.6234467855213398,0.7078651685393258,0.6119705807760588,0.7026954897251134,0.6452571428571429,0.707776560788609,0.6184301921741143,0.7766079194323644,0.6780746301611835,0.6948784722222222,0.7112299465240641,0.7140744392408184,0.6753623188405797,0.7001309471846355,0.6000943173779769,0.7333862328902996,0.6601633393829401,0.7366379310344827,0.7071604938271605,0.6918152720621856,0.6992341610582502,0.6110676063690942,0.7061752988047809,0.6048979591836735,0.7008196721311475,0.6347370717870391,0.5959752321981424,0.6332465277777778,0.6450399623883404,0.611734693877551,0.7744180465562756,0.7102782248792826,0.6120027913468249,0.6839546191247974,0.18712998712998713,0.673211464680659,0.8058301647655259,0.7329883570504527,0.6686574915606336,0.7539497539497539,0.747008547008547,0.692391600763567,0.1746031746031746,0.6918114143920595,0.20222045995241872,0.7808857808857809,0.0,0.2597402597402597,0.680365296803653,0.2016361886429259,0.23759791122715404,0.7397675593734209,0.7361312108055957,0.7863247863247863,0.19116933527413876,0.75071907957814,0.7347908745247148,0.7394711067580804,0.6691358024691358,0.7740863787375415,0.7176411794102948,0.21839080459770116,0.7311043089239463,0.6828606658446362,0.18037449632614364,0.23154008438818566,0.7836225596529284,0.7298524404086265,0.22686025408348456,0.6507537688442211,0.6916109553590684,0.20739119863846342,0.6671818650180319,0.7426601991319888
syn_Ni_0014,0.7151268115942029,0.6122303863474757,0.7265605256507455,0.6928492849284928,0.7029603612644255,0.7150661903761294,0.6267454350161117,0.7231663685152058,0.6191677175283733,0.7219421597240647,0.6365703889015237,0.7148463047743623,0.6185210780926054,0.7713504896378957,0.6928147659854977,0.7010799136069115,0.7163838946568751,0.7259132140230449,0.6702906589749279,0.7137271937445699,0.5847994370161858,0.7436302587398775,0.6735891647855531,0.7434577434577434,0.7111984282907662,0.6983621474067334,0.7127684137612561,0.6267843239034518,0.7191679049034175,0.6038195855343357,0.7164422684618523,0.6273615635179153,0.5926115956900975,0.6375809935205183,0.6492048643592142,0.6093353627600203,0.7631893053234662,0.7172271791352093,0.610738255033557,0.6776926179911255,0.283849500895828,0.6716820121266562,0.792286362490547,0.748906611782866,0.6586625355021947,0.7471027556013392,0.7439883410250182,0.7061534291135809,0.2848910047607116,0.707305034550839,0.29356110381077527,0.7707957764614989,0.2597402597402597,0.0,0.6919582008178101,0.2359980852082336,0.32346832814122534,0.7457286432160805,0.7279270633397313,0.769485120453472,0.2277992277992278,0.7563185503099666,0.7314420803782505,0.737457379444715,0.6719056974459725,0.7692503176620076,0.7321073558648111,0.3012987012987013,0.7371749824314828,0.6978170223203336,0.25819382221174253,0.291557420031463,0.7746630727762803,0.7226112491529252,0.30703789636504253,0.6366816591704147,0.6922086284610431,0.2391777509068924,0.670594262295082,0.7496826605737497
syn_Ni_0015,0.4424320827943079,0.6509795091195677,0.4362287628619287,0.3853576672959933,0.4310836501901141,0.42662116040955633,0.6862645717181957,0.5227950575202386,0.6737520898017674,0.4302179904785768,0.6700584542108682,0.43522561863173215,0.6638176638176638,0.5386949924127465,0.3727215587680704,0.42415498763396536,0.4327499400623352,0.42850499883747967,0.5939945020088814,0.4649813510153336,0.6379041248606466,0.49517502365184485,0.39767841788478075,0.4696969696969697,0.43176525384257103,0.4231268947596362,0.40215242697122777,0.68,0.42065727699530514,0.6279160186625194,0.47580015612802495,0.6474000414336026,0.6699029126213593,0.6685902720527618,0.6851934192974656,0.6695485110470701,0.5461346633416458,0.43305029392553884,0.6315210213515299,0.5888030888030888,0.6652942601114071,0.20684491978609626,0.6204344712341847,0.4937941104891701,0.2713064713064713,0.5010962241169306,0.49481447338096335,0.295832267962158,0.6681699501542844,0.5517080018717829,0.6761857462130618,0.5186358099878198,0.680365296803653,0.6919582008178101,0.0,0.69,0.6529209621993127,0.5088053307948596,0.48200455580865603,0.5771992818671454,0.6500229042601924,0.5140398550724637,0.477088948787062,0.48613678373382624,0.239869585468095,0.52177050757758,0.22044276966556758,0.68762278978389,0.47717657537296815,0.1793440334961619,0.6670401075509746,0.6798810703666998,0.6485249237029501,0.27425252742525275,0.6664228237015362,0.28929924242424243,0.5144437615242778,0.6639889832453523,0.2569074163839069,0.48954578226387885
syn_Ni_0016,0.708201178069778,0.6134692909651411,0.7087231352718079,0.6715826546335021,0.6832329317269076,0.6930838763926844,0.6265448683503493,0.7046979865771812,0.6220035326772647,0.6888770905229625,0.6455062571103527,0.6964013086150491,0.6197280479373127,0.7739804055593529,0.6702571993844801,0.6905790838375108,0.6939447681783634,0.7032131469217562,0.667480577136515,0.6892655367231638,0.5902370335601972,0.7316735822959889,0.6364046973803071,0.7068669527896996,0.6972972972972973,0.6763768775603095,0.6816816816816816,0.6307452609711763,0.701189296333003,0.6178861788617886,0.6938775510204082,0.635889637193135,0.5975359342915811,0.634399308556612,0.6583996256434254,0.6106598984771574,0.7812276092667781,0.6983291371023117,0.6156517712433434,0.6791767554479419,0.23636363636363636,0.6665917771287351,0.7977301387137453,0.7281853281853282,0.6667527770601912,0.7521257407884566,0.7360874848116646,0.7016544616219148,0.24592629731762347,0.6923456790123457,0.22008940310281358,0.7639783560937903,0.2016361886429259,0.2359980852082336,0.69,0.0,0.26857142857142857,0.7435897435897436,0.7215554488718194,0.77882797731569,0.21390632544664415,0.7452290076335878,0.739356669820246,0.7241715399610137,0.6746928746928746,0.772184083396898,0.7041272998508205,0.24740124740124741,0.7187719709397703,0.6849079754601227,0.203585751356452,0.2402938090241343,0.7713052858683926,0.7405649717514124,0.24580861490843436,0.6565,0.689929138930642,0.2141301717880474,0.6611993849308048,0.7378714757429515
syn_Ni_0017,0.7157534246575342,0.5790285273708559,0.6853127583356297,0.6499881432297842,0.6577364680153089,0.6953283683141503,0.5942285041224971,0.6954633204633205,0.5848226560351938,0.6791630340017437,0.6175964610469403,0.6900680911011975,0.5838524794418141,0.7607679054885552,0.6509590338621832,0.6764295676429568,0.6846175089754212,0.6859504132231405,0.6439339554917445,0.6917680074836295,0.567979669631512,0.7267159450897571,0.6192101413944417,0.7185048454083988,0.6917735042735043,0.6799410029498525,0.6622533100174869,0.5858156028368794,0.693800539083558,0.5772747061384415,0.6838653257542632,0.6086041617956511,0.5619047619047619,0.6076243607624361,0.6231003039513677,0.5771997786386276,0.7565397565397566,0.7022013356418502,0.5892812421738042,0.6440604751619871,0.20201173512154233,0.6504242424242425,0.7906018136850783,0.7218319752739534,0.6214386459802539,0.730520393811533,0.7271047769860122,0.6667658434989586,0.2132132132132132,0.6627282491944146,0.2200172562553926,0.7541490857946554,0.23759791122715404,0.32346832814122534,0.6529209621993127,0.26857142857142857,0.0,0.7283680175246441,0.7104166666666667,0.7711213517665131,0.26572327044025157,0.7299534402483187,0.7206560738083034,0.7114875595553203,0.6394230769230769,0.7610202384252842,0.6904761904761905,0.2612152186257808,0.7046434914996194,0.6569751933849026,0.24508050089445438,0.23809523809523808,0.7593140153755175,0.6969992681141742,0.23232892143058292,0.6107784431137725,0.6688986377280074,0.2865773574993433,0.6247203579418344,0.7219606757130989
syn_Ni_0018,0.44212523719165087,0.7661109728788256,0.4303965930263508,0.5304948216340621,0.4918119387216059,0.44593112524676465,0.7616345062429057,0.5426029962546817,0.7529880478087649,0.5421686746987951,0.7736478436978794,0.3863688169591976,0.7609273122434195,0.5204008589835362,0.5049413927832682,0.41173814898419864,0.5246732461989864,0.39004898169631347,0.7371720455073136,0.4187102633969119,0.7425547624907703,0.4164096236890808,0.46713947990543736,0.4648139847601972,0.4142561983471074,0.4261201143946616,0.5274751876059066,0.7558171366000548,0.4064616988014591,0.7467174925878864,0.5393449595916632,0.7607264472190692,0.7593293672255274,0.7747178329571106,0.7767419038272817,0.7685729556386959,0.43344196540486335,0.4121313833613042,0.7476340694006309,0.7398066414459857,0.7334772052872943,0.5085821772866213,0.5922484735864083,0.23298074315161377,0.5311734277157637,0.21748574531631823,0.18202706152667858,0.5763829177414732,0.7309417040358744,0.4190031152647975,0.7375866851595007,0.2115123540591909,0.7397675593734209,0.7457286432160805,0.5088053307948596,0.7435897435897436,0.7283680175246441,0.0,0.19606854838709678,0.5914724838869608,0.7276876267748479,0.21782674011016526,0.20248138957816378,0.23809523809523808,0.5604338842975206,0.21285140562248997,0.5282426778242678,0.7446575342465753,0.23519292209388057,0.5259221047201444,0.7475872308834447,0.7343663530713891,0.6193732193732193,0.5618642062928791,0.7309051372655613,0.5539189900052603,0.4747701278313523,0.7296060991105464,0.5221382289416847,0.20994918427387002
syn_Ni_0019,0.4405086285195277,0.7299738531019729,0.42864385297845375,0.5146701963379661,0.5183694011071968,0.42784916789551297,0.7429956896551724,0.52152466367713,0.7323551732861118,0.5469789725845089,0.7427594070695553,0.36830601092896176,0.7186417186417187,0.5122174012331583,0.507821105970478,0.40277176266782155,0.5306070612141224,0.38677157610031965,0.7125695216907675,0.3989547038327526,0.7181839567160668,0.40051474955454364,0.45359891353553644,0.447741935483871,0.41674876847290643,0.41742700729927007,0.5272053716137995,0.7235095027336631,0.40536512667660207,0.7193482688391039,0.5419222903885481,0.7322011757021555,0.7267112712300566,0.7418796015591165,0.7504690431519699,0.7307888040712468,0.4335647593966962,0.40903877036017433,0.721977256904154,0.7153255155681358,0.7160462130937099,0.48119792839450576,0.5969658659924146,0.2366451612903226,0.5073815073815073,0.19762335313872384,0.17710109622411693,0.5344030459613816,0.7160090474993717,0.3678217821782178,0.7189559715264962,0.188840092999225,0.7361312108055957,0.7279270633397313,0.48200455580865603,0.7215554488718194,0.7104166666666667,0.19606854838709678,0.0,0.5940312648034107,0.7037754114230397,0.19225251076040173,0.17591275486012328,0.1983390327308256,0.5246305418719212,0.20418047412694368,0.5004985044865404,0.7269411151641479,0.20131548038524782,0.4917589175891759,0.7167179002128162,0.7164650184113625,0.6192536506219578,0.5293318233295583,0.7139901732609257,0.5293233082706766,0.41984075747794275,0.7147707979626485,0.5092497430626927,0.191240132416603
syn_Ni_0020,0.4626398210290828,0.79265153288088,0.44901520817751184,0.5803435529462927,0.5618811881188119,0.5001038853106171,0.7961884595023823,0.5103844454264251,0.7999502363772083,0.5689249280669632,0.8027409570882947,0.49235078646843355,0.7829351535836178,0.43217097862767156,0.5895765472312704,0.47224594363791633,0.5638271296527604,0.48124848778127266,0.743915807936856,0.5032202662086732,0.7808663423673847,0.5161227281610319,0.5606601248884924,0.4864291772688719,0.433349491032477,0.461123595505618,0.5849486887115165,0.7926798054773484,0.4447702834799609,0.7733118971061094,0.6081517352703794,0.7737711955355226,0.7844129554655871,0.7971818958155422,0.8083140877598153,0.7972972972972973,0.42870610417157673,0.4653107344632768,0.7814857142857143,0.7286512370311253,0.7783388033324918,0.5810960727756823,0.3076349166873912,0.5767571682314133,0.5788133435192259,0.58750317500635,0.5953008870774394,0.620090836227625,0.7775030902348579,0.5947394057476864,0.7776626068929775,0.6134112268224536,0.7863247863247863,0.769485120453472,0.5771992818671454,0.77882797731569,0.7711213517665131,0.5914724838869608,0.5940312648034107,0.0,0.7598856598380181,0.5875706214689266,0.5634920634920635,0.5706730769230769,0.5821619001454192,0.5813487089496114,0.6022560078469839,0.7899590163934426,0.5868609761739533,0.5836359235052045,0.7704307334109429,0.7730093071354706,0.3421891604675877,0.634902923454586,0.7691329773709636,0.5685404339250493,0.5837046467218332,0.7650990689902125,0.5715007579585649,0.5817680941647884
syn_Ni_0021,0.7159817351598173,0.587377480277313,0.6975261412904871,0.6500332667997338,0.6769620253164557,0.6934152022019903,0.6024945770065075,0.6920649233543733,0.5973530160346144,0.6726493436914011,0.6193533593212566,0.6954515491100857,0.5953542392566783,0.7529276693455798,0.6562569213732005,0.6843709185894645,0.6677740863787376,0.6918130101409844,0.6354283158130172,0.6935201401050788,0.5855216465578424,0.7266759498706983,0.6331360946745562,0.728923476005188,0.6858275520317145,0.6798165137614679,0.6717112922002328,0.5897301545716531,0.6841579210394803,0.5873925501432665,0.6905055487053021,0.6130444298533596,0.5779388917659244,0.6094906399651719,0.6264150943396226,0.590373783922171,0.7515049361907055,0.7024221453287197,0.5943990665110852,0.6444534741974807,0.20950658744510461,0.6445551279148743,0.7868226914271178,0.7143599065177876,0.6194943966640605,0.7270600467897063,0.7231070815976476,0.6501505611825896,0.21466498103666246,0.6698207171314741,0.21146192624038207,0.7582531842994541,0.19116933527413876,0.2277992277992278,0.6500229042601924,0.21390632544664415,0.26572327044025157,0.7276876267748479,0.7037754114230397,0.7598856598380181,0.0,0.7296777296777297,0.7215069146399619,0.7085995085995086,0.6412289395441031,0.7583995896383688,0.679037111334002,0.20922915574200315,0.7047011575714623,0.6525612472160356,0.18335315101070154,0.23133933298041293,0.7659227000544366,0.697107720337053,0.2427790788446526,0.6182551689359557,0.6694786934890764,0.21151500365942913,0.6359875904860393,0.7222649244171151
syn_Ni_0022,0.46275395033860045,0.7694306638317978,0.4515235457063712,0.5305988155297214,0.5285,0.45778336476010895,0.7720706260032103,0.5506018724921979,0.7612465443578789,0.556436690457309,0.7769213330310587,0.3905672679852206,0.7593570608495982,0.530533484676504,0.5220153340635268,0.425495262704565,0.5291445874337622,0.41949670168580505,0.736783897367839,0.40926808142052834,0.7577741407528642,0.4256450659838487,0.4855985598559856,0.45808383233532934,0.4302496328928047,0.4326530612244898,0.5429228998849251,0.7626066718386346,0.41411648568608095,0.7552674230145867,0.5683482506102523,0.765750162372808,0.7694274028629857,0.7764857881136951,0.7855477855477856,0.776036400404449,0.4489650249821556,0.4244013683010262,0.7610149942329874,0.7437650844730491,0.7464932415200204,0.5245130960376091,0.6041195679477518,0.2499359138682389,0.5441214304090558,0.23428278162689248,0.20987654320987653,0.5792600594112881,0.7453183520599251,0.4195769798327595,0.7454831107619796,0.23120348986399794,0.75071907957814,0.7563185503099666,0.5140398550724637,0.7452290076335878,0.7299534402483187,0.21782674011016526,0.19225251076040173,0.5875706214689266,0.7296777296777297,0.0,0.23091423185673893,0.25339805825242717,0.5677924620655899,0.24082046087617118,0.5250123823675087,0.7556935817805382,0.24538874620593043,0.5321437301393303,0.744770857814336,0.7408568443051202,0.6133190118152524,0.563161450123846,0.7410737220652454,0.5557768924302788,0.4632998074042371,0.7406604000964088,0.5313935681470138,0.23602327346319252
syn_Ni_0023,0.4088669950738916,0.739517451393769,0.41901672073870727,0.5120783460282916,0.479187314172448,0.41235184029943855,0.7519872813990461,0.508624502432552,0.7479452054794521,0.5354804922754648,0.7544411963121205,0.35820573646754367,0.7467547255750399,0.4843503715379419,0.5088024342534232,0.37606837606837606,0.5188797199299825,0.37466698958585615,0.717357910906298,0.39406961753330466,0.7305819615117087,0.3635830236651672,0.45982142857142855,0.432937181663837,0.3978651140223193,0.394961763382816,0.5192878338278932,0.7407122726108122,0.3806262230919765,0.7212389380530974,0.5153473344103393,0.7426423200859291,0.7522796352583586,0.7534188034188034,0.7651410078594545,0.750501002004008,0.4163717857985374,0.38656412576340193,0.739647677876916,0.7156549520766773,0.7235279251958554,0.4816788807461692,0.5698282300224048,0.21209042418084836,0.5039510578638797,0.20213577421815407,0.20086393088552915,0.5544263171971116,0.7272952239544667,0.363725012189176,0.7317769130998703,0.21484871599288075,0.7347908745247148,0.7314420803782505,0.477088948787062,0.739356669820246,0.7206560738083034,0.20248138957816378,0.17591275486012328,0.5634920634920635,0.7215069146399619,0.23091423185673893,0.0,0.21126082771896054,0.5293546821931101,0.1889585947302384,0.5027000490918017,0.7343589743589743,0.19472100023153507,0.4998788466198207,0.7329293870892566,0.7251552795031055,0.5872340425531914,0.5367433549251731,0.7297022143038941,0.5340572556762093,0.4032703334041198,0.7266427718040621,0.5093576125442589,0.17322637252444223
syn_Ni_0024,0.42376784891754954,0.7437876960193004,0.4215812516095802,0.5142026392305972,0.5158486707566462,0.43308431163287087,0.7567123287671232,0.5152341973624375,0.7491647391416089,0.550744248985115,0.7552625491556789,0.35962774207844006,0.73470822591985,0.5121612230715775,0.4978780433325888,0.3858647936786655,0.5189677419354839,0.384769038701623,0.7112564854500338,0.3911699779249448,0.7369300549057054,0.39547003407496495,0.4508723599632691,0.44725370531822145,0.416208104052026,0.4095326237852846,0.5142118863049095,0.7348504895474993,0.39606458123107974,0.7306105610561056,0.5269262634631318,0.7461928934010152,0.74581589958159,0.7506584723441615,0.7653498334126606,0.749741468459152,0.4313487241798299,0.39259948801489414,0.7334589121732988,0.7125307125307125,0.714062092355857,0.49349166476364464,0.5956845620344208,0.21688958825072122,0.5146091076599105,0.19611446573903912,0.2193915409349493,0.5645919778699862,0.7115139137094715,0.37104072398190047,0.7169659608683999,0.24809661328432658,0.7394711067580804,0.737457379444715,0.48613678373382624,0.7241715399610137,0.7114875595553203,0.23809523809523808,0.1983390327308256,0.5706730769230769,0.7085995085995086,0.25339805825242717,0.21126082771896054,0.0,0.5382691345672836,0.20590520590520592,0.49468354430379746,0.7277542372881356,0.21954707985697258,0.5083687234574069,0.7221022318214543,0.7149732620320856,0.6160616061606161,0.552951987135309,0.7208935611038108,0.5320773930753564,0.41374045801526715,0.723220881556267,0.5096605744125327,0.20983182406209572
syn_Ni_0025,0.4921077065923863,0.6609097543176843,0.47778643803585347,0.3540680640072121,0.3996905621454358,0.46764136744786067,0.6952433628318584,0.5073327222731439,0.688877365828364,0.37448784485113357,0.6763814408953136,0.4842598794373744,0.657925820930782,0.6077515759981321,0.3589916722934954,0.4758956214064573,0.38818016141629785,0.4908083606144548,0.6180950215958172,0.5124555160142349,0.6471720818291216,0.5471241170534813,0.4141601110596946,0.5111989459815547,0.4601412714429869,0.4710820895522388,0.3473833767463888,0.6817089452603471,0.48091603053435117,0.6447860407145825,0.4455569461827284,0.6677785190126752,0.6675461741424802,0.6855373728438744,0.7072936660268714,0.6755346896191967,0.6030384709629992,0.495191179920244,0.6596249703299312,0.5950515463917526,0.6556988681231903,0.20138089758342922,0.6341020989893755,0.5443238952103732,0.24196547144754316,0.5544370860927152,0.5574956348216513,0.2454621614074281,0.6574813288694309,0.5278904665314401,0.6667568298620503,0.5655629139072847,0.6691358024691358,0.6719056974459725,0.239869585468095,0.6746928746928746,0.6394230769230769,0.5604338842975206,0.5246305418719212,0.5821619001454192,0.6412289395441031,0.5677924620655899,0.5293546821931101,0.5382691345672836,0.0,0.5787823360334465,0.30132788559754853,0.675040085515767,0.5371304974765682,0.25422020660115896,0.6549721751754174,0.671343766864544,0.6357579122709606,0.25492012039824036,0.6568549456377619,0.20955315870570107,0.4981322786200835,0.6617829649863421,0.19546891464699684,0.5458104933437745
syn_Ni_0026,0.4418604651162791,0.7790639154504277,0.44504310344827586,0.5483720930232558,0.532745255279337,0.46743464776251664,0.7941937338315608,0.5594984622663828,0.7817204301075269,0.5783200908059024,0.7890173410404624,0.3873790879778904,0.77001953125,0.5118186203569706,0.5383186251741756,0.4129988597491448,0.5485961123110151,0.41053729786124155,0.7526982637259503,0.42647396191787107,0.7655550024888004,0.41760066417600666,0.4862604540023895,0.4575503735567127,0.43506663182649596,0.4396530956396049,0.5491923641703378,0.7749445676274944,0.417347745847614,0.7635236262561471,0.5572256817693795,0.7779816513761468,0.7820969066520668,0.7851767388825541,0.7960803770776482,0.7825263727346498,0.4234279918864097,0.4168686379059622,0.767909715407262,0.7475068958200721,0.7684325505188422,0.5275665399239544,0.5738850080601827,0.21252059308072488,0.5540242557883132,0.2034084661902144,0.2159090909090909,0.5940766550522648,0.7640149492792312,0.4152876280535855,0.7612359550561798,0.2182517866959868,0.7740863787375415,0.7692503176620076,0.52177050757758,0.772184083396898,0.7610202384252842,0.21285140562248997,0.20418047412694368,0.5813487089496114,0.7583995896383688,0.24082046087617118,0.1889585947302384,0.20590520590520592,0.5787823360334465,0.0,0.5374437681926436,0.7764216366158114,0.2261431411530815,0.5401878914405011,0.7702702702702703,0.7663210983468759,0.6075036075036075,0.5753228120516499,0.7671986791414419,0.5815810487090763,0.4621658359764386,0.7588688946015424,0.5567094834654277,0.19653492149431512
syn_Ni_0027,0.5014084507042254,0.6667487078513413,0.47434885556432516,0.44406470722260194,0.4511749347258486,0.47338692157288725,0.7068385650224215,0.5634847080630213,0.7012339196639538,0.45640741765845555,0.696298042914407,0.5007898894154819,0.6807646356033453,0.5655253837072018,0.4443686006825939,0.48725972284309343,0.46111257579752174,0.4662248279378027,0.6166398529073777,0.5031474820143885,0.6605794984173362,0.5410637864275525,0.44782405240992046,0.5108743897026188,0.4540347293156282,0.4650943396226415,0.4380838323353293,0.6862320800649175,0.446676970633694,0.6579941250524549,0.5221238938053098,0.6709372892784895,0.6942811330839124,0.6942333482342423,0.6995145631067962,0.6904384574749075,0.5735184726010414,0.49655990510083037,0.6576230492196878,0.6180758017492711,0.697147427352706,0.2771701186874564,0.6174232484912097,0.5164835164835165,0.3177293516276567,0.5229407029782667,0.5284019187073972,0.3348429097084631,0.6964797913950457,0.5595482546201233,0.7106056453822965,0.5331365709686074,0.7176411794102948,0.7321073558648111,0.22044276966556758,0.7041272998508205,0.6904761904761905,0.5282426778242678,0.5004985044865404,0.6022560078469839,0.679037111334002,0.5250123823675087,0.5027000490918017,0.49468354430379746,0.30132788559754853,0.5374437681926436,0.0,0.7173795343800758,0.5103330902017992,0.18184136699821474,0.7028151774785801,0.7063969382176053,0.6420934158694429,0.31491453992039337,0.6980929358044587,0.3343733749349974,0.5456362425049966,0.6828348831364665,0.29242262540021347,0.5051546391752577
syn_Ni_0028,0.7435144395496819,0.6364103882746207,0.7298042459332782,0.6911032028469751,0.6985776805251641,0.7254459245879431,0.6411314083677078,0.7286335103814582,0.637414030261348,0.7086362314626344,0.6611753134988936,0.7340850364106178,0.6384941411119421,0.7769022408273825,0.6967543236199952,0.7172093023255814,0.7087593257806024,0.7263270205388104,0.6768015322001436,0.727187646233037,0.6160691584032545,0.755757447707585,0.6760975609756098,0.765466297322253,0.7167290219134153,0.7112641416625677,0.715071232191952,0.6372409877944933,0.714670981661273,0.6371951219512195,0.7327209098862643,0.6533333333333333,0.6154708520179372,0.6609302325581395,0.6695387734414597,0.6351052048726468,0.77144337911376,0.7357089829250185,0.6361814081683789,0.6875540190146932,0.19150125803746157,0.6837254426388552,0.8064338740720374,0.7317964576890639,0.6550945526390065,0.7489445538981143,0.735410615262741,0.6874069663590354,0.20677410543567332,0.6915636754433101,0.19136690647482013,0.7748381649310442,0.21839080459770116,0.3012987012987013,0.68762278978389,0.24740124740124741,0.2612152186257808,0.7446575342465753,0.7269411151641479,0.7899590163934426,0.20922915574200315,0.7556935817805382,0.7343589743589743,0.7277542372881356,0.675040085515767,0.7764216366158114,0.7173795343800758,0.0,0.7283574511297284,0.6845476381104884,0.21503451802608028,0.19115958668197475,0.7911242603550296,0.7417622650720039,0.1952662721893491,0.6661220043572985,0.6996996996996997,0.23994743758212878,0.6653609401231113,0.743973399833749
syn_Ni_0029,0.4241953385127636,0.7321262766945218,0.40434997528423133,0.5032369443245576,0.5008588957055214,0.415016501650165,0.7461316548649357,0.4895856171892129,0.7464232856438086,0.5246241575946086,0.7445385644226482,0.358426005132592,0.7237020316027089,0.5178571428571429,0.49353448275862066,0.36554354736172917,0.5136206042595344,0.3714011516314779,0.6884247171453438,0.39526955039420414,0.7279411764705882,0.3889751552795031,0.44678026111971675,0.4354872658387708,0.42033165104542175,0.3930880713489409,0.5090497737556561,0.7265347539320142,0.3840562151684032,0.7182199161843943,0.515527950310559,0.7273114614401364,0.7406571356909958,0.7385039203221021,0.756701030927835,0.7325725626395435,0.4427302477793361,0.3852017937219731,0.7156462585034014,0.6897166633643749,0.7077077077077077,0.47556142668428003,0.6050295857988166,0.23340040241448692,0.4906612821807168,0.22910372608257804,0.20209224916785545,0.5553202752779248,0.7220588235294118,0.37406423569186187,0.7159732922444787,0.23816717019133937,0.7311043089239463,0.7371749824314828,0.47717657537296815,0.7187719709397703,0.7046434914996194,0.23519292209388057,0.20131548038524782,0.5868609761739533,0.7047011575714623,0.24538874620593043,0.19472100023153507,0.21954707985697258,0.5371304974765682,0.2261431411530815,0.5103330902017992,0.7283574511297284,0.0,0.4973595775324052,0.7057736720554273,0.7212400717396874,0.6130560673861543,0.5491585473870682,0.7111895161290323,0.5296993400146663,0.37784330244313397,0.7135416666666666,0.5036313548710243,0.22293942403177755
syn_Ni_0030,0.4713656387665198,0.6506316812439261,0.44680851063829785,0.3935164340387213,0.42003605459696114,0.4428694158075601,0.6813035073184204,0.5353627832455939,0.6716727084412222,0.41025641025641024,0.6748952026082906,0.4727921498661909,0.658329400660689,0.5685634328358209,0.3947841726618705,0.45129224652087474,0.4118564742589704,0.4461770623742455,0.6058128973660308,0.4752277271717396,0.6447115384615385,0.5076612903225807,0.40097064941067717,0.4867295459530599,0.4381456286218191,0.44234800838574423,0.38789025543992434,0.6794666666666667,0.4317662007623888,0.6426644532060594,0.4773911231506564,0.6579298089737894,0.6716732542819499,0.674839849790148,0.6817637191468967,0.6655379004949206,0.5599608418991678,0.4681349578256795,0.6415362731152204,0.5971163748712668,0.6656151419558359,0.2381609195402299,0.6066252587991718,0.514799154334038,0.27055702917771884,0.5238095238095238,0.521175884404584,0.2989403234802008,0.6651234567901234,0.5406432008103317,0.6785521339816315,0.5343915343915344,0.6828606658446362,0.6978170223203336,0.1793440334961619,0.6849079754601227,0.6569751933849026,0.5259221047201444,0.4917589175891759,0.5836359235052045,0.6525612472160356,0.5321437301393303,0.4998788466198207,0.5083687234574069,0.25422020660115896,0.5401878914405011,0.18184136699821474,0.6845476381104884,0.4973595775324052,0.0,0.6689221846302562,0.6755591484774993,0.6285001386193513,0.2826086956521739,0.65625,0.28032828930494996,0.509657594381036,0.6572420634920635,0.24704025256511444,0.5130344108446299
syn_Ni_0031,0.7091802546348001,0.624766355140187,0.6898954703832753,0.6617455492835432,0.6698789226587596,0.6912863070539419,0.6443857331571995,0.6911537613059784,0.6408345752608048,0.6830287206266319,0.6662180349932705,0.6828743545611016,0.6206269877328487,0.7726864330637916,0.6496097137901128,0.6734171818375613,0.6912718204488778,0.6830917874396135,0.6541155866900175,0.690032154340836,0.6170212765957447,0.7302888368462139,0.633934535738143,0.7175524031336016,0.6864263247036051,0.6719766659187795,0.6734972677595629,0.633622892181911,0.6867528665528178,0.6162954043748746,0.6836590771710659,0.6493784826403772,0.6115180601161909,0.6431464506501812,0.670278994696795,0.6302772920309768,0.7769411764705882,0.6981046931407943,0.6230031948881789,0.6600916517234509,0.22933467741935484,0.66371289322109,0.7999006951340616,0.7269503546099291,0.6487036095577021,0.7454361054766734,0.7319291527046433,0.6874666666666667,0.1949654491609082,0.6814976902504255,0.21883083290222452,0.7692697768762677,0.18037449632614364,0.25819382221174253,0.6670401075509746,0.203585751356452,0.24508050089445438,0.7475872308834447,0.7167179002128162,0.7704307334109429,0.18335315101070154,0.744770857814336,0.7329293870892566,0.7221022318214543,0.6549721751754174,0.7702702702702703,0.7028151774785801,0.21503451802608028,0.7057736720554273,0.6689221846302562,0.0,0.2392258064516129,0.7772474144789181,0.7125668449197861,0.22131979695431472,0.6381983755845434,0.6771186440677966,0.2149666348903718,0.64640605296343,0.735
syn_Ni_0032,0.7303703703703703,0.6117311186088762,0.7109440267335004,0.6683417085427136,0.6751381215469613,0.7077168222171637,0.6170339487790352,0.7145640526059425,0.6243400944706863,0.6849838377901851,0.647730091788638,0.7152333570244018,0.6211320754716981,0.7783850931677019,0.6735961768219833,0.7012195121951219,0.6840636338264025,0.7096687314839752,0.653706834098044,0.7135441245870694,0.5950731331793687,0.7462209921226315,0.65501968503937,0.7486033519553073,0.7064220183486238,0.6992555831265509,0.694829760403531,0.6174361915686837,0.7031590413943355,0.6128182616330115,0.7045855379188712,0.6329322953526775,0.5939977349943375,0.6439962476547842,0.6516624040920717,0.6140939597315436,0.7698142819775046,0.7203495630461922,0.6131479140328698,0.6650696864111498,0.19796667608020332,0.6838757034499633,0.7956123299083588,0.7120136324907697,0.6646706586826348,0.7332954222348592,0.7275393228472408,0.6755943424616311,0.22979310344827586,0.6711882799782962,0.1863913928467578,0.7600227466590844,0.23154008438818566,0.291557420031463,0.6798810703666998,0.2402938090241343,0.23809523809523808,0.7343663530713891,0.7164650184113625,0.7730093071354706,0.23133933298041293,0.7408568443051202,0.7251552795031055,0.7149732620320856,0.671343766864544,0.7663210983468759,0.7063969382176053,0.19115958668197475,0.7212400717396874,0.6755591484774993,0.2392258064516129,0.0,0.7697368421052632,0.7217434129524748,0.20125249074864787,0.6562156215621562,0.6911250873515025,0.2470151233749005,0.6630864895421142,0.7223621606493144
syn_Ni_0033,0.5397871262037507,0.7892771405708189,0.526813880126183,0.6161963190184049,0.5938566552901023,0.5714618792259268,0.8002458512599877,0.5902048975512244,0.7957081545064377,0.5871476204910578,0.812070282658518,0.5623026475589021,0.787651769568587,0.4108645753634277,0.6363636363636364,0.5485576923076924,0.6021845357861454,0.5356054308672763,0.7592271488729254,0.5757135945815192,0.7991036119166887,0.5941650337470064,0.6106060606060606,0.5715648854961832,0.5197112715158245,0.5374426897605705,0.622895622895623,0.8108187998817618,0.5022421524663677,0.7848158131176999,0.6529783393501805,0.78863361547763,0.7928821470245041,0.8052884615384616,0.8113504992117709,0.7955069124423964,0.39553643452541004,0.5560112791591899,0.789665022072189,0.7562388591800356,0.7742217049752691,0.644489078583982,0.2730912210466114,0.597892888498683,0.6291507493388186,0.6144154702607677,0.6309295311214697,0.6439888164026095,0.772223800056802,0.6275823562255723,0.7787106446776612,0.6466451801933782,0.7836225596529284,0.7746630727762803,0.6485249237029501,0.7713052858683926,0.7593140153755175,0.6193732193732193,0.6192536506219578,0.3421891604675877,0.7659227000544366,0.6133190118152524,0.5872340425531914,0.6160616061606161,0.6357579122709606,0.6075036075036075,0.6420934158694429,0.7911242603550296,0.6130560673861543,0.6285001386193513,0.7772474144789181,0.7697368421052632,0.0,0.6992671215567349,0.7717805808154884,0.6177802944507361,0.6304607304846025,0.7587994542974079,0.6161910308677927,0.6091092533871433
syn_Ni_0034,0.5140467510186575,0.7080161218092252,0.49571836346336823,0.3631051752921536,0.4145995747696669,0.48421893727526966,0.7386048854192898,0.5727908455181182,0.7345679012345679,0.4203187250996016,0.7174849267872524,0.5076541166735623,0.7131647776809067,0.6209573091849935,0.37057107127969985,0.49313102316998153,0.42850333651096284,0.49422098936662046,0.648716870004207,0.5200989486703772,0.6962305986696231,0.552165725047081,0.41885824246311737,0.5286209003870442,0.4906228293586478,0.49644626319190177,0.3730886850152905,0.7185365853658536,0.4959159859976663,0.677307022634939,0.4088172460671975,0.701154163231657,0.7124246079613993,0.7223703096165676,0.7461861596285652,0.7197421819049893,0.6145175834084761,0.5192724122996968,0.7031523642732049,0.6414985590778098,0.7250842561386616,0.24,0.6563834836260085,0.5500725689404935,0.32233009708737864,0.5569007263922519,0.5559120073327223,0.3155487804878049,0.7126002831524304,0.592928588043731,0.7319842053307009,0.5535108958837772,0.7298524404086265,0.7226112491529252,0.27425252742525275,0.7405649717514124,0.6969992681141742,0.5618642062928791,0.5293318233295583,0.634902923454586,0.697107720337053,0.563161450123846,0.5367433549251731,0.552951987135309,0.25492012039824036,0.5753228120516499,0.31491453992039337,0.7417622650720039,0.5491585473870682,0.2826086956521739,0.7125668449197861,0.7217434129524748,0.6992671215567349,0.0,0.7038293746970431,0.29301012002824195,0.5637994292702813,0.7234139662254678,0.2936641773066731,0.5437171524128046
syn_Ni_0035,0.7229647630619684,0.6416539050535988,0.6991247264770241,0.6621112158341188,0.6683853459972863,0.7034544638851503,0.6622845457201285,0.6945576600335651,0.6517467248908297,0.6753171856978085,0.6767578125,0.6943537097526832,0.6450495049504951,0.7667481662591688,0.6597647058823529,0.6872256872256872,0.6820175438596491,0.6860772895712017,0.6438421302900618,0.6992795723913549,0.6254416961130742,0.7303653926921462,0.6415596996851538,0.7234579224948406,0.6892071068682047,0.6869352869352869,0.6803970223325062,0.6542792792792793,0.6863794487556863,0.6312486474789006,0.6974570745490111,0.6598513011152416,0.628023352793995,0.6585816585816586,0.6840251572327044,0.6391101345784125,0.7618312757201646,0.7017199017199017,0.6383084577114427,0.6542838737384582,0.20244037714919577,0.6642581888246628,0.7872340425531915,0.7194645844952593,0.6433370660694289,0.7353433835845896,0.7237945492662474,0.6706021251475797,0.2097560975609756,0.682218075179952,0.20376712328767124,0.7627024008933556,0.22686025408348456,0.30703789636504253,0.6664228237015362,0.24580861490843436,0.23232892143058292,0.7309051372655613,0.7139901732609257,0.7691329773709636,0.2427790788446526,0.7410737220652454,0.7297022143038941,0.7208935611038108,0.6568549456377619,0.7671986791414419,0.6980929358044587,0.1952662721893491,0.7111895161290323,0.65625,0.22131979695431472,0.20125249074864787,0.7717805808154884,0.7038293746970431,0.0,0.6352337206160498,0.6815052776502983,0.27230046948356806,0.6447404940327505,0.7289719626168224
syn_Ni_0036,0.48513449740443604,0.6698836921554071,0.4734056628737761,0.3414243187542936,0.37184873949579833,0.4599432438332242,0.6824591088550479,0.5067536096879367,0.6979139160285186,0.34057365636313003,0.6871296515762029,0.4797006123837605,0.6699495556089359,0.587467362924282,0.3569631831694489,0.4636118598382749,0.36992840095465396,0.4724429633427326,0.6206976206976207,0.47853592408495255,0.6577723378212974,0.5242579324462641,0.3791157102539981,0.5017841213202497,0.4519774011299435,0.4442863916548127,0.3397543944136769,0.6756462585034013,0.4544041450777202,0.6555649241146712,0.4263336155800169,0.6674949175513892,0.6811827956989247,0.6864330637915543,0.7091264031234749,0.6737513283740701,0.5861381201695338,0.4805628428332936,0.6611151339608979,0.594979079497908,0.640117994100295,0.22619883040935673,0.6067564001055687,0.5384200593151793,0.26062246278755075,0.551417004048583,0.5486164001015487,0.2623184277983481,0.6469971151324416,0.541042849767682,0.6537082988695891,0.570310391363023,0.6507537688442211,0.6366816591704147,0.28929924242424243,0.6565,0.6107784431137725,0.5539189900052603,0.5293233082706766,0.5685404339250493,0.6182551689359557,0.5557768924302788,0.5340572556762093,0.5320773930753564,0.20955315870570107,0.5815810487090763,0.3343733749349974,0.6661220043572985,0.5296993400146663,0.28032828930494996,0.6381983755845434,0.6562156215621562,0.6177802944507361,0.29301012002824195,0.6352337206160498,0.0,0.5175184110689578,0.6497346474601972,0.2082662372517445,0.539484179739431
syn_Ni_0037,0.48273748723186927,0.6743295019157088,0.47475202885482415,0.5230891719745223,0.5408734602463606,0.4238258877434135,0.6987865810135617,0.39365784689961625,0.6989198919891989,0.5607344632768362,0.6886792452830188,0.4563758389261745,0.6809128630705394,0.6094455852156058,0.5312127236580517,0.42806811509101583,0.5532971996386631,0.49407634927599825,0.6341756919374247,0.4762935274444226,0.6739772247996626,0.4785276073619632,0.4833978407007537,0.4604162614277378,0.45550428477257743,0.4613333333333333,0.5243243243243243,0.7017543859649122,0.4527341155634271,0.6563599333456768,0.5350306634454562,0.6833202202989772,0.6911126342243545,0.6903503621060872,0.7097791798107256,0.6810676317575209,0.5998286203941731,0.4668041237113402,0.665,0.6325179326834651,0.6780665754673962,0.5004055150040552,0.6396761133603239,0.43930371049015116,0.5147058823529411,0.4621733149931224,0.46040034812880765,0.5628598848368522,0.6863534675615213,0.24608254248510264,0.6918767507002801,0.49564419990829894,0.6916109553590684,0.6922086284610431,0.5144437615242778,0.689929138930642,0.6688986377280074,0.4747701278313523,0.41984075747794275,0.5837046467218332,0.6694786934890764,0.4632998074042371,0.4032703334041198,0.41374045801526715,0.4981322786200835,0.4621658359764386,0.5456362425049966,0.6996996996996997,0.37784330244313397,0.509657594381036,0.6771186440677966,0.6911250873515025,0.6304607304846025,0.5637994292702813,0.6815052776502983,0.5175184110689578,0.0,0.6666666666666666,0.5017111567419575,0.4653689452240833
syn_Ni_0038,0.7318691374971402,0.5625299472927647,0.7080777096114519,0.6542222222222223,0.6711494544531845,0.7017394993635978,0.5949986409350367,0.7099615992771628,0.5857142857142857,0.677765843179377,0.6199448529411765,0.7045354469396742,0.5945065176908753,0.7722043258168431,0.6604527296937417,0.6933478735005453,0.6885245901639344,0.7055032226078334,0.6400717167189601,0.7144110550559333,0.577524893314367,0.7377441211638103,0.633751425313569,0.7270955165692008,0.7035013657809784,0.6874281774304758,0.6560895940270649,0.592436974789916,0.7019784623090408,0.5804798031576789,0.6882849495573399,0.5991228070175438,0.5660524266805087,0.606979280261723,0.6180571968801701,0.5740313061329227,0.7726833976833977,0.7096625057790107,0.5846585594013096,0.6438021575412172,0.24495080269290523,0.6687840290381125,0.7899031106578276,0.7267048412285269,0.6504702194357367,0.7462219906201146,0.7244597249508841,0.6827661909989023,0.22199695894576787,0.6705764911405041,0.2404255319148936,0.7628973423658155,0.20739119863846342,0.2391777509068924,0.6639889832453523,0.2141301717880474,0.2865773574993433,0.7296060991105464,0.7147707979626485,0.7650990689902125,0.21151500365942913,0.7406604000964088,0.7266427718040621,0.723220881556267,0.6617829649863421,0.7588688946015424,0.6828348831364665,0.23994743758212878,0.7135416666666666,0.6572420634920635,0.2149666348903718,0.2470151233749005,0.7587994542974079,0.7234139662254678,0.27230046948356806,0.6497346474601972,0.6666666666666666,0.0,0.6439492096398031,0.731381612737545
syn_Ni_0039,0.48405797101449277,0.6505199086989601,0.4621026894865526,0.3684703677676271,0.3633423180592992,0.4610751728753067,0.6722737819025522,0.5162059103908484,0.6790458118731364,0.35699971371314054,0.6738655666100462,0.47297610763164,0.6560885608856089,0.5829890643985419,0.36701754385964913,0.46853468075333027,0.3618295671113531,0.46831448856166186,0.6005672417868116,0.4907578558225508,0.6468522698771005,0.5337372049300187,0.3890226287915262,0.5002279981760146,0.44204425711275025,0.4475728155339806,0.34204685573366217,0.6684372379088622,0.45614035087719296,0.6358157554885924,0.4466061392131431,0.6567336567336567,0.6681391496410822,0.6779972439136426,0.693,0.6595744680851063,0.5778175313059034,0.48376068376068376,0.6494437577255872,0.588210166595472,0.6463784081520242,0.22576011491501077,0.5973990788404226,0.5126003877042371,0.237698081734779,0.535902411976712,0.5365790158812809,0.23762086141224728,0.6506056527590848,0.5164194915254238,0.6605270614905072,0.5403382312170779,0.6671818650180319,0.670594262295082,0.2569074163839069,0.6611993849308048,0.6247203579418344,0.5221382289416847,0.5092497430626927,0.5715007579585649,0.6359875904860393,0.5313935681470138,0.5093576125442589,0.5096605744125327,0.19546891464699684,0.5567094834654277,0.29242262540021347,0.6653609401231113,0.5036313548710243,0.24704025256511444,0.64640605296343,0.6630864895421142,0.6161910308677927,0.2936641773066731,0.6447404940327505,0.2082662372517445,0.5017111567419575,0.6439492096398031,0.0,0.5244335244335244
syn_Ni_0040,0.4361676646706587,0.7606837606837606,0.4176533907427341,0.5213754646840149,0.491588785046729,0.4351482957060646,0.7622739018087855,0.5263531080122903,0.7588614393125671,0.5430839002267573,0.7781520692974013,0.3630924988495168,0.76,0.5021686746987952,0.49930394431554526,0.40168603326498065,0.5248112189859763,0.3824908806670141,0.7383966244725738,0.4040797616319047,0.7578319244157136,0.3832434674408959,0.4576271186440678,0.44854105406016737,0.4142521534847298,0.4089049338146811,0.5300733496332518,0.7558139534883721,0.3937318936002107,0.7444990386669516,0.5374383179575198,0.7621448212648946,0.7593656002187585,0.7748917748917749,0.7690210656753408,0.7633072142664145,0.4159067882472138,0.38886198547215495,0.7519607843137255,0.7333050667797328,0.7288597926895799,0.5,0.5866881374127751,0.2210641799232035,0.5154185022026432,0.18066996155958265,0.22084623323013416,0.5603248259860789,0.7317333333333333,0.40907898189451586,0.7317620650953984,0.2097748489840747,0.7426601991319888,0.7496826605737497,0.48954578226387885,0.7378714757429515,0.7219606757130989,0.20994918427387002,0.191240132416603,0.5817680941647884,0.7222649244171151,0.23602327346319252,0.17322637252444223,0.20983182406209572,0.5458104933437745,0.19653492149431512,0.5051546391752577,0.743973399833749,0.22293942403177755,0.5130344108446299,0.735,0.7223621606493144,0.6091092533871433,0.5437171524128046,0.7289719626168224,0.539484179739431,0.4653689452240833,0.731381612737545,0.5244335244335244,0.0
