,syn_Cd_0001,syn_Cd_0002,syn_Cd_0003,syn_Cd_0004,syn_Cd_0005,syn_Cd_0006,syn_Cd_0007,syn_Cd_0008,syn_Cd_0009,syn_Cd_0010,syn_Cd_0011,syn_Cd_0012,syn_Cd_0013,syn_Cd_0014,syn_Cd_0015,syn_Cd_0016,syn_Cd_0017,syn_Cd_0018,syn_Cd_0019,syn_Cd_0020,syn_Cd_0021,syn_Cd_0022,syn_Cd_0023,syn_Cd_0024,syn_Cd_0025,syn_Cd_0026,syn_Cd_0027,syn_Cd_0028,syn_Cd_0029,syn_Cd_0030,syn_Cd_0031,syn_Cd_0032,syn_Cd_0033,syn_Cd_0034,syn_Cd_0035,syn_Cd_0036,syn_Cd_0037,syn_Cd_0038,syn_Cd_0039,syn_Cd_0040,syn_Ni_0001,syn_Ni_0002,syn_Ni_0003,syn_Ni_0004,syn_Ni_0005,syn_Ni_0006,syn_Ni_0007,syn_Ni_0008,syn_Ni_0009,syn_Ni_0010,syn_Ni_0011,syn_Ni_0012,syn_Ni_0013,syn_Ni_0014,syn_Ni_0015,syn_Ni_0016,syn_Ni_0017,syn_Ni_0018,syn_Ni_0019,syn_Ni_0020,syn_Ni_0021,syn_Ni_0022,syn_Ni_0023,syn_Ni_0024,syn_Ni_0025,syn_Ni_0026,syn_Ni_0027,syn_Ni_0028,syn_Ni_0029,syn_Ni_0030,syn_Ni_0031,syn_Ni_0032,syn_Ni_0033,syn_Ni_0034,syn_Ni_0035,syn_Ni_0036,syn_Ni_0037,syn_Ni_0038,syn_Ni_0039,syn_Ni_0040
syn_Cd_0001,0.0,0.8190597204574332,0.27215950036031705,0.2302865509307676,0.768783638320775,0.45354669214234533,0.477364185110664,0.42591773551525874,0.43984891406987725,0.4697148244166863,0.424400417101147,0.7824933687002652,0.7676630434782609,0.7813583520293698,0.263544536271809,0.22871376811594202,0.4375400384368994,0.24211502782931354,0.23700623700623702,0.2630410654827969,0.7885380116959064,0.24888576120103215,0.3243478260869565,0.26262626262626265,0.22123123776375897,0.4263270649845275,0.7503142019271052,0.7585843690752054,0.24313551815766166,0.23541666666666666,0.7818181818181819,0.7901468498342018,0.40382941688424717,0.49230769230769234,0.2528473804100228,0.4143993302637087,0.4638766519823789,0.42831621259490843,0.7969245789602148,0.7950868783702816,0.684068406840684,0.399313009875483,0.3707165109034268,0.3715898400752587,0.3899073120494336,0.6842634489693313,0.4747937671860678,0.5053003533568905,0.46331428571428573,0.472360719705181,0.36001883682599484,0.5084825636192272,0.5254505842741137,0.6814908936891148,0.38165181796291836,0.39520563008577086,0.6493383742911153,0.5262923351158645,0.49679563256586756,0.7098984171982046,0.5770421528935461,0.45831414094887146,0.6921641791044776,0.3634533661373295,0.7059436913451512,0.5428571428571428,0.38728796239525853,0.7209425469949695,0.4967381174277726,0.38884758364312266,0.6501469147894221,0.4157731713128425,0.47981438515081204,0.5585844093735055,0.6781395348837209,0.4042341220423412,0.4194788551900897,0.5088330430455337,0.6913319238900634,0.7006476373230991
syn_Cd_0002,0.8190597204574332,0.0,0.7951247823563552,0.8031496062992126,0.23778004073319756,0.7619596541786744,0.7416385394292728,0.7597897503285151,0.7688947138488423,0.7606352807714124,0.7582148111819519,0.2892128279883382,0.23168423898350907,0.29431438127090304,0.8010442429238802,0.8091376047580427,0.7786182551689359,0.8102920723226704,0.8069875397019302,0.8093980992608236,0.24845418774592468,0.8025944726452341,0.7893381406129282,0.8091697645600991,0.8051546391752578,0.751435132032147,0.37786541779640126,0.36277915632754343,0.7831008160042117,0.8084741611560128,0.21970333053456478,0.218830242510699,0.751482340809487,0.8401296246286795,0.8072420364824394,0.7591726175818764,0.8441014909756736,0.7505982451475671,0.21420118343195266,0.317016317016317,0.6538771129594848,0.7721390510022836,0.7638888888888888,0.7635077793493635,0.7989366843885936,0.651640601042625,0.7576089936934467,0.7562358276643991,0.7435757244395844,0.7715605749486653,0.7552407932011331,0.7601360929968812,0.8328716528162512,0.6259675405742822,0.7543655413271245,0.77911227154047,0.6278805120910385,0.7761866878811986,0.7425629290617849,0.6507394766780432,0.8259620907524411,0.7555862068965518,0.6258751050126015,0.7767714437932871,0.6492465533824944,0.8208440999138673,0.7753831417624522,0.6215686274509804,0.7683916083916084,0.7938517179023508,0.6718322698268003,0.7879310344827586,0.7378235457834679,0.7385281385281385,0.6394083170527491,0.7683444511825349,0.7926860025220681,0.7365233192004845,0.6406779661016949,0.6813441483198146
syn_Cd_0003,0.27215950036031705,0.7951247823563552,0.0,0.26328052190121154,0.7584215591915303,0.43645213628988644,0.4419271580154861,0.42028266798909003,0.44985434873075325,0.4405966968566862,0.40826753367394336,0.7599781301257518,0.7494270435446906,0.7643860444041686,0.2443754848719938,0.2813852813852814,0.4062947067238913,0.2550353125817421,0.2659106688266605,0.2798804780876494,0.7643951399894348,0.21462639109697934,0.34760398929700803,0.31785127844241146,0.2546251217137293,0.39385775862068967,0.7390898483080514,0.7388445279473932,0.22373975664266202,0.27812572488981674,0.7579584319915812,0.7556924725421913,0.42975407840272706,0.477995421012465,0.2073827223788772,0.4087199813476335,0.4648235003702789,0.40787164702933065,0.7815964523281597,0.7919433377600709,0.672819216182048,0.39553849844087313,0.36427795874049945,0.3866595801222429,0.4173156207054512,0.6537689882487819,0.4539354838709677,0.4818956336528222,0.43489449305198147,0.4568380213385063,0.3528472591804151,0.4769640479360852,0.5526315789473685,0.6678478620363808,0.3902838427947598,0.3849186791522918,0.6275714667379108,0.5113778444611152,0.46455424274973145,0.6848290598290598,0.5929919137466307,0.41707760186867376,0.67254540668597,0.3616273229532898,0.6653719749028981,0.5683104284559418,0.3887375113533152,0.6818734793187348,0.471469892190376,0.3728144388042865,0.6594454072790294,0.42340884573894283,0.4750065427898456,0.5391280801516383,0.6536342167410129,0.38457175269427113,0.4257095158597663,0.4827195467422096,0.6656050955414012,0.6918478260869565
syn_Cd_0004,0.2302865509307676,0.8031496062992126,0.26328052190121154,0.0,0.7431922915793884,0.4494902687673772,0.4572472594397077,0.4250698774457106,0.4225663716814159,0.4473924977127173,0.39277010560519904,0.7637979420018709,0.7416941694169417,0.766295707472178,0.22809364548494984,0.222002200220022,0.4002493765586035,0.2452150416572844,0.2067220085037457,0.23349158394475614,0.7643051771117166,0.24772313296903462,0.27341932755339393,0.22761729153861915,0.18535759627592044,0.4096997690531178,0.7291454211707118,0.734208367514356,0.20301399354144242,0.22580645161290322,0.7655578185109754,0.7664904619627672,0.3951322751322751,0.48032534622994066,0.21088736446116396,0.37477073568371716,0.458128078817734,0.4100282179292381,0.7846663511594889,0.7904984423676013,0.6488082221736278,0.38124086066429913,0.35378893537889355,0.36452864642775623,0.3864365971107544,0.6532748965181397,0.4533719118628978,0.4961133973479652,0.4404973357015986,0.44580345845634756,0.3596892138939671,0.4923393551337754,0.5191193511008111,0.6545042259327973,0.37225595516113963,0.3772455089820359,0.6225636321944508,0.5100714749837557,0.47489636112390604,0.687757909215956,0.5748613678373382,0.43681503019458734,0.6667421326692325,0.3426086956521739,0.6706179066834804,0.5444675444675444,0.36598964555953806,0.6917562724014337,0.48292241574304456,0.36407300672430354,0.6320213985479557,0.40129449838187703,0.4683487271908087,0.5323590814196242,0.6540979905170468,0.375,0.38391186863437954,0.49662487945998074,0.6561787505699954,0.6798510935318753
syn_Cd_0005,0.768783638320775,0.23778004073319756,0.7584215591915303,0.7431922915793884,0.0,0.7081339712918661,0.691609977324263,0.7142857142857143,0.6970499243570348,0.7091595845136922,0.6791979949874687,0.21545893719806763,0.18530278974824224,0.15441176470588236,0.7521269257300529,0.7718303470174642,0.7070145423438836,0.7612078977932637,0.7526545908806995,0.7638950644730992,0.21321462043111528,0.7551691729323309,0.7269758327890268,0.7555321390937829,0.7485838779956427,0.6876490224129709,0.29641283826305853,0.22362869198312235,0.7462852073630517,0.770081368662633,0.20382909175811348,0.19240806642941874,0.6857703203312269,0.8237026965782914,0.7604380561259412,0.6763781177950116,0.8076329141848665,0.6993961082531872,0.2136919315403423,0.24,0.6218165427090376,0.7144700064502257,0.7301968314930389,0.7182567726737338,0.7384488448844885,0.6313271216318308,0.6722515492311223,0.658329400660689,0.6474358974358975,0.6795484151107252,0.7202830188679246,0.6691054991739438,0.8000793335977786,0.5720042417815483,0.7192474674384949,0.7229074889867841,0.5881656804733728,0.7054228966748494,0.6509747979077508,0.6265972550875533,0.8067748091603053,0.6512110726643598,0.6028965195047886,0.724910394265233,0.6317576390702533,0.7991891247316957,0.7200163733115023,0.6026525198938992,0.6639439906651109,0.7437934458788481,0.6167124362495097,0.7398568019093079,0.6444341157332094,0.6440718562874251,0.598416026088982,0.7215568862275449,0.7381818181818182,0.654037886340977,0.5967058823529412,0.67611725132148
syn_Cd_0006,0.45354669214234533,0.7619596541786744,0.43645213628988644,0.4494902687673772,0.7081339712918661,0.0,0.2583309598405013,0.22898693615972393,0.30269151138716355,0.23504499735309686,0.2369515011547344,0.7121129820749592,0.6932422171602126,0.711581793600721,0.42534052942688255,0.46443938243482663,0.22759601706970128,0.4317650116974266,0.45454545454545453,0.4693069306930693,0.7459317585301837,0.4486571879936809,0.5148730350665054,0.46116165150454863,0.4293320425943853,0.22430406852248394,0.6825249477837085,0.7127510509107894,0.44112564798815107,0.48419838523644754,0.7239215686274509,0.7183923343092893,0.23359961268458002,0.5691529709228824,0.43286624203821655,0.2511013215859031,0.5641717791411043,0.22950411163717918,0.7384361233480177,0.7291941875825627,0.6627293289771299,0.5149057953732411,0.4563106796116505,0.4755743332453129,0.5134396355353075,0.6350697409621406,0.3541933829186971,0.3814814814814815,0.38158567774936064,0.35679845708775315,0.4690639873083025,0.3691452765281821,0.5859511343804538,0.6748884190744656,0.47830802603036876,0.49632533072023516,0.6113618263870454,0.4009445687298036,0.37459978655282816,0.6799363057324841,0.6320299946438136,0.35723497549651795,0.6636149620716715,0.46929605591612583,0.6440225452388015,0.6380187416331995,0.499096657633243,0.6666666666666666,0.41625293963940424,0.4823529411764706,0.646551724137931,0.5369774919614148,0.3690507152145644,0.43664245359160614,0.6297262059973925,0.47211267605633805,0.5375859615840645,0.345526167698368,0.6492616033755274,0.6517278617710583
syn_Cd_0007,0.477364185110664,0.7416385394292728,0.4419271580154861,0.4572472594397077,0.691609977324263,0.2583309598405013,0.0,0.2626105044201768,0.32799307209352674,0.23240818615082703,0.2813789754794853,0.6842408527801787,0.6716577540106952,0.6957653181925716,0.41739130434782606,0.4770053475935829,0.25929623159470927,0.43454345434543457,0.46057087566521526,0.46200052232959,0.7227007502083912,0.44800669082798994,0.49949031600407745,0.46418056918547596,0.4521805661820964,0.2221276595744681,0.6593460224499756,0.6821419798575289,0.4401041666666667,0.488360814742968,0.7022689540675152,0.6954314720812182,0.27908163265306124,0.6047008547008547,0.44695745826602046,0.29887859580692344,0.5786749482401656,0.25460284061020516,0.7205495469161064,0.7293927499422767,0.6199575371549894,0.5248618784530387,0.4818415784958536,0.4988814317673378,0.5281167743479301,0.5905511811023622,0.34164859002169196,0.358363687307369,0.3863206271965396,0.3822707645415291,0.48137776533183985,0.3649103139013453,0.6062199862794421,0.6500247157686604,0.4920908829450676,0.5298372513562387,0.5686164229471317,0.39611752360965374,0.33163698049194235,0.6423952769187518,0.636105591825149,0.37370430987452263,0.6207087486157253,0.480368906455863,0.610126582278481,0.6311010215664018,0.5152952335783733,0.6323766526926797,0.38716814159292035,0.5129502828222685,0.6220365771054414,0.5319511502414087,0.3500275178866263,0.41814033086138047,0.6043046357615894,0.4938604372566637,0.5496754867698452,0.33772061023033206,0.604021223122033,0.627254509018036
syn_Cd_0008,0.42591773551525874,0.7597897503285151,0.42028266798909003,0.4250698774457106,0.7142857142857143,0.22898693615972393,0.2626105044201768,0.0,0.24065827686350436,0.23559445660102116,0.2137191854233655,0.7321384117500622,0.7134857676154923,0.7263775403310287,0.39990534784666354,0.4269715352309846,0.1996485833516363,0.4103299856527977,0.43632478632478633,0.4486857142857143,0.7616405307599518,0.42075973868860395,0.4930648769574944,0.43487667676330594,0.413924334004925,0.2355686563497912,0.689922480620155,0.7149664284167209,0.4131326949384405,0.4428265524625268,0.7336538461538461,0.7326490713587488,0.21450962830273176,0.558041958041958,0.4272300469483568,0.23537005163511188,0.5365079365079365,0.21849126034958602,0.7504411394000504,0.7248308386303055,0.655076495132128,0.4823321554770318,0.4380410586198368,0.4594856865599224,0.4780952380952381,0.645010395010395,0.3585262163438829,0.3798298906439854,0.38327444051825676,0.34820432745929064,0.4457128977410736,0.36995624696159457,0.5840618011791014,0.6615853658536586,0.45612726820780514,0.48019017432646594,0.6099463676255485,0.38320330426801286,0.3832965956404604,0.6773092858883744,0.6284099287294176,0.36657169990503324,0.6527176527176527,0.43929970052983186,0.6600107933081489,0.6304668304668305,0.46966197774511864,0.6797367699479023,0.40653531955790484,0.46530089628681176,0.6365829145728643,0.4910253257929678,0.3550239234449761,0.42941757156959526,0.634052757793765,0.4568854568854569,0.5008787346221442,0.3648752892774492,0.6486551974800097,0.6370388710076752
syn_Cd_0009,0.43984891406987725,0.7688947138488423,0.44985434873075325,0.4225663716814159,0.6970499243570348,0.30269151138716355,0.32799307209352674,0.24065827686350436,0.0,0.29185427752763,0.2144170650974623,0.713152400835073,0.6924293338604467,0.708258204111071,0.41828365673134627,0.452065625617711,0.20991363124295906,0.4215943491422805,0.4282046579864295,0.4560994560994561,0.7356649044326962,0.44109253974724827,0.46328437917222964,0.43688600556070434,0.41755725190839693,0.2865400495458299,0.6636514676019937,0.686456400742115,0.4239193642178717,0.44662869740951683,0.7271437259274275,0.7307297019527236,0.24680282496659667,0.5970768319178352,0.4222133916153388,0.22560413207895222,0.5828670654061354,0.24897480960749854,0.7430379746835443,0.7415929203539823,0.620601533320228,0.4914167138275797,0.4829734219269103,0.4811031664964249,0.4943615860312841,0.6321142609824714,0.3261433992410625,0.3772504091653028,0.38142686329214825,0.2971841704718417,0.4834355828220859,0.3505217925107428,0.6040056219255094,0.6473438956197577,0.49124270225187655,0.5017341040462427,0.5905641025641025,0.35607094133697137,0.3752059308072488,0.6570959803117309,0.6637752994630318,0.3616850551654965,0.6459136077874671,0.4669534610872116,0.6526010270149587,0.6539335122857732,0.47832369942196534,0.6624434389140271,0.4002026342451874,0.496793501496366,0.6040361864996521,0.5161157024793388,0.3462547950736927,0.39481865284974094,0.6184503338053814,0.49806784027479606,0.5151173708920188,0.3861003861003861,0.6265306122448979,0.6596009975062345
syn_Cd_0010,0.4697148244166863,0.7606352807714124,0.4405966968566862,0.4473924977127173,0.7091595845136922,0.23504499735309686,0.23240818615082703,0.23559445660102116,0.29185427752763,0.0,0.23575011399908802,0.7196361690743713,0.7015223359121537,0.7280818869603917,0.43400050671395995,0.4629398552533067,0.2166588675713617,0.44350499615680244,0.4583049306975687,0.46142578125,0.759958613554061,0.4561494551115724,0.4922452875208781,0.4681096016578402,0.44173829990448904,0.2231012658227848,0.6710194730813287,0.706777316735823,0.4385196006817628,0.47938966066955135,0.7376964699819634,0.7188565434041437,0.250059708621925,0.5971079531288955,0.43833207736749563,0.2465094987411307,0.5768579036552893,0.2312607520275252,0.7554229934924078,0.743801652892562,0.6545229244114003,0.5184749352788891,0.47768331562167904,0.5055945875618006,0.52046783625731,0.6452787895769123,0.35676359039190897,0.3816475495307612,0.394856278366112,0.37678401522359656,0.47889525794684734,0.3658409387222947,0.5948275862068966,0.6568513795501971,0.49946581196581197,0.5152247462542291,0.5987444415380592,0.39740132385388577,0.3590956887486856,0.6882845188284519,0.6379947229551451,0.38215102974828374,0.6504253673627224,0.48399803052683404,0.6463379048730669,0.6233183856502242,0.49687778768956287,0.6680522565320665,0.4014936904455318,0.5035852178709321,0.6367120954003407,0.5353748680042238,0.36016406049730837,0.44129340047707394,0.6407093292212799,0.48474764281752636,0.5384975427100398,0.36121883656509696,0.6398128898128899,0.6590425531914894
syn_Cd_0011,0.424400417101147,0.7582148111819519,0.40826753367394336,0.39277010560519904,0.6791979949874687,0.2369515011547344,0.2813789754794853,0.2137191854233655,0.2144170650974623,0.23575011399908802,0.0,0.6951048951048951,0.677122175915771,0.6936187078874356,0.39186485885752387,0.4235577977626673,0.18856195607128057,0.397979797979798,0.40520896426408237,0.41179001721170394,0.7238569488456315,0.4180662732637313,0.46826902804132403,0.4177732379979571,0.38734177215189874,0.2311233885819521,0.6583282489322758,0.6683026584867076,0.3934320669671603,0.4286870321667004,0.7139634558989397,0.7008018327605956,0.17619751002321166,0.5476660092044707,0.3889256562982572,0.19975614712456818,0.5361947469570788,0.210560484743562,0.7221698113207548,0.7456310679611651,0.6232831916285154,0.4605290564465736,0.4314179796107507,0.45620022753128553,0.46978791516606644,0.632128124241689,0.32993121810516973,0.3623518687329079,0.34440017706949977,0.3103448275862069,0.4355353075170843,0.33257351265101437,0.588597842835131,0.6234326824254882,0.4445996275605214,0.473773987206823,0.5812571428571428,0.3651479162167998,0.3590449954086318,0.653107861060329,0.6476278212805159,0.326644370122631,0.6456781764838637,0.4282618118768964,0.6446343302337271,0.6500115127791849,0.4527402700555997,0.6566326530612245,0.3745208568207441,0.4485399712781235,0.6105182926829268,0.4861751152073733,0.3334830451381091,0.3909826589595376,0.6142246230024758,0.4478114478114478,0.4793782383419689,0.34694858241230175,0.6227272727272727,0.6590909090909091
syn_Cd_0012,0.7824933687002652,0.2892128279883382,0.7599781301257518,0.7637979420018709,0.21545893719806763,0.7121129820749592,0.6842408527801787,0.7321384117500622,0.713152400835073,0.7196361690743713,0.6951048951048951,0.0,0.24367169521861418,0.21919054115507047,0.761620358348481,0.7770391204295577,0.7228338918142652,0.7756763856054636,0.7746806039488966,0.773,0.2053050397877984,0.768493879723257,0.7587301587301587,0.7748999293619026,0.772238514173998,0.6942640692640693,0.3441086905598501,0.23290900518623292,0.7661431064572426,0.7885913853317812,0.20369881109643329,0.22249125638956146,0.7066731850403324,0.8288633461047255,0.7698841698841699,0.6999765972384742,0.8260223048327138,0.7090359929524289,0.17260579064587972,0.3256330519768992,0.6039603960396039,0.7298338550445461,0.7306434023991276,0.729917267147051,0.7452873563218391,0.5917074575295134,0.6921482249287381,0.6770053475935829,0.668733850129199,0.7093476144109055,0.7311598075895244,0.6993848622626371,0.8204225352112676,0.5522883566516481,0.7280701754385965,0.7382483918852053,0.569627045881406,0.7313582726587999,0.6709816612729234,0.5949570815450643,0.8202490525175961,0.6700547302580141,0.5701823949246629,0.7271810388300555,0.6043230261182828,0.8105548037889039,0.727894257064722,0.5702933985330073,0.6741484024293636,0.7473087818696884,0.6008695652173913,0.7356446370530878,0.664126149802891,0.669295621430514,0.5657444005270093,0.7264957264957265,0.7380895379458942,0.6704610130904952,0.5831556503198294,0.6473799126637555
syn_Cd_0013,0.7676630434782609,0.23168423898350907,0.7494270435446906,0.7416941694169417,0.18530278974824224,0.6932422171602126,0.6716577540106952,0.7134857676154923,0.6924293338604467,0.7015223359121537,0.677122175915771,0.24367169521861418,0.0,0.19862866938075852,0.7446601941747573,0.7669856459330143,0.6995727456712391,0.76153091265947,0.7568867512024486,0.7507613024127431,0.21465709333993563,0.7521728333747206,0.7451879010082493,0.7555358724534986,0.7509745471222197,0.6711223203026482,0.27985896870868227,0.2547107071602749,0.75,0.7769500438212095,0.18944252590034533,0.16407425990968388,0.6793577981651376,0.8355640535372849,0.7525276841598459,0.6763540290620872,0.8159851301115242,0.6812824139556812,0.20072520072520073,0.26388597778243555,0.6050380228136882,0.7168701944821347,0.7322834645669292,0.7196215139442231,0.7332756007793895,0.6028861571352218,0.6656976744186046,0.6418059366425543,0.6458081662237255,0.6828878227096185,0.7227624033906757,0.6741516966067864,0.8063577810097652,0.5599643334819439,0.7217258105693133,0.7281373231268847,0.5705705705705706,0.7017873941674506,0.6449585114407845,0.6047035276457343,0.8168054504163512,0.6527033609352167,0.5824284304047384,0.7256198347107438,0.6038888888888889,0.8022199798183652,0.7156968005153532,0.5746964134425303,0.6553254437869822,0.7551987365096078,0.6048469911686177,0.7495581923756627,0.6342660775650466,0.6360871768879879,0.577263779527559,0.7263826409102937,0.7251461988304093,0.6441977266719535,0.5816960954986322,0.6491228070175439
syn_Cd_0014,0.7813583520293698,0.29431438127090304,0.7643860444041686,0.766295707472178,0.15441176470588236,0.711581793600721,0.6957653181925716,0.7263775403310287,0.708258204111071,0.7280818869603917,0.6936187078874356,0.21919054115507047,0.19862866938075852,0.0,0.7655741263294986,0.7805871009213627,0.72111876773409,0.7769011615165461,0.7652637818612922,0.7699747687132044,0.23862129916040653,0.7722640673460346,0.7551020408163265,0.7681391165300819,0.7652640264026402,0.6940700808625337,0.2632835820895522,0.21368547418967587,0.7616949863645899,0.7810334587210453,0.20061660427218675,0.21305611446456516,0.7062100268207139,0.8338685506315564,0.7724628312863607,0.6969576456551998,0.8192444166144855,0.7064918587439205,0.23919043238270468,0.2217573221757322,0.6298189563365282,0.7396618455897331,0.7527124773960217,0.7441705529646903,0.7547982765374069,0.6282809174745803,0.6905742145178765,0.672153024911032,0.6632079550367488,0.7035361842105263,0.7425522454424188,0.6956618464961067,0.8056603773584906,0.5745023124874321,0.7379654859218892,0.7478115881617341,0.6024983270131609,0.7244144334247732,0.6751792114695341,0.6360392506690455,0.8220224719101124,0.6773350751143044,0.6087243886318572,0.7416349004659043,0.6378761928064595,0.8121770388676702,0.7410575427682737,0.6062562065541212,0.6856702619414484,0.7620158656089594,0.6142643764002987,0.762589928057554,0.6632317474238105,0.665237987818633,0.6066798505822896,0.7463666197843413,0.7510642610987229,0.6730679156908665,0.614019520851819,0.6823529411764706
syn_Cd_0015,0.263544536271809,0.8010442429238802,0.2443754848719938,0.22809364548494984,0.7521269257300529,0.42534052942688255,0.41739130434782606,0.39990534784666354,0.41828365673134627,0.43400050671395995,0.39186485885752387,0.761620358348481,0.7446601941747573,0.7655741263294986,0.0,0.23106796116504855,0.40232505128789603,0.22709163346613545,0.23748338502436864,0.2454264670943217,0.7632570997738125,0.206957398537938,0.3299256505576208,0.23877917414721722,0.22111136944896537,0.38745198463508324,0.7360428762840554,0.7277016400808807,0.22274881516587677,0.2566607460035524,0.7611417125688533,0.7646459500764137,0.38465116279069766,0.4553831231813773,0.2149487054225696,0.39759036144578314,0.4420358152686145,0.40028694404591103,0.7790055248618785,0.7907026109106347,0.6750241080038573,0.3796423658872077,0.3577508382770183,0.3619817997977755,0.4051327045404694,0.65942422596415,0.4198623402163225,0.4722714611293998,0.4062270164255945,0.43340282603659946,0.34446975449253353,0.46200607902735563,0.51357037660425,0.666967916854948,0.3824215711693026,0.3992001881910139,0.6321138211382114,0.4933206106870229,0.4439622159816186,0.6946913893827787,0.5557263643351268,0.4063272367770638,0.6688376753507014,0.3451497005988024,0.6824858757062147,0.5399590163934426,0.37872525560147924,0.6891697787991956,0.46146146146146144,0.3591869483819203,0.653150343106675,0.40322994104075877,0.45739910313901344,0.5090066906845085,0.6578421578421578,0.3713363807475128,0.4058367533059736,0.47354284179425193,0.6718000504923,0.6932610379550735
syn_Cd_0016,0.22871376811594202,0.8091376047580427,0.2813852813852814,0.222002200220022,0.7718303470174642,0.46443938243482663,0.4770053475935829,0.4269715352309846,0.452065625617711,0.4629398552533067,0.4235577977626673,0.7770391204295577,0.7669856459330143,0.7805871009213627,0.23106796116504855,0.0,0.4382729930290083,0.23061825318940138,0.2334936598163533,0.23026469899273835,0.7796484278286705,0.24261236652594984,0.34967919340055,0.24047829937998227,0.21210731483604678,0.42900378310214377,0.7589246364037021,0.7557082686765684,0.22009345794392524,0.22567922874671342,0.7794770596941293,0.7882589061716005,0.4114678899082569,0.4713193116634799,0.22773230621088109,0.4209599295464553,0.4423791821561338,0.4214992927864215,0.7953897953897954,0.7966883252986795,0.6825095057034221,0.3649932157394844,0.33756667513335026,0.34462151394422313,0.38688027711625894,0.6830571886691609,0.47093023255813954,0.5230730855574957,0.4592896834984296,0.47909527073337904,0.3298429319371728,0.5134730538922155,0.5200498649490962,0.6843513152028533,0.35665049782997194,0.3829737879842264,0.6541541541541541,0.5188146754468486,0.49308524013075183,0.7112834625969477,0.566994700984103,0.44471505114466636,0.6915103652517275,0.3426210153482881,0.7016666666666667,0.5433905146316852,0.37298690143869445,0.7130754024286925,0.5054240631163708,0.3387733614108976,0.662764428013966,0.3850037869224943,0.4894452626411389,0.565636087176888,0.6781496062992126,0.3537973008732469,0.38866396761133604,0.5194290245836638,0.6936085550857995,0.7004830917874396
syn_Cd_0017,0.4375400384368994,0.7786182551689359,0.4062947067238913,0.4002493765586035,0.7070145423438836,0.22759601706970128,0.25929623159470927,0.1996485833516363,0.20991363124295906,0.2166588675713617,0.18856195607128057,0.7228338918142652,0.6995727456712391,0.72111876773409,0.40232505128789603,0.4382729930290083,0.0,0.4100851945659682,0.41003924808923775,0.4294532627865961,0.7454714352066883,0.40661387983232417,0.4584323040380047,0.4145933514530629,0.398876404494382,0.21172022684310018,0.6707596253902185,0.6986186688991209,0.40400263910270506,0.43614158559304494,0.7278407775977783,0.7211380202210205,0.21158417981413444,0.5677375870590878,0.39515946618412123,0.1948430027032647,0.5488952089258368,0.20159680638722555,0.747093023255814,0.7542675664946408,0.6241340782122905,0.47878012369375134,0.45575642245480497,0.4676628531403222,0.48014735980352025,0.6258418558243951,0.33742889647326507,0.35827876520112256,0.37358147980027234,0.31998277347114557,0.4562879850397382,0.34923976608187135,0.602755905511811,0.6326530612244898,0.45650095602294455,0.48536478811708167,0.5890218156228009,0.3874751051117504,0.36050895381715364,0.651031894934334,0.6572104018912529,0.34964555225245825,0.644825191016439,0.4362505553087517,0.6415826221877424,0.6464192862207516,0.4626320064987815,0.6596638655462185,0.38283599352301645,0.46532218396458436,0.602803738317757,0.5089877010406811,0.3333333333333333,0.4108711132209827,0.6208727776495035,0.46465645081562035,0.4937407171652875,0.3565432098765432,0.6273320895522388,0.6652380952380952
syn_Cd_0018,0.24211502782931354,0.8102920723226704,0.2550353125817421,0.2452150416572844,0.7612078977932637,0.4317650116974266,0.43454345434543457,0.4103299856527977,0.4215943491422805,0.44350499615680244,0.397979797979798,0.7756763856054636,0.76153091265947,0.7769011615165461,0.22709163346613545,0.23061825318940138,0.4100851945659682,0.0,0.24026845637583893,0.24849939975990396,0.7743329097839898,0.22661228651542187,0.355868544600939,0.2642792384406165,0.22856471693680996,0.39083139083139085,0.7456021650879567,0.7367823916496483,0.23275862068965517,0.2520179372197309,0.780759493670886,0.7851622874806801,0.37781954887218044,0.4549019607843137,0.2474074074074074,0.38440739071653895,0.42952380952380953,0.39971000483325275,0.7870641469257387,0.8050139275766016,0.6851851851851852,0.38351088466882816,0.3404643882076702,0.3502044989775051,0.39136212624584715,0.6602528862012095,0.44582504970178927,0.48937259923175414,0.4265179677819083,0.4509712146033232,0.32326593294087536,0.48411885245901637,0.5306859205776173,0.6572341396622546,0.3511670600576974,0.3796054195388638,0.6366906474820144,0.5019286403085824,0.45830105861089593,0.6855895196506551,0.5485877170251361,0.4147926036981509,0.6818642350557245,0.3318809005083515,0.687070938215103,0.5362694300518135,0.37184274104985726,0.7084666860634274,0.4701417004048583,0.34668470906630583,0.6558237145855194,0.3637542131190044,0.46397984886649873,0.5340968245705362,0.6616161616161617,0.3621768707482993,0.40211883924458774,0.4889915737972275,0.6737298953280572,0.6986158265865762
syn_Cd_0019,0.23700623700623702,0.8069875397019302,0.2659106688266605,0.2067220085037457,0.7526545908806995,0.45454545454545453,0.46057087566521526,0.43632478632478633,0.4282046579864295,0.4583049306975687,0.40520896426408237,0.7746806039488966,0.7568867512024486,0.7652637818612922,0.23748338502436864,0.2334936598163533,0.41003924808923775,0.24026845637583893,0.0,0.23182500536135536,0.7708098353259644,0.23908617959737616,0.2816309373686423,0.22647657841140528,0.2,0.41316815783436567,0.7327656123276561,0.7337410805300714,0.21095421480530593,0.22791448164582492,0.7639388489208633,0.7680365296803653,0.3916701724863273,0.4740061162079511,0.22383465259454705,0.38695299837925445,0.443593018305662,0.40638481449525454,0.7800235017626322,0.791674733785092,0.6688396349413298,0.3770764119601329,0.35488339875317476,0.34739229024943313,0.36764412527428686,0.6702127659574468,0.45687748783724014,0.4962525550760845,0.45510699316126185,0.45294487528819954,0.3475595913734393,0.4925034075420264,0.5179565968888036,0.6627049180327869,0.35745766643470195,0.36663124335812963,0.6305239179954442,0.5109771846749892,0.47654998856097003,0.6948303347756776,0.5657562543034198,0.4431111111111111,0.6828609986504723,0.35191186001296176,0.685027541311968,0.5497934832491969,0.35854286279944564,0.6986022871664549,0.4764044943820225,0.3594085380395898,0.6397491924757742,0.40298507462686567,0.486123545210385,0.5377880184331797,0.6657694033198743,0.3707165109034268,0.39090909090909093,0.4986832655015561,0.6684031710079276,0.6972498266697481
syn_Cd_0020,0.2630410654827969,0.8093980992608236,0.2798804780876494,0.23349158394475614,0.7638950644730992,0.4693069306930693,0.46200052232959,0.4486857142857143,0.4560994560994561,0.46142578125,0.41179001721170394,0.773,0.7507613024127431,0.7699747687132044,0.2454264670943217,0.23026469899273835,0.4294532627865961,0.24849939975990396,0.23182500536135536,0.0,0.7742248062015504,0.26044703595724006,0.34560970132494945,0.2234527687296417,0.24179775280898877,0.4178589047853971,0.7346012535119948,0.7391304347826086,0.24788281071183338,0.2508059316569955,0.7745594979483466,0.7717791411042945,0.40975500112384805,0.4888836882752165,0.2547725665802498,0.4191319369466638,0.4687002048713863,0.4232278919418148,0.7843037974683544,0.8069958847736626,0.6723295322317896,0.36688095765905565,0.33979135618479883,0.3617539585870889,0.39507221750212407,0.6617071260767423,0.4844676310173109,0.5187896534895071,0.46263008514664145,0.4849977608598298,0.3331707317073171,0.5045154991457164,0.5589555283557731,0.6716939890710383,0.3564653020469296,0.37136363636363634,0.6416156670746634,0.5360516010135913,0.499754058042302,0.7004405286343612,0.5947680157946693,0.4636471990464839,0.6822023665781213,0.3441258094357077,0.6785036595283275,0.5775968418455465,0.36493889591234724,0.6909090909090909,0.4967430639324487,0.35905349794238683,0.6643807987091569,0.362962962962963,0.5061253903435022,0.5781908302354399,0.6648206116060679,0.33660806618407446,0.385226019845645,0.518595041322314,0.6710462287104623,0.7006464445549477
syn_Cd_0021,0.7885380116959064,0.24845418774592468,0.7643951399894348,0.7643051771117166,0.21321462043111528,0.7459317585301837,0.7227007502083912,0.7616405307599518,0.7356649044326962,0.759958613554061,0.7238569488456315,0.2053050397877984,0.21465709333993563,0.23862129916040653,0.7632570997738125,0.7796484278286705,0.7454714352066883,0.7743329097839898,0.7708098353259644,0.7742248062015504,0.0,0.7714873906330417,0.7584655458205067,0.7741714285714286,0.7701421800947867,0.7269874476987448,0.3600181942233341,0.25720823798627,0.772892002899251,0.7847614741125932,0.21901354459493994,0.20884265279583875,0.7288456980327092,0.8417017066534751,0.7737353600797409,0.7277891388320836,0.8289694931539755,0.7322604242867593,0.1639784946236559,0.3019438444924406,0.6174084091467913,0.7514599392665265,0.7565858798735511,0.7553548387096775,0.7597141581062975,0.6206609275201332,0.7100576874843241,0.7063081695966908,0.6928464232116058,0.7280453257790368,0.758656330749354,0.712955779674166,0.846318493150685,0.56409666283084,0.743114406779661,0.750599520383693,0.5896238651102464,0.7441011919241061,0.6897810218978102,0.6203319502074689,0.8597592883307169,0.6958385876418663,0.5960112503196113,0.7591597459697118,0.6189650187915583,0.8493329845670939,0.7568644818423383,0.5941176470588235,0.6888888888888889,0.7681793329688354,0.6150592216582065,0.7638743455497382,0.6908212560386473,0.685676741130092,0.5911292378281927,0.7548103353490929,0.7509872241579558,0.6935749588138386,0.6030927835051546,0.6708860759493671
syn_Cd_0022,0.24888576120103215,0.8025944726452341,0.21462639109697934,0.24772313296903462,0.7551691729323309,0.4486571879936809,0.44800669082798994,0.42075973868860395,0.44109253974724827,0.4561494551115724,0.4180662732637313,0.768493879723257,0.7521728333747206,0.7722640673460346,0.206957398537938,0.24261236652594984,0.40661387983232417,0.22661228651542187,0.23908617959737616,0.26044703595724006,0.7714873906330417,0.0,0.3308002849679411,0.2775613110245244,0.22338403041825095,0.39296956977964326,0.7395667046750285,0.7443781551170262,0.21007996123091835,0.25368397188846065,0.7713406818764419,0.7714583876858857,0.41573567863085337,0.43537583726122553,0.22069482629342665,0.3994076099339257,0.42327150084317033,0.4140376620200538,0.7847896440129449,0.8003464703334777,0.6774352651048089,0.3942375263527758,0.363107822410148,0.3678488221589438,0.412897447380206,0.65784341042073,0.4450314465408805,0.49377593360995853,0.43552433517310585,0.4493371212121212,0.3499222395023328,0.4848249027237354,0.5253218884120172,0.6695130394645742,0.38629117959617426,0.4098124098124098,0.6351808482956024,0.5081727250548914,0.45868200836820083,0.686264308012487,0.5506561679790026,0.42676448267138883,0.6660682226211849,0.35423811856932874,0.6814621409921671,0.5350301758068748,0.39298401420959145,0.6853600944510035,0.4860363822700487,0.3625891387822271,0.6615776081424937,0.4117647058823529,0.46544248916092834,0.5417875032955444,0.6563538736895934,0.3756205184776613,0.420917773119031,0.4914600550964187,0.6633919338159255,0.7031746031746032
syn_Cd_0023,0.3243478260869565,0.7893381406129282,0.34760398929700803,0.27341932755339393,0.7269758327890268,0.5148730350665054,0.49949031600407745,0.4930648769574944,0.46328437917222964,0.4922452875208781,0.46826902804132403,0.7587301587301587,0.7451879010082493,0.7551020408163265,0.3299256505576208,0.34967919340055,0.4584323040380047,0.355868544600939,0.2816309373686423,0.34560970132494945,0.7584655458205067,0.3308002849679411,0.0,0.32382978723404254,0.2871287128712871,0.4938539407086045,0.7213045319779754,0.7162939297124601,0.29973118279569894,0.3201347935973041,0.760264275601699,0.7525179856115108,0.4867957746478873,0.5956959706959707,0.30059935454126324,0.46085484553533645,0.5819964349376114,0.4866696791685495,0.7686032138442521,0.7872855701311806,0.6329690346083788,0.5006513243595311,0.4875030332443582,0.4795238095238095,0.5065584009993754,0.6581762608252675,0.4805194805194805,0.5211066062485095,0.5364330326162388,0.5084411313308485,0.48414779499404054,0.517175572519084,0.5605363217930759,0.6329764453961456,0.5074372104364789,0.507007786429366,0.6052631578947368,0.5347159603246168,0.5073299687575102,0.6766323845969864,0.5939233180612491,0.4988344988344988,0.6671388101983002,0.47046843177189407,0.6675475687103594,0.5911282545805208,0.47324932865110514,0.6783892617449664,0.5386792452830189,0.5119256841576701,0.6192360973679003,0.5392038600723763,0.4776890558947863,0.499273607748184,0.6459510357815442,0.5200605601816806,0.501511879049676,0.5074363498865642,0.643281807372176,0.674520281758562
syn_Cd_0024,0.26262626262626265,0.8091697645600991,0.31785127844241146,0.22761729153861915,0.7555321390937829,0.46116165150454863,0.46418056918547596,0.43487667676330594,0.43688600556070434,0.4681096016578402,0.4177732379979571,0.7748999293619026,0.7555358724534986,0.7681391165300819,0.23877917414721722,0.24047829937998227,0.4145933514530629,0.2642792384406165,0.22647657841140528,0.2234527687296417,0.7741714285714286,0.2775613110245244,0.32382978723404254,0.0,0.23951458377687887,0.4210648686352011,0.7382027082478457,0.7363317515989272,0.25996533795493937,0.21306122448979592,0.779498861047836,0.7723276260990283,0.40119250425894376,0.5057522123893805,0.267260579064588,0.3919639196391964,0.4793103448275862,0.4167758846657929,0.7869907076483202,0.7975327981202271,0.6637323943661971,0.34720470786044555,0.33863795927919493,0.3446691176470588,0.3481331987891019,0.6669936243256498,0.4722222222222222,0.5074798619102416,0.4659217877094972,0.461913855293868,0.3273521969174143,0.5032228360957642,0.5439891241017674,0.656159270012443,0.3486950387961439,0.33634602969657845,0.6348107109879964,0.530514385353095,0.4977973568281938,0.6985921993999539,0.5943242614561526,0.4570013507429086,0.6814038286235187,0.32049879676219645,0.6839430894308943,0.5837209302325581,0.34187863008211494,0.7002837245292752,0.4972677595628415,0.3392986698911729,0.6426512968299711,0.38235978589713754,0.4852607709750567,0.5567491826249417,0.665,0.3764277035236938,0.3672103722291928,0.5091041514930809,0.6740876750057379,0.6945420473178731
syn_Cd_0025,0.22123123776375897,0.8051546391752578,0.2546251217137293,0.18535759627592044,0.7485838779956427,0.4293320425943853,0.4521805661820964,0.413924334004925,0.41755725190839693,0.44173829990448904,0.38734177215189874,0.772238514173998,0.7509745471222197,0.7652640264026402,0.22111136944896537,0.21210731483604678,0.398876404494382,0.22856471693680996,0.2,0.24179775280898877,0.7701421800947867,0.22338403041825095,0.2871287128712871,0.23951458377687887,0.0,0.402315484804631,0.7359610086882814,0.731457800511509,0.20466263169692894,0.22781875658587988,0.7723730814639905,0.7724982001439885,0.39660867650297293,0.46895761741122566,0.20922722029988466,0.3648105017997036,0.453288740245262,0.3958851458286231,0.7847600197921821,0.802907915993538,0.6609706083390294,0.37996958505322614,0.3593977659057795,0.36335477722182513,0.39,0.6645424420086669,0.43142260385240194,0.479236276849642,0.4351851851851852,0.43352347520842477,0.35353053435114506,0.4733826688947243,0.5198237885462555,0.6503106920934218,0.36944851146900926,0.38290293855743546,0.6322719655254968,0.500112790435371,0.4588744588744589,0.688367640019148,0.569015444015444,0.41497550734779565,0.6711552090715804,0.3500905797101449,0.6805078021687384,0.5469240048250905,0.3728813559322034,0.6931757119828049,0.4859570450790654,0.3507537688442211,0.6376237623762376,0.40753259295026556,0.4627497062279671,0.5391325417979161,0.6532391048292109,0.37222222222222223,0.3961530149124703,0.4788092835519677,0.6663493574488338,0.6922702965483715
syn_Cd_0026,0.4263270649845275,0.751435132032147,0.39385775862068967,0.4096997690531178,0.6876490224129709,0.22430406852248394,0.2221276595744681,0.2355686563497912,0.2865400495458299,0.2231012658227848,0.2311233885819521,0.6942640692640693,0.6711223203026482,0.6940700808625337,0.38745198463508324,0.42900378310214377,0.21172022684310018,0.39083139083139085,0.41316815783436567,0.4178589047853971,0.7269874476987448,0.39296956977964326,0.4938539407086045,0.4210648686352011,0.402315484804631,0.0,0.667823270876706,0.6885474860335196,0.4002460024600246,0.4417107381007128,0.7113831727012243,0.6976929196499603,0.22460796139927625,0.5555555555555556,0.3896928154353897,0.23688467760573145,0.5382734164832478,0.19443754656071519,0.7185957213384531,0.7370500438981563,0.6288504883546205,0.4770620394580461,0.42987641053197206,0.44593528018942385,0.48365122615803813,0.6166713921179473,0.37337081523128035,0.38218239325250397,0.3527013251783894,0.3642479577126382,0.43045310853530033,0.3799103611916689,0.5963462374945628,0.6361507843596348,0.4392220421393841,0.4765625,0.5704839989420788,0.424820411196433,0.37054758107389685,0.6483342147012163,0.6398078975453575,0.3528655872526343,0.6304404482668752,0.4412935323383085,0.6194977843426883,0.6281675113363564,0.4633048176497073,0.6386049308478653,0.3939078365009112,0.44642857142857145,0.6183927804039536,0.4906567004805125,0.37237626328064266,0.4451889573840793,0.6076903091712132,0.44332210998877664,0.4956275112266604,0.3649103139013453,0.6085128744088282,0.6530392684238838
syn_Cd_0027,0.7503142019271052,0.37786541779640126,0.7390898483080514,0.7291454211707118,0.29641283826305853,0.6825249477837085,0.6593460224499756,0.689922480620155,0.6636514676019937,0.6710194730813287,0.6583282489322758,0.3441086905598501,0.27985896870868227,0.2632835820895522,0.7360428762840554,0.7589246364037021,0.6707596253902185,0.7456021650879567,0.7327656123276561,0.7346012535119948,0.3600181942233341,0.7395667046750285,0.7213045319779754,0.7382027082478457,0.7359610086882814,0.667823270876706,0.0,0.32183199835695214,0.7291936179387667,0.7574156846810239,0.2756119673617407,0.30064456721915284,0.6697753285290378,0.8225451343020695,0.7424645390070922,0.6510204081632653,0.7983697983697984,0.6743478260869565,0.3633562455558189,0.3082472216806395,0.5913272010512484,0.7158995815899581,0.7294528521536671,0.7187928669410151,0.7323688969258589,0.5965853658536585,0.6567097637093179,0.6555988092512022,0.6459862130309095,0.6675818373812038,0.7212176699473564,0.6706367384333486,0.7884355057048926,0.5701899256812551,0.7178947368421053,0.7284215035339473,0.5677537896187413,0.7015184381778742,0.6419838523644752,0.6018369690011481,0.8116176810923398,0.6487455197132617,0.5668934240362812,0.7243631613324625,0.6038403233956544,0.8024062933826932,0.7048853439680958,0.5865606565786099,0.6420480289986407,0.7377916766899206,0.5687775014348575,0.7411437832831674,0.6457581227436823,0.6519516728624535,0.572139303482587,0.7249214406574813,0.7356369691923397,0.6503260082105772,0.5747887645581183,0.6378466557911908
syn_Cd_0028,0.7585843690752054,0.36277915632754343,0.7388445279473932,0.734208367514356,0.22362869198312235,0.7127510509107894,0.6821419798575289,0.7149664284167209,0.686456400742115,0.706777316735823,0.6683026584867076,0.23290900518623292,0.2547107071602749,0.21368547418967587,0.7277016400808807,0.7557082686765684,0.6986186688991209,0.7367823916496483,0.7337410805300714,0.7391304347826086,0.25720823798627,0.7443781551170262,0.7162939297124601,0.7363317515989272,0.731457800511509,0.6885474860335196,0.32183199835695214,0.0,0.7371502927781393,0.7638406537282941,0.29897377423033067,0.29673384294649063,0.6802387550628863,0.815282392026578,0.7435897435897436,0.6786373896983378,0.8045307443365696,0.688169691668489,0.2643129770992366,0.3194825558604469,0.616215025335977,0.7176520092573112,0.7291471415182755,0.7257878997009432,0.7381818181818182,0.6400687453965136,0.6384839650145773,0.631336405529954,0.6174496644295302,0.6588785046728972,0.7194841087056656,0.6432357686102789,0.7849922239502333,0.5270915507577331,0.7212806026365348,0.7324429125376992,0.5932516755257684,0.6705214924721798,0.6188486536675951,0.6377079482439926,0.7973917093619003,0.6168582375478927,0.6075747205110654,0.7201051248357424,0.6413126430933604,0.7885913853317812,0.7161186848436247,0.6177685950413223,0.6270800091178482,0.7414043583535109,0.5976923076923077,0.7423112767940354,0.6190692395005676,0.6193593640402151,0.6072810011376564,0.7226277372262774,0.7387481683064685,0.628099173553719,0.6020220588235294,0.676829268292683
syn_Cd_0029,0.24313551815766166,0.7831008160042117,0.22373975664266202,0.20301399354144242,0.7462852073630517,0.44112564798815107,0.4401041666666667,0.4131326949384405,0.4239193642178717,0.4385196006817628,0.3934320669671603,0.7661431064572426,0.75,0.7616949863645899,0.22274881516587677,0.22009345794392524,0.40400263910270506,0.23275862068965517,0.21095421480530593,0.24788281071183338,0.772892002899251,0.21007996123091835,0.29973118279569894,0.25996533795493937,0.20466263169692894,0.4002460024600246,0.7291936179387667,0.7371502927781393,0.0,0.2225557461406518,0.7587867116032739,0.7689672050905532,0.4013452914798206,0.4561157796451914,0.19605077574047955,0.3791469194312796,0.44686648501362397,0.399355135882082,0.7803584953294622,0.7905974132621638,0.6601671309192201,0.38301636444051307,0.3619024027743374,0.3683187560738581,0.40580631489722396,0.6543466944299844,0.43330179754020814,0.4879532733025067,0.4347723519698042,0.4344427071699799,0.3495499878375091,0.4873417721518987,0.5115001017708122,0.6615787178368949,0.37565347274085137,0.39288143278168214,0.6318359375,0.4944852941176471,0.4613686534216336,0.6856236270441787,0.5427024366231848,0.437470280551593,0.6628131021194605,0.34717416378316035,0.6735135135135135,0.5413385826771654,0.37986125709480767,0.6830541060148311,0.4793070259865255,0.38086688894588355,0.6413765345139867,0.4085200689485348,0.4599904168663153,0.5215027187345527,0.6560999039385207,0.38179943284351636,0.41575010998680156,0.4864795261395828,0.6665857801504489,0.6786511281924126
syn_Cd_0030,0.23541666666666666,0.8084741611560128,0.27812572488981674,0.22580645161290322,0.770081368662633,0.48419838523644754,0.488360814742968,0.4428265524625268,0.44662869740951683,0.47938966066955135,0.4286870321667004,0.7885913853317812,0.7769500438212095,0.7810334587210453,0.2566607460035524,0.22567922874671342,0.43614158559304494,0.2520179372197309,0.22791448164582492,0.2508059316569955,0.7847614741125932,0.25368397188846065,0.3201347935973041,0.21306122448979592,0.22781875658587988,0.4417107381007128,0.7574156846810239,0.7638406537282941,0.2225557461406518,0.0,0.7904461469130238,0.7913043478260869,0.422849915682968,0.4890542907180385,0.2375495813133539,0.41372310190824196,0.4726962457337884,0.43233895373973197,0.8054181389870436,0.8064015518913676,0.6907665505226481,0.3499791926758219,0.35292756306410555,0.35045454545454546,0.36078352988207074,0.692195831313621,0.48182624113475175,0.5251536535397223,0.47822241874861815,0.49086326402016384,0.35108077360637086,0.5250455373406193,0.5582066576871272,0.6915811088295688,0.38014415252266914,0.34739084132055376,0.6671232876712329,0.5422778257118205,0.5005732630130704,0.7087422962793882,0.5974235104669887,0.46770601336302897,0.7015329125338142,0.3210651656202641,0.7108433734939759,0.5873965041398344,0.34616147589763935,0.7228025477707006,0.5094594594594595,0.3468802295003586,0.6634304207119741,0.3997698504027618,0.5033647375504711,0.5690531177829099,0.6825539568345323,0.3961085755464809,0.3536231884057971,0.5334773218142549,0.7003405221339387,0.7224924716238128
syn_Cd_0031,0.7818181818181819,0.21970333053456478,0.7579584319915812,0.7655578185109754,0.20382909175811348,0.7239215686274509,0.7022689540675152,0.7336538461538461,0.7271437259274275,0.7376964699819634,0.7139634558989397,0.20369881109643329,0.18944252590034533,0.20061660427218675,0.7611417125688533,0.7794770596941293,0.7278407775977783,0.780759493670886,0.7639388489208633,0.7745594979483466,0.21901354459493994,0.7713406818764419,0.760264275601699,0.779498861047836,0.7723730814639905,0.7113831727012243,0.2756119673617407,0.29897377423033067,0.7587867116032739,0.7904461469130238,0.0,0.15181347150259067,0.7194142654700048,0.8210941350418925,0.7770605759682224,0.707427536231884,0.8133078027764481,0.7230320699708455,0.19571619812583668,0.2861141011840689,0.6144047035766781,0.7332402234636871,0.7339281028601417,0.7290488431876607,0.7462719786334298,0.6089601769911505,0.7041479260369815,0.6945660571722895,0.6939945178170944,0.7210068219242531,0.7338481338481339,0.7161257083977332,0.8152336249199915,0.5692660550458716,0.7283038776048536,0.736678614097969,0.58656330749354,0.7435773145904023,0.6873539340431057,0.6078532678894343,0.818608287724785,0.6959798994974874,0.5858380030565461,0.7298612801168167,0.6142774899251583,0.8045857217300677,0.7325093798278526,0.5865300146412884,0.6936386768447838,0.7451674380615301,0.5985663082437276,0.7470664928292047,0.6859169199594731,0.6785340314136126,0.590655154900965,0.7306323569668766,0.7490740740740741,0.6893628657369428,0.596405648267009,0.6595744680851063
syn_Cd_0032,0.7901468498342018,0.218830242510699,0.7556924725421913,0.7664904619627672,0.19240806642941874,0.7183923343092893,0.6954314720812182,0.7326490713587488,0.7307297019527236,0.7188565434041437,0.7008018327605956,0.22249125638956146,0.16407425990968388,0.21305611446456516,0.7646459500764137,0.7882589061716005,0.7211380202210205,0.7851622874806801,0.7680365296803653,0.7717791411042945,0.20884265279583875,0.7714583876858857,0.7525179856115108,0.7723276260990283,0.7724982001439885,0.6976929196499603,0.30064456721915284,0.29673384294649063,0.7689672050905532,0.7913043478260869,0.15181347150259067,0.0,0.7057129140662506,0.8340852130325814,0.7661616161616162,0.7060717571297148,0.8267639902676399,0.7065217391304348,0.18898281974365966,0.300415119073629,0.6178375685102142,0.7384105960264901,0.7397809243921988,0.7435897435897436,0.7572881355932204,0.6082299887260428,0.6970005083884088,0.7001310615989516,0.6806083650190115,0.7198183122161128,0.7385381189415772,0.7126376507603566,0.8289673089413293,0.5643056849953402,0.734085414987913,0.7425309691522953,0.5886375591793793,0.7437161163134549,0.6785619878403384,0.6224033657638707,0.8291323958609711,0.6906952965235174,0.5904613789528252,0.7386785449146251,0.6100998238402818,0.8201591511936339,0.7418776607663007,0.5757394681804601,0.7001553599171414,0.7525658807212205,0.6119786096256684,0.7414388107247146,0.6778350515463918,0.673773987206823,0.5917312661498708,0.7299860529986053,0.7455315145813735,0.6756756756756757,0.5965508230990332,0.673174645627173
syn_Cd_0033,0.40382941688424717,0.751482340809487,0.42975407840272706,0.3951322751322751,0.6857703203312269,0.23359961268458002,0.27908163265306124,0.21450962830273176,0.24680282496659667,0.250059708621925,0.17619751002321166,0.7066731850403324,0.6793577981651376,0.7062100268207139,0.38465116279069766,0.4114678899082569,0.21158417981413444,0.37781954887218044,0.3916701724863273,0.40975500112384805,0.7288456980327092,0.41573567863085337,0.4867957746478873,0.40119250425894376,0.39660867650297293,0.22460796139927625,0.6697753285290378,0.6802387550628863,0.4013452914798206,0.422849915682968,0.7194142654700048,0.7057129140662506,0.0,0.5513290559120073,0.4088601753576373,0.2215163066497247,0.5196253345227475,0.20126639529624604,0.7317495669388765,0.7394465764492022,0.646763901549681,0.44676227727075185,0.40733543842603837,0.42183031458531933,0.45113565326109606,0.6364099949005609,0.34401114206128136,0.36357125805681545,0.3507756425098402,0.33421110379635727,0.40539250775471247,0.3457497612225406,0.5870218305627879,0.64466352336048,0.4083475713937027,0.451792473836562,0.5962643678160919,0.3813176895306859,0.3495309117151792,0.6720134067512569,0.6389090031378228,0.325711619225385,0.6526465028355387,0.4206115515288788,0.6433862433862434,0.6298262548262549,0.4389084143063883,0.6619188390217683,0.37252124645892354,0.41191254083940687,0.6304218657159834,0.45423810673750303,0.3464974141984015,0.4154144449830344,0.6135721017907634,0.42106592573882295,0.461305663640294,0.35604340146353775,0.6391335396334206,0.6673960612691466
syn_Cd_0034,0.49230769230769234,0.8401296246286795,0.477995421012465,0.48032534622994066,0.8237026965782914,0.5691529709228824,0.6047008547008547,0.558041958041958,0.5970768319178352,0.5971079531288955,0.5476660092044707,0.8288633461047255,0.8355640535372849,0.8338685506315564,0.4553831231813773,0.4713193116634799,0.5677375870590878,0.4549019607843137,0.4740061162079511,0.4888836882752165,0.8417017066534751,0.43537583726122553,0.5956959706959707,0.5057522123893805,0.46895761741122566,0.5555555555555556,0.8225451343020695,0.815282392026578,0.4561157796451914,0.4890542907180385,0.8210941350418925,0.8340852130325814,0.5513290559120073,0.0,0.468975468975469,0.5556533216014078,0.20287836583101207,0.5454545454545454,0.8385510996119017,0.8437696335078534,0.7801519468186134,0.5327609579755987,0.4889621923369703,0.4791044776119403,0.5660826303266278,0.7693539775760811,0.6122942884801549,0.6292050834786942,0.5636012551291335,0.5964391691394659,0.4859277708592777,0.6331006979062812,0.3767905335270916,0.7639198218262806,0.5031879622545269,0.5406720741599073,0.745,0.6536654135338346,0.6026124089424768,0.7745563609097725,0.38643811444416437,0.5669099756690997,0.7598619329388561,0.5074309978768577,0.7824639289678136,0.3805443548387097,0.5254237288135594,0.7748942172073343,0.6192118226600986,0.4967131212200894,0.7541555509952801,0.5364438839848676,0.620892594409024,0.6779746835443038,0.7620452310717798,0.5009251916468411,0.5474157303370787,0.6334829680485873,0.7699378881987577,0.7840995681991364
syn_Cd_0035,0.2528473804100228,0.8072420364824394,0.2073827223788772,0.21088736446116396,0.7604380561259412,0.43286624203821655,0.44695745826602046,0.4272300469483568,0.4222133916153388,0.43833207736749563,0.3889256562982572,0.7698841698841699,0.7525276841598459,0.7724628312863607,0.2149487054225696,0.22773230621088109,0.39515946618412123,0.2474074074074074,0.22383465259454705,0.2547725665802498,0.7737353600797409,0.22069482629342665,0.30059935454126324,0.267260579064588,0.20922722029988466,0.3896928154353897,0.7424645390070922,0.7435897435897436,0.19605077574047955,0.2375495813133539,0.7770605759682224,0.7661616161616162,0.4088601753576373,0.468975468975469,0.0,0.3950398582816652,0.4731182795698925,0.3989563567362429,0.7861799217731421,0.8010537407797682,0.6685796269727403,0.39990900818926295,0.37663001789823575,0.387468671679198,0.41258436751578487,0.6646932185145318,0.44124817162359825,0.4833040421792619,0.44079747143204473,0.4442656860491841,0.3696361355081556,0.479156202913109,0.5153540839774389,0.6663677130044843,0.39707016191210487,0.39603267211201865,0.6347607052896725,0.5030761949834359,0.4695013920526449,0.7038529337698313,0.5585471170942342,0.42058823529411765,0.6830601092896175,0.3713471133285816,0.6838276440962507,0.5434230573895379,0.3923558626646513,0.6978662873399716,0.47096774193548385,0.36708189769414257,0.651455709271113,0.420584498094028,0.46294466403162055,0.5336734693877551,0.6612184249628529,0.40101252331468157,0.4149321266968326,0.4905509715198296,0.6755944931163955,0.7046327105195802
syn_Cd_0036,0.4143993302637087,0.7591726175818764,0.4087199813476335,0.37477073568371716,0.6763781177950116,0.2511013215859031,0.29887859580692344,0.23537005163511188,0.22560413207895222,0.2465094987411307,0.19975614712456818,0.6999765972384742,0.6763540290620872,0.6969576456551998,0.39759036144578314,0.4209599295464553,0.1948430027032647,0.38440739071653895,0.38695299837925445,0.4191319369466638,0.7277891388320836,0.3994076099339257,0.46085484553533645,0.3919639196391964,0.3648105017997036,0.23688467760573145,0.6510204081632653,0.6786373896983378,0.3791469194312796,0.41372310190824196,0.707427536231884,0.7060717571297148,0.2215163066497247,0.5556533216014078,0.3950398582816652,0.0,0.5310758679811401,0.1989574283231972,0.7300497276817428,0.7389440872783947,0.611378555798687,0.4523411371237458,0.42451732961153754,0.4321608040201005,0.44388676972495483,0.6052631578947368,0.32962138084632514,0.3498055364905056,0.36058653632526105,0.3175775480059084,0.4187056940315573,0.3560640732265446,0.5868599033816425,0.6225247524752475,0.4260341201215237,0.43462443826235825,0.5672326755392382,0.3636757693974859,0.36943996312514404,0.6361550814406974,0.6434682080924855,0.3442256042972247,0.6252831898504757,0.4213617576680444,0.6123170116102978,0.6417013407304669,0.43693962940824865,0.6402767102229054,0.39565414214576733,0.43475126171593365,0.5886063850124259,0.47906546379828824,0.324165915238954,0.4034354688950789,0.6014460009037506,0.4363680270466071,0.46713810316139764,0.3505428226779252,0.6039242527948894,0.6293364377182771
syn_Cd_0037,0.4638766519823789,0.8441014909756736,0.4648235003702789,0.458128078817734,0.8076329141848665,0.5641717791411043,0.5786749482401656,0.5365079365079365,0.5828670654061354,0.5768579036552893,0.5361947469570788,0.8260223048327138,0.8159851301115242,0.8192444166144855,0.4420358152686145,0.4423791821561338,0.5488952089258368,0.42952380952380953,0.443593018305662,0.4687002048713863,0.8289694931539755,0.42327150084317033,0.5819964349376114,0.4793103448275862,0.453288740245262,0.5382734164832478,0.7983697983697984,0.8045307443365696,0.44686648501362397,0.4726962457337884,0.8133078027764481,0.8267639902676399,0.5196253345227475,0.20287836583101207,0.4731182795698925,0.5310758679811401,0.0,0.5350435180943656,0.8238393977415307,0.8283963227783453,0.760387811634349,0.5147382314122305,0.47746860379216943,0.4632850241545894,0.5378452456251318,0.7434040351784791,0.5978363123236125,0.6148076457778853,0.5575885526624443,0.5743168184847811,0.46021765417170496,0.6108422071636012,0.369657686854365,0.7427331887201736,0.4842860678049988,0.5192784667418264,0.7291262135922331,0.6403107861060329,0.595708363813704,0.7597670468332929,0.4206019084903352,0.5598108747044918,0.7404214559386973,0.5017205781142464,0.7620837808807733,0.41340508806262233,0.5122359339050407,0.7587994542974079,0.6114832535885167,0.4886566403262809,0.7292209092729822,0.5319461444308445,0.6060028585040496,0.6638820638820638,0.7392550143266475,0.47988726620548294,0.5347921225382932,0.6083951881238802,0.7466827503015682,0.7574562484594528
syn_Cd_0038,0.42831621259490843,0.7505982451475671,0.40787164702933065,0.4100282179292381,0.6993961082531872,0.22950411163717918,0.25460284061020516,0.21849126034958602,0.24897480960749854,0.2312607520275252,0.210560484743562,0.7090359929524289,0.6812824139556812,0.7064918587439205,0.40028694404591103,0.4214992927864215,0.20159680638722555,0.39971000483325275,0.40638481449525454,0.4232278919418148,0.7322604242867593,0.4140376620200538,0.4866696791685495,0.4167758846657929,0.3958851458286231,0.19443754656071519,0.6743478260869565,0.688169691668489,0.399355135882082,0.43233895373973197,0.7230320699708455,0.7065217391304348,0.20126639529624604,0.5454545454545454,0.3989563567362429,0.1989574283231972,0.5350435180943656,0.0,0.7348967626816212,0.733912683633354,0.6281030444964871,0.467885816235504,0.42685671417854465,0.4462972045120157,0.47532578508865625,0.6272344900105152,0.3513126491646778,0.36182756079587325,0.35205903356343726,0.34669970714124804,0.4240117849251166,0.3651105651105651,0.5926153846153847,0.6394019349164468,0.4430761497863785,0.4653555911273725,0.5805815672745195,0.39221140472878996,0.3632087150284724,0.6669130327666913,0.6308074534161491,0.33637236084452976,0.6397666504618377,0.43448917849662555,0.622610595303113,0.6234475906607054,0.45835982199618563,0.6514016097696365,0.38125303545410394,0.4472934472934473,0.6305009125937944,0.486452895848869,0.35638297872340424,0.4176646706586826,0.6165777993213767,0.4470190054673262,0.4862466725820763,0.35240572171651496,0.6242958608866029,0.653566958698373
syn_Cd_0039,0.7969245789602148,0.21420118343195266,0.7815964523281597,0.7846663511594889,0.2136919315403423,0.7384361233480177,0.7205495469161064,0.7504411394000504,0.7430379746835443,0.7554229934924078,0.7221698113207548,0.17260579064587972,0.20072520072520073,0.23919043238270468,0.7790055248618785,0.7953897953897954,0.747093023255814,0.7870641469257387,0.7800235017626322,0.7843037974683544,0.1639784946236559,0.7847896440129449,0.7686032138442521,0.7869907076483202,0.7847600197921821,0.7185957213384531,0.3633562455558189,0.2643129770992366,0.7803584953294622,0.8054181389870436,0.19571619812583668,0.18898281974365966,0.7317495669388765,0.8385510996119017,0.7861799217731421,0.7300497276817428,0.8238393977415307,0.7348967626816212,0.0,0.31266846361185985,0.6328104911288249,0.7460394833048989,0.7435046987285793,0.7354611847443874,0.7627906976744186,0.6155419222903885,0.7122604358099238,0.7100271002710027,0.687434554973822,0.7195662888122227,0.7399783315276273,0.7224179994578477,0.8264352469959947,0.5685145188384929,0.7331851028349082,0.7575150300601202,0.5942344302420451,0.7533689295703025,0.6894477856752323,0.6160957041870582,0.8194291986827662,0.6921045682598362,0.5987141709081168,0.7436159346271706,0.6232855836635173,0.813443072702332,0.7441217150760719,0.5847299813780261,0.7018999197217018,0.7637931034482759,0.6294505494505495,0.7539813289401428,0.6820239680426099,0.6818307140887786,0.5962616822429907,0.7404624277456647,0.7528471044342138,0.6824480369515011,0.6039978390059427,0.6723851687880464
syn_Cd_0040,0.7950868783702816,0.317016317016317,0.7919433377600709,0.7904984423676013,0.24,0.7291941875825627,0.7293927499422767,0.7248308386303055,0.7415929203539823,0.743801652892562,0.7456310679611651,0.3256330519768992,0.26388597778243555,0.2217573221757322,0.7907026109106347,0.7966883252986795,0.7542675664946408,0.8050139275766016,0.791674733785092,0.8069958847736626,0.3019438444924406,0.8003464703334777,0.7872855701311806,0.7975327981202271,0.802907915993538,0.7370500438981563,0.3082472216806395,0.3194825558604469,0.7905974132621638,0.8064015518913676,0.2861141011840689,0.300415119073629,0.7394465764492022,0.8437696335078534,0.8010537407797682,0.7389440872783947,0.8283963227783453,0.733912683633354,0.31266846361185985,0.0,0.6665972077516149,0.7697985238380212,0.7707597173144877,0.766442370306056,0.7857965451055662,0.6750519270713132,0.7334180970544607,0.7208695652173913,0.7285412262156448,0.7544283413848631,0.7635810517166449,0.7408132202652751,0.8186528497409327,0.637581248768958,0.774622892635315,0.7727458180334558,0.6420318290821888,0.7439603551517654,0.7316112084063048,0.6782911944202267,0.8282828282828283,0.7389823291462636,0.6510876588412664,0.777041027766266,0.6783583870198043,0.8147091108671789,0.7690548780487805,0.6669893514036787,0.7520981278244029,0.7958997722095672,0.6714285714285714,0.7904217926186292,0.7157556270096463,0.724487546837117,0.6502685284640172,0.7711670480549199,0.787174905697836,0.7256515775034293,0.6530789245446661,0.6763925729442971
syn_Ni_0001,0.684068406840684,0.6538771129594848,0.672819216182048,0.6488082221736278,0.6218165427090376,0.6627293289771299,0.6199575371549894,0.655076495132128,0.620601533320228,0.6545229244114003,0.6232831916285154,0.6039603960396039,0.6050380228136882,0.6298189563365282,0.6750241080038573,0.6825095057034221,0.6241340782122905,0.6851851851851852,0.6688396349413298,0.6723295322317896,0.6174084091467913,0.6774352651048089,0.6329690346083788,0.6637323943661971,0.6609706083390294,0.6288504883546205,0.5913272010512484,0.616215025335977,0.6601671309192201,0.6907665505226481,0.6144047035766781,0.6178375685102142,0.646763901549681,0.7801519468186134,0.6685796269727403,0.611378555798687,0.760387811634349,0.6281030444964871,0.6328104911288249,0.6665972077516149,0.0,0.7173033707865168,0.7200504413619168,0.7250247279920871,0.7374650312029266,0.2153846153846154,0.6289701636188643,0.6423086450334407,0.6654667626589873,0.6535754824063564,0.7014112404060411,0.6422200198216056,0.7884734558975418,0.35135135135135137,0.7125475285171102,0.715602673427057,0.1908548707753479,0.6565420560747663,0.6574282147315855,0.20496894409937888,0.8045602605863192,0.6686018384131591,0.19558823529411765,0.7091250293220737,0.2557883131201764,0.7945891783567134,0.7024546424759872,0.27038386102549733,0.6939275220372184,0.7350405016984584,0.22646518276495814,0.7377788919528704,0.6162847391516334,0.6336185203824861,0.1989247311827957,0.7304964539007093,0.7389360751005811,0.6247704014694306,0.16720177821684368,0.18959858621560213
syn_Ni_0002,0.399313009875483,0.7721390510022836,0.39553849844087313,0.38124086066429913,0.7144700064502257,0.5149057953732411,0.5248618784530387,0.4823321554770318,0.4914167138275797,0.5184749352788891,0.4605290564465736,0.7298338550445461,0.7168701944821347,0.7396618455897331,0.3796423658872077,0.3649932157394844,0.47878012369375134,0.38351088466882816,0.3770764119601329,0.36688095765905565,0.7514599392665265,0.3942375263527758,0.5006513243595311,0.34720470786044555,0.37996958505322614,0.4770620394580461,0.7158995815899581,0.7176520092573112,0.38301636444051307,0.3499791926758219,0.7332402234636871,0.7384105960264901,0.44676227727075185,0.5327609579755987,0.39990900818926295,0.4523411371237458,0.5147382314122305,0.467885816235504,0.7460394833048989,0.7697985238380212,0.7173033707865168,0.0,0.23283082077051925,0.23954908407703146,0.2351368031269286,0.7078313253012049,0.5231121281464531,0.5478710891554929,0.4923533439853915,0.5211084650357221,0.2311309663766753,0.5487058823529412,0.5948565776458952,0.7060067681895094,0.27290213993748497,0.23918295629255437,0.6757904672015101,0.5847797062750334,0.5145769139606542,0.7272941731540458,0.6104637336504162,0.4760809567617295,0.7088961341406614,0.22090685727049364,0.706923477355544,0.6010461245839277,0.19493774239640743,0.7123975680676712,0.5072126570497906,0.261073991586241,0.696341224809235,0.24292172257911016,0.540778498609824,0.605062082139446,0.6948444031583837,0.26386471027107683,0.19197952218430034,0.5468322981366459,0.7020877316443819,0.7461077844311377
syn_Ni_0003,0.3707165109034268,0.7638888888888888,0.36427795874049945,0.35378893537889355,0.7301968314930389,0.4563106796116505,0.4818415784958536,0.4380410586198368,0.4829734219269103,0.47768331562167904,0.4314179796107507,0.7306434023991276,0.7322834645669292,0.7527124773960217,0.3577508382770183,0.33756667513335026,0.45575642245480497,0.3404643882076702,0.35488339875317476,0.33979135618479883,0.7565858798735511,0.363107822410148,0.4875030332443582,0.33863795927919493,0.3593977659057795,0.42987641053197206,0.7294528521536671,0.7291471415182755,0.3619024027743374,0.35292756306410555,0.7339281028601417,0.7397809243921988,0.40733543842603837,0.4889621923369703,0.37663001789823575,0.42451732961153754,0.47746860379216943,0.42685671417854465,0.7435046987285793,0.7707597173144877,0.7200504413619168,0.23283082077051925,0.0,0.216538563477339,0.28473491773308957,0.6959131180337239,0.5124839124839125,0.5246946362187997,0.45790554414784396,0.5113691340106434,0.19055201698513802,0.5378486055776892,0.5816192560175055,0.7091680414800848,0.2084921066956995,0.26597836774827927,0.6701305622168932,0.562484410077326,0.4986609534011784,0.7197655833777304,0.6016129032258064,0.4532746570023298,0.7049094250459438,0.21192384769539077,0.7039022937146262,0.582370330556302,0.2342546443135478,0.7040630685263797,0.4912142669813795,0.19122609673790777,0.699956766104626,0.2339967724583109,0.5244061602714696,0.585201188225763,0.69013347291285,0.20644796380090497,0.25481798715203424,0.5282485875706214,0.7003705664372684,0.7252032520325203
syn_Ni_0004,0.3715898400752587,0.7635077793493635,0.3866595801222429,0.36452864642775623,0.7182567726737338,0.4755743332453129,0.4988814317673378,0.4594856865599224,0.4811031664964249,0.5055945875618006,0.45620022753128553,0.729917267147051,0.7196215139442231,0.7441705529646903,0.3619817997977755,0.34462151394422313,0.4676628531403222,0.3502044989775051,0.34739229024943313,0.3617539585870889,0.7553548387096775,0.3678488221589438,0.4795238095238095,0.3446691176470588,0.36335477722182513,0.44593528018942385,0.7187928669410151,0.7257878997009432,0.3683187560738581,0.35045454545454546,0.7290488431876607,0.7435897435897436,0.42183031458531933,0.4791044776119403,0.387468671679198,0.4321608040201005,0.4632850241545894,0.4462972045120157,0.7354611847443874,0.766442370306056,0.7250247279920871,0.23954908407703146,0.216538563477339,0.0,0.2799102132435466,0.703745108999441,0.5095862764883956,0.5386215864759428,0.4621383647798742,0.502967006883456,0.2118533922537042,0.5494276795005203,0.5706603570660357,0.7177232762609903,0.23527844391153743,0.2712804436942368,0.6805845511482255,0.5807240704500979,0.4996066089693155,0.7229324289068615,0.5883127138720716,0.45408422120750885,0.7103909465020576,0.22819945959223778,0.7060535506402794,0.5689473684210526,0.25083463164923214,0.7115783239561742,0.5092497430626927,0.22751031636863825,0.6956429330499468,0.25309454832762707,0.5289002557544757,0.594923320994183,0.6912820512820513,0.22157676348547717,0.2559551611396544,0.5324675324675324,0.7023593466424682,0.7362695675245423
syn_Ni_0005,0.3899073120494336,0.7989366843885936,0.4173156207054512,0.3864365971107544,0.7384488448844885,0.5134396355353075,0.5281167743479301,0.4780952380952381,0.4943615860312841,0.52046783625731,0.46978791516606644,0.7452873563218391,0.7332756007793895,0.7547982765374069,0.4051327045404694,0.38688027711625894,0.48014735980352025,0.39136212624584715,0.36764412527428686,0.39507221750212407,0.7597141581062975,0.412897447380206,0.5065584009993754,0.3481331987891019,0.39,0.48365122615803813,0.7323688969258589,0.7381818181818182,0.40580631489722396,0.36078352988207074,0.7462719786334298,0.7572881355932204,0.45113565326109606,0.5660826303266278,0.41258436751578487,0.44388676972495483,0.5378452456251318,0.47532578508865625,0.7627906976744186,0.7857965451055662,0.7374650312029266,0.2351368031269286,0.28473491773308957,0.2799102132435466,0.0,0.7330782109543171,0.5358003065469674,0.5508093525179856,0.4980340760157274,0.5261627906976745,0.28629213483146065,0.5673487744546886,0.6153846153846154,0.7132994923857868,0.29155188246097336,0.21852631578947368,0.6892897406989853,0.5847367299083351,0.5240036231884058,0.7511271415689811,0.6592457973648341,0.4974697469746975,0.7354709418837675,0.24946512623020967,0.7321119088883387,0.6406995230524642,0.20133437990580846,0.7457286432160805,0.4994438264738598,0.30486078338839073,0.7064807837226827,0.29863636363636364,0.5408818967427432,0.6050171037628278,0.7050854985565179,0.3181602655286866,0.21637666325486182,0.552344860255803,0.7242152466367713,0.7634949679780421
syn_Ni_0006,0.6842634489693313,0.651640601042625,0.6537689882487819,0.6532748965181397,0.6313271216318308,0.6350697409621406,0.5905511811023622,0.645010395010395,0.6321142609824714,0.6452787895769123,0.632128124241689,0.5917074575295134,0.6028861571352218,0.6282809174745803,0.65942422596415,0.6830571886691609,0.6258418558243951,0.6602528862012095,0.6702127659574468,0.6617071260767423,0.6206609275201332,0.65784341042073,0.6581762608252675,0.6669936243256498,0.6645424420086669,0.6166713921179473,0.5965853658536585,0.6400687453965136,0.6543466944299844,0.692195831313621,0.6089601769911505,0.6082299887260428,0.6364099949005609,0.7693539775760811,0.6646932185145318,0.6052631578947368,0.7434040351784791,0.6272344900105152,0.6155419222903885,0.6750519270713132,0.2153846153846154,0.7078313253012049,0.6959131180337239,0.703745108999441,0.7330782109543171,0.0,0.637940379403794,0.6393167180061607,0.6633342339908133,0.6664127951256664,0.6854184158970054,0.638095238095238,0.7782857142857142,0.41452569169960474,0.6901408450704225,0.69997418022205,0.22540753232152894,0.665443104352386,0.6541395874540831,0.2374262433267772,0.7855319148936171,0.6744820065430752,0.22468179302711677,0.6908085330524097,0.18785578747628084,0.7753828701077708,0.6942403413131074,0.2001289075088624,0.7048092868988391,0.7119904790241,0.3148273527420447,0.7184217996026114,0.6105610561056105,0.6356898517673888,0.22007722007722008,0.7066746483088896,0.7295409181636726,0.6197309417040359,0.20290259559028748,0.2200286123032904
syn_Ni_0007,0.4747937671860678,0.7576089936934467,0.4539354838709677,0.4533719118628978,0.6722515492311223,0.3541933829186971,0.34164859002169196,0.3585262163438829,0.3261433992410625,0.35676359039190897,0.32993121810516973,0.6921482249287381,0.6656976744186046,0.6905742145178765,0.4198623402163225,0.47093023255813954,0.33742889647326507,0.44582504970178927,0.45687748783724014,0.4844676310173109,0.7100576874843241,0.4450314465408805,0.4805194805194805,0.4722222222222222,0.43142260385240194,0.37337081523128035,0.6567097637093179,0.6384839650145773,0.43330179754020814,0.48182624113475175,0.7041479260369815,0.6970005083884088,0.34401114206128136,0.6122942884801549,0.44124817162359825,0.32962138084632514,0.5978363123236125,0.3513126491646778,0.7122604358099238,0.7334180970544607,0.6289701636188643,0.5231121281464531,0.5124839124839125,0.5095862764883956,0.5358003065469674,0.637940379403794,0.0,0.18979024513520343,0.2689013946660142,0.19445086705202314,0.5089669108360697,0.18806875631951467,0.6093257718966604,0.618403247631935,0.5135834411384217,0.5327541676449871,0.6004056795131846,0.2319047619047619,0.21987261146496814,0.6689480354879594,0.6502173357197648,0.2560434139121855,0.642,0.4955773368395888,0.6550169109357384,0.6370143149284253,0.5200868621064061,0.651476067641158,0.2807192807192807,0.5084067253803043,0.6138675524185178,0.5277564594525455,0.19343610144206863,0.23112480739599384,0.63160518444666,0.5084518379393614,0.5402822030040965,0.20289466630930045,0.6331569664902998,0.673280082452976
syn_Ni_0008,0.5053003533568905,0.7562358276643991,0.4818956336528222,0.4961133973479652,0.658329400660689,0.3814814814814815,0.358363687307369,0.3798298906439854,0.3772504091653028,0.3816475495307612,0.3623518687329079,0.6770053475935829,0.6418059366425543,0.672153024911032,0.4722714611293998,0.5230730855574957,0.35827876520112256,0.48937259923175414,0.4962525550760845,0.5187896534895071,0.7063081695966908,0.49377593360995853,0.5211066062485095,0.5074798619102416,0.479236276849642,0.38218239325250397,0.6555988092512022,0.631336405529954,0.4879532733025067,0.5251536535397223,0.6945660571722895,0.7001310615989516,0.36357125805681545,0.6292050834786942,0.4833040421792619,0.3498055364905056,0.6148076457778853,0.36182756079587325,0.7100271002710027,0.7208695652173913,0.6423086450334407,0.5478710891554929,0.5246946362187997,0.5386215864759428,0.5508093525179856,0.6393167180061607,0.18979024513520343,0.0,0.27419354838709675,0.2344270090347123,0.5255208333333333,0.200416992442012,0.6247307195174494,0.6194669756662804,0.5301655098772023,0.5463768115942029,0.6005228758169935,0.23009066405292822,0.21965317919075145,0.67276529012023,0.6635021097046413,0.2670902160101652,0.6475135274413811,0.5098425196850394,0.6582093904928551,0.6504086475085684,0.5345519393669194,0.6682492581602374,0.25096525096525096,0.5314222712238148,0.6262239250744998,0.5646437994722955,0.18831667947732514,0.24132450331125826,0.6270228615463652,0.5360310421286031,0.5677192982456141,0.20376522702104097,0.6415584415584416,0.6783625730994152
syn_Ni_0009,0.46331428571428573,0.7435757244395844,0.43489449305198147,0.4404973357015986,0.6474358974358975,0.38158567774936064,0.3863206271965396,0.38327444051825676,0.38142686329214825,0.394856278366112,0.34440017706949977,0.668733850129199,0.6458081662237255,0.6632079550367488,0.4062270164255945,0.4592896834984296,0.37358147980027234,0.4265179677819083,0.45510699316126185,0.46263008514664145,0.6928464232116058,0.43552433517310585,0.5364330326162388,0.4659217877094972,0.4351851851851852,0.3527013251783894,0.6459862130309095,0.6174496644295302,0.4347723519698042,0.47822241874861815,0.6939945178170944,0.6806083650190115,0.3507756425098402,0.5636012551291335,0.44079747143204473,0.36058653632526105,0.5575885526624443,0.35205903356343726,0.687434554973822,0.7285412262156448,0.6654667626589873,0.4923533439853915,0.45790554414784396,0.4621383647798742,0.4980340760157274,0.6633342339908133,0.2689013946660142,0.27419354838709675,0.0,0.28136531365313655,0.4574307304785894,0.28711872951852785,0.6198658843252305,0.6355455568053994,0.4716202270381837,0.49882903981264637,0.6303413400758533,0.32272619330325336,0.21341463414634146,0.698685540950455,0.6557878633350331,0.18769987699877,0.6803789578658689,0.45445875059608964,0.6690081483562799,0.6385419321947489,0.48570190641247835,0.6748571428571428,0.22689912826899128,0.4773815859499734,0.6512013256006628,0.4903061224489796,0.28093230845524425,0.3254801536491677,0.6554809843400448,0.4612092027822365,0.504199772985244,0.2923570283270978,0.6618090452261306,0.7070914696813977
syn_Ni_0010,0.472360719705181,0.7715605749486653,0.4568380213385063,0.44580345845634756,0.6795484151107252,0.35679845708775315,0.3822707645415291,0.34820432745929064,0.2971841704718417,0.37678401522359656,0.3103448275862069,0.7093476144109055,0.6828878227096185,0.7035361842105263,0.43340282603659946,0.47909527073337904,0.31998277347114557,0.4509712146033232,0.45294487528819954,0.4849977608598298,0.7280453257790368,0.4493371212121212,0.5084411313308485,0.461913855293868,0.43352347520842477,0.3642479577126382,0.6675818373812038,0.6588785046728972,0.4344427071699799,0.49086326402016384,0.7210068219242531,0.7198183122161128,0.33421110379635727,0.5964391691394659,0.4442656860491841,0.3175775480059084,0.5743168184847811,0.34669970714124804,0.7195662888122227,0.7544283413848631,0.6535754824063564,0.5211084650357221,0.5113691340106434,0.502967006883456,0.5261627906976745,0.6664127951256664,0.19445086705202314,0.2344270090347123,0.28136531365313655,0.0,0.49667300380228135,0.21141498216409038,0.6099800399201597,0.6190476190476191,0.5041322314049587,0.5217391304347826,0.61745766754114,0.24207687120701282,0.25970292285577384,0.6967095851216023,0.6629807692307692,0.26376946316523353,0.6578018357260532,0.4914259927797834,0.6818540953384251,0.6534486902186974,0.5138030490317265,0.6934189406099518,0.2894427462967317,0.519019019019019,0.6292933280694828,0.543049543049543,0.2198548349332709,0.25319816558049724,0.6507862004224361,0.5296780684104627,0.5377988369588628,0.24874371859296482,0.6614509246088194,0.6963680387409201
syn_Ni_0011,0.36001883682599484,0.7552407932011331,0.3528472591804151,0.3596892138939671,0.7202830188679246,0.4690639873083025,0.48137776533183985,0.4457128977410736,0.4834355828220859,0.47889525794684734,0.4355353075170843,0.7311598075895244,0.7227624033906757,0.7425522454424188,0.34446975449253353,0.3298429319371728,0.4562879850397382,0.32326593294087536,0.3475595913734393,0.3331707317073171,0.758656330749354,0.3499222395023328,0.48414779499404054,0.3273521969174143,0.35353053435114506,0.43045310853530033,0.7212176699473564,0.7194841087056656,0.3495499878375091,0.35108077360637086,0.7338481338481339,0.7385381189415772,0.40539250775471247,0.4859277708592777,0.3696361355081556,0.4187056940315573,0.46021765417170496,0.4240117849251166,0.7399783315276273,0.7635810517166449,0.7014112404060411,0.2311309663766753,0.19055201698513802,0.2118533922537042,0.28629213483146065,0.6854184158970054,0.5089669108360697,0.5255208333333333,0.4574307304785894,0.49667300380228135,0.0,0.5358166189111748,0.5654608096468562,0.6891359740560574,0.21718249733191036,0.2612264606470304,0.6571727201463288,0.565025716385011,0.49842436974789917,0.7136886102403344,0.5840801265155509,0.4554229108458217,0.6899304661344321,0.22872602065912445,0.6805596036141067,0.5689064558629776,0.2339572192513369,0.6986951364175563,0.4962696166709545,0.2115702479338843,0.6919148936170213,0.22362869198312235,0.5149807938540333,0.5933280381254964,0.6801026957637998,0.21606648199445982,0.27706336216974514,0.5251798561151079,0.6889927310488058,0.7114771519659936
syn_Ni_0012,0.5084825636192272,0.7601360929968812,0.4769640479360852,0.4923393551337754,0.6691054991739438,0.3691452765281821,0.3649103139013453,0.36995624696159457,0.3505217925107428,0.3658409387222947,0.33257351265101437,0.6993848622626371,0.6741516966067864,0.6956618464961067,0.46200607902735563,0.5134730538922155,0.34923976608187135,0.48411885245901637,0.4925034075420264,0.5045154991457164,0.712955779674166,0.4848249027237354,0.517175572519084,0.5032228360957642,0.4733826688947243,0.3799103611916689,0.6706367384333486,0.6432357686102789,0.4873417721518987,0.5250455373406193,0.7161257083977332,0.7126376507603566,0.3457497612225406,0.6331006979062812,0.479156202913109,0.3560640732265446,0.6108422071636012,0.3651105651105651,0.7224179994578477,0.7408132202652751,0.6422200198216056,0.5487058823529412,0.5378486055776892,0.5494276795005203,0.5673487744546886,0.638095238095238,0.18806875631951467,0.200416992442012,0.28711872951852785,0.21141498216409038,0.5358166189111748,0.0,0.6263736263736264,0.6156699119146963,0.5519359145527369,0.5631795119594105,0.5972803347280334,0.2338235294117647,0.2478318002628121,0.6768627450980392,0.6686890002637826,0.2775800711743772,0.6453608247422681,0.5318730002461236,0.6569428238039673,0.6534810126582279,0.5545150501672241,0.6634016028495102,0.29711637487126674,0.550592776399228,0.6218863104109006,0.5703351807864872,0.19835981547924142,0.24271330153683096,0.6356628982528263,0.5525367341280842,0.5816565278427702,0.20409858764885072,0.645102624058197,0.6756181866524861
syn_Ni_0013,0.5254505842741137,0.8328716528162512,0.5526315789473685,0.5191193511008111,0.8000793335977786,0.5859511343804538,0.6062199862794421,0.5840618011791014,0.6040056219255094,0.5948275862068966,0.588597842835131,0.8204225352112676,0.8063577810097652,0.8056603773584906,0.51357037660425,0.5200498649490962,0.602755905511811,0.5306859205776173,0.5179565968888036,0.5589555283557731,0.846318493150685,0.5253218884120172,0.5605363217930759,0.5439891241017674,0.5198237885462555,0.5963462374945628,0.7884355057048926,0.7849922239502333,0.5115001017708122,0.5582066576871272,0.8152336249199915,0.8289673089413293,0.5870218305627879,0.3767905335270916,0.5153540839774389,0.5868599033816425,0.369657686854365,0.5926153846153847,0.8264352469959947,0.8186528497409327,0.7884734558975418,0.5948565776458952,0.5816192560175055,0.5706603570660357,0.6153846153846154,0.7782857142857142,0.6093257718966604,0.6247307195174494,0.6198658843252305,0.6099800399201597,0.5654608096468562,0.6263736263736264,0.0,0.774565344793905,0.6048351648351649,0.5974919093851133,0.7584791531648304,0.6266120777891505,0.6147505422993492,0.7930885529157667,0.27458659704090516,0.6197510023211648,0.7814300960512274,0.5821692686935086,0.803921568627451,0.2747443985207744,0.5773156899810964,0.8049832295160517,0.6387289400725101,0.6096570397111913,0.757179207560887,0.6208097518502395,0.6031442532398555,0.663682026643372,0.7709176069831808,0.6038077969174978,0.6196101594802126,0.6173007246376812,0.7864202836269876,0.7844940867279895
syn_Ni_0014,0.6814908936891148,0.6259675405742822,0.6678478620363808,0.6545042259327973,0.5720042417815483,0.6748884190744656,0.6500247157686604,0.6615853658536586,0.6473438956197577,0.6568513795501971,0.6234326824254882,0.5522883566516481,0.5599643334819439,0.5745023124874321,0.666967916854948,0.6843513152028533,0.6326530612244898,0.6572341396622546,0.6627049180327869,0.6716939890710383,0.56409666283084,0.6695130394645742,0.6329764453961456,0.656159270012443,0.6503106920934218,0.6361507843596348,0.5701899256812551,0.5270915507577331,0.6615787178368949,0.6915811088295688,0.5692660550458716,0.5643056849953402,0.64466352336048,0.7639198218262806,0.6663677130044843,0.6225247524752475,0.7427331887201736,0.6394019349164468,0.5685145188384929,0.637581248768958,0.35135135135135137,0.7060067681895094,0.7091680414800848,0.7177232762609903,0.7132994923857868,0.41452569169960474,0.618403247631935,0.6194669756662804,0.6355455568053994,0.6190476190476191,0.6891359740560574,0.6156699119146963,0.774565344793905,0.0,0.694529955008288,0.7054364305826294,0.3807531380753138,0.635366388767003,0.6278309596077516,0.4241227050894725,0.7971421878660108,0.6441523118766999,0.37356585589720054,0.6894957057916759,0.43983614951356886,0.780327868852459,0.69292766471892,0.45931894983103716,0.6680421824850986,0.72326431181486,0.31632850241545896,0.7201781110850715,0.5968036529680365,0.621354656632173,0.36155606407322655,0.7189718482252142,0.7293771043771043,0.6052824651504035,0.3792465911717125,0.39655579146025005
syn_Ni_0015,0.38165181796291836,0.7543655413271245,0.3902838427947598,0.37225595516113963,0.7192474674384949,0.47830802603036876,0.4920908829450676,0.45612726820780514,0.49124270225187655,0.49946581196581197,0.4445996275605214,0.7280701754385965,0.7217258105693133,0.7379654859218892,0.3824215711693026,0.35665049782997194,0.45650095602294455,0.3511670600576974,0.35745766643470195,0.3564653020469296,0.743114406779661,0.38629117959617426,0.5074372104364789,0.3486950387961439,0.36944851146900926,0.4392220421393841,0.7178947368421053,0.7212806026365348,0.37565347274085137,0.38014415252266914,0.7283038776048536,0.734085414987913,0.4083475713937027,0.5031879622545269,0.39707016191210487,0.4260341201215237,0.4842860678049988,0.4430761497863785,0.7331851028349082,0.774622892635315,0.7125475285171102,0.27290213993748497,0.2084921066956995,0.23527844391153743,0.29155188246097336,0.6901408450704225,0.5135834411384217,0.5301655098772023,0.4716202270381837,0.5041322314049587,0.21718249733191036,0.5519359145527369,0.6048351648351649,0.694529955008288,0.0,0.26531620553359686,0.659791052772569,0.5783404361995488,0.5024232633279483,0.7129084092126406,0.6243243243243243,0.4592766068175904,0.6954341514911586,0.24370594159113795,0.6865448007192089,0.614158335584977,0.2776513427401001,0.6924954240390482,0.4974953862378065,0.22002262443438914,0.6947459834997829,0.2568956192536506,0.5297822093938599,0.5948954656530002,0.6821888976585109,0.21843003412969283,0.2713363614630648,0.5346590909090909,0.6966471527408196,0.7193460490463215
syn_Ni_0016,0.39520563008577086,0.77911227154047,0.3849186791522918,0.3772455089820359,0.7229074889867841,0.49632533072023516,0.5298372513562387,0.48019017432646594,0.5017341040462427,0.5152247462542291,0.473773987206823,0.7382483918852053,0.7281373231268847,0.7478115881617341,0.3992001881910139,0.3829737879842264,0.48536478811708167,0.3796054195388638,0.36663124335812963,0.37136363636363634,0.750599520383693,0.4098124098124098,0.507007786429366,0.33634602969657845,0.38290293855743546,0.4765625,0.7284215035339473,0.7324429125376992,0.39288143278168214,0.34739084132055376,0.736678614097969,0.7425309691522953,0.451792473836562,0.5406720741599073,0.39603267211201865,0.43462443826235825,0.5192784667418264,0.4653555911273725,0.7575150300601202,0.7727458180334558,0.715602673427057,0.23918295629255437,0.26597836774827927,0.2712804436942368,0.21852631578947368,0.69997418022205,0.5327541676449871,0.5463768115942029,0.49882903981264637,0.5217391304347826,0.2612264606470304,0.5631795119594105,0.5974919093851133,0.7054364305826294,0.26531620553359686,0.0,0.6733704870365883,0.5824777549623545,0.5355404089581305,0.7272286821705426,0.6340986809965804,0.48218078829360395,0.7116901745158977,0.23499770957398075,0.7035647279549718,0.621001221001221,0.22681704260651628,0.7124183006535948,0.5199426797229519,0.26157760814249365,0.6996,0.2854349951124145,0.5381688466111771,0.5997056659308315,0.6929678188319428,0.28081841432225063,0.24885296045444613,0.5508431272355646,0.6989402697495183,0.7312992125984252
syn_Ni_0017,0.6493383742911153,0.6278805120910385,0.6275714667379108,0.6225636321944508,0.5881656804733728,0.6113618263870454,0.5686164229471317,0.6099463676255485,0.5905641025641025,0.5987444415380592,0.5812571428571428,0.569627045881406,0.5705705705705706,0.6024983270131609,0.6321138211382114,0.6541541541541541,0.5890218156228009,0.6366906474820144,0.6305239179954442,0.6416156670746634,0.5896238651102464,0.6351808482956024,0.6052631578947368,0.6348107109879964,0.6322719655254968,0.5704839989420788,0.5677537896187413,0.5932516755257684,0.6318359375,0.6671232876712329,0.58656330749354,0.5886375591793793,0.5962643678160919,0.745,0.6347607052896725,0.5672326755392382,0.7291262135922331,0.5805815672745195,0.5942344302420451,0.6420318290821888,0.1908548707753479,0.6757904672015101,0.6701305622168932,0.6805845511482255,0.6892897406989853,0.22540753232152894,0.6004056795131846,0.6005228758169935,0.6303413400758533,0.61745766754114,0.6571727201463288,0.5972803347280334,0.7584791531648304,0.3807531380753138,0.659791052772569,0.6733704870365883,0.0,0.6179941002949852,0.6161349854996045,0.23629687909782324,0.7623709976184175,0.6195818459969403,0.20010341261633918,0.6662552456183658,0.24414519906323184,0.7507936507936508,0.6588419405320813,0.26541554959785524,0.6518595041322314,0.6879668049792531,0.2751334044823906,0.691289383108287,0.5753213367609255,0.5917065390749602,0.2134020618556701,0.6840055632823365,0.6963866729235101,0.5782161711586552,0.1785248892363826,0.25206721792477993
syn_Ni_0018,0.5262923351158645,0.7761866878811986,0.5113778444611152,0.5100714749837557,0.7054228966748494,0.4009445687298036,0.39611752360965374,0.38320330426801286,0.35607094133697137,0.39740132385388577,0.3651479162167998,0.7313582726587999,0.7017873941674506,0.7244144334247732,0.4933206106870229,0.5188146754468486,0.3874751051117504,0.5019286403085824,0.5109771846749892,0.5360516010135913,0.7441011919241061,0.5081727250548914,0.5347159603246168,0.530514385353095,0.500112790435371,0.424820411196433,0.7015184381778742,0.6705214924721798,0.4944852941176471,0.5422778257118205,0.7435773145904023,0.7437161163134549,0.3813176895306859,0.6536654135338346,0.5030761949834359,0.3636757693974859,0.6403107861060329,0.39221140472878996,0.7533689295703025,0.7439603551517654,0.6565420560747663,0.5847797062750334,0.562484410077326,0.5807240704500979,0.5847367299083351,0.665443104352386,0.2319047619047619,0.23009066405292822,0.32272619330325336,0.24207687120701282,0.565025716385011,0.2338235294117647,0.6266120777891505,0.635366388767003,0.5783404361995488,0.5824777549623545,0.6179941002949852,0.0,0.2946406520128427,0.7045957237650529,0.6684014869888476,0.318334131163236,0.6663433559650824,0.5542140701184118,0.6835511982570807,0.6585728444003964,0.571156692746881,0.6922225297536673,0.3318798449612403,0.5794368380263498,0.6446063549888686,0.607736176543516,0.22961890979257116,0.2578397212543554,0.6586073500967118,0.5876395741365879,0.6064630367419213,0.27003891050583656,0.6628389934033716,0.6823970037453183
syn_Ni_0019,0.49679563256586756,0.7425629290617849,0.46455424274973145,0.47489636112390604,0.6509747979077508,0.37459978655282816,0.33163698049194235,0.3832965956404604,0.3752059308072488,0.3590956887486856,0.3590449954086318,0.6709816612729234,0.6449585114407845,0.6751792114695341,0.4439622159816186,0.49308524013075183,0.36050895381715364,0.45830105861089593,0.47654998856097003,0.499754058042302,0.6897810218978102,0.45868200836820083,0.5073299687575102,0.4977973568281938,0.4588744588744589,0.37054758107389685,0.6419838523644752,0.6188486536675951,0.4613686534216336,0.5005732630130704,0.6873539340431057,0.6785619878403384,0.3495309117151792,0.6026124089424768,0.4695013920526449,0.36943996312514404,0.595708363813704,0.3632087150284724,0.6894477856752323,0.7316112084063048,0.6574282147315855,0.5145769139606542,0.4986609534011784,0.4996066089693155,0.5240036231884058,0.6541395874540831,0.21987261146496814,0.21965317919075145,0.21341463414634146,0.25970292285577384,0.49842436974789917,0.2478318002628121,0.6147505422993492,0.6278309596077516,0.5024232633279483,0.5355404089581305,0.6161349854996045,0.2946406520128427,0.0,0.6921454928835002,0.6478723404255319,0.20522674865488086,0.6653676279553131,0.4880952380952381,0.6561672063585516,0.627226801382611,0.5047148630444545,0.6620730976632714,0.23228652997664156,0.5005561735261401,0.639948564080583,0.5167642362959021,0.22603978300180833,0.2754475020037403,0.6368816368816369,0.49440715883668906,0.5333490454866839,0.2424581005586592,0.6521739130434783,0.6959785522788203
syn_Ni_0020,0.7098984171982046,0.6507394766780432,0.6848290598290598,0.687757909215956,0.6265972550875533,0.6799363057324841,0.6423952769187518,0.6773092858883744,0.6570959803117309,0.6882845188284519,0.653107861060329,0.5949570815450643,0.6047035276457343,0.6360392506690455,0.6946913893827787,0.7112834625969477,0.651031894934334,0.6855895196506551,0.6948303347756776,0.7004405286343612,0.6203319502074689,0.686264308012487,0.6766323845969864,0.6985921993999539,0.688367640019148,0.6483342147012163,0.6018369690011481,0.6377079482439926,0.6856236270441787,0.7087422962793882,0.6078532678894343,0.6224033657638707,0.6720134067512569,0.7745563609097725,0.7038529337698313,0.6361550814406974,0.7597670468332929,0.6669130327666913,0.6160957041870582,0.6782911944202267,0.20496894409937888,0.7272941731540458,0.7197655833777304,0.7229324289068615,0.7511271415689811,0.2374262433267772,0.6689480354879594,0.67276529012023,0.698685540950455,0.6967095851216023,0.7136886102403344,0.6768627450980392,0.7930885529157667,0.4241227050894725,0.7129084092126406,0.7272286821705426,0.23629687909782324,0.7045957237650529,0.6921454928835002,0.0,0.8005291005291005,0.6971705327555442,0.23235978288963557,0.7122408687068115,0.2800702370500439,0.7942343295424491,0.7152436298614215,0.27039904705181655,0.7283759359669507,0.7372787610619469,0.24583866837387963,0.7416622551614611,0.643793369313801,0.6577199043316503,0.2306106673537748,0.7424916573971079,0.754163734459301,0.6588888888888889,0.19801980198019803,0.24
syn_Ni_0021,0.5770421528935461,0.8259620907524411,0.5929919137466307,0.5748613678373382,0.8067748091603053,0.6320299946438136,0.636105591825149,0.6284099287294176,0.6637752994630318,0.6379947229551451,0.6476278212805159,0.8202490525175961,0.8168054504163512,0.8220224719101124,0.5557263643351268,0.566994700984103,0.6572104018912529,0.5485877170251361,0.5657562543034198,0.5947680157946693,0.8597592883307169,0.5506561679790026,0.5939233180612491,0.5943242614561526,0.569015444015444,0.6398078975453575,0.8116176810923398,0.7973917093619003,0.5427024366231848,0.5974235104669887,0.818608287724785,0.8291323958609711,0.6389090031378228,0.38643811444416437,0.5585471170942342,0.6434682080924855,0.4206019084903352,0.6308074534161491,0.8194291986827662,0.8282828282828283,0.8045602605863192,0.6104637336504162,0.6016129032258064,0.5883127138720716,0.6592457973648341,0.7855319148936171,0.6502173357197648,0.6635021097046413,0.6557878633350331,0.6629807692307692,0.5840801265155509,0.6686890002637826,0.27458659704090516,0.7971421878660108,0.6243243243243243,0.6340986809965804,0.7623709976184175,0.6684014869888476,0.6478723404255319,0.8005291005291005,0.0,0.65183851889946,0.7976531942633638,0.6062717770034843,0.8031333136269583,0.19295436349079265,0.6094594594594595,0.8074608904933814,0.6717895285230528,0.6242322724734785,0.7790197764402408,0.6292735042735043,0.6354679802955665,0.6883883078573344,0.7842474655575773,0.6254912970241437,0.6576022700401987,0.6455412226584408,0.7912723449001051,0.7922497308934338
syn_Ni_0022,0.45831414094887146,0.7555862068965518,0.41707760186867376,0.43681503019458734,0.6512110726643598,0.35723497549651795,0.37370430987452263,0.36657169990503324,0.3616850551654965,0.38215102974828374,0.326644370122631,0.6700547302580141,0.6527033609352167,0.6773350751143044,0.4063272367770638,0.44471505114466636,0.34964555225245825,0.4147926036981509,0.4431111111111111,0.4636471990464839,0.6958385876418663,0.42676448267138883,0.4988344988344988,0.4570013507429086,0.41497550734779565,0.3528655872526343,0.6487455197132617,0.6168582375478927,0.437470280551593,0.46770601336302897,0.6959798994974874,0.6906952965235174,0.325711619225385,0.5669099756690997,0.42058823529411765,0.3442256042972247,0.5598108747044918,0.33637236084452976,0.6921045682598362,0.7389823291462636,0.6686018384131591,0.4760809567617295,0.4532746570023298,0.45408422120750885,0.4974697469746975,0.6744820065430752,0.2560434139121855,0.2670902160101652,0.18769987699877,0.26376946316523353,0.4554229108458217,0.2775800711743772,0.6197510023211648,0.6441523118766999,0.4592766068175904,0.48218078829360395,0.6195818459969403,0.318334131163236,0.20522674865488086,0.6971705327555442,0.65183851889946,0.0,0.6792357968828557,0.44772891131939435,0.6783891094724901,0.6287917737789203,0.48068950469125027,0.6746466685895587,0.22199899547965846,0.45181208053691274,0.6521376433785193,0.47465912014406997,0.266,0.31766528925619836,0.6486215538847118,0.44993252361673414,0.4967978042086002,0.28228633054731733,0.6605016468203699,0.712878984192796
syn_Ni_0023,0.6921641791044776,0.6258751050126015,0.67254540668597,0.6667421326692325,0.6028965195047886,0.6636149620716715,0.6207087486157253,0.6527176527176527,0.6459136077874671,0.6504253673627224,0.6456781764838637,0.5701823949246629,0.5824284304047384,0.6087243886318572,0.6688376753507014,0.6915103652517275,0.644825191016439,0.6818642350557245,0.6828609986504723,0.6822023665781213,0.5960112503196113,0.6660682226211849,0.6671388101983002,0.6814038286235187,0.6711552090715804,0.6304404482668752,0.5668934240362812,0.6075747205110654,0.6628131021194605,0.7015329125338142,0.5858380030565461,0.5904613789528252,0.6526465028355387,0.7598619329388561,0.6830601092896175,0.6252831898504757,0.7404214559386973,0.6397666504618377,0.5987141709081168,0.6510876588412664,0.19558823529411765,0.7088961341406614,0.7049094250459438,0.7103909465020576,0.7354709418837675,0.22468179302711677,0.642,0.6475135274413811,0.6803789578658689,0.6578018357260532,0.6899304661344321,0.6453608247422681,0.7814300960512274,0.37356585589720054,0.6954341514911586,0.7116901745158977,0.20010341261633918,0.6663433559650824,0.6653676279553131,0.23235978288963557,0.7976531942633638,0.6792357968828557,0.0,0.6980764548332116,0.2528801843317972,0.7721584984358707,0.6970633693972179,0.24348080867272195,0.7163951120162932,0.7265050394987742,0.2613372706180131,0.7276284894338638,0.6289913836796757,0.642744892613934,0.2306910569105691,0.7162421254450836,0.7350625289485873,0.628454172366621,0.18263549961469303,0.22207621550591328
syn_Ni_0024,0.3634533661373295,0.7767714437932871,0.3616273229532898,0.3426086956521739,0.724910394265233,0.46929605591612583,0.480368906455863,0.43929970052983186,0.4669534610872116,0.48399803052683404,0.4282618118768964,0.7271810388300555,0.7256198347107438,0.7416349004659043,0.3451497005988024,0.3426210153482881,0.4362505553087517,0.3318809005083515,0.35191186001296176,0.3441258094357077,0.7591597459697118,0.35423811856932874,0.47046843177189407,0.32049879676219645,0.3500905797101449,0.4412935323383085,0.7243631613324625,0.7201051248357424,0.34717416378316035,0.3210651656202641,0.7298612801168167,0.7386785449146251,0.4206115515288788,0.5074309978768577,0.3713471133285816,0.4213617576680444,0.5017205781142464,0.43448917849662555,0.7436159346271706,0.777041027766266,0.7091250293220737,0.22090685727049364,0.21192384769539077,0.22819945959223778,0.24946512623020967,0.6908085330524097,0.4955773368395888,0.5098425196850394,0.45445875059608964,0.4914259927797834,0.22872602065912445,0.5318730002461236,0.5821692686935086,0.6894957057916759,0.24370594159113795,0.23499770957398075,0.6662552456183658,0.5542140701184118,0.4880952380952381,0.7122408687068115,0.6062717770034843,0.44772891131939435,0.6980764548332116,0.0,0.6963064295485636,0.6023886538940035,0.21137521222410866,0.7024471635150167,0.48966188275358796,0.22470160871821485,0.690089358245329,0.25697211155378485,0.5131993218697021,0.5741064733816545,0.6766205389657683,0.2389149713093375,0.23616974005776495,0.5169359041167274,0.6943081452404318,0.734704112337011
syn_Ni_0025,0.7059436913451512,0.6492465533824944,0.6653719749028981,0.6706179066834804,0.6317576390702533,0.6440225452388015,0.610126582278481,0.6600107933081489,0.6526010270149587,0.6463379048730669,0.6446343302337271,0.6043230261182828,0.6038888888888889,0.6378761928064595,0.6824858757062147,0.7016666666666667,0.6415826221877424,0.687070938215103,0.685027541311968,0.6785036595283275,0.6189650187915583,0.6814621409921671,0.6675475687103594,0.6839430894308943,0.6805078021687384,0.6194977843426883,0.6038403233956544,0.6413126430933604,0.6735135135135135,0.7108433734939759,0.6142774899251583,0.6100998238402818,0.6433862433862434,0.7824639289678136,0.6838276440962507,0.6123170116102978,0.7620837808807733,0.622610595303113,0.6232855836635173,0.6783583870198043,0.2557883131201764,0.706923477355544,0.7039022937146262,0.7060535506402794,0.7321119088883387,0.18785578747628084,0.6550169109357384,0.6582093904928551,0.6690081483562799,0.6818540953384251,0.6805596036141067,0.6569428238039673,0.803921568627451,0.43983614951356886,0.6865448007192089,0.7035647279549718,0.24414519906323184,0.6835511982570807,0.6561672063585516,0.2800702370500439,0.8031333136269583,0.6783891094724901,0.2528801843317972,0.6963064295485636,0.0,0.7836879432624113,0.6992886926661761,0.19013846673421142,0.7025316455696202,0.7216526871699286,0.3429703893681511,0.7207926648920437,0.6410990269032627,0.6399286987522281,0.25315729047072333,0.7017818068146295,0.7294361096740818,0.6266000624414612,0.23917465852949724,0.24903071875932
syn_Ni_0026,0.5428571428571428,0.8208440999138673,0.5683104284559418,0.5444675444675444,0.7991891247316957,0.6380187416331995,0.6311010215664018,0.6304668304668305,0.6539335122857732,0.6233183856502242,0.6500115127791849,0.8105548037889039,0.8022199798183652,0.8121770388676702,0.5399590163934426,0.5433905146316852,0.6464192862207516,0.5362694300518135,0.5497934832491969,0.5775968418455465,0.8493329845670939,0.5350301758068748,0.5911282545805208,0.5837209302325581,0.5469240048250905,0.6281675113363564,0.8024062933826932,0.7885913853317812,0.5413385826771654,0.5873965041398344,0.8045857217300677,0.8201591511936339,0.6298262548262549,0.3805443548387097,0.5434230573895379,0.6417013407304669,0.41340508806262233,0.6234475906607054,0.813443072702332,0.8147091108671789,0.7945891783567134,0.6010461245839277,0.582370330556302,0.5689473684210526,0.6406995230524642,0.7753828701077708,0.6370143149284253,0.6504086475085684,0.6385419321947489,0.6534486902186974,0.5689064558629776,0.6534810126582279,0.2747443985207744,0.780327868852459,0.614158335584977,0.621001221001221,0.7507936507936508,0.6585728444003964,0.627226801382611,0.7942343295424491,0.19295436349079265,0.6287917737789203,0.7721584984358707,0.6023886538940035,0.7836879432624113,0.0,0.5942355325377168,0.7960902255639097,0.6557291666666667,0.612615126988557,0.7691811734364926,0.6117489986648865,0.6122343182996371,0.6723860589812333,0.7702702702702703,0.6031434184675835,0.6368794326241135,0.6293804317353519,0.7787122207621551,0.7912294861447404
syn_Ni_0027,0.38728796239525853,0.7753831417624522,0.3887375113533152,0.36598964555953806,0.7200163733115023,0.499096657633243,0.5152952335783733,0.46966197774511864,0.47832369942196534,0.49687778768956287,0.4527402700555997,0.727894257064722,0.7156968005153532,0.7410575427682737,0.37872525560147924,0.37298690143869445,0.4626320064987815,0.37184274104985726,0.35854286279944564,0.36493889591234724,0.7568644818423383,0.39298401420959145,0.47324932865110514,0.34187863008211494,0.3728813559322034,0.4633048176497073,0.7048853439680958,0.7161186848436247,0.37986125709480767,0.34616147589763935,0.7325093798278526,0.7418776607663007,0.4389084143063883,0.5254237288135594,0.3923558626646513,0.43693962940824865,0.5122359339050407,0.45835982199618563,0.7441217150760719,0.7690548780487805,0.7024546424759872,0.19493774239640743,0.2342546443135478,0.25083463164923214,0.20133437990580846,0.6942403413131074,0.5200868621064061,0.5345519393669194,0.48570190641247835,0.5138030490317265,0.2339572192513369,0.5545150501672241,0.5773156899810964,0.69292766471892,0.2776513427401001,0.22681704260651628,0.6588419405320813,0.571156692746881,0.5047148630444545,0.7152436298614215,0.6094594594594595,0.48068950469125027,0.6970633693972179,0.21137521222410866,0.6992886926661761,0.5942355325377168,0.0,0.7053260328521652,0.5089344804765056,0.2666043030869972,0.6820052375607931,0.2618296529968454,0.5280158206987475,0.5812796744291205,0.6758423254789694,0.2866541353383459,0.1809872029250457,0.5370892018779343,0.6878612716763006,0.7233560090702947
syn_Ni_0028,0.7209425469949695,0.6215686274509804,0.6818734793187348,0.6917562724014337,0.6026525198938992,0.6666666666666666,0.6323766526926797,0.6797367699479023,0.6624434389140271,0.6680522565320665,0.6566326530612245,0.5702933985330073,0.5746964134425303,0.6062562065541212,0.6891697787991956,0.7130754024286925,0.6596638655462185,0.7084666860634274,0.6986022871664549,0.6909090909090909,0.5941176470588235,0.6853600944510035,0.6783892617449664,0.7002837245292752,0.6931757119828049,0.6386049308478653,0.5865606565786099,0.6177685950413223,0.6830541060148311,0.7228025477707006,0.5865300146412884,0.5757394681804601,0.6619188390217683,0.7748942172073343,0.6978662873399716,0.6402767102229054,0.7587994542974079,0.6514016097696365,0.5847299813780261,0.6669893514036787,0.27038386102549733,0.7123975680676712,0.7040630685263797,0.7115783239561742,0.7457286432160805,0.2001289075088624,0.651476067641158,0.6682492581602374,0.6748571428571428,0.6934189406099518,0.6986951364175563,0.6634016028495102,0.8049832295160517,0.45931894983103716,0.6924954240390482,0.7124183006535948,0.26541554959785524,0.6922225297536673,0.6620730976632714,0.27039904705181655,0.8074608904933814,0.6746466685895587,0.24348080867272195,0.7024471635150167,0.19013846673421142,0.7960902255639097,0.7053260328521652,0.0,0.713784021071115,0.7215189873417721,0.366903073286052,0.7266706803130644,0.6506550218340611,0.6486241306319928,0.2578102189781022,0.7121019108280254,0.7368006304176516,0.638676844783715,0.2235363690124187,0.27929568913175473
syn_Ni_0029,0.4967381174277726,0.7683916083916084,0.471469892190376,0.48292241574304456,0.6639439906651109,0.41625293963940424,0.38716814159292035,0.40653531955790484,0.4002026342451874,0.4014936904455318,0.3745208568207441,0.6741484024293636,0.6553254437869822,0.6856702619414484,0.46146146146146144,0.5054240631163708,0.38283599352301645,0.4701417004048583,0.4764044943820225,0.4967430639324487,0.6888888888888889,0.4860363822700487,0.5386792452830189,0.4972677595628415,0.4859570450790654,0.3939078365009112,0.6420480289986407,0.6270800091178482,0.4793070259865255,0.5094594594594595,0.6936386768447838,0.7001553599171414,0.37252124645892354,0.6192118226600986,0.47096774193548385,0.39565414214576733,0.6114832535885167,0.38125303545410394,0.7018999197217018,0.7520981278244029,0.6939275220372184,0.5072126570497906,0.4912142669813795,0.5092497430626927,0.4994438264738598,0.7048092868988391,0.2807192807192807,0.25096525096525096,0.22689912826899128,0.2894427462967317,0.4962696166709545,0.29711637487126674,0.6387289400725101,0.6680421824850986,0.4974953862378065,0.5199426797229519,0.6518595041322314,0.3318798449612403,0.23228652997664156,0.7283759359669507,0.6717895285230528,0.22199899547965846,0.7163951120162932,0.48966188275358796,0.7025316455696202,0.6557291666666667,0.5089344804765056,0.713784021071115,0.0,0.4987755102040816,0.6733403582718651,0.5199374511336982,0.2759493670886076,0.326007326007326,0.6852791878172588,0.49767441860465117,0.5094863489125405,0.30691445750204976,0.6946369001796253,0.7432396954581255
syn_Ni_0030,0.38884758364312266,0.7938517179023508,0.3728144388042865,0.36407300672430354,0.7437934458788481,0.4823529411764706,0.5129502828222685,0.46530089628681176,0.496793501496366,0.5035852178709321,0.4485399712781235,0.7473087818696884,0.7551987365096078,0.7620158656089594,0.3591869483819203,0.3387733614108976,0.46532218396458436,0.34668470906630583,0.3594085380395898,0.35905349794238683,0.7681793329688354,0.3625891387822271,0.5119256841576701,0.3392986698911729,0.3507537688442211,0.44642857142857145,0.7377916766899206,0.7414043583535109,0.38086688894588355,0.3468802295003586,0.7451674380615301,0.7525658807212205,0.41191254083940687,0.4967131212200894,0.36708189769414257,0.43475126171593365,0.4886566403262809,0.4472934472934473,0.7637931034482759,0.7958997722095672,0.7350405016984584,0.261073991586241,0.19122609673790777,0.22751031636863825,0.30486078338839073,0.7119904790241,0.5084067253803043,0.5314222712238148,0.4773815859499734,0.519019019019019,0.2115702479338843,0.550592776399228,0.6096570397111913,0.72326431181486,0.22002262443438914,0.26157760814249365,0.6879668049792531,0.5794368380263498,0.5005561735261401,0.7372787610619469,0.6242322724734785,0.45181208053691274,0.7265050394987742,0.22470160871821485,0.7216526871699286,0.612615126988557,0.2666043030869972,0.7215189873417721,0.4987755102040816,0.0,0.7170231729055259,0.23966480446927374,0.5310046033035473,0.6011220196353436,0.712191148520228,0.20011771630370806,0.27970479704797047,0.540270429159318,0.7214285714285714,0.759009009009009
syn_Ni_0031,0.6501469147894221,0.6718322698268003,0.6594454072790294,0.6320213985479557,0.6167124362495097,0.646551724137931,0.6220365771054414,0.6365829145728643,0.6040361864996521,0.6367120954003407,0.6105182926829268,0.6008695652173913,0.6048469911686177,0.6142643764002987,0.653150343106675,0.662764428013966,0.602803738317757,0.6558237145855194,0.6397491924757742,0.6643807987091569,0.6150592216582065,0.6615776081424937,0.6192360973679003,0.6426512968299711,0.6376237623762376,0.6183927804039536,0.5687775014348575,0.5976923076923077,0.6413765345139867,0.6634304207119741,0.5985663082437276,0.6119786096256684,0.6304218657159834,0.7541555509952801,0.651455709271113,0.5886063850124259,0.7292209092729822,0.6305009125937944,0.6294505494505495,0.6714285714285714,0.22646518276495814,0.696341224809235,0.699956766104626,0.6956429330499468,0.7064807837226827,0.3148273527420447,0.6138675524185178,0.6262239250744998,0.6512013256006628,0.6292933280694828,0.6919148936170213,0.6218863104109006,0.757179207560887,0.31632850241545896,0.6947459834997829,0.6996,0.2751334044823906,0.6446063549888686,0.639948564080583,0.24583866837387963,0.7790197764402408,0.6521376433785193,0.2613372706180131,0.690089358245329,0.3429703893681511,0.7691811734364926,0.6820052375607931,0.366903073286052,0.6733403582718651,0.7170231729055259,0.0,0.716989247311828,0.6090699139197985,0.6215749730312837,0.26614769619187884,0.7188898836168308,0.7164556962025317,0.6158318425760286,0.24076433121019108,0.29078321073128516
syn_Ni_0032,0.4157731713128425,0.7879310344827586,0.42340884573894283,0.40129449838187703,0.7398568019093079,0.5369774919614148,0.5319511502414087,0.4910253257929678,0.5161157024793388,0.5353748680042238,0.4861751152073733,0.7356446370530878,0.7495581923756627,0.762589928057554,0.40322994104075877,0.3850037869224943,0.5089877010406811,0.3637542131190044,0.40298507462686567,0.362962962962963,0.7638743455497382,0.4117647058823529,0.5392038600723763,0.38235978589713754,0.40753259295026556,0.4906567004805125,0.7411437832831674,0.7423112767940354,0.4085200689485348,0.3997698504027618,0.7470664928292047,0.7414388107247146,0.45423810673750303,0.5364438839848676,0.420584498094028,0.47906546379828824,0.5319461444308445,0.486452895848869,0.7539813289401428,0.7904217926186292,0.7377788919528704,0.24292172257911016,0.2339967724583109,0.25309454832762707,0.29863636363636364,0.7184217996026114,0.5277564594525455,0.5646437994722955,0.4903061224489796,0.543049543049543,0.22362869198312235,0.5703351807864872,0.6208097518502395,0.7201781110850715,0.2568956192536506,0.2854349951124145,0.691289383108287,0.607736176543516,0.5167642362959021,0.7416622551614611,0.6292735042735043,0.47465912014406997,0.7276284894338638,0.25697211155378485,0.7207926648920437,0.6117489986648865,0.2618296529968454,0.7266706803130644,0.5199374511336982,0.23966480446927374,0.716989247311828,0.0,0.551750972762646,0.6184598873088275,0.7076723016905071,0.23595505617977527,0.27229713744972794,0.5611672278338945,0.7185691741188848,0.7571351642434033
syn_Ni_0033,0.47981438515081204,0.7378235457834679,0.4750065427898456,0.4683487271908087,0.6444341157332094,0.3690507152145644,0.3500275178866263,0.3550239234449761,0.3462547950736927,0.36016406049730837,0.3334830451381091,0.664126149802891,0.6342660775650466,0.6632317474238105,0.45739910313901344,0.4894452626411389,0.3333333333333333,0.46397984886649873,0.486123545210385,0.5061253903435022,0.6908212560386473,0.46544248916092834,0.4776890558947863,0.4852607709750567,0.4627497062279671,0.37237626328064266,0.6457581227436823,0.6190692395005676,0.4599904168663153,0.5033647375504711,0.6859169199594731,0.6778350515463918,0.3464974141984015,0.620892594409024,0.46294466403162055,0.324165915238954,0.6060028585040496,0.35638297872340424,0.6820239680426099,0.7157556270096463,0.6162847391516334,0.540778498609824,0.5244061602714696,0.5289002557544757,0.5408818967427432,0.6105610561056105,0.19343610144206863,0.18831667947732514,0.28093230845524425,0.2198548349332709,0.5149807938540333,0.19835981547924142,0.6031442532398555,0.5968036529680365,0.5297822093938599,0.5381688466111771,0.5753213367609255,0.22961890979257116,0.22603978300180833,0.643793369313801,0.6354679802955665,0.266,0.6289913836796757,0.5131993218697021,0.6410990269032627,0.6122343182996371,0.5280158206987475,0.6506550218340611,0.2759493670886076,0.5310046033035473,0.6090699139197985,0.551750972762646,0.0,0.21302083333333333,0.6028297119757453,0.5377075959705963,0.5658986175115207,0.19336415556159914,0.6189016602809706,0.6681473739221322
syn_Ni_0034,0.5585844093735055,0.7385281385281385,0.5391280801516383,0.5323590814196242,0.6440718562874251,0.43664245359160614,0.41814033086138047,0.42941757156959526,0.39481865284974094,0.44129340047707394,0.3909826589595376,0.669295621430514,0.6360871768879879,0.665237987818633,0.5090066906845085,0.565636087176888,0.4108711132209827,0.5340968245705362,0.5377880184331797,0.5781908302354399,0.685676741130092,0.5417875032955444,0.499273607748184,0.5567491826249417,0.5391325417979161,0.4451889573840793,0.6519516728624535,0.6193593640402151,0.5215027187345527,0.5690531177829099,0.6785340314136126,0.673773987206823,0.4154144449830344,0.6779746835443038,0.5336734693877551,0.4034354688950789,0.6638820638820638,0.4176646706586826,0.6818307140887786,0.724487546837117,0.6336185203824861,0.605062082139446,0.585201188225763,0.594923320994183,0.6050171037628278,0.6356898517673888,0.23112480739599384,0.24132450331125826,0.3254801536491677,0.25319816558049724,0.5933280381254964,0.24271330153683096,0.663682026643372,0.621354656632173,0.5948954656530002,0.5997056659308315,0.5917065390749602,0.2578397212543554,0.2754475020037403,0.6577199043316503,0.6883883078573344,0.31766528925619836,0.642744892613934,0.5741064733816545,0.6399286987522281,0.6723860589812333,0.5812796744291205,0.6486241306319928,0.326007326007326,0.6011220196353436,0.6215749730312837,0.6184598873088275,0.21302083333333333,0.0,0.616710182767624,0.6146685472496474,0.6248812915479582,0.24936601859678784,0.638764193292844,0.6777507434441741
syn_Ni_0035,0.6781395348837209,0.6394083170527491,0.6536342167410129,0.6540979905170468,0.598416026088982,0.6297262059973925,0.6043046357615894,0.634052757793765,0.6184503338053814,0.6407093292212799,0.6142246230024758,0.5657444005270093,0.577263779527559,0.6066798505822896,0.6578421578421578,0.6781496062992126,0.6208727776495035,0.6616161616161617,0.6657694033198743,0.6648206116060679,0.5911292378281927,0.6563538736895934,0.6459510357815442,0.665,0.6532391048292109,0.6076903091712132,0.572139303482587,0.6072810011376564,0.6560999039385207,0.6825539568345323,0.590655154900965,0.5917312661498708,0.6135721017907634,0.7620452310717798,0.6612184249628529,0.6014460009037506,0.7392550143266475,0.6165777993213767,0.5962616822429907,0.6502685284640172,0.1989247311827957,0.6948444031583837,0.69013347291285,0.6912820512820513,0.7050854985565179,0.22007722007722008,0.63160518444666,0.6270228615463652,0.6554809843400448,0.6507862004224361,0.6801026957637998,0.6356628982528263,0.7709176069831808,0.36155606407322655,0.6821888976585109,0.6929678188319428,0.2134020618556701,0.6586073500967118,0.6368816368816369,0.2306106673537748,0.7842474655575773,0.6486215538847118,0.2306910569105691,0.6766205389657683,0.25315729047072333,0.7702702702702703,0.6758423254789694,0.2578102189781022,0.6852791878172588,0.712191148520228,0.26614769619187884,0.7076723016905071,0.6028297119757453,0.616710182767624,0.0,0.7084357084357085,0.7168591224018476,0.6056722116171257,0.18924455825864275,0.2318574796960964
syn_Ni_0036,0.4042341220423412,0.7683444511825349,0.38457175269427113,0.375,0.7215568862275449,0.47211267605633805,0.4938604372566637,0.4568854568854569,0.49806784027479606,0.48474764281752636,0.4478114478114478,0.7264957264957265,0.7263826409102937,0.7463666197843413,0.3713363807475128,0.3537973008732469,0.46465645081562035,0.3621768707482993,0.3707165109034268,0.33660806618407446,0.7548103353490929,0.3756205184776613,0.5200605601816806,0.3764277035236938,0.37222222222222223,0.44332210998877664,0.7249214406574813,0.7226277372262774,0.38179943284351636,0.3961085755464809,0.7306323569668766,0.7299860529986053,0.42106592573882295,0.5009251916468411,0.40101252331468157,0.4363680270466071,0.47988726620548294,0.4470190054673262,0.7404624277456647,0.7711670480549199,0.7304964539007093,0.26386471027107683,0.20644796380090497,0.22157676348547717,0.3181602655286866,0.7066746483088896,0.5084518379393614,0.5360310421286031,0.4612092027822365,0.5296780684104627,0.21606648199445982,0.5525367341280842,0.6038077969174978,0.7189718482252142,0.21843003412969283,0.28081841432225063,0.6840055632823365,0.5876395741365879,0.49440715883668906,0.7424916573971079,0.6254912970241437,0.44993252361673414,0.7162421254450836,0.2389149713093375,0.7017818068146295,0.6031434184675835,0.2866541353383459,0.7121019108280254,0.49767441860465117,0.20011771630370806,0.7188898836168308,0.23595505617977527,0.5377075959705963,0.6146685472496474,0.7084357084357085,0.0,0.2800988875154512,0.5334121821407452,0.7088397790055249,0.7485843714609286
syn_Ni_0037,0.4194788551900897,0.7926860025220681,0.4257095158597663,0.38391186863437954,0.7381818181818182,0.5375859615840645,0.5496754867698452,0.5008787346221442,0.5151173708920188,0.5384975427100398,0.4793782383419689,0.7380895379458942,0.7251461988304093,0.7510642610987229,0.4058367533059736,0.38866396761133604,0.4937407171652875,0.40211883924458774,0.39090909090909093,0.385226019845645,0.7509872241579558,0.420917773119031,0.501511879049676,0.3672103722291928,0.3961530149124703,0.4956275112266604,0.7356369691923397,0.7387481683064685,0.41575010998680156,0.3536231884057971,0.7490740740740741,0.7455315145813735,0.461305663640294,0.5474157303370787,0.4149321266968326,0.46713810316139764,0.5347921225382932,0.4862466725820763,0.7528471044342138,0.787174905697836,0.7389360751005811,0.19197952218430034,0.25481798715203424,0.2559551611396544,0.21637666325486182,0.7295409181636726,0.5402822030040965,0.5677192982456141,0.504199772985244,0.5377988369588628,0.27706336216974514,0.5816565278427702,0.6196101594802126,0.7293771043771043,0.2713363614630648,0.24885296045444613,0.6963866729235101,0.6064630367419213,0.5333490454866839,0.754163734459301,0.6576022700401987,0.4967978042086002,0.7350625289485873,0.23616974005776495,0.7294361096740818,0.6368794326241135,0.1809872029250457,0.7368006304176516,0.5094863489125405,0.27970479704797047,0.7164556962025317,0.27229713744972794,0.5658986175115207,0.6248812915479582,0.7168591224018476,0.2800988875154512,0.0,0.5633489750555692,0.7345463027758339,0.7670874017623244
syn_Ni_0038,0.5088330430455337,0.7365233192004845,0.4827195467422096,0.49662487945998074,0.654037886340977,0.345526167698368,0.33772061023033206,0.3648752892774492,0.3861003861003861,0.36121883656509696,0.34694858241230175,0.6704610130904952,0.6441977266719535,0.6730679156908665,0.47354284179425193,0.5194290245836638,0.3565432098765432,0.4889915737972275,0.4986832655015561,0.518595041322314,0.6935749588138386,0.4914600550964187,0.5074363498865642,0.5091041514930809,0.4788092835519677,0.3649103139013453,0.6503260082105772,0.628099173553719,0.4864795261395828,0.5334773218142549,0.6893628657369428,0.6756756756756757,0.35604340146353775,0.6334829680485873,0.4905509715198296,0.3505428226779252,0.6083951881238802,0.35240572171651496,0.6824480369515011,0.7256515775034293,0.6247704014694306,0.5468322981366459,0.5282485875706214,0.5324675324675324,0.552344860255803,0.6197309417040359,0.20289466630930045,0.20376522702104097,0.2923570283270978,0.24874371859296482,0.5251798561151079,0.20409858764885072,0.6173007246376812,0.6052824651504035,0.5346590909090909,0.5508431272355646,0.5782161711586552,0.27003891050583656,0.2424581005586592,0.6588888888888889,0.6455412226584408,0.28228633054731733,0.628454172366621,0.5169359041167274,0.6266000624414612,0.6293804317353519,0.5370892018779343,0.638676844783715,0.30691445750204976,0.540270429159318,0.6158318425760286,0.5611672278338945,0.19336415556159914,0.24936601859678784,0.6056722116171257,0.5334121821407452,0.5633489750555692,0.0,0.6236203090507726,0.6623303167420814
syn_Ni_0039,0.6913319238900634,0.6406779661016949,0.6656050955414012,0.6561787505699954,0.5967058823529412,0.6492616033755274,0.604021223122033,0.6486551974800097,0.6265306122448979,0.6398128898128899,0.6227272727272727,0.5831556503198294,0.5816960954986322,0.614019520851819,0.6718000504923,0.6936085550857995,0.6273320895522388,0.6737298953280572,0.6684031710079276,0.6710462287104623,0.6030927835051546,0.6633919338159255,0.643281807372176,0.6740876750057379,0.6663493574488338,0.6085128744088282,0.5747887645581183,0.6020220588235294,0.6665857801504489,0.7003405221339387,0.596405648267009,0.5965508230990332,0.6391335396334206,0.7699378881987577,0.6755944931163955,0.6039242527948894,0.7466827503015682,0.6242958608866029,0.6039978390059427,0.6530789245446661,0.16720177821684368,0.7020877316443819,0.7003705664372684,0.7023593466424682,0.7242152466367713,0.20290259559028748,0.6331569664902998,0.6415584415584416,0.6618090452261306,0.6614509246088194,0.6889927310488058,0.645102624058197,0.7864202836269876,0.3792465911717125,0.6966471527408196,0.6989402697495183,0.1785248892363826,0.6628389934033716,0.6521739130434783,0.19801980198019803,0.7912723449001051,0.6605016468203699,0.18263549961469303,0.6943081452404318,0.23917465852949724,0.7787122207621551,0.6878612716763006,0.2235363690124187,0.6946369001796253,0.7214285714285714,0.24076433121019108,0.7185691741188848,0.6189016602809706,0.638764193292844,0.18924455825864275,0.7088397790055249,0.7345463027758339,0.6236203090507726,0.0,0.21091679915209327
syn_Ni_0040,0.7006476373230991,0.6813441483198146,0.6918478260869565,0.6798510935318753,0.67611725132148,0.6517278617710583,0.627254509018036,0.6370388710076752,0.6596009975062345,0.6590425531914894,0.6590909090909091,0.6473799126637555,0.6491228070175439,0.6823529411764706,0.6932610379550735,0.7004830917874396,0.6652380952380952,0.6986158265865762,0.6972498266697481,0.7006464445549477,0.6708860759493671,0.7031746031746032,0.674520281758562,0.6945420473178731,0.6922702965483715,0.6530392684238838,0.6378466557911908,0.676829268292683,0.6786511281924126,0.7224924716238128,0.6595744680851063,0.673174645627173,0.6673960612691466,0.7840995681991364,0.7046327105195802,0.6293364377182771,0.7574562484594528,0.653566958698373,0.6723851687880464,0.6763925729442971,0.18959858621560213,0.7461077844311377,0.7252032520325203,0.7362695675245423,0.7634949679780421,0.2200286123032904,0.673280082452976,0.6783625730994152,0.7070914696813977,0.6963680387409201,0.7114771519659936,0.6756181866524861,0.7844940867279895,0.39655579146025005,0.7193460490463215,0.7312992125984252,0.25206721792477993,0.6823970037453183,0.6959785522788203,0.24,0.7922497308934338,0.712878984192796,0.22207621550591328,0.734704112337011,0.24903071875932,0.7912294861447404,0.7233560090702947,0.27929568913175473,0.7432396954581255,0.759009009009009,0.29078321073128516,0.7571351642434033,0.6681473739221322,0.6777507434441741,0.2318574796960964,0.7485843714609286,0.7670874017623244,0.6623303167420814,0.21091679915209327,0.0
