,syn_Cd_0001,syn_Cd_0002,syn_Cd_0003,syn_Cd_0004,syn_Cd_0005,syn_Cd_0006,syn_Cd_0007,syn_Cd_0008,syn_Cd_0009,syn_Cd_0010,syn_Cd_0011,syn_Cd_0012,syn_Cd_0013,syn_Cd_0014,syn_Cd_0015,syn_Cd_0016,syn_Cd_0017,syn_Cd_0018,syn_Cd_0019,syn_Cd_0020,syn_Cd_0021,syn_Cd_0022,syn_Cd_0023,syn_Cd_0024,syn_Cd_0025,syn_Cd_0026,syn_Cd_0027,syn_Cd_0028,syn_Cd_0029,syn_Cd_0030,syn_Cd_0031,syn_Cd_0032,syn_Cd_0033,syn_Cd_0034,syn_Cd_0035,syn_Cd_0036,syn_Cd_0037,syn_Cd_0038,syn_Cd_0039,syn_Cd_0040,syn_Ni_0001,syn_Ni_0002,syn_Ni_0003,syn_Ni_0004,syn_Ni_0005,syn_Ni_0006,syn_Ni_0007,syn_Ni_0008,syn_Ni_0009,syn_Ni_0010,syn_Ni_0011,syn_Ni_0012,syn_Ni_0013,syn_Ni_0014,syn_Ni_0015,syn_Ni_0016,syn_Ni_0017,syn_Ni_0018,syn_Ni_0019,syn_Ni_0020,syn_Ni_0021,syn_Ni_0022,syn_Ni_0023,syn_Ni_0024,syn_Ni_0025,syn_Ni_0026,syn_Ni_0027,syn_Ni_0028,syn_Ni_0029,syn_Ni_0030,syn_Ni_0031,syn_Ni_0032,syn_Ni_0033,syn_Ni_0034,syn_Ni_0035,syn_Ni_0036,syn_Ni_0037,syn_Ni_0038,syn_Ni_0039,syn_Ni_0040
syn_Cd_0001,0.0,0.7546591177164426,0.25828762222752205,0.4949092518813634,0.4840622683469237,0.25340339144972535,0.46424411833216866,0.7476267654549664,0.7705518662697504,0.4990599540421976,0.5052403324900614,0.7677291821102051,0.7506145251396648,0.4533957845433255,0.503502266172229,0.7385036042754164,0.23853211009174313,0.49104697703812933,0.7606278613472858,0.21393669003611643,0.2376984126984127,0.5241587575496117,0.48677766895200786,0.27844827586206894,0.5234336457819437,0.5136507936507937,0.3335066285417208,0.5084070796460177,0.5266932270916335,0.3028169014084507,0.7543859649122807,0.22831460674157303,0.7540292586164146,0.7512205476544258,0.220810647307925,0.5160421258878276,0.7350172215843858,0.2144075021312873,0.23093971631205673,0.29845842810209755,0.676226593979616,0.6764086976852934,0.874409820585458,0.8571740554706268,0.6680990382647841,0.7585034013605442,0.694670700488713,0.8724981467753892,0.8668548576805457,0.8561924257932446,0.7009596072305289,0.8726245505906522,0.6459854014598541,0.7387185240588382,0.6383134291981477,0.7110453648915187,0.6103726302026585,0.6513545347467609,0.6952799121844128,0.6647646219686163,0.7278850471486304,0.6968783638320775,0.663015614075973,0.7286149519568784,0.737985212569316,0.7003367003367004,0.8704512372634643,0.9007124798896805,0.7141461031028585,0.7037926068170908,0.8652927871324453,0.8874548270521425,0.7260393873085339,0.719990819371127,0.7175194529592077,0.7371027651671481,0.7219669117647058,0.8717586044318718,0.7383623776557651,0.6991544281263907
syn_Cd_0002,0.7546591177164426,0.0,0.7544973544973544,0.6721071863580999,0.8046230049532196,0.7620561738208798,0.804639175257732,0.18791602662570406,0.14972180070814364,0.710562414266118,0.718804920913884,0.1915244909190974,0.19891678975873953,0.7884366087632876,0.7063724386399459,0.253185595567867,0.7604380561259412,0.7115828334102445,0.19741255390512696,0.7480204937121565,0.7752323319645559,0.6987923277291025,0.6709343503132661,0.7681570854033594,0.6797583081570997,0.7040816326530612,0.7483983692486895,0.6932067202337473,0.7091382678532667,0.7547010945832164,0.23648068669527897,0.7498142184790686,0.20994475138121546,0.22615169846440206,0.7514298284205895,0.6610354223433242,0.1872146118721461,0.7709745267585885,0.7628689924371798,0.7522573363431151,0.8045191802417236,0.8022774327122153,0.8168977243002877,0.7839654344695152,0.8100134108180599,0.8671347556035647,0.8599382080329557,0.8079251513483764,0.8066701406982804,0.8105865522174535,0.8190757128810227,0.8069520252800919,0.8650143837132109,0.8854919399666481,0.8092140921409214,0.8040076859730991,0.850095785440613,0.7948851774530271,0.8295509415741188,0.8723965199050884,0.8614204404850284,0.8449905482041588,0.8086642599277978,0.8671510119356513,0.870242656449553,0.805607476635514,0.8118091129684551,0.80802437785678,0.8282608695652174,0.8593125499600319,0.8194054963544588,0.820283155157469,0.8604763050276641,0.8549695740365112,0.8683385579937304,0.8732235506429055,0.8121350596598121,0.8036040741708018,0.8808262711864406,0.8549375153148738
syn_Cd_0003,0.25828762222752205,0.7544973544973544,0.0,0.49741315594974134,0.4899665551839465,0.25053648068669526,0.4569640062597809,0.7419689119170985,0.77021494370522,0.5175600739371534,0.538128078817734,0.7647714604236343,0.7465139442231076,0.45053791655733405,0.506712172923777,0.7306397306397306,0.2649296748904773,0.5004664179104478,0.7587209302325582,0.2763653483992467,0.297969875573019,0.5336365812784295,0.472,0.32073666586940924,0.5109874826147427,0.5349273323956868,0.2886658795749705,0.5158827874907658,0.5514141635606227,0.2669889110036963,0.7516254876462939,0.23527937860185416,0.7560156687185227,0.7530573847601129,0.2657777777777778,0.5077262693156733,0.7392197125256673,0.24403496338294353,0.2593140883296324,0.24871355060034306,0.6877659574468085,0.6883184913567313,0.8586179507545671,0.8553398058252427,0.6933152664859982,0.7511621547716708,0.6920270974465867,0.8534002229654404,0.8633966244725738,0.8451725137721079,0.6951765290900049,0.8550218340611354,0.6923764811088755,0.723536036036036,0.6481888035126235,0.6791770920211287,0.6256658595641647,0.6666666666666666,0.6845703125,0.6647985054710435,0.7106382978723405,0.6975633062589585,0.6607515657620042,0.7221638655462185,0.7342982682863789,0.6939713436063801,0.8667758667758668,0.894655704008222,0.6813428728673638,0.6940922578904775,0.8522727272727273,0.8793557833089312,0.7095597178302117,0.7080554130323242,0.713379164463247,0.7250968771369957,0.7102491651682507,0.8673010837959292,0.731367292225201,0.7030978934324659
syn_Cd_0004,0.4949092518813634,0.6721071863580999,0.49741315594974134,0.0,0.6391515461282903,0.4986429805082655,0.6273142582351526,0.65973715651135,0.6966690290574061,0.22157747689662582,0.26851851851851855,0.6912854587273192,0.6664363049988482,0.6131528046421664,0.2245762711864407,0.6430959115453844,0.48090948090948094,0.20312161283329722,0.6694363350550191,0.4716816094467527,0.5132490827558092,0.24211461572634385,0.23949367088607595,0.4758100310696849,0.23112244897959183,0.20453060335438902,0.5292216536493402,0.20702234382124943,0.22963569381907492,0.5174388339406559,0.666734156711885,0.4717330861909175,0.6947935368043088,0.6438715315708979,0.45284974093264246,0.2063813623702203,0.6531627576403696,0.4901272487933304,0.49474645957058017,0.5066701543290609,0.7145654834761322,0.7171132029930002,0.8732325694783033,0.8650168728908887,0.7147065011571639,0.8181818181818182,0.7727600288253663,0.8676207513416816,0.8761233908185572,0.8590355060943297,0.7515527950310559,0.8654255319148936,0.779491454772822,0.8096466339953572,0.6961451247165533,0.7327893931667516,0.7369248035914703,0.7032352225735831,0.7493779687853427,0.7598231827111984,0.7944444444444444,0.7871868765240523,0.706519124368535,0.8045003629324946,0.8087744396757273,0.7410536779324056,0.8796389167502507,0.8875978183542803,0.7549886334933064,0.7906746031746031,0.8652795838751626,0.8823529411764706,0.7899008115419297,0.7887757518351882,0.7979060141222304,0.8136672325976231,0.7643432906590801,0.8719571567672834,0.7997533908754624,0.7821100917431193
syn_Cd_0005,0.4840622683469237,0.8046230049532196,0.4899665551839465,0.6391515461282903,0.0,0.4768285873813512,0.2272234273318872,0.8082929456112009,0.8229665071770335,0.6614060258249641,0.6684925948468249,0.8297501452643812,0.8077519379844961,0.2834924965893588,0.638503177218169,0.7928613224107666,0.5075161059413028,0.637856108160309,0.8061275740833752,0.5202340321794247,0.5219842164599775,0.6700570578020343,0.6211555044553032,0.5201982651796778,0.6578718469121484,0.6533980582524271,0.4626773596545342,0.6556832694763729,0.6801812004530011,0.4612874517947197,0.8111011638316921,0.506892067620286,0.8138856476079347,0.8110082805650268,0.5181442351860358,0.6705002875215641,0.7946666666666666,0.4812821140200636,0.49219349884822117,0.4701670644391408,0.7144438295517432,0.7020697167755992,0.862847700358028,0.8545546049320584,0.7188229799159271,0.7402449444602678,0.4989165763813651,0.8541545613015689,0.8524410312671421,0.8322736905843173,0.7342621259029928,0.8473700212830647,0.5220707187427779,0.7116852613035819,0.6935391652372784,0.7166038829324833,0.5401606425702812,0.7,0.730632911392405,0.46959178006109414,0.7178487918939984,0.7049504950495049,0.6988605534454694,0.7209175314036046,0.7416062315337094,0.7258654658035463,0.8595393801535399,0.8916177255739456,0.7259174311926605,0.7090704858185903,0.8441019561351512,0.8684613031508106,0.712484237074401,0.7020255863539445,0.7079207920792079,0.7311954727658571,0.7512676808113157,0.8625240582897993,0.7181919642857143,0.695551555669838
syn_Cd_0006,0.25340339144972535,0.7620561738208798,0.25053648068669526,0.4986429805082655,0.4768285873813512,0.0,0.4425287356321839,0.7560975609756098,0.7749871860584315,0.5136510874595095,0.541921483527323,0.785036292573981,0.7640897755610973,0.4354796320630749,0.5046707678286626,0.7521079258010118,0.2523666589702147,0.492760392340028,0.7666181465308103,0.272984441301273,0.2974863387978142,0.5185806760968593,0.49709864603481624,0.30922155688622754,0.5291167456115909,0.5211267605633803,0.2749852158486103,0.5230579531442663,0.5407244785949507,0.2446596411278838,0.7604166666666666,0.2316185696361355,0.7589686098654709,0.7626000942063118,0.2705829995549622,0.5152017689331122,0.7429305912596401,0.2344452330257866,0.26464047442550037,0.24455899198167239,0.6766116142781033,0.6731374606505771,0.8843808008485813,0.8629071463296062,0.683853459972863,0.7513010134209805,0.6936325678496869,0.8710217755443886,0.8674062334918119,0.8571013650885856,0.6997011952191236,0.8710994459025955,0.6803223640026864,0.7241962774957699,0.6470588235294118,0.6819827346143136,0.6134820562560621,0.647089947089947,0.6816625916870416,0.6546377973803795,0.7372775131611933,0.7033492822966507,0.6529012023000522,0.728563913729616,0.7380274398136164,0.6896831844029244,0.8764014219305442,0.9104477611940298,0.697353914002205,0.7027830316130775,0.8639726807057484,0.8867703138750367,0.7222898903775883,0.7209660842754368,0.7192796610169492,0.7375028532298562,0.7211216876768716,0.86761980407731,0.7320085929108485,0.7046413502109705
syn_Cd_0007,0.46424411833216866,0.804639175257732,0.4569640062597809,0.6273142582351526,0.2272234273318872,0.4425287356321839,0.0,0.794949494949495,0.811377245508982,0.6513098464317977,0.6541062801932367,0.8275488069414316,0.7964042759961127,0.2360010227563283,0.6253615127919911,0.7832969432314411,0.4649537976109984,0.6294439380127621,0.8013245033112583,0.4733210671573137,0.47318948942533645,0.6483516483516484,0.6102013422818792,0.4945106283578603,0.6481732070365359,0.6449839670178653,0.4363532110091743,0.6371064647921173,0.6498605449474362,0.44650262648603817,0.8018667798048367,0.47298948912246397,0.8111050626020686,0.8010110294117647,0.4791304347826087,0.6433941997851772,0.7937937937937938,0.44472651742441727,0.468336142547556,0.43635352973874375,0.7072538860103627,0.7008677896886166,0.8694867165334021,0.8611374407582938,0.700530035335689,0.7444769763108864,0.4936515997968512,0.8644251626898047,0.8561151079136691,0.8467173851789236,0.7147016011644832,0.8568599717114569,0.5228515197900722,0.7097480832420592,0.6688034188034188,0.7019204760616716,0.5073286052009456,0.6860524961399898,0.7116301239275501,0.46971666233428644,0.7128205128205128,0.705552963135791,0.6861648016276704,0.7328556806550666,0.7430083144368859,0.7083443011318769,0.8612808929045974,0.9028056112224448,0.7171933583288699,0.7021276595744681,0.856353591160221,0.8816500711237554,0.7131322726193303,0.704352176088044,0.7099433281813499,0.7343436594606642,0.7380415727523165,0.8645377285603915,0.7169712793733681,0.6957678355501814
syn_Cd_0008,0.7476267654549664,0.18791602662570406,0.7419689119170985,0.65973715651135,0.8082929456112009,0.7560975609756098,0.794949494949495,0.0,0.1819533961328706,0.691513246519982,0.7062103441645837,0.24178782983306407,0.18058908739739257,0.7851155702311404,0.6819287768192878,0.27371273712737126,0.7477033385615057,0.6905301314000907,0.18335684062059238,0.7407407407407407,0.7739536859995751,0.6806878921682548,0.6406291655558518,0.7761783143719526,0.667293738242408,0.6989981785063752,0.7319294251565168,0.6761404346787676,0.7072754427138895,0.7359319242382651,0.2210970464135021,0.7391304347826086,0.23567567567567568,0.19506624029237093,0.7427583225248595,0.6496,0.20437593237195426,0.7568249598531773,0.7458722182340273,0.7522075055187638,0.7967061245496655,0.7971602434077079,0.8011785805790418,0.7715496938294866,0.8010540184453228,0.8583135077980438,0.8647830474268415,0.8018309100700054,0.8019397651863196,0.8008391608391608,0.817261330761813,0.7899466442010671,0.8717112415742553,0.8760195758564437,0.7957559681697612,0.8001611603545528,0.8519736842105263,0.7919222903885481,0.8299384178114637,0.8683191324554609,0.8534336326134433,0.8385899814471243,0.7988883274381,0.8596847991865786,0.8618272841051314,0.8044444444444444,0.7994193718659277,0.8078646092583375,0.8297872340425532,0.8523349856509261,0.8113000548546352,0.8113527252188647,0.8531980174651876,0.8429423459244533,0.8623336745138178,0.8626191003766895,0.819855685493904,0.7963673573804042,0.8698132780082988,0.847632780581591
syn_Cd_0009,0.7705518662697504,0.14972180070814364,0.77021494370522,0.6966690290574061,0.8229665071770335,0.7749871860584315,0.811377245508982,0.1819533961328706,0.0,0.7370057752110173,0.7348066298342542,0.18660287081339713,0.14940334128878283,0.8117942283563363,0.7185379732983147,0.2675227394328518,0.7756594990024385,0.7333034513671,0.15806601580660157,0.7634554500226142,0.7939011566771819,0.7177660307975178,0.6967623058699658,0.7846153846153846,0.7129211992570974,0.722972972972973,0.7608085345311623,0.7180637544273908,0.742766631467793,0.760498509888919,0.19047619047619047,0.7589435774309724,0.18356456776947705,0.17668323542702213,0.7642276422764228,0.693522906793049,0.18624078624078624,0.7808032675289313,0.7653181925715637,0.7603485838779956,0.8312150482968989,0.8351703406813628,0.8349784864591243,0.8029809035863996,0.8392003476749239,0.892456277734273,0.8823529411764706,0.8282828282828283,0.8240040342914775,0.833287330941209,0.844137273593899,0.827653089498476,0.8820744566386917,0.8985507246376812,0.8334206390780513,0.8334659241580482,0.8736059479553904,0.8267676767676768,0.8440281030444965,0.8872736546799286,0.8786279683377308,0.8660550458715597,0.8422366450324513,0.8854846810647916,0.887212465990601,0.8342370255615802,0.8300755798801147,0.8312838170191835,0.842436974789916,0.8758052048441124,0.8456957227937195,0.8417386458623572,0.8772462077012836,0.8767190569744597,0.8882709807886754,0.8890594167945626,0.8509958200147529,0.8236037402072277,0.891905737704918,0.8759800427655025
syn_Cd_0010,0.4990599540421976,0.710562414266118,0.5175600739371534,0.22157747689662582,0.6614060258249641,0.5136510874595095,0.6513098464317977,0.691513246519982,0.7370057752110173,0.0,0.21432351384723938,0.7235772357723578,0.7119305856832971,0.6390465380249716,0.20585287632792143,0.6868686868686869,0.5116609207057392,0.20032773453502664,0.7035154595510377,0.49566294919454773,0.5389371980676328,0.22909243345210648,0.2789760606778858,0.5267015706806283,0.26187634280257815,0.21810699588477367,0.5534907081868408,0.21718582169709988,0.23336566440349177,0.5485283386037461,0.695852534562212,0.5057797164667394,0.7384836852207294,0.6822121337185307,0.4958775029446408,0.267425320056899,0.6890868596881959,0.5119121607623783,0.5386270712287498,0.544477028347996,0.7367937528709233,0.7475067996373527,0.8901853122855182,0.8812049215103945,0.733174034249303,0.8231004469536579,0.7833935018050542,0.8790052606408417,0.8869129046967624,0.8812762799901064,0.779896013864818,0.8848349466368826,0.7900138148806,0.8229618909792571,0.732420953279849,0.7551896921975663,0.7396274343776461,0.7292237442922375,0.7735607675906183,0.7820778622437227,0.8134669862715188,0.7920502092050209,0.7230004518752824,0.8209904588823262,0.8180596011651355,0.7679944095038435,0.8961710124500822,0.8907712884529648,0.7842951750236519,0.8098116717042548,0.879436071949441,0.8947368421052632,0.8087141339001063,0.8067675868210151,0.8144424131627057,0.8181088134912669,0.7682193002005795,0.8898789124971441,0.8191489361702128,0.8034132642039318
syn_Cd_0011,0.5052403324900614,0.718804920913884,0.538128078817734,0.26851851851851855,0.6684925948468249,0.541921483527323,0.6541062801932367,0.7062103441645837,0.7348066298342542,0.21432351384723938,0.0,0.7342260093325218,0.7147657270860557,0.656055900621118,0.21617852161785217,0.7051987767584098,0.48960901725959843,0.23503286551785396,0.7063448528067289,0.4764716407228485,0.49442755825734547,0.2656759695541863,0.35602094240837695,0.492212966316552,0.34764991896272285,0.2413055109684323,0.5762317614717699,0.26101443909663086,0.22161978990172823,0.5706051873198847,0.6960537363560033,0.495873968492123,0.74323499491353,0.6792419095297694,0.4565998972778634,0.34984894259818733,0.6921901852205461,0.4930032292787944,0.5261401557285873,0.5589997933457326,0.728680650852774,0.7363830199651095,0.870652598671356,0.854971616919978,0.719188767550702,0.8379351740696278,0.8103881058119328,0.8721850273889227,0.8760958503798948,0.8634655532359081,0.7710236807756853,0.8706030150753769,0.762297901616787,0.8295524218271,0.7175526579739218,0.7626569461320373,0.7506854322792909,0.7281061049346597,0.7623689534669855,0.7818396226415094,0.8047226386806596,0.7803510041613896,0.7204716798762807,0.8135560302971451,0.8218809980806142,0.7662698412698413,0.872501998401279,0.8861073953755016,0.7889447236180904,0.8066561014263075,0.8728656655009257,0.8826745164003365,0.7960381511371973,0.8026340904752816,0.813780987702518,0.8128491620111732,0.7894535727932748,0.8692427790788446,0.8205482153421416,0.7868303571428571
syn_Cd_0012,0.7677291821102051,0.1915244909190974,0.7647714604236343,0.6912854587273192,0.8297501452643812,0.785036292573981,0.8275488069414316,0.24178782983306407,0.18660287081339713,0.7235772357723578,0.7342260093325218,0.0,0.1896640826873385,0.8144611186903138,0.7236996940456578,0.29315389116442364,0.7695060844667144,0.7291163689039112,0.2179809141135108,0.7586543149683082,0.7988726042841037,0.7191763830315059,0.6763437769473987,0.7848822800495663,0.6944041751232242,0.7266990291262136,0.757557063541024,0.7154533844189016,0.734088335220838,0.7614951053099971,0.27618621307072516,0.7565669700910274,0.16511085180863477,0.24792985874330248,0.7597611391823611,0.6756756756756757,0.21973333333333334,0.7793002202104233,0.7727156385973893,0.7571599045346062,0.819590481460985,0.8273420479302832,0.8154778297989534,0.7790639154504277,0.828584773470341,0.8735403019082882,0.8873239436619719,0.810575246949448,0.8151398793198025,0.8147138964577657,0.8441692466460269,0.7993311036789298,0.8987751328865264,0.8978273634762184,0.8204688393367638,0.8296146044624746,0.8714859437751004,0.8186813186813187,0.8551898734177216,0.8939183560122188,0.8726942062873474,0.8628712871287129,0.8263700488334238,0.8831239759694156,0.884501745903841,0.8322544328736279,0.8094967301677566,0.805125467164976,0.8503440366972477,0.868014602639708,0.8251333728512151,0.8164576323034567,0.8698612862547289,0.8678038379530917,0.8767876787678768,0.8854043857580759,0.8382706164931946,0.8003849326367886,0.8844866071428571,0.871432244793006
syn_Cd_0013,0.7506145251396648,0.19891678975873953,0.7465139442231076,0.6664363049988482,0.8077519379844961,0.7640897755610973,0.7964042759961127,0.18058908739739257,0.14940334128878283,0.7119305856832971,0.7147657270860557,0.1896640826873385,0.0,0.7947715612020523,0.7006628180457558,0.2787311492459698,0.7492963844988093,0.7085339168490153,0.1528344671201814,0.7368653421633554,0.775035986016862,0.695447409733124,0.6585615561812133,0.7719023078646651,0.6719112716017539,0.7154793315743184,0.7422343324250681,0.6854708726686622,0.7204212265124923,0.7415109239273493,0.19321895424836602,0.7327404633746782,0.1950207468879668,0.1799735333039259,0.7381848598912589,0.663594470046083,0.18286261369076112,0.7559246954595792,0.7587081891580162,0.735978835978836,0.8337456704601682,0.8370731707317073,0.8319783197831978,0.8023625624716039,0.8360934182590234,0.8816958618938817,0.8776699029126214,0.8325581395348837,0.8114874815905744,0.8284642187081211,0.8522304832713755,0.8245897228948076,0.8788643533123028,0.881585811163276,0.8380030565461029,0.842742974993555,0.85675430643699,0.8269419862340216,0.8647784376427593,0.8763961280714817,0.8798223053542202,0.868845120859445,0.8385999027710258,0.887041564792176,0.8862924596482775,0.841748304446119,0.8271229404309253,0.836607570675611,0.8682328907048008,0.8766608172474304,0.8311415044713308,0.8377062483094401,0.8725244707489187,0.8746411483253589,0.8789370078740157,0.8899121867637609,0.8548502994011976,0.820910209102091,0.8893320039880359,0.8758397034977994
syn_Cd_0014,0.4533957845433255,0.7884366087632876,0.45053791655733405,0.6131528046421664,0.2834924965893588,0.4354796320630749,0.2360010227563283,0.7851155702311404,0.8117942283563363,0.6390465380249716,0.656055900621118,0.8144611186903138,0.7947715612020523,0.0,0.6167262969588551,0.7791815435319968,0.46443135478024467,0.6261168384879725,0.7840665873959572,0.473757225433526,0.4959209961356805,0.6440996708979784,0.6094003241491086,0.49882573978393613,0.6328976034858388,0.6500115127791849,0.4406926406926407,0.6350894151764137,0.6507115135834411,0.454646633277685,0.7966318482199958,0.4665683382497542,0.7912900575184881,0.7939477939477939,0.48874808826742405,0.6509051607673602,0.7790083060659452,0.4464037122969838,0.46779661016949153,0.4427972027972028,0.7018504039614282,0.686777920410783,0.8661131292163985,0.8465570645699309,0.7061043285238624,0.7493304767005892,0.4641123882503193,0.8641200545702592,0.8542258981649005,0.8445830969937607,0.7121249085142718,0.8496583143507973,0.4997802197802198,0.7139707908514742,0.6699811878527278,0.7093086554164398,0.5165200855716663,0.690913797566658,0.7148334531512102,0.4398535564853556,0.7175834970530451,0.7058409570724842,0.6745970836531082,0.7343629343629343,0.7455651292448049,0.7007415254237288,0.8572192513368984,0.8951877047115142,0.7165184586364861,0.7140591966173362,0.8465387823185988,0.8739977090492554,0.7144221585482331,0.7127044025157233,0.7159885980824048,0.7370071684587813,0.7279596977329975,0.8626943005181347,0.7236669293406882,0.6906614785992218
syn_Cd_0015,0.503502266172229,0.7063724386399459,0.506712172923777,0.2245762711864407,0.638503177218169,0.5046707678286626,0.6253615127919911,0.6819287768192878,0.7185379732983147,0.20585287632792143,0.21617852161785217,0.7236996940456578,0.7006628180457558,0.6167262969588551,0.0,0.6818934911242603,0.4721888755502201,0.2050919377652051,0.6972228022551681,0.4740272968017926,0.4937046928653186,0.1818933443571724,0.3028464769015399,0.4853366377529946,0.2908834586466165,0.22427440633245382,0.5317362311681897,0.22617534942820838,0.2075833014170816,0.5189085686931546,0.68,0.4759243336199484,0.7378984651711924,0.6682271524526766,0.46483239682232125,0.2802800466744457,0.6752249286811499,0.4953003677973028,0.4963937208315656,0.5143063236354893,0.6941868355575661,0.7079705291359678,0.8598467778278504,0.8485672453461619,0.6962075063863234,0.8179712830013895,0.7835074460991331,0.8503177218168981,0.8580732090725354,0.8472019464720195,0.7416186205423874,0.85595703125,0.7717179587066615,0.809162117256112,0.6966318234610918,0.7247534053546266,0.7357545397620538,0.69417584888689,0.7435358419171747,0.7472776769509982,0.7942439862542955,0.7685166082112647,0.6973069218784776,0.7981651376146789,0.8061810154525386,0.7440366972477064,0.8598519888991675,0.8783219855040633,0.7504074505238649,0.7907509157509157,0.853145180578809,0.8680078508341511,0.7866722548197821,0.785479271770125,0.7974341661039838,0.8026941362916006,0.7624066754501537,0.86003600360036,0.8032338874971533,0.780664395229983
syn_Cd_0016,0.7385036042754164,0.253185595567867,0.7306397306397306,0.6430959115453844,0.7928613224107666,0.7521079258010118,0.7832969432314411,0.27371273712737126,0.2675227394328518,0.6868686868686869,0.7051987767584098,0.29315389116442364,0.2787311492459698,0.7791815435319968,0.6818934911242603,0.0,0.738420926325894,0.690626517727052,0.30874178878221326,0.7327121137812653,0.7673996826116527,0.6700773646119291,0.6306801736613603,0.7581650461231613,0.6543065693430657,0.689453125,0.7215661901802362,0.6730917501927525,0.705306308358005,0.7203465790259934,0.3217821782178218,0.7231091337346245,0.299647473560517,0.29887310142087214,0.7297921478060047,0.6305732484076433,0.27053140096618356,0.737632291410288,0.7357713108421323,0.7229567307692307,0.8178272980501393,0.8273026315789473,0.8170224563349043,0.7837974683544304,0.8294974166275246,0.8801261829652997,0.8696837513631407,0.8086600351082505,0.7934842628382109,0.8096980786825252,0.839563862928349,0.8125574272588055,0.8619567743434813,0.8704908338261383,0.8278641335636154,0.8208345491683688,0.8631313131313131,0.8174778761061947,0.8512480896586857,0.8691641039977634,0.8630065359477124,0.8595617529880478,0.8312397596941562,0.8752061572292469,0.8799675587996756,0.8260130348540663,0.8076152304609219,0.8189145620634067,0.8464203233256351,0.8625954198473282,0.813134328358209,0.8175654853620955,0.8650088809946714,0.869098712446352,0.8682170542635659,0.8823808394593313,0.8474348643567016,0.7979518405756989,0.8769662921348315,0.8664941785252264
syn_Cd_0017,0.23853211009174313,0.7604380561259412,0.2649296748904773,0.48090948090948094,0.5075161059413028,0.2523666589702147,0.4649537976109984,0.7477033385615057,0.7756594990024385,0.5116609207057392,0.48960901725959843,0.7695060844667144,0.7492963844988093,0.46443135478024467,0.4721888755502201,0.738420926325894,0.0,0.47740748313228376,0.7628408370323398,0.2240775097917955,0.21373456790123457,0.5205020920502093,0.49290444654683063,0.25668896321070234,0.5278704144830871,0.5079071677962621,0.32748684540215484,0.5064322469982847,0.5220759101471727,0.30097087378640774,0.7542649032010734,0.21767522855899,0.7610725401005506,0.7466529351184346,0.21066039584558102,0.5178613674000473,0.7430540120026673,0.22167080231596362,0.24097938144329897,0.2928554011216776,0.6607838643135457,0.6679484279574757,0.863013698630137,0.8458606817700614,0.6469886702444841,0.7417840375586855,0.6942130150866922,0.8587449296110713,0.8580204778156997,0.8509378084896347,0.6756756756756757,0.8588410104011887,0.6717888100866825,0.714560770156438,0.6232634801036026,0.6852380952380952,0.6154658778787239,0.6390977443609023,0.6726963183656097,0.6652873563218391,0.7050891692040018,0.6788473585299645,0.6459977452085682,0.7021083654500113,0.7276386404293381,0.6857275685727569,0.8588842006563525,0.889210233592881,0.7040358744394619,0.6853828306264501,0.8559301479505215,0.8760577401692384,0.7013152312261349,0.6978449233503666,0.7062713797035348,0.7170340681362726,0.7050711743772242,0.8613771089831281,0.7258250634664205,0.6830530401034929
syn_Cd_0018,0.49104697703812933,0.7115828334102445,0.5004664179104478,0.20312161283329722,0.637856108160309,0.492760392340028,0.6294439380127621,0.6905301314000907,0.7333034513671,0.20032773453502664,0.23503286551785396,0.7291163689039112,0.7085339168490153,0.6261168384879725,0.2050919377652051,0.690626517727052,0.47740748313228376,0.0,0.7065356685177274,0.4627238650562266,0.5080817916260955,0.2339885859226379,0.28212491026561376,0.4825765575501584,0.2590985779705953,0.1966804979253112,0.5220700152207002,0.19133261105092092,0.19882697947214076,0.5357406042741342,0.690015479876161,0.46578657865786577,0.7369186046511628,0.6712442779858511,0.4515235457063712,0.2647199617041647,0.6844943820224719,0.4773344474618759,0.49989146950293034,0.5197433366238894,0.6986555401019935,0.7086001829826166,0.856384206880628,0.8502353444587077,0.700120433560819,0.8047969603419616,0.7868852459016393,0.8512795750845003,0.8628624022089277,0.8466150387209593,0.7333916083916084,0.8540987716219604,0.7799880644519595,0.7939600584510472,0.6836588851834207,0.715249337509034,0.7331340734415029,0.695852534562212,0.7329032258064516,0.7498256219483841,0.7806111233238074,0.7632911392405063,0.689922480620155,0.7858780375974324,0.7942572914311553,0.7347754526216788,0.8567702157932179,0.8753936122357175,0.7507163323782235,0.768598920441211,0.852233676975945,0.8699924414210128,0.7796355841371918,0.7713387241689128,0.7781365313653137,0.7915401740538353,0.7530919721160333,0.8593497809545769,0.7861811391223156,0.7694486816299847
syn_Cd_0019,0.7606278613472858,0.19741255390512696,0.7587209302325582,0.6694363350550191,0.8061275740833752,0.7666181465308103,0.8013245033112583,0.18335684062059238,0.15806601580660157,0.7035154595510377,0.7063448528067289,0.2179809141135108,0.1528344671201814,0.7840665873959572,0.6972228022551681,0.30874178878221326,0.7628408370323398,0.7065356685177274,0.0,0.7626023265833692,0.7817085427135678,0.6897834171953621,0.6650908186115949,0.7818579234972678,0.6811230884933567,0.7030042918454935,0.7593865679534638,0.689337822671156,0.7170534813319879,0.7463564305804142,0.16094249201277955,0.752793614595211,0.19556451612903225,0.18596642272922945,0.7552104617899469,0.6665007466401195,0.18834498834498833,0.7722066133563864,0.7620868000899483,0.7553956834532374,0.8151179585941262,0.818613485280152,0.8283385279309519,0.7922020381036774,0.8199917046868519,0.8785485065415947,0.8681474480151229,0.8146659969864389,0.8155757286192069,0.8136872235232891,0.8328804347826086,0.8124836772003134,0.8639819190466407,0.8834262544348708,0.821198613174839,0.8185918316211476,0.8580901856763926,0.8105263157894737,0.8427616926503341,0.8705626660226998,0.8601048074732285,0.8467248908296944,0.828679602460956,0.8738695859114707,0.8752052545155994,0.8167603225018324,0.8151343357160463,0.8245450303313112,0.8321747765640516,0.8585710802243355,0.8272866632600919,0.8272512470464689,0.8566037735849057,0.8522833178005592,0.8687739463601533,0.8707383392595691,0.8329834383018427,0.8103902322240842,0.8695441319107663,0.8532400090313841
syn_Cd_0020,0.21393669003611643,0.7480204937121565,0.2763653483992467,0.4716816094467527,0.5202340321794247,0.272984441301273,0.4733210671573137,0.7407407407407407,0.7634554500226142,0.49566294919454773,0.4764716407228485,0.7586543149683082,0.7368653421633554,0.473757225433526,0.4740272968017926,0.7327121137812653,0.2240775097917955,0.4627238650562266,0.7626023265833692,0.0,0.22865554465161925,0.5071413344702622,0.46653781106547476,0.2583599574014909,0.49476758335361404,0.49539748953974894,0.32803690415171705,0.4972677595628415,0.49320197044334974,0.31232944678739766,0.7476599063962559,0.23018867924528302,0.7504892367906066,0.7368862778010911,0.20023932987634624,0.48090865152247464,0.7337868480725623,0.21718980408679167,0.24195314210641558,0.3000997008973081,0.683668694431446,0.6892890120036934,0.8690281985551154,0.8571428571428571,0.6770538243626062,0.7746343802445457,0.7210477941176471,0.8698196001950268,0.869019972131909,0.8551602321473631,0.7107583774250441,0.8673081792858952,0.6703428915179467,0.7520905066404329,0.6503126503126503,0.717343711992216,0.6304909560723514,0.6544186046511627,0.7023861171366594,0.6831729640929359,0.741406076735418,0.711063829787234,0.660377358490566,0.7329939842665433,0.7691079169518594,0.7194398291004035,0.8659324874311707,0.8928733545165684,0.740115718418515,0.728500355366027,0.8691125433812593,0.883430898447442,0.7340540540540541,0.7384406165004533,0.7411545623836127,0.7478065700877372,0.7326979804855911,0.8706074005119852,0.760603204524034,0.7071883930534183
syn_Cd_0021,0.2376984126984127,0.7752323319645559,0.297969875573019,0.5132490827558092,0.5219842164599775,0.2974863387978142,0.47318948942533645,0.7739536859995751,0.7939011566771819,0.5389371980676328,0.49442755825734547,0.7988726042841037,0.775035986016862,0.4959209961356805,0.4937046928653186,0.7673996826116527,0.21373456790123457,0.5080817916260955,0.7817085427135678,0.22865554465161925,0.0,0.5501592356687898,0.5344364937388193,0.26412092283214,0.5628095452498875,0.5204380989634265,0.3855962219598583,0.5419722901385493,0.5310650887573964,0.34417965169569203,0.7714704266617836,0.2513435303844564,0.7882831938475457,0.774465581486566,0.20441368991958106,0.5405949452024156,0.767235926628716,0.22125984251968503,0.2522448979591837,0.3367088607594937,0.6414152376817885,0.6634512325830654,0.8650519031141869,0.8530299979867123,0.635260663507109,0.7486678507992895,0.6922091782283885,0.8656144306651635,0.8706617805561544,0.8533519553072626,0.6754980488806737,0.8640822045773003,0.6718045112781955,0.7272107297112981,0.6179024716098864,0.6746174617461747,0.6045810729355033,0.6382473559248867,0.6678130689864454,0.65302568567697,0.7071458075175547,0.6832902841247764,0.638811711904253,0.7074113856068743,0.731128074639525,0.6858776946766388,0.8620842572062084,0.8911162692551171,0.6987279625083687,0.7000439174352218,0.8648958094801924,0.8789300797747537,0.7067365873336022,0.7112750263435195,0.710952689565781,0.7191440580817731,0.7021097046413503,0.865658747300216,0.7303910858641032,0.6849651782056534
syn_Cd_0022,0.5241587575496117,0.6987923277291025,0.5336365812784295,0.24211461572634385,0.6700570578020343,0.5185806760968593,0.6483516483516484,0.6806878921682548,0.7177660307975178,0.22909243345210648,0.2656759695541863,0.7191763830315059,0.695447409733124,0.6440996708979784,0.1818933443571724,0.6700773646119291,0.5205020920502093,0.2339885859226379,0.6897834171953621,0.5071413344702622,0.5501592356687898,0.0,0.32694198623402165,0.518598615916955,0.29370975730559684,0.2423019749416012,0.5646045418950666,0.2571047957371226,0.24060751398880895,0.5611111111111111,0.6768835277832708,0.5182679296346414,0.7236743838685586,0.6685835995740149,0.505563423022456,0.29136955987214164,0.6676653606821848,0.5282292557741659,0.520017793594306,0.5473230144633342,0.7320961218177492,0.7479464914339357,0.8772511848341232,0.8755204909051063,0.7388626565386984,0.8351219512195122,0.797243634664798,0.8749689903249814,0.8791027154663519,0.8710174717368961,0.7849944008958567,0.8777720474471377,0.7945484133441822,0.8227784730913642,0.7372155615365794,0.7584158415841584,0.7629564837087252,0.7309056514542445,0.7788059043842256,0.7785202863961814,0.8134294727354664,0.7926117952041478,0.7338011695906432,0.8174547165372853,0.8228200371057514,0.7653307580878802,0.8845591816853385,0.9026528258362169,0.7831739023792004,0.8081927710843374,0.8687862730254857,0.8911353032659409,0.8036890645586298,0.8037318590186593,0.8068639053254438,0.8281573498964804,0.7924354243542435,0.8840511121628017,0.8183560987299305,0.7985707905314873
syn_Cd_0023,0.48677766895200786,0.6709343503132661,0.472,0.23949367088607595,0.6211555044553032,0.49709864603481624,0.6102013422818792,0.6406291655558518,0.6967623058699658,0.2789760606778858,0.35602094240837695,0.6763437769473987,0.6585615561812133,0.6094003241491086,0.3028464769015399,0.6306801736613603,0.49290444654683063,0.28212491026561376,0.6650908186115949,0.46653781106547476,0.5344364937388193,0.32694198623402165,0.0,0.4901768172888016,0.18760757314974183,0.28073129660813084,0.4833790789874962,0.26720647773279355,0.31491464510332434,0.48063380281690143,0.6652608213096559,0.452344152498712,0.6958152958152958,0.6364952932657495,0.47346845820997496,0.2193456614509246,0.6524953789279113,0.4801163918525703,0.49594320486815413,0.47359102980230156,0.6937825253355245,0.6915610676732273,0.85659760087241,0.8454250810271753,0.7078027321139153,0.8105975197294251,0.7704478412443014,0.8505317620005749,0.8522943252783057,0.8431137724550898,0.7270636340403782,0.8472639807576668,0.7795600366636114,0.7955271565495208,0.6837340876944837,0.7144495412844036,0.7324048744093509,0.6856132716888768,0.7356408327062954,0.7509620670698186,0.7889861039629439,0.7733627667402502,0.6819769003491808,0.7999459313327927,0.7978723404255319,0.7259052924791086,0.8581879572312887,0.8773460216759186,0.737872340425532,0.7793218454697054,0.8434476693051891,0.8620689655172413,0.7891054472763618,0.7756664027447876,0.7854614756329975,0.8078541374474053,0.7579281183932347,0.859553620032662,0.7939795636564485,0.7799286805909322
syn_Cd_0024,0.27844827586206894,0.7681570854033594,0.32073666586940924,0.4758100310696849,0.5201982651796778,0.30922155688622754,0.4945106283578603,0.7761783143719526,0.7846153846153846,0.5267015706806283,0.492212966316552,0.7848822800495663,0.7719023078646651,0.49882573978393613,0.4853366377529946,0.7581650461231613,0.25668896321070234,0.4825765575501584,0.7818579234972678,0.2583599574014909,0.26412092283214,0.518598615916955,0.4901768172888016,0.0,0.5244928253339931,0.4716740929344367,0.3674054758800521,0.5164152617568767,0.490814696485623,0.3546922300706357,0.7719818217743529,0.26137899954934657,0.7801541904998757,0.7671845073419876,0.25611481706084493,0.5126504544338001,0.7683628827999079,0.2747863247863248,0.2653333333333333,0.3348542458808618,0.6610411219396244,0.6783118405627198,0.865530303030303,0.848916137508211,0.6484102564102564,0.7724171539961013,0.7241540256709451,0.8706319702602231,0.8627034677990092,0.8526694045174538,0.6907585589617364,0.8675940236991242,0.6711382113821138,0.7484371092773193,0.6284527010510877,0.6913946587537092,0.6508630107057024,0.6484762579730687,0.674224081003742,0.6843109203624225,0.7388563710040522,0.7099071875674509,0.6494508062631456,0.735840188014101,0.757645968489342,0.6999517607332368,0.8652068126520681,0.8902973035261581,0.7074246508208772,0.7207510832932114,0.8618603478699269,0.8834800621439669,0.735410267661255,0.7367088607594937,0.7294868763301017,0.7467935457178321,0.7207373271889401,0.8685579196217494,0.7452717261192243,0.7121820615796519
syn_Cd_0025,0.5234336457819437,0.6797583081570997,0.5109874826147427,0.23112244897959183,0.6578718469121484,0.5291167456115909,0.6481732070365359,0.667293738242408,0.7129211992570974,0.26187634280257815,0.34764991896272285,0.6944041751232242,0.6719112716017539,0.6328976034858388,0.2908834586466165,0.6543065693430657,0.5278704144830871,0.2590985779705953,0.6811230884933567,0.49476758335361404,0.5628095452498875,0.29370975730559684,0.18760757314974183,0.5244928253339931,0.0,0.26435667555124787,0.5297014465989536,0.24528301886792453,0.29579375848032563,0.5346358792184724,0.6853631284916201,0.49584631360332293,0.7106259097525474,0.6566982737661075,0.49965604219215776,0.2,0.6646260314080383,0.5222276502198339,0.544200306591722,0.5111640369157487,0.7089201877934272,0.7140527317205763,0.8697086311159978,0.86586284853052,0.73327115877827,0.839681637293917,0.7923763179237632,0.8660481298927225,0.8691486449493567,0.8634441087613293,0.7558588720061807,0.8580097087378641,0.811259806183664,0.8183416349252857,0.7061340941512125,0.7420474262579526,0.761964419944876,0.7033177954483136,0.7614354308819813,0.7777161862527716,0.8220954356846473,0.8092414133926366,0.7064717032223125,0.8261106568547288,0.8214477211796246,0.751685393258427,0.8740068104426788,0.8843591793232081,0.76137339055794,0.8066143497757847,0.8621709553386572,0.8797313797313797,0.8182275931520645,0.8100558659217877,0.816085643700247,0.8342749529190208,0.7746403835908364,0.8776070252469813,0.8212197159565581,0.8074948665297741
syn_Cd_0026,0.5136507936507937,0.7040816326530612,0.5349273323956868,0.20453060335438902,0.6533980582524271,0.5211267605633803,0.6449839670178653,0.6989981785063752,0.722972972972973,0.21810699588477367,0.2413055109684323,0.7266990291262136,0.7154793315743184,0.6500115127791849,0.22427440633245382,0.689453125,0.5079071677962621,0.1966804979253112,0.7030042918454935,0.49539748953974894,0.5204380989634265,0.2423019749416012,0.28073129660813084,0.4716740929344367,0.26435667555124787,0.0,0.548469387755102,0.2009579795340736,0.16944826232083252,0.5584094838231662,0.7046249514185775,0.49546760999336725,0.7335606429615197,0.6843645484949833,0.48171701112877585,0.2584215591915303,0.6892502258355917,0.5064008394543547,0.5328244274809161,0.537468982630273,0.7199440820130475,0.7305747126436781,0.8728243211882107,0.8688736027515047,0.7209677419354839,0.8238243017426593,0.7894736842105263,0.8766990291262136,0.8899167437557817,0.8733986435568952,0.754062362758015,0.8795059238719435,0.7942057942057942,0.816356513222331,0.7054597701149425,0.7379510777427949,0.7589017589017589,0.714682723483094,0.7350907519446845,0.7681701332086937,0.7945659377070908,0.7791437049597287,0.7089825847846013,0.7940092165898618,0.8159509202453987,0.748050106357835,0.8841477949940405,0.8978300180831826,0.7493999039846375,0.7900448218919557,0.8770977295162883,0.890549784646567,0.8005599827697609,0.7918735891647856,0.798794622160408,0.8162228095141288,0.7649717514124293,0.8836616454229432,0.8122946973251994,0.7889205167506022
syn_Cd_0027,0.3335066285417208,0.7483983692486895,0.2886658795749705,0.5292216536493402,0.4626773596545342,0.2749852158486103,0.4363532110091743,0.7319294251565168,0.7608085345311623,0.5534907081868408,0.5762317614717699,0.757557063541024,0.7422343324250681,0.4406926406926407,0.5317362311681897,0.7215661901802362,0.32748684540215484,0.5220700152207002,0.7593865679534638,0.32803690415171705,0.3855962219598583,0.5646045418950666,0.4833790789874962,0.3674054758800521,0.5297014465989536,0.548469387755102,0.0,0.5467025572005384,0.575326215895611,0.27656890570797854,0.7586691658856607,0.29986282578875173,0.7509293680297398,0.746031746031746,0.3442465093885412,0.537522879804759,0.7369014084507042,0.3089786467712889,0.31211222012408957,0.2506345177664975,0.6918570591681312,0.6900921658986175,0.8507723695715534,0.8436671966083731,0.7084762371386575,0.7535487768045908,0.6878579610538373,0.8476249228871067,0.8479396401625072,0.838221076377699,0.705114254624592,0.8491421171900292,0.689847346740974,0.7311291328758578,0.6567616737416616,0.6868655798215934,0.6257928118393234,0.6744186046511628,0.6928,0.6589238459276683,0.7265004110715264,0.7098958333333333,0.6649454962707975,0.7302137492778741,0.7422651149588418,0.6868475991649269,0.856496834488996,0.883248730964467,0.6976885644768857,0.7054448080928295,0.8412098298676749,0.8670576735092864,0.7333333333333333,0.7184684684684685,0.7287543655413271,0.7406582529076962,0.7163800394699746,0.8539423916205994,0.7328605200945626,0.7099484955272432
syn_Cd_0028,0.5084070796460177,0.6932067202337473,0.5158827874907658,0.20702234382124943,0.6556832694763729,0.5230579531442663,0.6371064647921173,0.6761404346787676,0.7180637544273908,0.21718582169709988,0.26101443909663086,0.7154533844189016,0.6854708726686622,0.6350894151764137,0.22617534942820838,0.6730917501927525,0.5064322469982847,0.19133261105092092,0.689337822671156,0.4972677595628415,0.5419722901385493,0.2571047957371226,0.26720647773279355,0.5164152617568767,0.24528301886792453,0.2009579795340736,0.5467025572005384,0.0,0.22504091653027825,0.5379812695109261,0.6854887674559805,0.49235757295044,0.7180210202512176,0.6623716968770474,0.4837373109591879,0.2417109592508226,0.6599573762727918,0.5096491228070176,0.545662100456621,0.5456209150326797,0.732811353070712,0.73124246079614,0.8737816764132553,0.8718237013717113,0.7320715036803365,0.8172690763052208,0.788235294117647,0.8768837803320562,0.8868657441126487,0.8659957627118644,0.7645435732352265,0.873471557682084,0.79875,0.811291569992266,0.722488038277512,0.763506625891947,0.7514022885348889,0.7276926817408218,0.7680307483608411,0.7668139420716741,0.8010180472003702,0.7868380234877022,0.7283000721327242,0.8055622732769044,0.8036224976167778,0.7585692995529061,0.8791979949874686,0.8876511021569092,0.7773289573340065,0.7863163113534953,0.8731479074603588,0.8845537145911277,0.7967552951780081,0.7950295857988166,0.8028717449501095,0.8052609249045397,0.7781990521327015,0.8856447688564477,0.8037959083066305,0.7904630903255387
syn_Cd_0029,0.5266932270916335,0.7091382678532667,0.5514141635606227,0.22963569381907492,0.6801812004530011,0.5407244785949507,0.6498605449474362,0.7072754427138895,0.742766631467793,0.23336566440349177,0.22161978990172823,0.734088335220838,0.7204212265124923,0.6507115135834411,0.2075833014170816,0.705306308358005,0.5220759101471727,0.19882697947214076,0.7170534813319879,0.49320197044334974,0.5310650887573964,0.24060751398880895,0.31491464510332434,0.490814696485623,0.29579375848032563,0.16944826232083252,0.575326215895611,0.22504091653027825,0.0,0.574585635359116,0.7077743061937144,0.5110004151100042,0.7459668257214269,0.6869462492616657,0.49540078843626806,0.3008312738710402,0.6980732585221258,0.5260869565217391,0.5418032786885246,0.5477456647398844,0.7200784826684107,0.7304628632938643,0.8627280625543006,0.8520315342631898,0.7198858230256898,0.8340767172167708,0.8032154340836013,0.8604756511891279,0.870101753626326,0.8517305893358279,0.7504640131985977,0.8587517597372126,0.7841509433962264,0.816396437542818,0.7123685976291657,0.7463833634719711,0.7546903368973169,0.716453500975504,0.7525898842169408,0.7726278968080454,0.8013272501036914,0.7829642928386196,0.708950418544752,0.807982740021575,0.8202725724020443,0.7516570923552806,0.8641425389755011,0.882178427632973,0.7718000448329971,0.7904719894133215,0.8651943869335174,0.8736445073078737,0.7966788173349534,0.7921693121693122,0.801692341071816,0.8112773302646721,0.7682203389830509,0.8655097613882863,0.8130348913759052,0.7848621966269025
syn_Cd_0030,0.3028169014084507,0.7547010945832164,0.2669889110036963,0.5174388339406559,0.4612874517947197,0.2446596411278838,0.44650262648603817,0.7359319242382651,0.760498509888919,0.5485283386037461,0.5706051873198847,0.7614951053099971,0.7415109239273493,0.454646633277685,0.5189085686931546,0.7203465790259934,0.30097087378640774,0.5357406042741342,0.7463564305804142,0.31232944678739766,0.34417965169569203,0.5611111111111111,0.48063380281690143,0.3546922300706357,0.5346358792184724,0.5584094838231662,0.27656890570797854,0.5379812695109261,0.574585635359116,0.0,0.7593813964066409,0.2655007949125596,0.7467977360738755,0.7521685254027262,0.3163670324538875,0.5227472850014676,0.7314487632508834,0.27689243027888444,0.28310740354535974,0.23194148125571473,0.6686423934518769,0.6645376284365454,0.852808988764045,0.8390981296438637,0.6827356922346236,0.7459302325581395,0.6741231703949185,0.843963215663008,0.8405594405594405,0.8304455445544554,0.690407358738502,0.8408949658172779,0.6870300751879699,0.7223388305847076,0.6475051065071491,0.6662721893491125,0.6125734730385893,0.6559260297001961,0.6860015467904099,0.6487252124645893,0.7316040232927475,0.7011841773746535,0.648686030428769,0.72208298524088,0.7343921139101862,0.688110281447444,0.8549042367962856,0.8802721088435375,0.6839332748024582,0.7088825214899713,0.8383287920072662,0.8574108818011257,0.7031330251669234,0.7163814180929096,0.7200561009817672,0.7414868105515587,0.7230685527747551,0.8524957936062816,0.7318531169940222,0.7097957045573599
syn_Cd_0031,0.7543859649122807,0.23648068669527897,0.7516254876462939,0.666734156711885,0.8111011638316921,0.7604166666666666,0.8018667798048367,0.2210970464135021,0.19047619047619047,0.695852534562212,0.6960537363560033,0.27618621307072516,0.19321895424836602,0.7966318482199958,0.68,0.3217821782178218,0.7542649032010734,0.690015479876161,0.16094249201277955,0.7476599063962559,0.7714704266617836,0.6768835277832708,0.6652608213096559,0.7719818217743529,0.6853631284916201,0.7046249514185775,0.7586691658856607,0.6854887674559805,0.7077743061937144,0.7593813964066409,0.0,0.7429685896119893,0.2806466097889537,0.16289945440374123,0.7449814126394052,0.6660746003552398,0.2315745393634841,0.7602190494817133,0.7474153659031015,0.7492005481955231,0.7991379310344827,0.811409110259685,0.821773674039081,0.7868,0.8055764883195177,0.8796561604584527,0.8724035608308606,0.8115487914055506,0.8082191780821918,0.8142758142758143,0.8217054263565892,0.8085747392815759,0.8572762936671026,0.8799638989169675,0.8081343943412909,0.8083538083538083,0.8522954091816367,0.8002571795970853,0.8336012861736335,0.868165117786903,0.8670769230769231,0.8428740623766285,0.8094227504244482,0.8694539249146758,0.8744998947146768,0.8161170561257917,0.8186220559101915,0.8243922883487007,0.8396101019051839,0.8626553302812295,0.8218181818181818,0.8225844004656577,0.8557403325986777,0.8555881121808288,0.87001287001287,0.8674767419783558,0.821914938194008,0.8048466652369719,0.8789587852494577,0.8535096642929807
syn_Cd_0032,0.22831460674157303,0.7498142184790686,0.23527937860185416,0.4717330861909175,0.506892067620286,0.2316185696361355,0.47298948912246397,0.7391304347826086,0.7589435774309724,0.5057797164667394,0.495873968492123,0.7565669700910274,0.7327404633746782,0.4665683382497542,0.4759243336199484,0.7231091337346245,0.21767522855899,0.46578657865786577,0.752793614595211,0.23018867924528302,0.2513435303844564,0.5182679296346414,0.452344152498712,0.26137899954934657,0.49584631360332293,0.49546760999336725,0.29986282578875173,0.49235757295044,0.5110004151100042,0.2655007949125596,0.7429685896119893,0.0,0.75306708431219,0.7387447327567088,0.22177843178473827,0.4836382375676372,0.7327233325307007,0.2044543429844098,0.23619489559164733,0.2596537949400799,0.6564600448095593,0.6623312883435583,0.8710956866633615,0.8542380625999543,0.6550693703308431,0.7516607051609606,0.703052503052503,0.8689206762028608,0.8582366016300321,0.86184565569347,0.6774947417620939,0.866738894907909,0.6769556025369979,0.7222368075610397,0.6118943860548577,0.6844836533471718,0.627991793936631,0.630472421469206,0.6691936595451413,0.6653346653346653,0.7248353715898401,0.6939005176682422,0.6316947909024211,0.7141451414514145,0.7387300048473098,0.6814964610717897,0.8693877551020408,0.89587852494577,0.6957080442045747,0.7033299697275479,0.8649722001588562,0.8856209150326797,0.7184065934065934,0.7169675090252707,0.7187422629363703,0.7329888027562446,0.7036144578313253,0.8702970297029703,0.7346375721093554,0.695712954333644
syn_Cd_0033,0.7540292586164146,0.20994475138121546,0.7560156687185227,0.6947935368043088,0.8138856476079347,0.7589686098654709,0.8111050626020686,0.23567567567567568,0.18356456776947705,0.7384836852207294,0.74323499491353,0.16511085180863477,0.1950207468879668,0.7912900575184881,0.7378984651711924,0.299647473560517,0.7610725401005506,0.7369186046511628,0.19556451612903225,0.7504892367906066,0.7882831938475457,0.7236743838685586,0.6958152958152958,0.7801541904998757,0.7106259097525474,0.7335606429615197,0.7509293680297398,0.7180210202512176,0.7459668257214269,0.7467977360738755,0.2806466097889537,0.75306708431219,0.0,0.250733137829912,0.7576036866359447,0.6945727482678984,0.19646680942184155,0.7760864227841886,0.760082198818392,0.7453565008987417,0.8244444444444444,0.8239475123018043,0.8119988941111418,0.7792929292929293,0.8261480787253983,0.8747497855304547,0.8733007069059271,0.8039673278879813,0.8045154185022027,0.8029796290665856,0.8399792853443812,0.7978625954198473,0.8724785532112219,0.8773584905660378,0.8203214695752009,0.824847250509165,0.8675062972292191,0.8119139547710976,0.8536585365853658,0.8745469751881796,0.8597131681877445,0.849478390461997,0.8246187363834423,0.8651315789473685,0.8722027500674037,0.8242441367617971,0.8087353696831288,0.8129689174705252,0.8468624064478987,0.8579080913447984,0.819047619047619,0.810752688172043,0.8587699316628702,0.8603531300160514,0.8696852567642187,0.8736692689850958,0.8440932226091615,0.7968534363786917,0.8745098039215686,0.8596129032258064
syn_Cd_0034,0.7512205476544258,0.22615169846440206,0.7530573847601129,0.6438715315708979,0.8110082805650268,0.7626000942063118,0.8010110294117647,0.19506624029237093,0.17668323542702213,0.6822121337185307,0.6792419095297694,0.24792985874330248,0.1799735333039259,0.7939477939477939,0.6682271524526766,0.29887310142087214,0.7466529351184346,0.6712442779858511,0.18596642272922945,0.7368862778010911,0.774465581486566,0.6685835995740149,0.6364952932657495,0.7671845073419876,0.6566982737661075,0.6843645484949833,0.746031746031746,0.6623716968770474,0.6869462492616657,0.7521685254027262,0.16289945440374123,0.7387447327567088,0.250733137829912,0.0,0.7357512953367875,0.6393046837276678,0.20706841866787495,0.7651020837718375,0.7527893239991249,0.749003984063745,0.7919588592800374,0.8035055350553506,0.8137369033760187,0.7766278568348426,0.7925596441568945,0.8759281437125749,0.8691460055096418,0.8061373599610326,0.8032482598607888,0.8084194605495336,0.805726872246696,0.8047052871237035,0.8657583650571028,0.8810810810810811,0.798654493032196,0.7992709599027946,0.8519793459552496,0.7862453531598513,0.8266146510619853,0.8724501758499413,0.8639485929536893,0.8401360544217688,0.799080459770115,0.8663892741562644,0.8718942329610212,0.8041261560350961,0.8077015068165511,0.8154195011337868,0.8246628131021194,0.855621301775148,0.8152550767706785,0.8220188151538266,0.8539641391229207,0.8509963768115942,0.867906976744186,0.8662589194699286,0.8127408750850147,0.8028365496396187,0.8728813559322034,0.8510871952558753
syn_Cd_0035,0.220810647307925,0.7514298284205895,0.2657777777777778,0.45284974093264246,0.5181442351860358,0.2705829995549622,0.4791304347826087,0.7427583225248595,0.7642276422764228,0.4958775029446408,0.4565998972778634,0.7597611391823611,0.7381848598912589,0.48874808826742405,0.46483239682232125,0.7297921478060047,0.21066039584558102,0.4515235457063712,0.7552104617899469,0.20023932987634624,0.20441368991958106,0.505563423022456,0.47346845820997496,0.25611481706084493,0.49965604219215776,0.48171701112877585,0.3442465093885412,0.4837373109591879,0.49540078843626806,0.3163670324538875,0.7449814126394052,0.22177843178473827,0.7576036866359447,0.7357512953367875,0.0,0.4774487471526196,0.7301587301587301,0.21064212842568514,0.22681054160614236,0.3128517823639775,0.6699072028281042,0.6767015706806283,0.8661677305745102,0.8505935325419566,0.6576819407008087,0.7589871128193534,0.7041702867072112,0.868626550298576,0.8630978499341817,0.8600237247924081,0.6883876357560568,0.8647940966436563,0.6659667875548769,0.7364520611394164,0.6317460317460317,0.6960806784322714,0.6217320261437909,0.6515817223198594,0.6803784450843274,0.6769333037890538,0.7332493173703003,0.7035541195476576,0.6463679860809047,0.7337122868386533,0.7471413160733549,0.7043673012318029,0.8636261006999323,0.8948046371833405,0.7172727272727273,0.7160742231164766,0.8651423238450769,0.8818464482181296,0.7277014558129998,0.7246998284734134,0.7282321899736148,0.7403454298466913,0.7179652285898261,0.8676632226863047,0.7455516014234875,0.7088106644449073
syn_Cd_0036,0.5160421258878276,0.6610354223433242,0.5077262693156733,0.2063813623702203,0.6705002875215641,0.5152017689331122,0.6433941997851772,0.6496,0.693522906793049,0.267425320056899,0.34984894259818733,0.6756756756756757,0.663594470046083,0.6509051607673602,0.2802800466744457,0.6305732484076433,0.5178613674000473,0.2647199617041647,0.6665007466401195,0.48090865152247464,0.5405949452024156,0.29136955987214164,0.2193456614509246,0.5126504544338001,0.2,0.2584215591915303,0.537522879804759,0.2417109592508226,0.3008312738710402,0.5227472850014676,0.6660746003552398,0.4836382375676372,0.6945727482678984,0.6393046837276678,0.4774487471526196,0.0,0.647120972002113,0.5052146495270434,0.5242201369515598,0.525974025974026,0.7205479452054795,0.7346278317152104,0.874556858467412,0.8728179551122195,0.7355257063455304,0.8297152523259093,0.7896995708154506,0.8757906843013226,0.8832156436719174,0.8682240191674154,0.7745398773006135,0.8724812030075187,0.8115975246390098,0.831493317838466,0.7277872099603848,0.7482076283338113,0.7631840796019901,0.7138193688792165,0.7706974410436528,0.7910365686004949,0.824967824967825,0.8150147203140333,0.7297152068780226,0.8334234721471065,0.8244213886671987,0.7653942602396211,0.882915845764143,0.8783712321523004,0.7701475595913735,0.8181818181818182,0.8709677419354839,0.8928895612708018,0.8215446138465383,0.8194297782470961,0.8289760348583878,0.8386719663315408,0.7679090668781391,0.883473999455486,0.8298342541436464,0.812484076433121
syn_Cd_0037,0.7350172215843858,0.1872146118721461,0.7392197125256673,0.6531627576403696,0.7946666666666666,0.7429305912596401,0.7937937937937938,0.20437593237195426,0.18624078624078624,0.6890868596881959,0.6921901852205461,0.21973333333333334,0.18286261369076112,0.7790083060659452,0.6752249286811499,0.27053140096618356,0.7430540120026673,0.6844943820224719,0.18834498834498833,0.7337868480725623,0.767235926628716,0.6676653606821848,0.6524953789279113,0.7683628827999079,0.6646260314080383,0.6892502258355917,0.7369014084507042,0.6599573762727918,0.6980732585221258,0.7314487632508834,0.2315745393634841,0.7327233325307007,0.19646680942184155,0.20706841866787495,0.7301587301587301,0.647120972002113,0.0,0.7565415244596132,0.7456702253855279,0.7366120218579235,0.803161652218256,0.8060301507537688,0.801980198019802,0.7683325548808968,0.8135076252723311,0.871694160775072,0.8585,0.792,0.7956499747091553,0.7928551647743007,0.8255258126195029,0.7903808729496803,0.8550161812297734,0.8745288099084545,0.8045191802417236,0.8020750199521149,0.8457595526561044,0.7983789260385005,0.8388914983560357,0.8587874136607828,0.8527784459947078,0.8362465501379944,0.8127190786179269,0.8654911838790932,0.8690151327214091,0.8145558145558146,0.797124183006536,0.8061174148988653,0.8356164383561644,0.8500904626518481,0.8049972840847366,0.8009505171931787,0.8502223262344957,0.8458128078817734,0.8564908722109533,0.8645856232138932,0.8308261405672009,0.7931558935361217,0.8648509763617678,0.8484631879914224
syn_Cd_0038,0.2144075021312873,0.7709745267585885,0.24403496338294353,0.4901272487933304,0.4812821140200636,0.2344452330257866,0.44472651742441727,0.7568249598531773,0.7808032675289313,0.5119121607623783,0.4930032292787944,0.7793002202104233,0.7559246954595792,0.4464037122969838,0.4953003677973028,0.737632291410288,0.22167080231596362,0.4773344474618759,0.7722066133563864,0.21718980408679167,0.22125984251968503,0.5282292557741659,0.4801163918525703,0.2747863247863248,0.5222276502198339,0.5064008394543547,0.3089786467712889,0.5096491228070176,0.5260869565217391,0.27689243027888444,0.7602190494817133,0.2044543429844098,0.7760864227841886,0.7651020837718375,0.21064212842568514,0.5052146495270434,0.7565415244596132,0.0,0.23418277680140598,0.2704528396297223,0.6759802770603428,0.6719944405837387,0.8718428437792329,0.8545139640614852,0.6699817333062715,0.7401347449470644,0.681807701175928,0.8688524590163934,0.85784199487299,0.8566362715298885,0.696969696969697,0.8632435180477885,0.6600965406275141,0.7077264872870896,0.6413227130098962,0.69677734375,0.5938647656081227,0.650875145857643,0.6861806311207834,0.6406029203956665,0.7085002225189141,0.6789754535752401,0.6485800046178711,0.7079173438588344,0.7257326007326007,0.6922343973320629,0.865449303219606,0.8966066955135504,0.7082022743769659,0.6932952924393724,0.8611594924110475,0.8880940214614206,0.7058568329718005,0.7002501705708437,0.7042747021723896,0.7257470323372902,0.7199453551912568,0.8668846333489024,0.7233388507921494,0.6850463167181297
syn_Cd_0039,0.23093971631205673,0.7628689924371798,0.2593140883296324,0.49474645957058017,0.49219349884822117,0.26464047442550037,0.468336142547556,0.7458722182340273,0.7653181925715637,0.5386270712287498,0.5261401557285873,0.7727156385973893,0.7587081891580162,0.46779661016949153,0.4963937208315656,0.7357713108421323,0.24097938144329897,0.49989146950293034,0.7620868000899483,0.24195314210641558,0.2522448979591837,0.520017793594306,0.49594320486815413,0.2653333333333333,0.544200306591722,0.5328244274809161,0.31211222012408957,0.545662100456621,0.5418032786885246,0.28310740354535974,0.7474153659031015,0.23619489559164733,0.760082198818392,0.7527893239991249,0.22681054160614236,0.5242201369515598,0.7456702253855279,0.23418277680140598,0.0,0.28058684831019126,0.6695268448149057,0.6794778825235678,0.85888671875,0.8459112412705564,0.6612597429955761,0.7530181086519114,0.6973779167668992,0.8566675198361915,0.8603746047190465,0.8450106157112527,0.6899331951163327,0.853489611081513,0.6686143572621035,0.727202273314389,0.6326015644713601,0.6736465781409602,0.6223870532703979,0.646285018270402,0.6833522083805209,0.6635514018691588,0.7209086694483078,0.6972253052164262,0.6463502770416767,0.725708747274049,0.731614135625597,0.6893977103036336,0.8608739326971371,0.8826881975777725,0.6994687579053883,0.7059115747640338,0.8572544933576453,0.8730583824317086,0.7187358916478556,0.7178088688641214,0.7166544745184101,0.7365065873353166,0.717948717948718,0.8615309605070697,0.7298098295875525,0.6972898484152503
syn_Cd_0040,0.29845842810209755,0.7522573363431151,0.24871355060034306,0.5066701543290609,0.4701670644391408,0.24455899198167239,0.43635352973874375,0.7522075055187638,0.7603485838779956,0.544477028347996,0.5589997933457326,0.7571599045346062,0.735978835978836,0.4427972027972028,0.5143063236354893,0.7229567307692307,0.2928554011216776,0.5197433366238894,0.7553956834532374,0.3000997008973081,0.3367088607594937,0.5473230144633342,0.47359102980230156,0.3348542458808618,0.5111640369157487,0.537468982630273,0.2506345177664975,0.5456209150326797,0.5477456647398844,0.23194148125571473,0.7492005481955231,0.2596537949400799,0.7453565008987417,0.749003984063745,0.3128517823639775,0.525974025974026,0.7366120218579235,0.2704528396297223,0.28058684831019126,0.0,0.6657207718501703,0.6689000558347292,0.8429822084157018,0.8357363542739444,0.6812977099236641,0.7491961414790996,0.6729594669627984,0.8389021479713604,0.8397075365579303,0.8319327731092437,0.681986265187533,0.8368240075023445,0.6747698843521359,0.7243667068757539,0.6273474178403756,0.6739065754239809,0.6189008731381612,0.6433802816901408,0.6740932642487046,0.6496724579891768,0.7286512370311253,0.6987341772151898,0.646273637374861,0.7301231802911534,0.7445637214423342,0.6777360669939358,0.8459293843011381,0.8780087527352297,0.673925838728664,0.6963411120714491,0.8367844092570037,0.8622208241585404,0.712,0.7154560349535772,0.7179921037789058,0.7431944109853047,0.7035821711785617,0.843247815054976,0.7332570120206068,0.7062384838115293
syn_Ni_0001,0.676226593979616,0.8045191802417236,0.6877659574468085,0.7145654834761322,0.7144438295517432,0.6766116142781033,0.7072538860103627,0.7967061245496655,0.8312150482968989,0.7367937528709233,0.728680650852774,0.819590481460985,0.8337456704601682,0.7018504039614282,0.6941868355575661,0.8178272980501393,0.6607838643135457,0.6986555401019935,0.8151179585941262,0.683668694431446,0.6414152376817885,0.7320961218177492,0.6937825253355245,0.6610411219396244,0.7089201877934272,0.7199440820130475,0.6918570591681312,0.732811353070712,0.7200784826684107,0.6686423934518769,0.7991379310344827,0.6564600448095593,0.8244444444444444,0.7919588592800374,0.6699072028281042,0.7205479452054795,0.803161652218256,0.6759802770603428,0.6695268448149057,0.6657207718501703,0.0,0.186264308012487,0.7570339205890086,0.684032802701399,0.21149528513695554,0.5367906597882162,0.6428571428571429,0.7094631986718317,0.6993190151911995,0.6834532374100719,0.2564229249011858,0.6960416064721179,0.7586130251166926,0.5410844046953606,0.22615803814713897,0.2359922715981231,0.611645813282002,0.2061909758656873,0.27510917030567683,0.6262920752716671,0.564784879383238,0.5,0.19388284085018145,0.5425143453312468,0.5558408215661104,0.27248322147651005,0.7701274058010301,0.7253700867789689,0.2786885245901639,0.5226359496383606,0.7129159616469262,0.7378668991572217,0.5387962291515591,0.5147808358817533,0.5225840336134454,0.5458871515975526,0.29216636897167647,0.7101601470202152,0.553248136315229,0.47943856193055895
syn_Ni_0002,0.6764086976852934,0.8022774327122153,0.6883184913567313,0.7171132029930002,0.7020697167755992,0.6731374606505771,0.7008677896886166,0.7971602434077079,0.8351703406813628,0.7475067996373527,0.7363830199651095,0.8273420479302832,0.8370731707317073,0.686777920410783,0.7079705291359678,0.8273026315789473,0.6679484279574757,0.7086001829826166,0.818613485280152,0.6892890120036934,0.6634512325830654,0.7479464914339357,0.6915610676732273,0.6783118405627198,0.7140527317205763,0.7305747126436781,0.6900921658986175,0.73124246079614,0.7304628632938643,0.6645376284365454,0.811409110259685,0.6623312883435583,0.8239475123018043,0.8035055350553506,0.6767015706806283,0.7346278317152104,0.8060301507537688,0.6719944405837387,0.6794778825235678,0.6689000558347292,0.186264308012487,0.0,0.7720797720797721,0.6988582302568982,0.2025709219858156,0.4963913392141139,0.6267210606833248,0.7249455337690632,0.7167182662538699,0.6988395131616191,0.24744276668290308,0.7073032111395283,0.7410577134079438,0.5,0.21566523605150215,0.22358054876392286,0.5704793545325106,0.19483204134366924,0.23732057416267943,0.6204646306447402,0.5288060799215494,0.47166276346604213,0.18947906026557712,0.5143884892086331,0.512775107513281,0.2513877874702617,0.7806244995996797,0.7409456740442656,0.22162452931683702,0.47718280137166974,0.7258601553829079,0.7513575307230638,0.5003575685339691,0.4731290808638875,0.4837040869115365,0.5142026392305972,0.27483027407593663,0.7227825187483837,0.5049816465652858,0.44646758922068464
syn_Ni_0003,0.874409820585458,0.8168977243002877,0.8586179507545671,0.8732325694783033,0.862847700358028,0.8843808008485813,0.8694867165334021,0.8011785805790418,0.8349784864591243,0.8901853122855182,0.870652598671356,0.8154778297989534,0.8319783197831978,0.8661131292163985,0.8598467778278504,0.8170224563349043,0.863013698630137,0.856384206880628,0.8283385279309519,0.8690281985551154,0.8650519031141869,0.8772511848341232,0.85659760087241,0.865530303030303,0.8697086311159978,0.8728243211882107,0.8507723695715534,0.8737816764132553,0.8627280625543006,0.852808988764045,0.821773674039081,0.8710956866633615,0.8119988941111418,0.8137369033760187,0.8661677305745102,0.874556858467412,0.801980198019802,0.8718428437792329,0.85888671875,0.8429822084157018,0.7570339205890086,0.7720797720797721,0.0,0.2073024261349988,0.7682845001118318,0.8216216216216217,0.8768358670445762,0.23547232167446985,0.21199478487614082,0.2502863688430699,0.7771217712177122,0.25014376078205863,0.8613817537643933,0.8258692628650904,0.7569839978302143,0.7653846153846153,0.8753894080996885,0.7717419691825542,0.798502053636144,0.8432717678100264,0.8221892025755324,0.7952234570820524,0.7579354838709678,0.8208257595429759,0.8353783231083844,0.7819347942276857,0.14678899082568808,0.20050825921219823,0.8041881968996465,0.8122666666666667,0.21133875947235475,0.26431463273568534,0.8237843042850265,0.8137528546054301,0.8154248366013072,0.8302483069977427,0.7886178861788617,0.20491374803972817,0.8245428041346409,0.8033349681216283
syn_Ni_0004,0.8571740554706268,0.7839654344695152,0.8553398058252427,0.8650168728908887,0.8545546049320584,0.8629071463296062,0.8611374407582938,0.7715496938294866,0.8029809035863996,0.8812049215103945,0.854971616919978,0.7790639154504277,0.8023625624716039,0.8465570645699309,0.8485672453461619,0.7837974683544304,0.8458606817700614,0.8502353444587077,0.7922020381036774,0.8571428571428571,0.8530299979867123,0.8755204909051063,0.8454250810271753,0.848916137508211,0.86586284853052,0.8688736027515047,0.8436671966083731,0.8718237013717113,0.8520315342631898,0.8390981296438637,0.7868,0.8542380625999543,0.7792929292929293,0.7766278568348426,0.8505935325419566,0.8728179551122195,0.7683325548808968,0.8545139640614852,0.8459112412705564,0.8357363542739444,0.684032802701399,0.6988582302568982,0.2073024261349988,0.0,0.7050270045700041,0.8164729161513727,0.8674242424242424,0.2174131857070961,0.1761608425083772,0.2677966101694915,0.7291288566243194,0.2420832242868359,0.8402963572751595,0.8191975622143219,0.6898263027295285,0.7363796133567663,0.866696191319752,0.7056567593480345,0.749219098616689,0.836922332446165,0.8110020543254964,0.7716535433070866,0.6861071597913703,0.8154506437768241,0.8265569917743831,0.7341493268053856,0.2244998765127192,0.18560074801309023,0.7611940298507462,0.8016125091619839,0.21761392729134665,0.2528282031044462,0.8065376917945297,0.7955182072829131,0.8147792706333973,0.8089252042740415,0.7522785697592895,0.16094986807387862,0.814868804664723,0.7742592173716354
syn_Ni_0005,0.6680990382647841,0.8100134108180599,0.6933152664859982,0.7147065011571639,0.7188229799159271,0.683853459972863,0.700530035335689,0.8010540184453228,0.8392003476749239,0.733174034249303,0.719188767550702,0.828584773470341,0.8360934182590234,0.7061043285238624,0.6962075063863234,0.8294974166275246,0.6469886702444841,0.700120433560819,0.8199917046868519,0.6770538243626062,0.635260663507109,0.7388626565386984,0.7078027321139153,0.6484102564102564,0.73327115877827,0.7209677419354839,0.7084762371386575,0.7320715036803365,0.7198858230256898,0.6827356922346236,0.8055764883195177,0.6550693703308431,0.8261480787253983,0.7925596441568945,0.6576819407008087,0.7355257063455304,0.8135076252723311,0.6699817333062715,0.6612597429955761,0.6812977099236641,0.21149528513695554,0.2025709219858156,0.7682845001118318,0.7050270045700041,0.0,0.5297632728108481,0.6571050308914387,0.7286314806165344,0.7200178332590281,0.7132512671976828,0.24427480916030533,0.7185759263744248,0.7209212308883298,0.5360339142722562,0.2544951590594744,0.2794220461430902,0.5895522388059702,0.2375,0.25636743215031316,0.6505291600990768,0.5551290253785456,0.4713114754098361,0.21431727794962438,0.543758329631275,0.5441595441595442,0.29524243114045073,0.7787468441588249,0.7396423898822503,0.29251386321626616,0.5096568961599637,0.7361177028951116,0.7566317838890241,0.5284079084287201,0.5047909407665505,0.5160857908847185,0.5237158039755954,0.29932417702201874,0.7306231851686397,0.5438517179023508,0.476844998942694
syn_Ni_0006,0.7585034013605442,0.8671347556035647,0.7511621547716708,0.8181818181818182,0.7402449444602678,0.7513010134209805,0.7444769763108864,0.8583135077980438,0.892456277734273,0.8231004469536579,0.8379351740696278,0.8735403019082882,0.8816958618938817,0.7493304767005892,0.8179712830013895,0.8801261829652997,0.7417840375586855,0.8047969603419616,0.8785485065415947,0.7746343802445457,0.7486678507992895,0.8351219512195122,0.8105975197294251,0.7724171539961013,0.839681637293917,0.8238243017426593,0.7535487768045908,0.8172690763052208,0.8340767172167708,0.7459302325581395,0.8796561604584527,0.7516607051609606,0.8747497855304547,0.8759281437125749,0.7589871128193534,0.8297152523259093,0.871694160775072,0.7401347449470644,0.7530181086519114,0.7491961414790996,0.5367906597882162,0.4963913392141139,0.8216216216216217,0.8164729161513727,0.5297632728108481,0.0,0.6309492156341399,0.8228424950156651,0.8142664872139973,0.7864768683274022,0.45348542458808616,0.7963073257891602,0.7629663330300273,0.18446043165467627,0.5452761424165966,0.4965909090909091,0.5568714532445103,0.5443515772445403,0.4426474247325205,0.6272479564032698,0.20418580908626852,0.22754928206376246,0.5573901464713715,0.15465022782095952,0.1661392405063291,0.44229707344008834,0.826547685443391,0.8091743119266055,0.49001967950520103,0.19614325068870522,0.7972698228289282,0.8238466147393649,0.19038175508180466,0.17142109395446217,0.15573549257759783,0.23155452436194895,0.500524109014675,0.8041014570966001,0.14590747330960854,0.2248610409297625
syn_Ni_0007,0.694670700488713,0.8599382080329557,0.6920270974465867,0.7727600288253663,0.4989165763813651,0.6936325678496869,0.4936515997968512,0.8647830474268415,0.8823529411764706,0.7833935018050542,0.8103881058119328,0.8873239436619719,0.8776699029126214,0.4641123882503193,0.7835074460991331,0.8696837513631407,0.6942130150866922,0.7868852459016393,0.8681474480151229,0.7210477941176471,0.6922091782283885,0.797243634664798,0.7704478412443014,0.7241540256709451,0.7923763179237632,0.7894736842105263,0.6878579610538373,0.788235294117647,0.8032154340836013,0.6741231703949185,0.8724035608308606,0.703052503052503,0.8733007069059271,0.8691460055096418,0.7041702867072112,0.7896995708154506,0.8585,0.681807701175928,0.6973779167668992,0.6729594669627984,0.6428571428571429,0.6267210606833248,0.8768358670445762,0.8674242424242424,0.6571050308914387,0.6309492156341399,0.0,0.8705308775731311,0.8685831622176592,0.859836757669575,0.6349975763451284,0.8671941226335123,0.38518680358313306,0.6110503282275711,0.6371398078975453,0.6222642529046204,0.3401039206424185,0.655012853470437,0.6538095238095238,0.2292910932225396,0.6242986094169309,0.6251748251748251,0.663109756097561,0.6375255623721882,0.6420840674553234,0.6239810675782277,0.8837271037961243,0.8823823823823824,0.6270733012306046,0.6342167410128575,0.8543046357615894,0.8851946575731742,0.631791221826809,0.6231884057971014,0.6206896551724138,0.663771988421287,0.6237177883412559,0.8759969127862104,0.6165884194053208,0.6197149069823629
syn_Ni_0008,0.8724981467753892,0.8079251513483764,0.8534002229654404,0.8676207513416816,0.8541545613015689,0.8710217755443886,0.8644251626898047,0.8018309100700054,0.8282828282828283,0.8790052606408417,0.8721850273889227,0.810575246949448,0.8325581395348837,0.8641200545702592,0.8503177218168981,0.8086600351082505,0.8587449296110713,0.8512795750845003,0.8146659969864389,0.8698196001950268,0.8656144306651635,0.8749689903249814,0.8505317620005749,0.8706319702602231,0.8660481298927225,0.8766990291262136,0.8476249228871067,0.8768837803320562,0.8604756511891279,0.843963215663008,0.8115487914055506,0.8689206762028608,0.8039673278879813,0.8061373599610326,0.868626550298576,0.8757906843013226,0.792,0.8688524590163934,0.8566675198361915,0.8389021479713604,0.7094631986718317,0.7249455337690632,0.23547232167446985,0.2174131857070961,0.7286314806165344,0.8228424950156651,0.8705308775731311,0.0,0.18924849149753153,0.19043293975174083,0.7347781217750258,0.1395560960778352,0.8548648024035128,0.816793893129771,0.7049742710120068,0.7310924369747899,0.8689759036144579,0.7208791208791209,0.7518987341772152,0.8361566231602333,0.8030657313587944,0.7792079207920792,0.7069994574064026,0.8203167667941016,0.825409615901155,0.7371235575569941,0.22945692351435884,0.20982381206620396,0.757454128440367,0.8028643639427128,0.16064018968583285,0.207096971550933,0.8234552332912989,0.8001066098081023,0.8135313531353136,0.8174958736147135,0.7555377635441687,0.20098982678031344,0.8141741071428571,0.7870917973772178
syn_Ni_0009,0.8668548576805457,0.8066701406982804,0.8633966244725738,0.8761233908185572,0.8524410312671421,0.8674062334918119,0.8561151079136691,0.8019397651863196,0.8240040342914775,0.8869129046967624,0.8760958503798948,0.8151398793198025,0.8114874815905744,0.8542258981649005,0.8580732090725354,0.7934842628382109,0.8580204778156997,0.8628624022089277,0.8155757286192069,0.869019972131909,0.8706617805561544,0.8791027154663519,0.8522943252783057,0.8627034677990092,0.8691486449493567,0.8899167437557817,0.8479396401625072,0.8868657441126487,0.870101753626326,0.8405594405594405,0.8082191780821918,0.8582366016300321,0.8045154185022027,0.8032482598607888,0.8630978499341817,0.8832156436719174,0.7956499747091553,0.85784199487299,0.8603746047190465,0.8397075365579303,0.6993190151911995,0.7167182662538699,0.21199478487614082,0.1761608425083772,0.7200178332590281,0.8142664872139973,0.8685831622176592,0.18924849149753153,0.0,0.21870544625035643,0.7303921568627451,0.20641282565130262,0.8499227543588612,0.8038781163434903,0.7007023230686116,0.7357045143638851,0.8686723973256925,0.7117585848074922,0.7583052479537795,0.833377135348226,0.8238341968911918,0.7855796418473139,0.7012853470437018,0.8147956544231764,0.8197097020626433,0.7338301836571732,0.19054017737167428,0.20354430379746835,0.7659804983748646,0.8007968127490039,0.1777529346003354,0.25424704866109993,0.8196210122331494,0.8033367037411526,0.8046875,0.8164229471316086,0.7580359402682865,0.1507419942723249,0.810454065469905,0.7786464695822135
syn_Ni_0010,0.8561924257932446,0.8105865522174535,0.8451725137721079,0.8590355060943297,0.8322736905843173,0.8571013650885856,0.8467173851789236,0.8008391608391608,0.833287330941209,0.8812762799901064,0.8634655532359081,0.8147138964577657,0.8284642187081211,0.8445830969937607,0.8472019464720195,0.8096980786825252,0.8509378084896347,0.8466150387209593,0.8136872235232891,0.8551602321473631,0.8533519553072626,0.8710174717368961,0.8431137724550898,0.8526694045174538,0.8634441087613293,0.8733986435568952,0.838221076377699,0.8659957627118644,0.8517305893358279,0.8304455445544554,0.8142758142758143,0.86184565569347,0.8029796290665856,0.8084194605495336,0.8600237247924081,0.8682240191674154,0.7928551647743007,0.8566362715298885,0.8450106157112527,0.8319327731092437,0.6834532374100719,0.6988395131616191,0.2502863688430699,0.2677966101694915,0.7132512671976828,0.7864768683274022,0.859836757669575,0.19043293975174083,0.21870544625035643,0.0,0.7147444474177147,0.17015873015873015,0.8424068767908309,0.7912457912457912,0.6832390592438226,0.6968599033816425,0.859037711313394,0.7012282205084261,0.7349776961427447,0.8226458694396303,0.7935309973045822,0.754421943091515,0.6859317733295743,0.7780300879931876,0.7996651785714286,0.7018160515524312,0.25932504440497334,0.27474355420016633,0.734249029561063,0.7714786674459381,0.21854714064914993,0.23578274760383386,0.7856769472033456,0.7713811237199003,0.7826708607377753,0.7869332033154559,0.7328159645232816,0.2361349342481418,0.7793904208998549,0.7504
syn_Ni_0011,0.7009596072305289,0.8190757128810227,0.6951765290900049,0.7515527950310559,0.7342621259029928,0.6997011952191236,0.7147016011644832,0.817261330761813,0.844137273593899,0.779896013864818,0.7710236807756853,0.8441692466460269,0.8522304832713755,0.7121249085142718,0.7416186205423874,0.839563862928349,0.6756756756756757,0.7333916083916084,0.8328804347826086,0.7107583774250441,0.6754980488806737,0.7849944008958567,0.7270636340403782,0.6907585589617364,0.7558588720061807,0.754062362758015,0.705114254624592,0.7645435732352265,0.7504640131985977,0.690407358738502,0.8217054263565892,0.6774947417620939,0.8399792853443812,0.805726872246696,0.6883876357560568,0.7745398773006135,0.8255258126195029,0.696969696969697,0.6899331951163327,0.681986265187533,0.2564229249011858,0.24744276668290308,0.7771217712177122,0.7291288566243194,0.24427480916030533,0.45348542458808616,0.6349975763451284,0.7347781217750258,0.7303921568627451,0.7147444474177147,0.0,0.7185065807144776,0.7492123503465659,0.44583333333333336,0.2965412004069176,0.24478764478764478,0.5789950203712086,0.2763868433971527,0.1760948905109489,0.6555142503097894,0.4975484473499883,0.41260616897630753,0.26601941747572816,0.46923828125,0.47077219148424343,0.19137195886631553,0.782839787395596,0.7593301435406699,0.21468638449770525,0.44430538172715894,0.7337184873949579,0.7634350526600054,0.4630597863150716,0.4276158623984711,0.43783783783783786,0.46310160427807484,0.247070078928486,0.7322525178088921,0.4698855151816824,0.40180430256766136
syn_Ni_0012,0.8726245505906522,0.8069520252800919,0.8550218340611354,0.8654255319148936,0.8473700212830647,0.8710994459025955,0.8568599717114569,0.7899466442010671,0.827653089498476,0.8848349466368826,0.8706030150753769,0.7993311036789298,0.8245897228948076,0.8496583143507973,0.85595703125,0.8125574272588055,0.8588410104011887,0.8540987716219604,0.8124836772003134,0.8673081792858952,0.8640822045773003,0.8777720474471377,0.8472639807576668,0.8675940236991242,0.8580097087378641,0.8795059238719435,0.8491421171900292,0.873471557682084,0.8587517597372126,0.8408949658172779,0.8085747392815759,0.866738894907909,0.7978625954198473,0.8047052871237035,0.8647940966436563,0.8724812030075187,0.7903808729496803,0.8632435180477885,0.853489611081513,0.8368240075023445,0.6960416064721179,0.7073032111395283,0.25014376078205863,0.2420832242868359,0.7185759263744248,0.7963073257891602,0.8671941226335123,0.1395560960778352,0.20641282565130262,0.17015873015873015,0.7185065807144776,0.0,0.851461427886919,0.7995696280356593,0.701644245142003,0.7137659187386295,0.870007830853563,0.7137940923429883,0.7476955491177245,0.8335266821345708,0.801948051948052,0.7669153588886031,0.7061986979903765,0.7959532630379025,0.8095238095238095,0.7176470588235294,0.24197384066587396,0.2368494294461453,0.7481259370314842,0.784037558685446,0.1729276622167029,0.19833119383825418,0.7974816369359916,0.7827174215059739,0.7927074361182889,0.7974559686888454,0.7462437395659433,0.19690011481056258,0.8012241329058584,0.762847965738758
syn_Ni_0013,0.6459854014598541,0.8650143837132109,0.6923764811088755,0.779491454772822,0.5220707187427779,0.6803223640026864,0.5228515197900722,0.8717112415742553,0.8820744566386917,0.7900138148806,0.762297901616787,0.8987751328865264,0.8788643533123028,0.4997802197802198,0.7717179587066615,0.8619567743434813,0.6717888100866825,0.7799880644519595,0.8639819190466407,0.6703428915179467,0.6718045112781955,0.7945484133441822,0.7795600366636114,0.6711382113821138,0.811259806183664,0.7942057942057942,0.689847346740974,0.79875,0.7841509433962264,0.6870300751879699,0.8572762936671026,0.6769556025369979,0.8724785532112219,0.8657583650571028,0.6659667875548769,0.8115975246390098,0.8550161812297734,0.6600965406275141,0.6686143572621035,0.6747698843521359,0.7586130251166926,0.7410577134079438,0.8613817537643933,0.8402963572751595,0.7209212308883298,0.7629663330300273,0.38518680358313306,0.8548648024035128,0.8499227543588612,0.8424068767908309,0.7492123503465659,0.851461427886919,0.0,0.7361920298298765,0.7152635181382615,0.7638376383763837,0.4068597247894845,0.7511602209944751,0.7671147880041365,0.36781096745430225,0.7325728770595691,0.7031472081218274,0.738350470356596,0.7470859907631405,0.7395833333333334,0.7489860297431276,0.858246251703771,0.8820988987259771,0.7827578321518408,0.7422402159244265,0.8478516083587697,0.8651901781415503,0.7117525773195876,0.7187836963554022,0.721300597213006,0.7444401092469762,0.7707253886010362,0.8553737284387439,0.7279033340792124,0.7000418935902807
syn_Ni_0014,0.7387185240588382,0.8854919399666481,0.723536036036036,0.8096466339953572,0.7116852613035819,0.7241962774957699,0.7097480832420592,0.8760195758564437,0.8985507246376812,0.8229618909792571,0.8295524218271,0.8978273634762184,0.881585811163276,0.7139707908514742,0.809162117256112,0.8704908338261383,0.714560770156438,0.7939600584510472,0.8834262544348708,0.7520905066404329,0.7272107297112981,0.8227784730913642,0.7955271565495208,0.7484371092773193,0.8183416349252857,0.816356513222331,0.7311291328758578,0.811291569992266,0.816396437542818,0.7223388305847076,0.8799638989169675,0.7222368075610397,0.8773584905660378,0.8810810810810811,0.7364520611394164,0.831493317838466,0.8745288099084545,0.7077264872870896,0.727202273314389,0.7243667068757539,0.5410844046953606,0.5,0.8258692628650904,0.8191975622143219,0.5360339142722562,0.18446043165467627,0.6110503282275711,0.816793893129771,0.8038781163434903,0.7912457912457912,0.44583333333333336,0.7995696280356593,0.7361920298298765,0.0,0.5413056036972848,0.4980966325036603,0.538500506585613,0.5405105438401776,0.4358712314767501,0.5915848527349229,0.22790453710988723,0.21078921078921078,0.5561643835616439,0.19415333701047988,0.20857065364795227,0.438726187091271,0.8310830221200805,0.831266846361186,0.48493626882966395,0.17843971631205674,0.7974835230677052,0.8243117847200743,0.2237210486128786,0.17868675995694294,0.16,0.2694411414982164,0.5198059822150364,0.8094973618439323,0.16347237880496054,0.19076044640539838
syn_Ni_0015,0.6383134291981477,0.8092140921409214,0.6481888035126235,0.6961451247165533,0.6935391652372784,0.6470588235294118,0.6688034188034188,0.7957559681697612,0.8334206390780513,0.732420953279849,0.7175526579739218,0.8204688393367638,0.8380030565461029,0.6699811878527278,0.6966318234610918,0.8278641335636154,0.6232634801036026,0.6836588851834207,0.821198613174839,0.6503126503126503,0.6179024716098864,0.7372155615365794,0.6837340876944837,0.6284527010510877,0.7061340941512125,0.7054597701149425,0.6567616737416616,0.722488038277512,0.7123685976291657,0.6475051065071491,0.8081343943412909,0.6118943860548577,0.8203214695752009,0.798654493032196,0.6317460317460317,0.7277872099603848,0.8045191802417236,0.6413227130098962,0.6326015644713601,0.6273474178403756,0.22615803814713897,0.21566523605150215,0.7569839978302143,0.6898263027295285,0.2544951590594744,0.5452761424165966,0.6371398078975453,0.7049742710120068,0.7007023230686116,0.6832390592438226,0.2965412004069176,0.701644245142003,0.7152635181382615,0.5413056036972848,0.0,0.27516395779868835,0.5925742574257425,0.2288961038961039,0.30254618072890666,0.6067815149029259,0.565685019206146,0.490234375,0.18653126670229825,0.541151156535772,0.5485578195289759,0.3277916320310335,0.7649034424853065,0.7301420305102577,0.31376975169300225,0.5161736245507327,0.7061224489795919,0.7437593984962406,0.5334493906988311,0.5084033613445378,0.528169014084507,0.5457295787758901,0.31580331317381016,0.7015976171134579,0.5428571428571428,0.49657794676806083
syn_Ni_0016,0.7110453648915187,0.8040076859730991,0.6791770920211287,0.7327893931667516,0.7166038829324833,0.6819827346143136,0.7019204760616716,0.8001611603545528,0.8334659241580482,0.7551896921975663,0.7626569461320373,0.8296146044624746,0.842742974993555,0.7093086554164398,0.7247534053546266,0.8208345491683688,0.6852380952380952,0.715249337509034,0.8185918316211476,0.717343711992216,0.6746174617461747,0.7584158415841584,0.7144495412844036,0.6913946587537092,0.7420474262579526,0.7379510777427949,0.6868655798215934,0.763506625891947,0.7463833634719711,0.6662721893491125,0.8083538083538083,0.6844836533471718,0.824847250509165,0.7992709599027946,0.6960806784322714,0.7482076283338113,0.8020750199521149,0.69677734375,0.6736465781409602,0.6739065754239809,0.2359922715981231,0.22358054876392286,0.7653846153846153,0.7363796133567663,0.2794220461430902,0.4965909090909091,0.6222642529046204,0.7310924369747899,0.7357045143638851,0.6968599033816425,0.24478764478764478,0.7137659187386295,0.7638376383763837,0.4980966325036603,0.27516395779868835,0.0,0.5932882544452792,0.21677171827898054,0.24981055822177317,0.6232686980609419,0.5375842405391394,0.4611015065448259,0.2557510148849797,0.5167529283573958,0.5166130760986066,0.23357664233576642,0.7799205899035735,0.7507323568575233,0.21589934229339433,0.4823529411764706,0.7315991723322495,0.7431360585723001,0.4972320080523402,0.46556766817335815,0.48148148148148145,0.504,0.23109691160809373,0.7312122874382886,0.5090453659894238,0.4581836839404823
syn_Ni_0017,0.6103726302026585,0.850095785440613,0.6256658595641647,0.7369248035914703,0.5401606425702812,0.6134820562560621,0.5073286052009456,0.8519736842105263,0.8736059479553904,0.7396274343776461,0.7506854322792909,0.8714859437751004,0.85675430643699,0.5165200855716663,0.7357545397620538,0.8631313131313131,0.6154658778787239,0.7331340734415029,0.8580901856763926,0.6304909560723514,0.6045810729355033,0.7629564837087252,0.7324048744093509,0.6508630107057024,0.761964419944876,0.7589017589017589,0.6257928118393234,0.7514022885348889,0.7546903368973169,0.6125734730385893,0.8522954091816367,0.627991793936631,0.8675062972292191,0.8519793459552496,0.6217320261437909,0.7631840796019901,0.8457595526561044,0.5938647656081227,0.6223870532703979,0.6189008731381612,0.611645813282002,0.5704793545325106,0.8753894080996885,0.866696191319752,0.5895522388059702,0.5568714532445103,0.3401039206424185,0.8689759036144579,0.8686723973256925,0.859037711313394,0.5789950203712086,0.870007830853563,0.4068597247894845,0.538500506585613,0.5925742574257425,0.5932882544452792,0.0,0.6059301769488283,0.5939447907390917,0.3970552739560705,0.5559098155317695,0.5329550414666084,0.6116367076631978,0.5451950523311132,0.550293083235639,0.576068376068376,0.8753387533875339,0.8791977611940298,0.5836228287841191,0.5539848891055326,0.8600612870275791,0.8840199422723695,0.5389394275571333,0.5384257102934327,0.5375777884155098,0.5805979510767301,0.5775238983446025,0.8770040679588418,0.5438681531749879,0.5368991198375085
syn_Ni_0018,0.6513545347467609,0.7948851774530271,0.6666666666666666,0.7032352225735831,0.7,0.647089947089947,0.6860524961399898,0.7919222903885481,0.8267676767676768,0.7292237442922375,0.7281061049346597,0.8186813186813187,0.8269419862340216,0.690913797566658,0.69417584888689,0.8174778761061947,0.6390977443609023,0.695852534562212,0.8105263157894737,0.6544186046511627,0.6382473559248867,0.7309056514542445,0.6856132716888768,0.6484762579730687,0.7033177954483136,0.714682723483094,0.6744186046511628,0.7276926817408218,0.716453500975504,0.6559260297001961,0.8002571795970853,0.630472421469206,0.8119139547710976,0.7862453531598513,0.6515817223198594,0.7138193688792165,0.7983789260385005,0.650875145857643,0.646285018270402,0.6433802816901408,0.2061909758656873,0.19483204134366924,0.7717419691825542,0.7056567593480345,0.2375,0.5443515772445403,0.655012853470437,0.7208791208791209,0.7117585848074922,0.7012282205084261,0.2763868433971527,0.7137940923429883,0.7511602209944751,0.5405105438401776,0.2288961038961039,0.21677171827898054,0.6059301769488283,0.0,0.2695274831243973,0.6372729665701501,0.588337039782555,0.49598867390278434,0.21266735324407826,0.550259067357513,0.5598061718949248,0.2945881098373767,0.7798115746971737,0.7347870182555781,0.25610417797069995,0.4950784783187018,0.7150055991041433,0.7461782520911451,0.5378332932981024,0.5139240506329114,0.5221700573813249,0.5404370353683262,0.2643852978453739,0.716818774445893,0.553146483342147,0.48372889650110107
syn_Ni_0019,0.6952799121844128,0.8295509415741188,0.6845703125,0.7493779687853427,0.730632911392405,0.6816625916870416,0.7116301239275501,0.8299384178114637,0.8440281030444965,0.7735607675906183,0.7623689534669855,0.8551898734177216,0.8647784376427593,0.7148334531512102,0.7435358419171747,0.8512480896586857,0.6726963183656097,0.7329032258064516,0.8427616926503341,0.7023861171366594,0.6678130689864454,0.7788059043842256,0.7356408327062954,0.674224081003742,0.7614354308819813,0.7350907519446845,0.6928,0.7680307483608411,0.7525898842169408,0.6860015467904099,0.8336012861736335,0.6691936595451413,0.8536585365853658,0.8266146510619853,0.6803784450843274,0.7706974410436528,0.8388914983560357,0.6861806311207834,0.6833522083805209,0.6740932642487046,0.27510917030567683,0.23732057416267943,0.798502053636144,0.749219098616689,0.25636743215031316,0.4426474247325205,0.6538095238095238,0.7518987341772152,0.7583052479537795,0.7349776961427447,0.1760948905109489,0.7476955491177245,0.7671147880041365,0.4358712314767501,0.30254618072890666,0.24981055822177317,0.5939447907390917,0.2695274831243973,0.0,0.6617181796057435,0.4716548083543723,0.39050131926121373,0.2708631378159275,0.44796163069544365,0.4526116757267785,0.22038906673233194,0.8171428571428572,0.7738598965679361,0.1941941941941942,0.41558122388793317,0.7609479649665121,0.7908392904421498,0.4473507712944333,0.4197183098591549,0.41505791505791506,0.44662034112444726,0.2371327849588719,0.7558504221954162,0.4550342130987292,0.38912895155788035
syn_Ni_0020,0.6647646219686163,0.8723965199050884,0.6647985054710435,0.7598231827111984,0.46959178006109414,0.6546377973803795,0.46971666233428644,0.8683191324554609,0.8872736546799286,0.7820778622437227,0.7818396226415094,0.8939183560122188,0.8763961280714817,0.4398535564853556,0.7472776769509982,0.8691641039977634,0.6652873563218391,0.7498256219483841,0.8705626660226998,0.6831729640929359,0.65302568567697,0.7785202863961814,0.7509620670698186,0.6843109203624225,0.7777161862527716,0.7681701332086937,0.6589238459276683,0.7668139420716741,0.7726278968080454,0.6487252124645893,0.868165117786903,0.6653346653346653,0.8745469751881796,0.8724501758499413,0.6769333037890538,0.7910365686004949,0.8587874136607828,0.6406029203956665,0.6635514018691588,0.6496724579891768,0.6262920752716671,0.6204646306447402,0.8432717678100264,0.836922332446165,0.6505291600990768,0.6272479564032698,0.2292910932225396,0.8361566231602333,0.833377135348226,0.8226458694396303,0.6555142503097894,0.8335266821345708,0.36781096745430225,0.5915848527349229,0.6067815149029259,0.6232686980609419,0.3970552739560705,0.6372729665701501,0.6617181796057435,0.0,0.5993013972055888,0.606096689688021,0.6327698309492847,0.6084794556398848,0.6306027820710973,0.6147629310344828,0.8324265505984766,0.8801536491677336,0.6517685769125309,0.6096774193548387,0.8290404755165581,0.8541423570595099,0.61639185257032,0.6041933009460496,0.5931488801054019,0.649090909090909,0.6533538146441372,0.8493150684931506,0.6013892599519103,0.5854743083003953
syn_Ni_0021,0.7278850471486304,0.8614204404850284,0.7106382978723405,0.7944444444444444,0.7178487918939984,0.7372775131611933,0.7128205128205128,0.8534336326134433,0.8786279683377308,0.8134669862715188,0.8047226386806596,0.8726942062873474,0.8798223053542202,0.7175834970530451,0.7942439862542955,0.8630065359477124,0.7050891692040018,0.7806111233238074,0.8601048074732285,0.741406076735418,0.7071458075175547,0.8134294727354664,0.7889861039629439,0.7388563710040522,0.8220954356846473,0.7945659377070908,0.7265004110715264,0.8010180472003702,0.8013272501036914,0.7316040232927475,0.8670769230769231,0.7248353715898401,0.8597131681877445,0.8639485929536893,0.7332493173703003,0.824967824967825,0.8527784459947078,0.7085002225189141,0.7209086694483078,0.7286512370311253,0.564784879383238,0.5288060799215494,0.8221892025755324,0.8110020543254964,0.5551290253785456,0.20418580908626852,0.6242986094169309,0.8030657313587944,0.8238341968911918,0.7935309973045822,0.4975484473499883,0.801948051948052,0.7325728770595691,0.22790453710988723,0.565685019206146,0.5375842405391394,0.5559098155317695,0.588337039782555,0.4716548083543723,0.5993013972055888,0.0,0.2111535866876546,0.5822135353041779,0.1850577537478496,0.16707021791767554,0.4772727272727273,0.8287461773700305,0.8372261016132916,0.5286264441591785,0.2132056451612903,0.8106321079079608,0.8182807399347116,0.1688014638609332,0.18778552536667467,0.18971061093247588,0.18502581755593803,0.5556090515166104,0.8239366963402571,0.17815083938862442,0.22486033519553073
syn_Ni_0022,0.6968783638320775,0.8449905482041588,0.6975633062589585,0.7871868765240523,0.7049504950495049,0.7033492822966507,0.705552963135791,0.8385899814471243,0.8660550458715597,0.7920502092050209,0.7803510041613896,0.8628712871287129,0.868845120859445,0.7058409570724842,0.7685166082112647,0.8595617529880478,0.6788473585299645,0.7632911392405063,0.8467248908296944,0.711063829787234,0.6832902841247764,0.7926117952041478,0.7733627667402502,0.7099071875674509,0.8092414133926366,0.7791437049597287,0.7098958333333333,0.7868380234877022,0.7829642928386196,0.7011841773746535,0.8428740623766285,0.6939005176682422,0.849478390461997,0.8401360544217688,0.7035541195476576,0.8150147203140333,0.8362465501379944,0.6789754535752401,0.6972253052164262,0.6987341772151898,0.5,0.47166276346604213,0.7952234570820524,0.7716535433070866,0.4713114754098361,0.22754928206376246,0.6251748251748251,0.7792079207920792,0.7855796418473139,0.754421943091515,0.41260616897630753,0.7669153588886031,0.7031472081218274,0.21078921078921078,0.490234375,0.4611015065448259,0.5329550414666084,0.49598867390278434,0.39050131926121373,0.606096689688021,0.2111535866876546,0.0,0.5121381886087768,0.18732394366197183,0.21962508678546633,0.42423512406649,0.8046172539489672,0.7974217311233885,0.46598139990210474,0.1853811012262563,0.7678751258811681,0.791569692267908,0.1759807144422529,0.16551724137931034,0.17288615965989607,0.1969415168423228,0.4669735327963176,0.7804014167650531,0.19655667144906744,0.16425228437708936
syn_Ni_0023,0.663015614075973,0.8086642599277978,0.6607515657620042,0.706519124368535,0.6988605534454694,0.6529012023000522,0.6861648016276704,0.7988883274381,0.8422366450324513,0.7230004518752824,0.7204716798762807,0.8263700488334238,0.8385999027710258,0.6745970836531082,0.6973069218784776,0.8312397596941562,0.6459977452085682,0.689922480620155,0.828679602460956,0.660377358490566,0.638811711904253,0.7338011695906432,0.6819769003491808,0.6494508062631456,0.7064717032223125,0.7089825847846013,0.6649454962707975,0.7283000721327242,0.708950418544752,0.648686030428769,0.8094227504244482,0.6316947909024211,0.8246187363834423,0.799080459770115,0.6463679860809047,0.7297152068780226,0.8127190786179269,0.6485800046178711,0.6463502770416767,0.646273637374861,0.19388284085018145,0.18947906026557712,0.7579354838709678,0.6861071597913703,0.21431727794962438,0.5573901464713715,0.663109756097561,0.7069994574064026,0.7012853470437018,0.6859317733295743,0.26601941747572816,0.7061986979903765,0.738350470356596,0.5561643835616439,0.18653126670229825,0.2557510148849797,0.6116367076631978,0.21266735324407826,0.2708631378159275,0.6327698309492847,0.5822135353041779,0.5121381886087768,0.0,0.568868407578085,0.5704562641794807,0.286278641032394,0.7660196756181866,0.72531328320802,0.2834941050375134,0.5311432325886991,0.7125483692647872,0.7346996868773128,0.5599904965550012,0.5305305305305306,0.5463917525773195,0.5567447045707915,0.2939113004259584,0.7078072661685133,0.5621734587251829,0.5001209774981853
syn_Ni_0024,0.7286149519568784,0.8671510119356513,0.7221638655462185,0.8045003629324946,0.7209175314036046,0.728563913729616,0.7328556806550666,0.8596847991865786,0.8854846810647916,0.8209904588823262,0.8135560302971451,0.8831239759694156,0.887041564792176,0.7343629343629343,0.7981651376146789,0.8752061572292469,0.7021083654500113,0.7858780375974324,0.8738695859114707,0.7329939842665433,0.7074113856068743,0.8174547165372853,0.7999459313327927,0.735840188014101,0.8261106568547288,0.7940092165898618,0.7302137492778741,0.8055622732769044,0.807982740021575,0.72208298524088,0.8694539249146758,0.7141451414514145,0.8651315789473685,0.8663892741562644,0.7337122868386533,0.8334234721471065,0.8654911838790932,0.7079173438588344,0.725708747274049,0.7301231802911534,0.5425143453312468,0.5143884892086331,0.8208257595429759,0.8154506437768241,0.543758329631275,0.15465022782095952,0.6375255623721882,0.8203167667941016,0.8147956544231764,0.7780300879931876,0.46923828125,0.7959532630379025,0.7470859907631405,0.19415333701047988,0.541151156535772,0.5167529283573958,0.5451950523311132,0.550259067357513,0.44796163069544365,0.6084794556398848,0.1850577537478496,0.18732394366197183,0.568868407578085,0.0,0.16459548567080903,0.4518950437317784,0.8255284987958256,0.832576903681291,0.5037756202804746,0.1891034117958212,0.8046744574290484,0.825164803668673,0.16702508960573476,0.16717019133937563,0.145746887966805,0.21004259134723155,0.5311318376607008,0.8060668913663469,0.15825446898002102,0.19347773180822583
syn_Ni_0025,0.737985212569316,0.870242656449553,0.7342982682863789,0.8087744396757273,0.7416062315337094,0.7380274398136164,0.7430083144368859,0.8618272841051314,0.887212465990601,0.8180596011651355,0.8218809980806142,0.884501745903841,0.8862924596482775,0.7455651292448049,0.8061810154525386,0.8799675587996756,0.7276386404293381,0.7942572914311553,0.8752052545155994,0.7691079169518594,0.731128074639525,0.8228200371057514,0.7978723404255319,0.757645968489342,0.8214477211796246,0.8159509202453987,0.7422651149588418,0.8036224976167778,0.8202725724020443,0.7343921139101862,0.8744998947146768,0.7387300048473098,0.8722027500674037,0.8718942329610212,0.7471413160733549,0.8244213886671987,0.8690151327214091,0.7257326007326007,0.731614135625597,0.7445637214423342,0.5558408215661104,0.512775107513281,0.8353783231083844,0.8265569917743831,0.5441595441595442,0.1661392405063291,0.6420840674553234,0.825409615901155,0.8197097020626433,0.7996651785714286,0.47077219148424343,0.8095238095238095,0.7395833333333334,0.20857065364795227,0.5485578195289759,0.5166130760986066,0.550293083235639,0.5598061718949248,0.4526116757267785,0.6306027820710973,0.16707021791767554,0.21962508678546633,0.5704562641794807,0.16459548567080903,0.0,0.460093896713615,0.8383359662980516,0.8301465110504097,0.5065003979835501,0.2243623112961999,0.8051983584131327,0.8332394366197183,0.15544041450777202,0.17976692288618895,0.16160326780699516,0.19858469703670942,0.5312810327706058,0.8141909137314957,0.151875808538163,0.22398081534772182
syn_Ni_0026,0.7003367003367004,0.805607476635514,0.6939713436063801,0.7410536779324056,0.7258654658035463,0.6896831844029244,0.7083443011318769,0.8044444444444444,0.8342370255615802,0.7679944095038435,0.7662698412698413,0.8322544328736279,0.841748304446119,0.7007415254237288,0.7440366972477064,0.8260130348540663,0.6857275685727569,0.7347754526216788,0.8167603225018324,0.7194398291004035,0.6858776946766388,0.7653307580878802,0.7259052924791086,0.6999517607332368,0.751685393258427,0.748050106357835,0.6868475991649269,0.7585692995529061,0.7516570923552806,0.688110281447444,0.8161170561257917,0.6814964610717897,0.8242441367617971,0.8041261560350961,0.7043673012318029,0.7653942602396211,0.8145558145558146,0.6922343973320629,0.6893977103036336,0.6777360669939358,0.27248322147651005,0.2513877874702617,0.7819347942276857,0.7341493268053856,0.29524243114045073,0.44229707344008834,0.6239810675782277,0.7371235575569941,0.7338301836571732,0.7018160515524312,0.19137195886631553,0.7176470588235294,0.7489860297431276,0.438726187091271,0.3277916320310335,0.23357664233576642,0.576068376068376,0.2945881098373767,0.22038906673233194,0.6147629310344828,0.4772727272727273,0.42423512406649,0.286278641032394,0.4518950437317784,0.460093896713615,0.0,0.7839029768467475,0.7619911848586984,0.20311197554876353,0.42538126361655776,0.7388809182209469,0.757396449704142,0.45093228655544654,0.4154801967382863,0.42567387243127836,0.46599264705882354,0.23950233281493002,0.7299893276414088,0.45331529093369416,0.3905
syn_Ni_0027,0.8704512372634643,0.8118091129684551,0.8667758667758668,0.8796389167502507,0.8595393801535399,0.8764014219305442,0.8612808929045974,0.7994193718659277,0.8300755798801147,0.8961710124500822,0.872501998401279,0.8094967301677566,0.8271229404309253,0.8572192513368984,0.8598519888991675,0.8076152304609219,0.8588842006563525,0.8567702157932179,0.8151343357160463,0.8659324874311707,0.8620842572062084,0.8845591816853385,0.8581879572312887,0.8652068126520681,0.8740068104426788,0.8841477949940405,0.856496834488996,0.8791979949874686,0.8641425389755011,0.8549042367962856,0.8186220559101915,0.8693877551020408,0.8087353696831288,0.8077015068165511,0.8636261006999323,0.882915845764143,0.797124183006536,0.865449303219606,0.8608739326971371,0.8459293843011381,0.7701274058010301,0.7806244995996797,0.14678899082568808,0.2244998765127192,0.7787468441588249,0.826547685443391,0.8837271037961243,0.22945692351435884,0.19054017737167428,0.25932504440497334,0.782839787395596,0.24197384066587396,0.858246251703771,0.8310830221200805,0.7649034424853065,0.7799205899035735,0.8753387533875339,0.7798115746971737,0.8171428571428572,0.8324265505984766,0.8287461773700305,0.8046172539489672,0.7660196756181866,0.8255284987958256,0.8383359662980516,0.7839029768467475,0.0,0.23475529965977493,0.8153241650294696,0.8157315731573157,0.1968686575819078,0.27093301435406697,0.8297029702970297,0.8165665011758557,0.8167609808676907,0.8368860055607044,0.8116169544740973,0.20043103448275862,0.8283684066684887,0.7991927346115035
syn_Ni_0028,0.9007124798896805,0.80802437785678,0.894655704008222,0.8875978183542803,0.8916177255739456,0.9104477611940298,0.9028056112224448,0.8078646092583375,0.8312838170191835,0.8907712884529648,0.8861073953755016,0.805125467164976,0.836607570675611,0.8951877047115142,0.8783219855040633,0.8189145620634067,0.889210233592881,0.8753936122357175,0.8245450303313112,0.8928733545165684,0.8911162692551171,0.9026528258362169,0.8773460216759186,0.8902973035261581,0.8843591793232081,0.8978300180831826,0.883248730964467,0.8876511021569092,0.882178427632973,0.8802721088435375,0.8243922883487007,0.89587852494577,0.8129689174705252,0.8154195011337868,0.8948046371833405,0.8783712321523004,0.8061174148988653,0.8966066955135504,0.8826881975777725,0.8780087527352297,0.7253700867789689,0.7409456740442656,0.20050825921219823,0.18560074801309023,0.7396423898822503,0.8091743119266055,0.8823823823823824,0.20982381206620396,0.20354430379746835,0.27474355420016633,0.7593301435406699,0.2368494294461453,0.8820988987259771,0.831266846361186,0.7301420305102577,0.7507323568575233,0.8791977611940298,0.7347870182555781,0.7738598965679361,0.8801536491677336,0.8372261016132916,0.7974217311233885,0.72531328320802,0.832576903681291,0.8301465110504097,0.7619911848586984,0.23475529965977493,0.0,0.7837552742616034,0.8214747736093143,0.20174007612833061,0.21018751749230338,0.83134223471539,0.8067061143984221,0.8274111675126904,0.8319031903190319,0.7566033078252283,0.19309819842679524,0.823045267489712,0.8063439065108514
syn_Ni_0029,0.7141461031028585,0.8282608695652174,0.6813428728673638,0.7549886334933064,0.7259174311926605,0.697353914002205,0.7171933583288699,0.8297872340425532,0.842436974789916,0.7842951750236519,0.7889447236180904,0.8503440366972477,0.8682328907048008,0.7165184586364861,0.7504074505238649,0.8464203233256351,0.7040358744394619,0.7507163323782235,0.8321747765640516,0.740115718418515,0.6987279625083687,0.7831739023792004,0.737872340425532,0.7074246508208772,0.76137339055794,0.7493999039846375,0.6976885644768857,0.7773289573340065,0.7718000448329971,0.6839332748024582,0.8396101019051839,0.6957080442045747,0.8468624064478987,0.8246628131021194,0.7172727272727273,0.7701475595913735,0.8356164383561644,0.7082022743769659,0.6994687579053883,0.673925838728664,0.2786885245901639,0.22162452931683702,0.8041881968996465,0.7611940298507462,0.29251386321626616,0.49001967950520103,0.6270733012306046,0.757454128440367,0.7659804983748646,0.734249029561063,0.21468638449770525,0.7481259370314842,0.7827578321518408,0.48493626882966395,0.31376975169300225,0.21589934229339433,0.5836228287841191,0.25610417797069995,0.1941941941941942,0.6517685769125309,0.5286264441591785,0.46598139990210474,0.2834941050375134,0.5037756202804746,0.5065003979835501,0.20311197554876353,0.8153241650294696,0.7837552742616034,0.0,0.4677016911560854,0.7619883040935672,0.7870286576168929,0.49788082772375963,0.4702474986835176,0.46985334057577405,0.5045486354093772,0.21486949644081202,0.7523757806136302,0.49586776859504134,0.450571791613723
syn_Ni_0030,0.7037926068170908,0.8593125499600319,0.6940922578904775,0.7906746031746031,0.7090704858185903,0.7027830316130775,0.7021276595744681,0.8523349856509261,0.8758052048441124,0.8098116717042548,0.8066561014263075,0.868014602639708,0.8766608172474304,0.7140591966173362,0.7907509157509157,0.8625954198473282,0.6853828306264501,0.768598920441211,0.8585710802243355,0.728500355366027,0.7000439174352218,0.8081927710843374,0.7793218454697054,0.7207510832932114,0.8066143497757847,0.7900448218919557,0.7054448080928295,0.7863163113534953,0.7904719894133215,0.7088825214899713,0.8626553302812295,0.7033299697275479,0.8579080913447984,0.855621301775148,0.7160742231164766,0.8181818181818182,0.8500904626518481,0.6932952924393724,0.7059115747640338,0.6963411120714491,0.5226359496383606,0.47718280137166974,0.8122666666666667,0.8016125091619839,0.5096568961599637,0.19614325068870522,0.6342167410128575,0.8028643639427128,0.8007968127490039,0.7714786674459381,0.44430538172715894,0.784037558685446,0.7422402159244265,0.17843971631205674,0.5161736245507327,0.4823529411764706,0.5539848891055326,0.4950784783187018,0.41558122388793317,0.6096774193548387,0.2132056451612903,0.1853811012262563,0.5311432325886991,0.1891034117958212,0.2243623112961999,0.42538126361655776,0.8157315731573157,0.8214747736093143,0.4677016911560854,0.0,0.7870025765817349,0.8046044864226682,0.20763956904995104,0.1738568845259623,0.1611185086551265,0.23440366972477064,0.49456802897051216,0.7917997870074548,0.17796381312449366,0.18612774451097805
syn_Ni_0031,0.8652927871324453,0.8194054963544588,0.8522727272727273,0.8652795838751626,0.8441019561351512,0.8639726807057484,0.856353591160221,0.8113000548546352,0.8456957227937195,0.879436071949441,0.8728656655009257,0.8251333728512151,0.8311415044713308,0.8465387823185988,0.853145180578809,0.813134328358209,0.8559301479505215,0.852233676975945,0.8272866632600919,0.8691125433812593,0.8648958094801924,0.8687862730254857,0.8434476693051891,0.8618603478699269,0.8621709553386572,0.8770977295162883,0.8412098298676749,0.8731479074603588,0.8651943869335174,0.8383287920072662,0.8218181818181818,0.8649722001588562,0.819047619047619,0.8152550767706785,0.8651423238450769,0.8709677419354839,0.8049972840847366,0.8611594924110475,0.8572544933576453,0.8367844092570037,0.7129159616469262,0.7258601553829079,0.21133875947235475,0.21761392729134665,0.7361177028951116,0.7972698228289282,0.8543046357615894,0.16064018968583285,0.1777529346003354,0.21854714064914993,0.7337184873949579,0.1729276622167029,0.8478516083587697,0.7974835230677052,0.7061224489795919,0.7315991723322495,0.8600612870275791,0.7150055991041433,0.7609479649665121,0.8290404755165581,0.8106321079079608,0.7678751258811681,0.7125483692647872,0.8046744574290484,0.8051983584131327,0.7388809182209469,0.1968686575819078,0.20174007612833061,0.7619883040935672,0.7870025765817349,0.0,0.2246173070915339,0.8085706954067231,0.7866449511400652,0.7903587443946188,0.8135633836568416,0.7575428105463441,0.20818156346315494,0.7946530147895335,0.7733577597487569
syn_Ni_0032,0.8874548270521425,0.820283155157469,0.8793557833089312,0.8823529411764706,0.8684613031508106,0.8867703138750367,0.8816500711237554,0.8113527252188647,0.8417386458623572,0.8947368421052632,0.8826745164003365,0.8164576323034567,0.8377062483094401,0.8739977090492554,0.8680078508341511,0.8175654853620955,0.8760577401692384,0.8699924414210128,0.8272512470464689,0.883430898447442,0.8789300797747537,0.8911353032659409,0.8620689655172413,0.8834800621439669,0.8797313797313797,0.890549784646567,0.8670576735092864,0.8845537145911277,0.8736445073078737,0.8574108818011257,0.8225844004656577,0.8856209150326797,0.810752688172043,0.8220188151538266,0.8818464482181296,0.8928895612708018,0.8009505171931787,0.8880940214614206,0.8730583824317086,0.8622208241585404,0.7378668991572217,0.7513575307230638,0.26431463273568534,0.2528282031044462,0.7566317838890241,0.8238466147393649,0.8851946575731742,0.207096971550933,0.25424704866109993,0.23578274760383386,0.7634350526600054,0.19833119383825418,0.8651901781415503,0.8243117847200743,0.7437593984962406,0.7431360585723001,0.8840199422723695,0.7461782520911451,0.7908392904421498,0.8541423570595099,0.8182807399347116,0.791569692267908,0.7346996868773128,0.825164803668673,0.8332394366197183,0.757396449704142,0.27093301435406697,0.21018751749230338,0.7870286576168929,0.8046044864226682,0.2246173070915339,0.0,0.8243670886075949,0.8116792400111763,0.8192318798729425,0.8176007866273353,0.7851147174034695,0.2228637413394919,0.8153034300791556,0.7949407965554359
syn_Ni_0033,0.7260393873085339,0.8604763050276641,0.7095597178302117,0.7899008115419297,0.712484237074401,0.7222898903775883,0.7131322726193303,0.8531980174651876,0.8772462077012836,0.8087141339001063,0.7960381511371973,0.8698612862547289,0.8725244707489187,0.7144221585482331,0.7866722548197821,0.8650088809946714,0.7013152312261349,0.7796355841371918,0.8566037735849057,0.7340540540540541,0.7067365873336022,0.8036890645586298,0.7891054472763618,0.735410267661255,0.8182275931520645,0.8005599827697609,0.7333333333333333,0.7967552951780081,0.7966788173349534,0.7031330251669234,0.8557403325986777,0.7184065934065934,0.8587699316628702,0.8539641391229207,0.7277014558129998,0.8215446138465383,0.8502223262344957,0.7058568329718005,0.7187358916478556,0.712,0.5387962291515591,0.5003575685339691,0.8237843042850265,0.8065376917945297,0.5284079084287201,0.19038175508180466,0.631791221826809,0.8234552332912989,0.8196210122331494,0.7856769472033456,0.4630597863150716,0.7974816369359916,0.7117525773195876,0.2237210486128786,0.5334493906988311,0.4972320080523402,0.5389394275571333,0.5378332932981024,0.4473507712944333,0.61639185257032,0.1688014638609332,0.1759807144422529,0.5599904965550012,0.16702508960573476,0.15544041450777202,0.45093228655544654,0.8297029702970297,0.83134223471539,0.49788082772375963,0.20763956904995104,0.8085706954067231,0.8243670886075949,0.0,0.1616374269005848,0.17480163500841547,0.16666666666666666,0.5100702576112413,0.80625,0.17944971999026052,0.19900271985494106
syn_Ni_0034,0.719990819371127,0.8549695740365112,0.7080554130323242,0.7887757518351882,0.7020255863539445,0.7209660842754368,0.704352176088044,0.8429423459244533,0.8767190569744597,0.8067675868210151,0.8026340904752816,0.8678038379530917,0.8746411483253589,0.7127044025157233,0.785479271770125,0.869098712446352,0.6978449233503666,0.7713387241689128,0.8522833178005592,0.7384406165004533,0.7112750263435195,0.8037318590186593,0.7756664027447876,0.7367088607594937,0.8100558659217877,0.7918735891647856,0.7184684684684685,0.7950295857988166,0.7921693121693122,0.7163814180929096,0.8555881121808288,0.7169675090252707,0.8603531300160514,0.8509963768115942,0.7246998284734134,0.8194297782470961,0.8458128078817734,0.7002501705708437,0.7178088688641214,0.7154560349535772,0.5147808358817533,0.4731290808638875,0.8137528546054301,0.7955182072829131,0.5047909407665505,0.17142109395446217,0.6231884057971014,0.8001066098081023,0.8033367037411526,0.7713811237199003,0.4276158623984711,0.7827174215059739,0.7187836963554022,0.17868675995694294,0.5084033613445378,0.46556766817335815,0.5384257102934327,0.5139240506329114,0.4197183098591549,0.6041933009460496,0.18778552536667467,0.16551724137931034,0.5305305305305306,0.16717019133937563,0.17976692288618895,0.4154801967382863,0.8165665011758557,0.8067061143984221,0.4702474986835176,0.1738568845259623,0.7866449511400652,0.8116792400111763,0.1616374269005848,0.0,0.12975164723770907,0.2129202373104812,0.4902637416810451,0.7907271345325564,0.14894709809964046,0.1750416765896642
syn_Ni_0035,0.7175194529592077,0.8683385579937304,0.713379164463247,0.7979060141222304,0.7079207920792079,0.7192796610169492,0.7099433281813499,0.8623336745138178,0.8882709807886754,0.8144424131627057,0.813780987702518,0.8767876787678768,0.8789370078740157,0.7159885980824048,0.7974341661039838,0.8682170542635659,0.7062713797035348,0.7781365313653137,0.8687739463601533,0.7411545623836127,0.710952689565781,0.8068639053254438,0.7854614756329975,0.7294868763301017,0.816085643700247,0.798794622160408,0.7287543655413271,0.8028717449501095,0.801692341071816,0.7200561009817672,0.87001287001287,0.7187422629363703,0.8696852567642187,0.867906976744186,0.7282321899736148,0.8289760348583878,0.8564908722109533,0.7042747021723896,0.7166544745184101,0.7179921037789058,0.5225840336134454,0.4837040869115365,0.8154248366013072,0.8147792706333973,0.5160857908847185,0.15573549257759783,0.6206896551724138,0.8135313531353136,0.8046875,0.7826708607377753,0.43783783783783786,0.7927074361182889,0.721300597213006,0.16,0.528169014084507,0.48148148148148145,0.5375777884155098,0.5221700573813249,0.41505791505791506,0.5931488801054019,0.18971061093247588,0.17288615965989607,0.5463917525773195,0.145746887966805,0.16160326780699516,0.42567387243127836,0.8167609808676907,0.8274111675126904,0.46985334057577405,0.1611185086551265,0.7903587443946188,0.8192318798729425,0.17480163500841547,0.12975164723770907,0.0,0.21758737316798196,0.5072316670895711,0.8031845471156356,0.14452091053467442,0.17413666421748714
syn_Ni_0036,0.7371027651671481,0.8732235506429055,0.7250968771369957,0.8136672325976231,0.7311954727658571,0.7375028532298562,0.7343436594606642,0.8626191003766895,0.8890594167945626,0.8181088134912669,0.8128491620111732,0.8854043857580759,0.8899121867637609,0.7370071684587813,0.8026941362916006,0.8823808394593313,0.7170340681362726,0.7915401740538353,0.8707383392595691,0.7478065700877372,0.7191440580817731,0.8281573498964804,0.8078541374474053,0.7467935457178321,0.8342749529190208,0.8162228095141288,0.7406582529076962,0.8052609249045397,0.8112773302646721,0.7414868105515587,0.8674767419783558,0.7329888027562446,0.8736692689850958,0.8662589194699286,0.7403454298466913,0.8386719663315408,0.8645856232138932,0.7257470323372902,0.7365065873353166,0.7431944109853047,0.5458871515975526,0.5142026392305972,0.8302483069977427,0.8089252042740415,0.5237158039755954,0.23155452436194895,0.663771988421287,0.8174958736147135,0.8164229471316086,0.7869332033154559,0.46310160427807484,0.7974559686888454,0.7444401092469762,0.2694411414982164,0.5457295787758901,0.504,0.5805979510767301,0.5404370353683262,0.44662034112444726,0.649090909090909,0.18502581755593803,0.1969415168423228,0.5567447045707915,0.21004259134723155,0.19858469703670942,0.46599264705882354,0.8368860055607044,0.8319031903190319,0.5045486354093772,0.23440366972477064,0.8135633836568416,0.8176007866273353,0.16666666666666666,0.2129202373104812,0.21758737316798196,0.0,0.5129784425868896,0.8083859332732192,0.23340177960301164,0.22098976109215018
syn_Ni_0037,0.7219669117647058,0.8121350596598121,0.7102491651682507,0.7643432906590801,0.7512676808113157,0.7211216876768716,0.7380415727523165,0.819855685493904,0.8509958200147529,0.7682193002005795,0.7894535727932748,0.8382706164931946,0.8548502994011976,0.7279596977329975,0.7624066754501537,0.8474348643567016,0.7050711743772242,0.7530919721160333,0.8329834383018427,0.7326979804855911,0.7021097046413503,0.7924354243542435,0.7579281183932347,0.7207373271889401,0.7746403835908364,0.7649717514124293,0.7163800394699746,0.7781990521327015,0.7682203389830509,0.7230685527747551,0.821914938194008,0.7036144578313253,0.8440932226091615,0.8127408750850147,0.7179652285898261,0.7679090668781391,0.8308261405672009,0.7199453551912568,0.717948717948718,0.7035821711785617,0.29216636897167647,0.27483027407593663,0.7886178861788617,0.7522785697592895,0.29932417702201874,0.500524109014675,0.6237177883412559,0.7555377635441687,0.7580359402682865,0.7328159645232816,0.247070078928486,0.7462437395659433,0.7707253886010362,0.5198059822150364,0.31580331317381016,0.23109691160809373,0.5775238983446025,0.2643852978453739,0.2371327849588719,0.6533538146441372,0.5556090515166104,0.4669735327963176,0.2939113004259584,0.5311318376607008,0.5312810327706058,0.23950233281493002,0.8116169544740973,0.7566033078252283,0.21486949644081202,0.49456802897051216,0.7575428105463441,0.7851147174034695,0.5100702576112413,0.4902637416810451,0.5072316670895711,0.5129784425868896,0.0,0.7554540842212075,0.523270763692466,0.46971864568431093
syn_Ni_0038,0.8717586044318718,0.8036040741708018,0.8673010837959292,0.8719571567672834,0.8625240582897993,0.86761980407731,0.8645377285603915,0.7963673573804042,0.8236037402072277,0.8898789124971441,0.8692427790788446,0.8003849326367886,0.820910209102091,0.8626943005181347,0.86003600360036,0.7979518405756989,0.8613771089831281,0.8593497809545769,0.8103902322240842,0.8706074005119852,0.865658747300216,0.8840511121628017,0.859553620032662,0.8685579196217494,0.8776070252469813,0.8836616454229432,0.8539423916205994,0.8856447688564477,0.8655097613882863,0.8524957936062816,0.8048466652369719,0.8702970297029703,0.7968534363786917,0.8028365496396187,0.8676632226863047,0.883473999455486,0.7931558935361217,0.8668846333489024,0.8615309605070697,0.843247815054976,0.7101601470202152,0.7227825187483837,0.20491374803972817,0.16094986807387862,0.7306231851686397,0.8041014570966001,0.8759969127862104,0.20098982678031344,0.1507419942723249,0.2361349342481418,0.7322525178088921,0.19690011481056258,0.8553737284387439,0.8094973618439323,0.7015976171134579,0.7312122874382886,0.8770040679588418,0.716818774445893,0.7558504221954162,0.8493150684931506,0.8239366963402571,0.7804014167650531,0.7078072661685133,0.8060668913663469,0.8141909137314957,0.7299893276414088,0.20043103448275862,0.19309819842679524,0.7523757806136302,0.7917997870074548,0.20818156346315494,0.2228637413394919,0.80625,0.7907271345325564,0.8031845471156356,0.8083859332732192,0.7554540842212075,0.0,0.806827202963747,0.7727717923604309
syn_Ni_0039,0.7383623776557651,0.8808262711864406,0.731367292225201,0.7997533908754624,0.7181919642857143,0.7320085929108485,0.7169712793733681,0.8698132780082988,0.891905737704918,0.8191489361702128,0.8205482153421416,0.8844866071428571,0.8893320039880359,0.7236669293406882,0.8032338874971533,0.8769662921348315,0.7258250634664205,0.7861811391223156,0.8695441319107663,0.760603204524034,0.7303910858641032,0.8183560987299305,0.7939795636564485,0.7452717261192243,0.8212197159565581,0.8122946973251994,0.7328605200945626,0.8037959083066305,0.8130348913759052,0.7318531169940222,0.8789587852494577,0.7346375721093554,0.8745098039215686,0.8728813559322034,0.7455516014234875,0.8298342541436464,0.8648509763617678,0.7233388507921494,0.7298098295875525,0.7332570120206068,0.553248136315229,0.5049816465652858,0.8245428041346409,0.814868804664723,0.5438517179023508,0.14590747330960854,0.6165884194053208,0.8141741071428571,0.810454065469905,0.7793904208998549,0.4698855151816824,0.8012241329058584,0.7279033340792124,0.16347237880496054,0.5428571428571428,0.5090453659894238,0.5438681531749879,0.553146483342147,0.4550342130987292,0.6013892599519103,0.17815083938862442,0.19655667144906744,0.5621734587251829,0.15825446898002102,0.151875808538163,0.45331529093369416,0.8283684066684887,0.823045267489712,0.49586776859504134,0.17796381312449366,0.7946530147895335,0.8153034300791556,0.17944971999026052,0.14894709809964046,0.14452091053467442,0.23340177960301164,0.523270763692466,0.806827202963747,0.0,0.20119077152071446
syn_Ni_0040,0.6991544281263907,0.8549375153148738,0.7030978934324659,0.7821100917431193,0.695551555669838,0.7046413502109705,0.6957678355501814,0.847632780581591,0.8759800427655025,0.8034132642039318,0.7868303571428571,0.871432244793006,0.8758397034977994,0.6906614785992218,0.780664395229983,0.8664941785252264,0.6830530401034929,0.7694486816299847,0.8532400090313841,0.7071883930534183,0.6849651782056534,0.7985707905314873,0.7799286805909322,0.7121820615796519,0.8074948665297741,0.7889205167506022,0.7099484955272432,0.7904630903255387,0.7848621966269025,0.7097957045573599,0.8535096642929807,0.695712954333644,0.8596129032258064,0.8510871952558753,0.7088106644449073,0.812484076433121,0.8484631879914224,0.6850463167181297,0.6972898484152503,0.7062384838115293,0.47943856193055895,0.44646758922068464,0.8033349681216283,0.7742592173716354,0.476844998942694,0.2248610409297625,0.6197149069823629,0.7870917973772178,0.7786464695822135,0.7504,0.40180430256766136,0.762847965738758,0.7000418935902807,0.19076044640539838,0.49657794676806083,0.4581836839404823,0.5368991198375085,0.48372889650110107,0.38912895155788035,0.5854743083003953,0.22486033519553073,0.16425228437708936,0.5001209774981853,0.19347773180822583,0.22398081534772182,0.3905,0.7991927346115035,0.8063439065108514,0.450571791613723,0.18612774451097805,0.7733577597487569,0.7949407965554359,0.19900271985494106,0.1750416765896642,0.17413666421748714,0.22098976109215018,0.46971864568431093,0.7727717923604309,0.20119077152071446,0.0
