,syn_Cd_0001,syn_Cd_0002,syn_Cd_0003,syn_Cd_0004,syn_Cd_0005,syn_Cd_0006,syn_Cd_0007,syn_Cd_0008,syn_Cd_0009,syn_Cd_0010,syn_Cd_0011,syn_Cd_0012,syn_Cd_0013,syn_Cd_0014,syn_Cd_0015,syn_Cd_0016,syn_Cd_0017,syn_Cd_0018,syn_Cd_0019,syn_Cd_0020,syn_Cd_0021,syn_Cd_0022,syn_Cd_0023,syn_Cd_0024,syn_Cd_0025,syn_Cd_0026,syn_Cd_0027,syn_Cd_0028,syn_Cd_0029,syn_Cd_0030,syn_Cd_0031,syn_Cd_0032,syn_Cd_0033,syn_Cd_0034,syn_Cd_0035,syn_Cd_0036,syn_Cd_0037,syn_Cd_0038,syn_Cd_0039,syn_Cd_0040,syn_Ni_0001,syn_Ni_0002,syn_Ni_0003,syn_Ni_0004,syn_Ni_0005,syn_Ni_0006,syn_Ni_0007,syn_Ni_0008,syn_Ni_0009,syn_Ni_0010,syn_Ni_0011,syn_Ni_0012,syn_Ni_0013,syn_Ni_0014,syn_Ni_0015,syn_Ni_0016,syn_Ni_0017,syn_Ni_0018,syn_Ni_0019,syn_Ni_0020,syn_Ni_0021,syn_Ni_0022,syn_Ni_0023,syn_Ni_0024,syn_Ni_0025,syn_Ni_0026,syn_Ni_0027,syn_Ni_0028,syn_Ni_0029,syn_Ni_0030,syn_Ni_0031,syn_Ni_0032,syn_Ni_0033,syn_Ni_0034,syn_Ni_0035,syn_Ni_0036,syn_Ni_0037,syn_Ni_0038,syn_Ni_0039,syn_Ni_0040
syn_Cd_0001,0.0,0.7766816143497758,0.4814045293995429,0.2559123245529706,0.4949201741654572,0.24311531841652323,0.7847575057736721,0.47149321266968325,0.7641286570961294,0.7832301095759886,0.2658911508101371,0.2416544194835188,0.20346320346320346,0.7802779616148247,0.4610907523173098,0.48116399729302956,0.4211908931698774,0.7690116151654613,0.48341126697840126,0.29513306161591946,0.25744908896034296,0.46817117308920586,0.5016479894528675,0.7603666521169795,0.7615176151761518,0.24150430448572724,0.32206343673753923,0.2531101560732866,0.21975203078238564,0.7701796148019909,0.7716231555051078,0.27057079318013344,0.48388455866863284,0.3031968031968032,0.2751191611058151,0.2578404546411282,0.25971563981042656,0.2769771528998243,0.4645218157778757,0.7653732697980485,0.5329506314580942,0.49859154929577465,0.7679584120982986,0.515799045237554,0.5660252156602521,0.5541280038068047,0.5009548058561426,0.49050232165470664,0.4834222119174588,0.4896896479900021,0.7610146862483311,0.7897400506096158,0.5896139705882353,0.555337904015671,0.5290921439891328,0.7982292637465052,0.7935222672064778,0.5868225292242295,0.5753303964757709,0.5570665371539583,0.5683825113073444,0.49744587691559233,0.5097771714415643,0.8146611341632088,0.5296782963298595,0.5720789074355084,0.5124875124875125,0.8338278931750742,0.5808857808857809,0.7794151508174073,0.5534368070953437,0.5125395665936207,0.5100752609856761,0.5514489710205795,0.7853080568720379,0.4995700773860705,0.5230656577983891,0.539464807735552,0.522707423580786,0.5404676258992805
syn_Cd_0002,0.7766816143497758,0.0,0.6892447522181346,0.7620283489718507,0.6742770167427702,0.742818671454219,0.16674722087965202,0.6996215704824976,0.2743362831858407,0.1892161757363954,0.7507572479446127,0.7361627652592431,0.7551942186088527,0.19143054595715273,0.6770856757364515,0.6731902853100684,0.6896709323583181,0.1727293525509037,0.8139102116771342,0.7426489067604926,0.7509501453163425,0.6736958934517203,0.8155540261527874,0.16583143507972664,0.14966949952785646,0.7645665561345334,0.7450414713306888,0.7706313549302436,0.744092732946946,0.22149469406186498,0.16306669831474008,0.740968485780169,0.6878155872667399,0.7602308499475341,0.7605382940827231,0.7468743145426628,0.7631578947368421,0.7613677700982175,0.6797054763000461,0.2232502965599051,0.78573144367043,0.7236971484759095,0.7579207920792079,0.7043023532208225,0.7893277893277894,0.7920718025430067,0.8248175182481752,0.7021557413110426,0.6971608832807571,0.8372748969407681,0.6550441655044166,0.6871239470517448,0.8177884615384615,0.7255909558067831,0.7027218934911242,0.693170731707317,0.7320169252468265,0.8196321737203633,0.8022079116835327,0.7254202750891493,0.8009436081779375,0.7065577953559582,0.698525915359011,0.6772793053545586,0.7129322595926101,0.8282828282828283,0.7224184500311656,0.7004153686396677,0.7969741337237677,0.6868224524211034,0.7911069939786939,0.7006385696040869,0.6949325184619303,0.775054704595186,0.6966236345580934,0.8188340807174888,0.8427656850192061,0.7762632197414806,0.723792160437557,0.7152255639097744
syn_Cd_0003,0.4814045293995429,0.6892447522181346,0.0,0.48079074972025365,0.2563445867287544,0.48014140153878143,0.7221108884435538,0.2429600523903078,0.6712570621468926,0.7370956641431521,0.4834170854271357,0.4536961819658814,0.4900648399916335,0.708138048572646,0.21708333333333332,0.2455376578145407,0.24127722562909706,0.6875529212531752,0.6534823731728289,0.5133887349953832,0.4757563199336925,0.24042815973651707,0.6528013582342954,0.6757326586548598,0.688821093920244,0.4911475409836066,0.4951686726563824,0.4888694893059799,0.46269890473238273,0.7206189878711836,0.7025843188786685,0.4921720352708296,0.1951915240423798,0.4914765906362545,0.48834628190899,0.44788273615635177,0.4946359278703492,0.47325243548111434,0.20451159821238563,0.6904553415061296,0.6545615589016829,0.5326849129156299,0.7181880264056454,0.5083333333333333,0.6779154207603588,0.6608615948670944,0.6577759540418547,0.48683404776484995,0.48591864103710325,0.6549778315195486,0.7104189044038668,0.7333629103815439,0.6937735430977177,0.6051825677267373,0.5307994757536042,0.7466876263193353,0.7603646624701541,0.6933826551582408,0.6715592427143161,0.590558541715354,0.6723563696919234,0.5168539325842697,0.48058784821232725,0.7568348521893754,0.5361748633879782,0.6996354799513973,0.48741773132017036,0.7759809750297265,0.6728824983149854,0.7322380106571936,0.6677371012631128,0.49625117150890347,0.5116822429906542,0.6550883607556368,0.7311116183519745,0.6638271348431332,0.6777829967120714,0.6536458333333334,0.5646488082682978,0.5018442178346713
syn_Cd_0004,0.2559123245529706,0.7620283489718507,0.48079074972025365,0.0,0.5097159940209267,0.2291706753896479,0.7729042836646853,0.4944656872610183,0.7594183740912095,0.776279755635138,0.25153831810553795,0.22251506024096385,0.24511510930547495,0.7705627705627706,0.4784117193523516,0.4981934965877158,0.44576900527652924,0.7640845070422535,0.4869047619047619,0.3093220338983051,0.25124664365170696,0.47045367899351886,0.49529411764705883,0.7536542584291561,0.7540687160940326,0.2637517630465444,0.26419595991728967,0.2720321931589537,0.23436005356801223,0.7589941972920696,0.7702866370609608,0.22153069806560136,0.4935800604229607,0.3415330551284867,0.21090783569209526,0.22377358490566038,0.2975466554833298,0.2104503926911364,0.48142323569884016,0.7606941081517352,0.5297716150081566,0.5117488043252235,0.7690859652792302,0.5177849636216654,0.5510848126232741,0.5269360269360269,0.5298365640440897,0.4961225647815396,0.5125462772521596,0.5185046728971963,0.7505453103311521,0.7745098039215687,0.5747806570087737,0.5791064105331318,0.5324204591220298,0.7897128692418922,0.7961961961961962,0.5618576322801675,0.5437217528001572,0.5706020998500108,0.5385208012326657,0.5214592274678111,0.5298160501313928,0.7953754859832208,0.5458392101551481,0.6078170108816344,0.5138638818869283,0.8158066623122142,0.5594131018805538,0.7739165985282094,0.5477367068590631,0.5304982817869416,0.5355612682090831,0.5311617397853512,0.7722793038372825,0.5112478369544319,0.5604821351700388,0.5152121697357886,0.5414310781828816,0.5581348809285571
syn_Cd_0005,0.4949201741654572,0.6742770167427702,0.2563445867287544,0.5097159940209267,0.0,0.4915254237288136,0.6951731374606506,0.2362890825217837,0.6934804413239719,0.7184782608695652,0.4967411545623836,0.47326266195524147,0.4929302779132131,0.6856787048567871,0.24290220820189273,0.22656449553001276,0.2291358024691358,0.6687268232385661,0.6305059149257488,0.5061593211059403,0.48396431155051844,0.34386216798277097,0.6414579717332011,0.6643700787401575,0.6675191815856778,0.47997946611909653,0.5279693486590038,0.4875736612861901,0.4740384615384615,0.6943699731903485,0.6943658348340622,0.5112751127511275,0.24379285883187515,0.47561675272518644,0.5075100486566533,0.4750767776990314,0.5040518638573744,0.5193348801237432,0.23233830845771145,0.6641810233993315,0.6429502215272348,0.5456974879743453,0.7366720516962844,0.5109507858799278,0.6652510617037222,0.6363636363636364,0.6548271752085817,0.5113744075829384,0.4882740447957839,0.6595844034555218,0.7334004024144869,0.7534604335335596,0.6786645800730308,0.5832865956253506,0.5403949730700179,0.7583465818759937,0.7856415478615071,0.6842608072605684,0.6534062655395325,0.5816666666666667,0.6664242424242425,0.5073754522682995,0.4927835051546392,0.7670157068062827,0.5426078028747433,0.6792782305005821,0.5208379763761979,0.7833238797504254,0.6633085896076352,0.745359477124183,0.6523046092184369,0.5096127054889942,0.506248264371008,0.6559849198868991,0.7423014586709886,0.6540880503144654,0.6529756915339481,0.6401119877831509,0.5603151157065485,0.5165394402035624
syn_Cd_0006,0.24311531841652323,0.742818671454219,0.48014140153878143,0.2291706753896479,0.4915254237288136,0.0,0.768377253814147,0.478713768115942,0.7548645208219676,0.7696709585121603,0.2577962577962578,0.23051061147299853,0.23830155979202772,0.7641863546036652,0.46494066882416396,0.49017836983517726,0.42375109553023665,0.7446808510638298,0.47581903276131043,0.2718982481401488,0.22033898305084745,0.47197954400170467,0.4919727292720475,0.7479248580166011,0.7382459312839059,0.23492063492063492,0.31635856295779563,0.23205795788997058,0.22165169020111253,0.7470218756768464,0.7586912065439673,0.25630563798219586,0.4931477967531098,0.2935,0.2604464796794505,0.21213397935538233,0.2476280834914611,0.2775237425255012,0.4728716365240406,0.7478991596638656,0.5311422661457136,0.47368421052631576,0.7298959318826869,0.489419795221843,0.5669692273632942,0.5317932841152655,0.5115735825015927,0.4790874524714829,0.4666976096542121,0.5034396497811132,0.7238307349665924,0.7531660142758462,0.5841766329346826,0.5401960784313725,0.49875368230228867,0.7639925373134329,0.7771274200810446,0.5868964050202085,0.558641975308642,0.5333009236752553,0.5593877990946324,0.47699050401753107,0.48475193445607645,0.7812644208583295,0.4997732426303855,0.5964556962025317,0.4993001399720056,0.802970297029703,0.5622958469435371,0.7469463009910118,0.5499334221038615,0.479405313185474,0.4809234507897934,0.5304749894913829,0.7466793168880456,0.49483648881239245,0.5357928170046421,0.5331982894440693,0.5148601398601399,0.536903690369037
syn_Cd_0007,0.7847575057736721,0.16674722087965202,0.7221108884435538,0.7729042836646853,0.6951731374606506,0.768377253814147,0.0,0.7159590043923866,0.28778228141285467,0.20588235294117646,0.7653606411398041,0.7581625759963972,0.7719869706840391,0.18404179529802897,0.7123002084781098,0.7022622233033325,0.7263306641544983,0.15821740155623673,0.8157831614295994,0.7578591842036893,0.7766520838130324,0.7069714285714286,0.8165050839441949,0.21549295774647886,0.1534339990258159,0.7834799608993157,0.7632939438700148,0.7916565015857526,0.7658402203856749,0.19888346127006282,0.15160421258878276,0.7536460386283012,0.7129943502824859,0.7734926670287887,0.7753402396912452,0.7669902912621359,0.78450487429451,0.7771982116244411,0.7001897533206831,0.24993880048959607,0.795189685097942,0.7369222955815135,0.7764705882352941,0.7203826342899191,0.788521076446773,0.795413553207936,0.83147346845821,0.7223731884057971,0.7088449010273115,0.8316588524224158,0.6735378715244487,0.7033540372670808,0.8193548387096774,0.7363104731525785,0.7230769230769231,0.7012594458438287,0.7521823472356935,0.8243212411590235,0.8055950687529635,0.7360379346680717,0.8106919694515159,0.7249934019530219,0.7139352306182531,0.6912350597609562,0.7306940371456501,0.829295154185022,0.7347853939782191,0.7098334228909189,0.7963709677419355,0.6990798308878389,0.7946513849092646,0.7130779392338177,0.71240452989202,0.7887387387387388,0.7065161621344279,0.8217090069284064,0.8373509933774834,0.7852121212121213,0.7289807421324566,0.7285506543868153
syn_Cd_0008,0.47149321266968325,0.6996215704824976,0.2429600523903078,0.4944656872610183,0.2362890825217837,0.478713768115942,0.7159590043923866,0.0,0.6930373743122747,0.7221381744831064,0.5176778699257966,0.45663209004634736,0.47675478577939834,0.7014647756335736,0.19083276605400498,0.20447512497024517,0.21678966789667897,0.6749018702378203,0.6238553651091806,0.5181518151815182,0.48296864425896685,0.2945128779395297,0.6188932623292429,0.6818390804597702,0.6935176358436607,0.4701099952175992,0.51507446422085,0.48675101456194797,0.4709851551956815,0.7060833902939166,0.6985382219027079,0.4949651432997676,0.2212624584717608,0.46076352067868503,0.4965090764013565,0.451206019030759,0.4809428284854564,0.49835104433858557,0.21040408732001858,0.6804790419161677,0.6347319912684938,0.5148957298907646,0.7505,0.5041996640268779,0.6567964560503614,0.6262906069000251,0.6357955813434502,0.4917887261429206,0.4697378093604509,0.6358065222149267,0.7470671046457062,0.7584447144592953,0.6655339805825242,0.569055036344756,0.5264038231780167,0.7610837438423645,0.783578547698149,0.6735971383858708,0.6545961002785515,0.5542974781266083,0.6445250510088415,0.49523072956947667,0.4800768122899664,0.7778860204578666,0.523194643711143,0.6544868350349274,0.49926670856903416,0.8001049317943337,0.6599310004928536,0.7538311846266116,0.6409537166900421,0.4895483870967742,0.4818626189863648,0.6370860927152318,0.7522567703109327,0.6343891402714932,0.6263906856403623,0.6241992882562277,0.5524379024839007,0.5203984819734345
syn_Cd_0009,0.7641286570961294,0.2743362831858407,0.6712570621468926,0.7594183740912095,0.6934804413239719,0.7548645208219676,0.28778228141285467,0.6930373743122747,0.0,0.33650227767874824,0.7500441306266549,0.7452796579978624,0.7521476878084445,0.26151560178306094,0.6710382513661202,0.6843300529901589,0.6885034139140063,0.26228297007757667,0.8124298015724448,0.7590601354042215,0.7614213197969543,0.6560922855082912,0.8067382450944095,0.25823670163813733,0.2752415230157227,0.7663817663817664,0.7416906966155714,0.7712443095599393,0.7594501718213058,0.23903508771929824,0.2762557077625571,0.7429165999679846,0.6752411575562701,0.7565396498455201,0.7575459317585301,0.7483041770796144,0.7653322816012621,0.7541660296590735,0.6711820374837633,0.3107645492582731,0.7979254706108336,0.7409508902367443,0.7737556561085973,0.7318095238095238,0.7937453462397617,0.8029283735654926,0.8263838964773544,0.7173018429057076,0.727730441518203,0.8283793347487615,0.6984097287184284,0.7298961138899577,0.8166442437055544,0.7365754812563323,0.7300683371298405,0.7172856309546957,0.7666603737964885,0.826133909287257,0.8056019291411612,0.7436103843831757,0.8026938478340008,0.732365981459089,0.7252810059058868,0.7178647138176912,0.7295346628679962,0.836420395421436,0.7325819672131147,0.7401430030643513,0.7984827854503015,0.7158259530227186,0.7951874650251819,0.7297297297297297,0.7243460764587525,0.7819347942276857,0.7302307237231316,0.8197346901689987,0.8395311236863379,0.7852019630049075,0.7304363837230713,0.7244763162860918
syn_Cd_0010,0.7832301095759886,0.1892161757363954,0.7370956641431521,0.776279755635138,0.7184782608695652,0.7696709585121603,0.20588235294117646,0.7221381744831064,0.33650227767874824,0.0,0.7674311926605505,0.7674634485959619,0.7628420547287565,0.24148075508703112,0.7194743130227002,0.7150037697914049,0.7253281477880409,0.21586760769043564,0.8191726529601189,0.7589453860640302,0.7796247922108763,0.7204807918925289,0.8184037100317305,0.18362403100775193,0.22697533970810266,0.7797979797979798,0.7698713096139288,0.796823796319637,0.7684659090909091,0.24694024478041757,0.18248544672234876,0.763658437879401,0.7186116934544607,0.775774647887324,0.7791692757253184,0.7677449383290668,0.7833244822092406,0.7838044308632544,0.7066601371204702,0.20010118897040222,0.7918482440399898,0.7299001576458224,0.7739544732662784,0.7211660329531052,0.7870666338824687,0.7871432381968525,0.8248415120920404,0.7278244631185807,0.7030318735423685,0.8334483551874856,0.6777227722772278,0.691754431030054,0.8122113904566445,0.7410468319559229,0.721927832450164,0.6967170401250652,0.7404809619238477,0.826393789696542,0.8032305433186491,0.7456331877729258,0.8028169014084507,0.7243642329778507,0.7150101419878296,0.6817713697219362,0.7383838383838384,0.8342857142857143,0.7393979345198858,0.7080779944289693,0.7992700729927007,0.6924659295448702,0.7948717948717948,0.7092800437996167,0.7173260572987722,0.7790157845868152,0.7089750398300584,0.8232491662696522,0.8391435629975295,0.773603806661658,0.7382452738730004,0.7260891337005508
syn_Cd_0011,0.2658911508101371,0.7507572479446127,0.4834170854271357,0.25153831810553795,0.4967411545623836,0.2577962577962578,0.7653606411398041,0.5176778699257966,0.7500441306266549,0.7674311926605505,0.0,0.26781725888324875,0.2655792555416144,0.7584664536741214,0.4934388669027286,0.49031556039173013,0.4799154334038055,0.7523809523809524,0.5435203094777563,0.2494807292868682,0.2587528485601823,0.48960691500308706,0.5539995756418418,0.7432546374367622,0.7337690631808279,0.26486013986013984,0.24610169491525424,0.294348679903993,0.28264462809917357,0.7503658791553418,0.759141668491351,0.26160489384670743,0.5001018537380322,0.33941430628900626,0.27612354355465135,0.28638306533686136,0.2998630762209037,0.2723855092276145,0.48638297872340425,0.7518056467498359,0.5811379234004871,0.5572139303482587,0.7387346381429222,0.5720236790177593,0.6134956224642323,0.5835051546391753,0.5782564102564103,0.5457142857142857,0.5204469273743016,0.5712270803949224,0.7358247422680413,0.756043468618319,0.6349136021267169,0.6222326895902025,0.57239571958943,0.7700942972608891,0.7816840277777778,0.6215327717279638,0.6056997022543599,0.6214953271028038,0.6066597294484911,0.5633044699274514,0.5631578947368421,0.7826666666666666,0.5856643356643356,0.6661807580174927,0.55835107412425,0.7988587731811697,0.6212938005390836,0.7509433962264151,0.601027397260274,0.5699226985242446,0.5720626021957487,0.5808285946385053,0.7562756732085806,0.5745741587037806,0.620098614698286,0.585159470600998,0.574441164065795,0.5227765726681128
syn_Cd_0012,0.2416544194835188,0.7361627652592431,0.4536961819658814,0.22251506024096385,0.47326266195524147,0.23051061147299853,0.7581625759963972,0.45663209004634736,0.7452796579978624,0.7674634485959619,0.26781725888324875,0.0,0.22088353413654618,0.7545219638242894,0.4303157894736842,0.4647887323943662,0.39730711690532167,0.7372700042789901,0.4445893089960887,0.2802428771602055,0.24916247906197656,0.43094841930116473,0.4641784641784642,0.7340720221606648,0.730777704340163,0.2517127071823204,0.3185159856385707,0.2506619593998235,0.20609730632699938,0.7455621301775148,0.7511071744906997,0.2337025603777011,0.4664470975710169,0.31567436208991495,0.24346527259148618,0.21225832990538873,0.2574463172477488,0.25599034649198416,0.4403097440309744,0.7397078353253652,0.48813255709807435,0.4614504690002288,0.7476398802670965,0.45764966740576496,0.5172711571675302,0.48956884561891517,0.5045605306799337,0.4440090740358837,0.4656419529837251,0.4963355048859935,0.7337676438653638,0.7568416330192912,0.5420120994846516,0.5165673420738975,0.4743816254416961,0.7760617760617761,0.7875795479482115,0.5377906976744186,0.5123629327026445,0.5143059825017735,0.5161968868321414,0.45570819516816674,0.4899090707473941,0.7932119577433131,0.47624309392265196,0.5842558425584256,0.47107114933541827,0.8036101083032491,0.5319245625994092,0.7579703637180063,0.5061674962129409,0.4817449027975344,0.4803782505910166,0.5058485532526165,0.7557146155622259,0.4654629435229897,0.5299429657794676,0.5072400175515577,0.4764442549562993,0.5297214301381882
syn_Cd_0013,0.20346320346320346,0.7551942186088527,0.4900648399916335,0.24511510930547495,0.4929302779132131,0.23830155979202772,0.7719869706840391,0.47675478577939834,0.7521476878084445,0.7628420547287565,0.2655792555416144,0.22088353413654618,0.0,0.76049766718507,0.4612546125461255,0.48148148148148145,0.43033509700176364,0.7506069300375193,0.4806010316214398,0.29451558347426915,0.26009065400388515,0.46237942122186493,0.48971011285682675,0.7441758241758242,0.7484076433121019,0.23322683706070288,0.33648790746582546,0.2535885167464115,0.22341799397331039,0.7489649161037263,0.7539446604161902,0.25615212527964204,0.4833510074231177,0.3031218529707956,0.2572415116056014,0.25196016105107016,0.24307545367717287,0.2686461647225168,0.4664891256102974,0.7494857142857143,0.5100624566273422,0.49053926206244086,0.7514285714285714,0.5030913670712159,0.5571396747605257,0.5262526971949173,0.5163426618243965,0.4904377390565236,0.48516701705209064,0.5093310966659677,0.7458538771851188,0.7724217844727694,0.5662037037037037,0.5513326752221125,0.5179019384264538,0.7854460093896714,0.7924784775713638,0.5707254440402311,0.559449866903283,0.5609397944199707,0.549772283669486,0.4905614121108115,0.5043518094365552,0.7970274036228518,0.5344591510725696,0.5828658847526772,0.5105570078423487,0.8185443668993021,0.5678722404884923,0.7620041753653445,0.5404198302813756,0.5106748466257669,0.5130902862735502,0.5289640591966174,0.76981852913085,0.49523809523809526,0.5306273062730628,0.5243488108720272,0.5272647317502199,0.5498188405797102
syn_Cd_0014,0.7802779616148247,0.19143054595715273,0.708138048572646,0.7705627705627706,0.6856787048567871,0.7641863546036652,0.18404179529802897,0.7014647756335736,0.26151560178306094,0.24148075508703112,0.7584664536741214,0.7545219638242894,0.76049766718507,0.0,0.6986725663716814,0.6884561891515995,0.706450887839964,0.1629162916291629,0.8229643183897529,0.7606120434353406,0.7712274527056753,0.691131498470948,0.8235559566787004,0.2207035626260363,0.20491993501972616,0.7732246798603026,0.7565403096636412,0.7833565783356579,0.7595964027198947,0.17192358951577077,0.1782547830144657,0.7574379382224748,0.6957649092480553,0.7626769626769627,0.7674600078033554,0.7560449050086355,0.7644476956839795,0.7734697540836475,0.6976691559176285,0.24300373134328357,0.8031161473087819,0.7430572325525235,0.7967420374422562,0.7355140186915888,0.8069059518400727,0.801175318315377,0.827165868524162,0.7337085949339683,0.7281831187410587,0.8385305425032038,0.6973714285714285,0.7242194891201513,0.8242381289865344,0.7639344262295082,0.7296416938110749,0.7138749101365924,0.7624220013866421,0.8355865678150894,0.8095453517303778,0.754438609652413,0.8183023872679045,0.7409819639278558,0.7261042299602711,0.7051433989096942,0.7518044237485448,0.8279009126466753,0.7498976668031109,0.7278980891719745,0.8153919923279789,0.712594696969697,0.8036893646094284,0.728184553660983,0.732,0.7975446909325867,0.7259205071933674,0.8243988528568277,0.8340874811463047,0.7929759704251387,0.7489352163192109,0.7371217371217371
syn_Cd_0015,0.4610907523173098,0.6770856757364515,0.21708333333333332,0.4784117193523516,0.24290220820189273,0.46494066882416396,0.7123002084781098,0.19083276605400498,0.6710382513661202,0.7194743130227002,0.4934388669027286,0.4303157894736842,0.4612546125461255,0.6986725663716814,0.0,0.20271493212669683,0.2030735455543359,0.6738461538461539,0.6123269316659223,0.5045695045695046,0.45614789337919176,0.26387702818104186,0.618334067871309,0.670387393302692,0.6806342015855039,0.4560327198364008,0.49624454148471614,0.46370235934664245,0.4452304394426581,0.7044270833333334,0.6894353369763205,0.4698123722831135,0.20870299957752428,0.459784515159108,0.46521406727828746,0.4330941325453778,0.46042310434989303,0.4747225647348952,0.21900552486187846,0.6832043695949022,0.6199907876554583,0.5017659524370144,0.741170893576677,0.48153214774281805,0.6464063886424135,0.6190930787589499,0.6276595744680851,0.47343915343915344,0.45348837209302323,0.6290726817042607,0.731309975451908,0.7521919704660821,0.6616731965890759,0.5632522721690002,0.5077202543142597,0.7555503622341668,0.7721633205504174,0.6641091219096334,0.6443560857079744,0.5503045066991474,0.6349892008639308,0.486090775988287,0.45952109464082097,0.772485549132948,0.5096568961599637,0.653387465110378,0.4651442307692308,0.7931034482758621,0.6492868833294365,0.7478060046189376,0.6353124305092284,0.4865657059110894,0.4749147588894301,0.6243419667298379,0.740432612312812,0.6266436732054322,0.6312438785504407,0.6238159675236806,0.5296693671994744,0.5025930101465614
syn_Cd_0016,0.48116399729302956,0.6731902853100684,0.2455376578145407,0.4981934965877158,0.22656449553001276,0.49017836983517726,0.7022622233033325,0.20447512497024517,0.6843300529901589,0.7150037697914049,0.49031556039173013,0.4647887323943662,0.48148148148148145,0.6884561891515995,0.20271493212669683,0.0,0.22694872384456197,0.6597605893186004,0.6413857677902621,0.49696356275303644,0.4939271255060729,0.30995980348369806,0.6385041551246537,0.6630758652303461,0.6811594202898551,0.47508939213349227,0.5111433230657728,0.48738695859114706,0.47207894146669654,0.704225352112676,0.6880076445293837,0.5008692292833687,0.2252650176678445,0.4795244385733157,0.49900517309988063,0.4461606354810238,0.47963009247688076,0.5024675562054469,0.24288029636489927,0.6666666666666666,0.6358800773694391,0.528334570650829,0.7463244455519561,0.5110047846889952,0.6513249651324965,0.6320281124497992,0.650200267022697,0.5127240539942465,0.4899853444064485,0.6468790920995199,0.7464327485380117,0.7732558139534884,0.6757803048632954,0.578783958602846,0.5488327775131014,0.7589000736557819,0.7927608232789212,0.6776638430673205,0.650543855588984,0.5824570402667351,0.6550632911392406,0.5179856115107914,0.490787269681742,0.7819859189123574,0.5423122765196663,0.6813922356091031,0.5114918512327622,0.7992156862745098,0.6610169491525424,0.7565470417070805,0.6467024003728734,0.5149176954732511,0.49641025641025643,0.6478098173013427,0.7515621094726318,0.6521542973155876,0.6554925219185147,0.6400189214758751,0.5588167851410227,0.518562307874202
syn_Cd_0017,0.4211908931698774,0.6896709323583181,0.24127722562909706,0.44576900527652924,0.2291358024691358,0.42375109553023665,0.7263306641544983,0.21678966789667897,0.6885034139140063,0.7253281477880409,0.4799154334038055,0.39730711690532167,0.43033509700176364,0.706450887839964,0.2030735455543359,0.22694872384456197,0.0,0.6825184192900201,0.5720444746993419,0.4749204795693663,0.42370661427635886,0.2841968350314329,0.5813745242892322,0.678523788350378,0.6878453038674033,0.4207852193995381,0.49274849663954723,0.42079778648835603,0.4040052242054854,0.7227242671368745,0.6996065725526498,0.4457831325301205,0.21724211880763458,0.4316326530612245,0.4439062197248595,0.3983286908077994,0.43520309477756286,0.4509454156261149,0.21374045801526717,0.6840157298172566,0.5958791852025287,0.4698275862068966,0.740115718418515,0.4410196987253766,0.6182105025918413,0.5795095897062393,0.5860877079282782,0.44220025784271594,0.42350437455663276,0.5866016535933857,0.7328798185941043,0.7546328876378138,0.6237113402061856,0.541,0.47519039926148166,0.7633079847908745,0.7840440165061898,0.6312486474789006,0.6027827648114902,0.5185919682697074,0.608686115376179,0.4596473801837596,0.4228094575799722,0.7809120827456512,0.4748267898383372,0.6434108527131783,0.4423897581792319,0.8025252525252525,0.6105563480741797,0.7506456914768725,0.6064166290103932,0.4461844394730301,0.43841387856257746,0.5972637879435656,0.7504835589941973,0.5884413309982487,0.5913281834039372,0.5869814347925739,0.5075622775800712,0.47296058661778184
syn_Cd_0018,0.7690116151654613,0.1727293525509037,0.6875529212531752,0.7640845070422535,0.6687268232385661,0.7446808510638298,0.15821740155623673,0.6749018702378203,0.26228297007757667,0.21586760769043564,0.7523809523809524,0.7372700042789901,0.7506069300375193,0.1629162916291629,0.6738461538461539,0.6597605893186004,0.6825184192900201,0.0,0.8069059518400727,0.7486526212640863,0.7534965034965035,0.6727430555555556,0.8054683998207082,0.17338081460048965,0.1970500115233925,0.7687861271676301,0.7489821207293327,0.7751615881809788,0.7528873392896056,0.18932038834951456,0.17330861909175163,0.7384586395326926,0.6796908544439674,0.7624521072796935,0.7645461598138091,0.746031746031746,0.7642217380779472,0.759328691305124,0.6632951224994381,0.24965261695229274,0.7810595405532115,0.7238072404699113,0.7687665942553705,0.7090487238979118,0.7824909747292419,0.7890131259115216,0.8213667820069204,0.7121961712196171,0.7007575757575758,0.8280984719864176,0.6767309875141885,0.7040864255519023,0.8132770349519118,0.725657071339174,0.710720887245841,0.7044967880085653,0.7392701400045903,0.8188908145580589,0.7977982475848124,0.7279722015388433,0.7975406236275802,0.7090999502734958,0.6941285681132513,0.6978112497058131,0.7211560693641619,0.8276843467011643,0.7233523189585028,0.7142857142857143,0.7929064508450369,0.6986365773389751,0.7842117168061524,0.6983573917371827,0.6942928039702233,0.7744489621228333,0.7027354151537158,0.807144422529038,0.8268463073852296,0.7737494263423589,0.7221108884435538,0.7072723101628814
syn_Cd_0019,0.48341126697840126,0.8139102116771342,0.6534823731728289,0.4869047619047619,0.6305059149257488,0.47581903276131043,0.8157831614295994,0.6238553651091806,0.8124298015724448,0.8191726529601189,0.5435203094777563,0.4445893089960887,0.4806010316214398,0.8229643183897529,0.6123269316659223,0.6413857677902621,0.5720444746993419,0.8069059518400727,0.0,0.5351620947630923,0.5133214920071048,0.607583774250441,0.24419134396355352,0.8023071703234562,0.8059526599484416,0.4596755231601223,0.5797023489331181,0.4624413145539906,0.45627628957272526,0.7991031390134529,0.8213949104618284,0.4880611270296084,0.6306149149585696,0.47384855581576896,0.4893784421715185,0.48148148148148145,0.48066026114806604,0.49104720564297344,0.6129769248343614,0.8214790390956194,0.5379113018597997,0.5462307879970725,0.7858020142471137,0.5403492213308164,0.5619266055045872,0.520534388916378,0.3211775043936731,0.5604107493991698,0.5809248554913294,0.3775862068965517,0.7816755135010386,0.8060200668896321,0.5566690527320448,0.5819525873056335,0.5592105263157895,0.7908496732026143,0.80536756126021,0.5805457746478874,0.5533226764101393,0.5673490017690169,0.5626952253458277,0.5362025316455696,0.5822515931083314,0.8228393583911898,0.5598401128615095,0.3920379646717638,0.5718414533443436,0.8289981972701519,0.57277791232744,0.7814442850310857,0.5507013106461256,0.5737455651292448,0.5613946437594745,0.5587915670506411,0.7831978319783198,0.3262079714985527,0.3434959349593496,0.5338310779281381,0.5573659198913782,0.6575693958479123
syn_Cd_0020,0.29513306161591946,0.7426489067604926,0.5133887349953832,0.3093220338983051,0.5061593211059403,0.2718982481401488,0.7578591842036893,0.5181518151815182,0.7590601354042215,0.7589453860640302,0.2494807292868682,0.2802428771602055,0.29451558347426915,0.7606120434353406,0.5045695045695046,0.49696356275303644,0.4749204795693663,0.7486526212640863,0.5351620947630923,0.0,0.30066921606118546,0.4990512333965844,0.5434889434889435,0.7425018288222385,0.7289080314162655,0.23061276379354181,0.3505801788092068,0.2898477157360406,0.2899690254944008,0.744927536231884,0.7533129459734964,0.3355035605289929,0.5039849976558838,0.2886744252057905,0.33921074727120065,0.29882903981264636,0.26611393420700724,0.371088500671914,0.4917426669953167,0.7457972491085074,0.588022715539494,0.5459116168298491,0.7302052785923754,0.5451761102603369,0.6034653465346534,0.5835572272971521,0.5652173913043478,0.5414611228564717,0.5135699373695198,0.5365740740740741,0.725890854722153,0.7459906880496637,0.6357530353913717,0.598112683874549,0.5691056910569106,0.7680398845447389,0.7750315258511979,0.6226325757575758,0.6053215077605322,0.6029694803409403,0.6069197501201345,0.547107438016529,0.5511871330099566,0.7775473165672803,0.5713196033562167,0.6464152029945293,0.5574712643678161,0.7934325007016559,0.6261485954318718,0.7462454686690834,0.5964259121370067,0.543849972421401,0.5470038482682793,0.5949544498948843,0.7432468574485156,0.5492687604890913,0.588495575221239,0.5844679778113969,0.5750182971456452,0.5170153768590875
syn_Cd_0021,0.25744908896034296,0.7509501453163425,0.4757563199336925,0.25124664365170696,0.48396431155051844,0.22033898305084745,0.7766520838130324,0.48296864425896685,0.7614213197969543,0.7796247922108763,0.2587528485601823,0.24916247906197656,0.26009065400388515,0.7712274527056753,0.45614789337919176,0.4939271255060729,0.42370661427635886,0.7534965034965035,0.5133214920071048,0.30066921606118546,0.0,0.47558386411889597,0.5087642418930762,0.7553862894450489,0.7464535014636343,0.26180257510729615,0.32637802121370196,0.26116373477672533,0.25516947345981666,0.753992231333621,0.7704843820733364,0.2593825106304308,0.48739495798319327,0.29897933781428926,0.2826169646253328,0.2518891687657431,0.2766359555870541,0.270559354725583,0.46473302570863545,0.7547511312217194,0.5558608058608059,0.5080739527264218,0.7352179034157833,0.5090661831368993,0.5875606528451698,0.5521821631878557,0.5480321625052899,0.5116817512102715,0.4946833102172908,0.5417532197756544,0.7279786998003106,0.7431192660550459,0.5986254295532646,0.5523553819868197,0.5241534988713318,0.7612078977932637,0.7797712491590043,0.5926239932174651,0.5695146057544476,0.5560396998305495,0.5751718213058419,0.501454898157129,0.503060530491952,0.7793610664215123,0.5134402529929976,0.598185026468364,0.5173375846950976,0.8013310327828445,0.5751801069021613,0.756198347107438,0.5706389564448375,0.49466019417475726,0.5121006776379478,0.5530890052356021,0.7467517127332861,0.5245444801714898,0.5576642335766423,0.5511210762331838,0.5345090354887873,0.5579466487334679
syn_Cd_0022,0.46817117308920586,0.6736958934517203,0.24042815973651707,0.47045367899351886,0.34386216798277097,0.47197954400170467,0.7069714285714286,0.2945128779395297,0.6560922855082912,0.7204807918925289,0.48960691500308706,0.43094841930116473,0.46237942122186493,0.691131498470948,0.26387702818104186,0.30995980348369806,0.2841968350314329,0.6727430555555556,0.607583774250441,0.4990512333965844,0.47558386411889597,0.0,0.6066144473455178,0.6615517614004754,0.6713615023474179,0.48015250056066383,0.4964551270966626,0.47783251231527096,0.4524666525513445,0.7012430347192457,0.6862921348314607,0.47252343319242784,0.2621035058430718,0.46900469251667076,0.46351606805293005,0.44787322768974147,0.46776084407971863,0.47550130775937227,0.2664193759546149,0.6805929919137467,0.6195454545454545,0.5252032520325203,0.7208323591302315,0.5198019801980198,0.6438896189224704,0.6181732580037664,0.6246321984026902,0.4961321346435292,0.49334557136301055,0.6252579446966571,0.7034589116545494,0.7285974499089253,0.6579486013190812,0.5882780334221361,0.5257731958762887,0.7394512335715933,0.7586283678468048,0.6602105263157895,0.6375136314067612,0.5772279606053327,0.6348122866894198,0.5221366698748797,0.5061895115912671,0.7517681953000228,0.5398071316438663,0.6724181045261315,0.5085148514851485,0.7706040596722915,0.6419838523644752,0.7256153144940748,0.6346871569703623,0.5024084778420038,0.5062439961575408,0.6297066777615977,0.7233294255568582,0.6261443474558228,0.6301303718010622,0.6113089937666963,0.5558918918918919,0.5330514133095927
syn_Cd_0023,0.5016479894528675,0.8155540261527874,0.6528013582342954,0.49529411764705883,0.6414579717332011,0.4919727292720475,0.8165050839441949,0.6188932623292429,0.8067382450944095,0.8184037100317305,0.5539995756418418,0.4641784641784642,0.48971011285682675,0.8235559566787004,0.618334067871309,0.6385041551246537,0.5813745242892322,0.8054683998207082,0.24419134396355352,0.5434889434889435,0.5087642418930762,0.6066144473455178,0.0,0.8054005802276277,0.7957014097527155,0.4797124971017853,0.5919815504701083,0.487962962962963,0.4690845532007865,0.8026548672566372,0.8192379182156134,0.5048158640226629,0.6345243219974172,0.4921854983346144,0.5007776049766719,0.4924731182795699,0.47462976450594807,0.495795312220433,0.6132521974306964,0.8063167673014399,0.536436295251528,0.5503726857417649,0.794722827402566,0.5416472778036296,0.5529411764705883,0.5221843003412969,0.29314830875975717,0.574725037739918,0.5911680911680912,0.3417021276595745,0.778738902799909,0.802637776731041,0.5521053869677723,0.5711775043936731,0.556533827618165,0.7914578859460749,0.8085155350978136,0.5712423979148566,0.5377337238116693,0.5728155339805825,0.5623073535887274,0.5536159600997507,0.5955317663486153,0.8069388718432854,0.5557616508230929,0.3444069556189982,0.5811582381729201,0.8244991123510018,0.5478634518978276,0.7802923149457803,0.5354955772283965,0.5776335496754867,0.5744151319064211,0.5541729242651792,0.7868414663753338,0.2801582069874753,0.2952952952952953,0.5315232397606995,0.5686537173476223,0.6756383712905452
syn_Cd_0024,0.7603666521169795,0.16583143507972664,0.6757326586548598,0.7536542584291561,0.6643700787401575,0.7479248580166011,0.21549295774647886,0.6818390804597702,0.25823670163813733,0.18362403100775193,0.7432546374367622,0.7340720221606648,0.7441758241758242,0.2207035626260363,0.670387393302692,0.6630758652303461,0.678523788350378,0.17338081460048965,0.8023071703234562,0.7425018288222385,0.7553862894450489,0.6615517614004754,0.8054005802276277,0.0,0.20513997246443322,0.7546040515653776,0.7325335215243473,0.7664904619627672,0.7482638888888888,0.22566468907932322,0.16124567474048443,0.7307547878332707,0.6724395980329271,0.7473309608540926,0.7561352657004831,0.738517410809656,0.7551807228915662,0.7530249110320285,0.6629364368845121,0.20313580816232418,0.7932322053675612,0.7274463007159905,0.7760691975012013,0.720951720951721,0.7892608402606156,0.7880474231792887,0.8087443463278053,0.7060839760068551,0.7101107706811218,0.8245614035087719,0.680379746835443,0.7058685994856208,0.8136384866884633,0.7463876432486298,0.7234874626178974,0.7029843675982946,0.7477148080438757,0.8261057173678533,0.7991051454138702,0.7420948616600791,0.792696260660398,0.724820588963128,0.7190388170055453,0.697282099343955,0.7325046040515654,0.8274974253347065,0.7244174265450861,0.7111222949169602,0.795260663507109,0.6952960449333021,0.7986486486486486,0.7072083230121378,0.7135095085206223,0.7728047740835464,0.7161445783132531,0.8105630728939328,0.8336230444499627,0.772446881425634,0.7365853658536585,0.7277295568752855
syn_Cd_0025,0.7615176151761518,0.14966949952785646,0.688821093920244,0.7540687160940326,0.6675191815856778,0.7382459312839059,0.1534339990258159,0.6935176358436607,0.2752415230157227,0.22697533970810266,0.7337690631808279,0.730777704340163,0.7484076433121019,0.20491993501972616,0.6806342015855039,0.6811594202898551,0.6878453038674033,0.1970500115233925,0.8059526599484416,0.7289080314162655,0.7464535014636343,0.6713615023474179,0.7957014097527155,0.20513997246443322,0.0,0.7599045346062052,0.7399347116430903,0.7669764117226591,0.740907049842838,0.21764839663406868,0.16861994738100933,0.737045630317092,0.6820694229493699,0.7417989417989418,0.7490539733120892,0.7375745526838966,0.7507507507507507,0.7559458470545188,0.6703755215577191,0.25316758307434856,0.7860082304526749,0.7106045589692765,0.7485029940119761,0.6910179640718563,0.7840353735164068,0.7939180698668007,0.8257963911784362,0.6938413823659725,0.689899730985571,0.832204500764693,0.6398126463700234,0.674508852777104,0.813953488372093,0.7155440414507772,0.6966372525637968,0.6745329400196657,0.7228801515869256,0.8062932381164919,0.7900834105653383,0.7221366204417052,0.7995021498076488,0.7005402624131721,0.6847149017728797,0.6645600388915897,0.6983293556085919,0.8214477211796246,0.7042459736456809,0.6858638743455497,0.7875061485489424,0.6678805535324108,0.7881474568362109,0.6925057944887973,0.6852374839537869,0.7791978845306302,0.6791791791791791,0.8211382113821138,0.831138652207591,0.7721998579209093,0.7107438016528925,0.703125
syn_Cd_0026,0.24150430448572724,0.7645665561345334,0.4911475409836066,0.2637517630465444,0.47997946611909653,0.23492063492063492,0.7834799608993157,0.4701099952175992,0.7663817663817664,0.7797979797979798,0.26486013986013984,0.2517127071823204,0.23322683706070288,0.7732246798603026,0.4560327198364008,0.47508939213349227,0.4207852193995381,0.7687861271676301,0.4596755231601223,0.23061276379354181,0.26180257510729615,0.48015250056066383,0.4797124971017853,0.7546040515653776,0.7599045346062052,0.0,0.35309090909090907,0.23595505617977527,0.23468468468468467,0.7645448323066393,0.7691384689224862,0.2911981388134936,0.4863606121091151,0.23951141795007966,0.2993808667864989,0.2355417682251274,0.21647413360120543,0.3063096111518709,0.4646511627906977,0.7634924442312305,0.512752003886325,0.4922923918448533,0.7496244366549825,0.49723624128815186,0.5535839364931123,0.5066834804539723,0.5012290502793296,0.496,0.4665030674846626,0.49068595222441375,0.7471804511278195,0.7697736675590168,0.565872630043753,0.5403016120644826,0.5195022732711175,0.7789837197829305,0.7994296577946768,0.5674949630624581,0.5439330543933054,0.5391752577319587,0.540522133938706,0.495997934417764,0.5024038461538461,0.7873170731707317,0.5225095785440613,0.5726587728740581,0.5191944619257395,0.8134524435102469,0.5498519249753209,0.7534713763702802,0.5369850187265918,0.4990953734815198,0.4887915485699562,0.5327144120247569,0.7614264188849824,0.4907113729043951,0.5143819642394403,0.5196008553100498,0.5122063565177337,0.542042755344418
syn_Cd_0027,0.32206343673753923,0.7450414713306888,0.4951686726563824,0.26419595991728967,0.5279693486590038,0.31635856295779563,0.7632939438700148,0.51507446422085,0.7416906966155714,0.7698713096139288,0.24610169491525424,0.3185159856385707,0.33648790746582546,0.7565403096636412,0.49624454148471614,0.5111433230657728,0.49274849663954723,0.7489821207293327,0.5797023489331181,0.3505801788092068,0.32637802121370196,0.4964551270966626,0.5919815504701083,0.7325335215243473,0.7399347116430903,0.35309090909090907,0.0,0.3731614309061195,0.3327550312283137,0.7473278429998248,0.7512292842833728,0.2378895402653502,0.5090005143151037,0.43850687622789786,0.2579371347338493,0.3208840157615213,0.394647568790049,0.23317591499409682,0.49786628733997157,0.7440378663753868,0.6066899467009741,0.5881032547699214,0.7653253102670177,0.5890610756608934,0.6208311039771713,0.6097560975609756,0.5988963614416278,0.5600961538461539,0.5558436747545842,0.5875658229998302,0.7516129032258064,0.774710104914412,0.6495034939315925,0.6607350096711799,0.59294930038161,0.7876534027519524,0.7960954446854663,0.6435848730789155,0.6174902239601848,0.6421983089930823,0.6142433234421365,0.5978449105253031,0.5904449307075128,0.7997787610619469,0.6021818181818182,0.6976190476190476,0.5619766869151207,0.8120857699805069,0.6287202380952381,0.7715969791858538,0.6118656182987848,0.5998459464663971,0.603073967339097,0.5896032831737346,0.7738409347908028,0.5876612059951203,0.6503955238278989,0.5908187240195193,0.5986586657253794,0.5395735453559812
syn_Cd_0028,0.2531101560732866,0.7706313549302436,0.4888694893059799,0.2720321931589537,0.4875736612861901,0.23205795788997058,0.7916565015857526,0.48675101456194797,0.7712443095599393,0.796823796319637,0.294348679903993,0.2506619593998235,0.2535885167464115,0.7833565783356579,0.46370235934664245,0.48738695859114706,0.42079778648835603,0.7751615881809788,0.4624413145539906,0.2898477157360406,0.26116373477672533,0.47783251231527096,0.487962962962963,0.7664904619627672,0.7669764117226591,0.23595505617977527,0.3731614309061195,0.0,0.24488419158983585,0.773120728929385,0.7829420220412074,0.2909970958373669,0.4995571302037201,0.2594752186588921,0.2903869166334264,0.22654867256637168,0.23840561544246677,0.3192892471148562,0.4799164151381472,0.7720306513409961,0.51454898157129,0.4753040456689005,0.7485628592851787,0.4918426103646833,0.558041958041958,0.5115810674723061,0.4962070504239179,0.4803638784113601,0.4767270945614895,0.4949671772428884,0.7490030494956603,0.7701652089407192,0.5685513224945402,0.5203737347521412,0.4968944099378882,0.7769022408273825,0.7902728351126928,0.5686186857398301,0.5442097934555581,0.5302289683560587,0.5480507706255666,0.47525773195876286,0.4931605471562275,0.8008278548819089,0.5089648577575903,0.578297072253559,0.508169250104734,0.8153684762654078,0.5476718403547672,0.7631322957198443,0.5335358728674924,0.47729618163054693,0.4799382716049383,0.5272566762304127,0.7593381799949862,0.47477946166025786,0.5142265907915158,0.5241935483870968,0.5166704989652794,0.5413801280531183
syn_Cd_0029,0.21975203078238564,0.744092732946946,0.46269890473238273,0.23436005356801223,0.4740384615384615,0.22165169020111253,0.7658402203856749,0.4709851551956815,0.7594501718213058,0.7684659090909091,0.28264462809917357,0.20609730632699938,0.22341799397331039,0.7595964027198947,0.4452304394426581,0.47207894146669654,0.4040052242054854,0.7528873392896056,0.45627628957272526,0.2899690254944008,0.25516947345981666,0.4524666525513445,0.4690845532007865,0.7482638888888888,0.740907049842838,0.23468468468468467,0.3327550312283137,0.24488419158983585,0.0,0.7516677426296535,0.7648386368765515,0.25378089265953524,0.4774774774774775,0.29330024813895783,0.25630810092961487,0.21833786895541135,0.25435704192180875,0.2627711686494052,0.4548641542506573,0.7432889690954207,0.5206573841588679,0.4643023798413439,0.7487083137623297,0.46757062146892653,0.5495931383329667,0.5119413572948688,0.49609622283182103,0.45759865659109994,0.478681723899516,0.4982390718873006,0.7424778761061946,0.7653784587239881,0.5751484696208314,0.5318734793187347,0.49088453747467925,0.7897174617878647,0.7987477638640429,0.5688015218769816,0.5519053876478318,0.51496138996139,0.548511458556436,0.46821368141165093,0.4923146473779385,0.7974335472043996,0.4837837837837838,0.5904522613065326,0.48002385211687537,0.8216216216216217,0.5634847080630213,0.7615014877546349,0.5414462081128748,0.47786111783208324,0.4919179734620024,0.5350877192982456,0.7696655675930287,0.47669944420692606,0.518796992481203,0.5260451598479767,0.4963091619626574,0.5337505587840858
syn_Cd_0030,0.7701796148019909,0.22149469406186498,0.7206189878711836,0.7589941972920696,0.6943699731903485,0.7470218756768464,0.19888346127006282,0.7060833902939166,0.23903508771929824,0.24694024478041757,0.7503658791553418,0.7455621301775148,0.7489649161037263,0.17192358951577077,0.7044270833333334,0.704225352112676,0.7227242671368745,0.18932038834951456,0.7991031390134529,0.744927536231884,0.753992231333621,0.7012430347192457,0.8026548672566372,0.22566468907932322,0.21764839663406868,0.7645448323066393,0.7473278429998248,0.773120728929385,0.7516677426296535,0.0,0.18975765889346136,0.7394221808014911,0.7103477523324851,0.7513214195821797,0.760644418872267,0.7440677966101695,0.7588923370732872,0.7621487895387877,0.6982471710672288,0.26828153564899454,0.7858464384828863,0.7361078269094349,0.7529159723875268,0.7362637362637363,0.7839643652561247,0.7857142857142857,0.8103374626228108,0.7425111536010197,0.7286314806165344,0.8150943396226416,0.676002688774367,0.7043558850787767,0.8111548252719278,0.7547495682210709,0.7318741450068399,0.6888054447312837,0.7431483578708947,0.8185708172871202,0.7955200709691728,0.7587472473697089,0.7987857762359063,0.7323529411764705,0.7325395008014656,0.6865567680520084,0.7408167921514944,0.824624012235534,0.7434660233212707,0.6979815599302268,0.7952571026062456,0.685064935064935,0.7901317258316588,0.7271835132482827,0.7196673189823874,0.7746776580004228,0.7030317498209596,0.8052369616966024,0.8204623708804722,0.7767210144927537,0.7379643877775335,0.7305863708399366
syn_Cd_0031,0.7716231555051078,0.16306669831474008,0.7025843188786685,0.7702866370609608,0.6943658348340622,0.7586912065439673,0.15160421258878276,0.6985382219027079,0.2762557077625571,0.18248544672234876,0.759141668491351,0.7511071744906997,0.7539446604161902,0.1782547830144657,0.6894353369763205,0.6880076445293837,0.6996065725526498,0.17330861909175163,0.8213949104618284,0.7533129459734964,0.7704843820733364,0.6862921348314607,0.8192379182156134,0.16124567474048443,0.16861994738100933,0.7691384689224862,0.7512292842833728,0.7829420220412074,0.7648386368765515,0.18975765889346136,0.0,0.7486890658380267,0.6982222222222222,0.7684322597817408,0.7699079631852741,0.75,0.766926755600302,0.7688774572845857,0.6900489396411092,0.2389423076923077,0.7969814995131451,0.7353600797408423,0.8052697616060226,0.7288053949903661,0.7922321010762752,0.7942366026289182,0.8240035826242723,0.7167668670674683,0.7073290703394,0.8379446640316206,0.702378149281846,0.7219512195121951,0.8221680876979294,0.7518894970028668,0.7261390887290168,0.719159456118665,0.7737556561085973,0.8308658591296546,0.81085488003727,0.7499354172048567,0.8007279344858963,0.7370600414078675,0.7268128161888702,0.7140063554143241,0.7389008879289657,0.8403021311033181,0.735603194619588,0.7224124308664736,0.8021271333168439,0.72265625,0.8057705840957072,0.7139896373056995,0.7174586776859504,0.7842746400885936,0.7316889000755097,0.8270147559591373,0.8446753246753247,0.7866666666666666,0.7447495961227787,0.72815996191383
syn_Cd_0032,0.27057079318013344,0.740968485780169,0.4921720352708296,0.22153069806560136,0.5112751127511275,0.25630563798219586,0.7536460386283012,0.4949651432997676,0.7429165999679846,0.763658437879401,0.26160489384670743,0.2337025603777011,0.25615212527964204,0.7574379382224748,0.4698123722831135,0.5008692292833687,0.4457831325301205,0.7384586395326926,0.4880611270296084,0.3355035605289929,0.2593825106304308,0.47252343319242784,0.5048158640226629,0.7307547878332707,0.737045630317092,0.2911981388134936,0.2378895402653502,0.2909970958373669,0.25378089265953524,0.7394221808014911,0.7486890658380267,0.0,0.49699508286286653,0.35467565290648695,0.23459676072800134,0.24331210191082803,0.31627719580983077,0.1939695368355611,0.4721696327148807,0.7437390797903319,0.5214747989801922,0.4920063948840927,0.7592443729903537,0.49329185300408324,0.532383665716999,0.5225389124722054,0.5202492211838006,0.47282013863553446,0.49812141585920505,0.5228133453561767,0.7434135166093929,0.7678255745433117,0.5616169544740973,0.5534382767191384,0.5004844022476265,0.7867355043685464,0.7942196531791907,0.5602862910625803,0.53444360333081,0.5454545454545454,0.5366623352515315,0.4966014418125644,0.5114741345779852,0.7965367965367965,0.5114385420705699,0.6168582375478927,0.4868672812663072,0.8157894736842105,0.5375446960667462,0.7625319441714173,0.528740007613247,0.5048443619872192,0.5216944273082459,0.5139847439157283,0.7707493956486704,0.5014825796886583,0.5678578806031812,0.5045270660759006,0.5184072126220887,0.5365947611710323
syn_Cd_0033,0.48388455866863284,0.6878155872667399,0.1951915240423798,0.4935800604229607,0.24379285883187515,0.4931477967531098,0.7129943502824859,0.2212624584717608,0.6752411575562701,0.7186116934544607,0.5001018537380322,0.4664470975710169,0.4833510074231177,0.6957649092480553,0.20870299957752428,0.2252650176678445,0.21724211880763458,0.6796908544439674,0.6306149149585696,0.5039849976558838,0.48739495798319327,0.2621035058430718,0.6345243219974172,0.6724395980329271,0.6820694229493699,0.4863606121091151,0.5090005143151037,0.4995571302037201,0.4774774774774775,0.7103477523324851,0.6982222222222222,0.49699508286286653,0.0,0.49353500853866794,0.49250936329588013,0.46677672307057366,0.5022016222479722,0.48764044943820223,0.21044679473343406,0.679253665037761,0.647191011235955,0.5334098737083812,0.7517910792697019,0.49888740542946153,0.6681109185441941,0.6528617961842718,0.641846921797005,0.4835505896958411,0.47776769509981853,0.6491013071895425,0.7350185225539333,0.755065285907249,0.6892286935012368,0.6061258674324,0.5226063829787234,0.7633918395258719,0.7833076414886588,0.6904166666666667,0.6673139158576051,0.5903156895323998,0.6639932460953989,0.5116500237755587,0.47918985087914534,0.7771260997067448,0.5382568196939455,0.7026426278093356,0.48784313725490197,0.798502053636144,0.6752565564424173,0.7458314556106355,0.6612377850162866,0.5007139457401237,0.5121025154247746,0.6532839201152975,0.752954808806489,0.6532546871708448,0.6560114503816794,0.6446499339498019,0.5691978609625669,0.49900946511116
syn_Cd_0034,0.3031968031968032,0.7602308499475341,0.4914765906362545,0.3415330551284867,0.47561675272518644,0.2935,0.7734926670287887,0.46076352067868503,0.7565396498455201,0.775774647887324,0.33941430628900626,0.31567436208991495,0.3031218529707956,0.7626769626769627,0.459784515159108,0.4795244385733157,0.4316326530612245,0.7624521072796935,0.47384855581576896,0.2886744252057905,0.29897933781428926,0.46900469251667076,0.4921854983346144,0.7473309608540926,0.7417989417989418,0.23951141795007966,0.43850687622789786,0.2594752186588921,0.29330024813895783,0.7513214195821797,0.7684322597817408,0.35467565290648695,0.49353500853866794,0.0,0.3743745921252991,0.30636119912259324,0.2374020156774916,0.3875446251487505,0.45604113110539846,0.7494014365522745,0.5338548691664419,0.4950166112956811,0.7405133928571429,0.5030658491069048,0.5677769171185127,0.5330520393811533,0.5124231242312424,0.5183374083129584,0.4733969986357435,0.5179388393932097,0.7431097243889756,0.7631792376317924,0.5653347732181425,0.5291036088474971,0.5277261873175909,0.7722283205268935,0.7904160084254871,0.5819571111658861,0.5549845837615622,0.5348703170028818,0.5629536921151439,0.48483973433439215,0.5050666666666667,0.7831978319783198,0.5082315454062666,0.5626134301270418,0.5354601790222631,0.8032979976442874,0.5700164744645799,0.7428958051420839,0.5525634386328327,0.48482220294882916,0.4860270815326995,0.5401069518716578,0.7435610302351624,0.5074925074925075,0.5100028993911279,0.5325085548828639,0.5178026449643948,0.5631578947368421
syn_Cd_0035,0.2751191611058151,0.7605382940827231,0.48834628190899,0.21090783569209526,0.5075100486566533,0.2604464796794505,0.7753402396912452,0.4965090764013565,0.7575459317585301,0.7791692757253184,0.27612354355465135,0.24346527259148618,0.2572415116056014,0.7674600078033554,0.46521406727828746,0.49900517309988063,0.4439062197248595,0.7645461598138091,0.4893784421715185,0.33921074727120065,0.2826169646253328,0.46351606805293005,0.5007776049766719,0.7561352657004831,0.7490539733120892,0.2993808667864989,0.2579371347338493,0.2903869166334264,0.25630810092961487,0.760644418872267,0.7699079631852741,0.23459676072800134,0.49250936329588013,0.3743745921252991,0.0,0.24139221556886228,0.3239143985040515,0.20388349514563106,0.4870395634379263,0.7544,0.51535974130962,0.49680609932000824,0.7653886010362694,0.5088141025641025,0.5271802894016425,0.5187656380316931,0.5401432340746325,0.48564997186268993,0.5103954341622503,0.5257693733778273,0.7593866719087871,0.7813765182186235,0.5579373104145602,0.5719478298054308,0.5253493013972056,0.7932446264073695,0.8027386386187736,0.5534163835409589,0.5347749853886616,0.563150074294205,0.5328495034377387,0.5076530612244898,0.5335604087357243,0.8089636990468465,0.5310565208707809,0.6173301077633605,0.4955341193283315,0.8227302135001078,0.5429039524882244,0.776742301458671,0.5316480501665687,0.5327659574468085,0.5297113752122241,0.5081232492997199,0.7768543527945149,0.5111534795042898,0.567590618336887,0.5107142857142857,0.5248405180746182,0.5604046816107915
syn_Cd_0036,0.2578404546411282,0.7468743145426628,0.44788273615635177,0.22377358490566038,0.4750767776990314,0.21213397935538233,0.7669902912621359,0.451206019030759,0.7483041770796144,0.7677449383290668,0.28638306533686136,0.21225832990538873,0.25196016105107016,0.7560449050086355,0.4330941325453778,0.4461606354810238,0.3983286908077994,0.746031746031746,0.48148148148148145,0.29882903981264636,0.2518891687657431,0.44787322768974147,0.4924731182795699,0.738517410809656,0.7375745526838966,0.2355417682251274,0.3208840157615213,0.22654867256637168,0.21833786895541135,0.7440677966101695,0.75,0.24331210191082803,0.46677672307057366,0.30636119912259324,0.24139221556886228,0.0,0.25538319055336883,0.2682674036966661,0.4461936596937675,0.7492232578783844,0.5092052088010777,0.4521679284239504,0.7330870468713923,0.4637616718541574,0.5212121212121212,0.4918642491864249,0.5078969243557773,0.45916890634690927,0.457388939256573,0.5077551020408163,0.733072066187677,0.7579847053531265,0.5520107840934622,0.5199617499402343,0.47475642161204606,0.7740833523115463,0.7856985698569857,0.5445462114904246,0.518430696270748,0.5062840882143704,0.5183466891606917,0.4551068883610451,0.479208361129642,0.7836375929682218,0.4801684023930866,0.609178386380459,0.47335423197492166,0.8015930485155685,0.5283663704716336,0.755065285907249,0.513994358863094,0.46980504041844984,0.4746325272641062,0.5046286772269081,0.7522574670062514,0.49021258682382657,0.5424213536701621,0.5046194456665201,0.4815131438341526,0.524961513085551
syn_Cd_0037,0.25971563981042656,0.7631578947368421,0.4946359278703492,0.2975466554833298,0.5040518638573744,0.2476280834914611,0.78450487429451,0.4809428284854564,0.7653322816012621,0.7833244822092406,0.2998630762209037,0.2574463172477488,0.24307545367717287,0.7644476956839795,0.46042310434989303,0.47963009247688076,0.43520309477756286,0.7642217380779472,0.48066026114806604,0.26611393420700724,0.2766359555870541,0.46776084407971863,0.47462976450594807,0.7551807228915662,0.7507507507507507,0.21647413360120543,0.394647568790049,0.23840561544246677,0.25435704192180875,0.7588923370732872,0.766926755600302,0.31627719580983077,0.5022016222479722,0.2374020156774916,0.3239143985040515,0.25538319055336883,0.0,0.34385697984024344,0.47004383828543594,0.7524528301886793,0.5166964058118787,0.4728317659352142,0.7368421052631579,0.4928157297706075,0.5622401565174859,0.5157783081410766,0.5089932258818033,0.4816535067347887,0.45477969595465084,0.5143053330281528,0.7380600689315608,0.7665389527458493,0.5755102040816327,0.5328587075575028,0.5091593475533249,0.7746113989637305,0.7887394120577977,0.5703252983852094,0.5501460564751705,0.5344546934346175,0.5407266682498219,0.47703180212014135,0.4881492687846697,0.7910906298003072,0.5097940733299849,0.5582055650198751,0.5084189809752897,0.8111849390919158,0.5557283566614827,0.7519815903860905,0.5448749386954389,0.4748299319727891,0.4749118524545701,0.5297921478060046,0.7560718057022175,0.4886255924170616,0.5257844474761255,0.5198007471980075,0.5081967213114754,0.5293824701195219
syn_Cd_0038,0.2769771528998243,0.7613677700982175,0.47325243548111434,0.2104503926911364,0.5193348801237432,0.2775237425255012,0.7771982116244411,0.49835104433858557,0.7541660296590735,0.7838044308632544,0.2723855092276145,0.25599034649198416,0.2686461647225168,0.7734697540836475,0.4747225647348952,0.5024675562054469,0.4509454156261149,0.759328691305124,0.49104720564297344,0.371088500671914,0.270559354725583,0.47550130775937227,0.495795312220433,0.7530249110320285,0.7559458470545188,0.3063096111518709,0.23317591499409682,0.3192892471148562,0.2627711686494052,0.7621487895387877,0.7688774572845857,0.1939695368355611,0.48764044943820223,0.3875446251487505,0.20388349514563106,0.2682674036966661,0.34385697984024344,0.0,0.48278335724533716,0.760514233241506,0.5253105877989988,0.49112872782181954,0.7734345351043643,0.49199926430016555,0.5524374887569706,0.5378744514405648,0.5489480090419058,0.4757617728531856,0.5268174173051766,0.5444425415310841,0.7657266811279827,0.7883008356545961,0.577365491651206,0.57594689574385,0.4977085242896425,0.8030018761726079,0.8110867979576951,0.5688664461083057,0.5478666188598064,0.551978277734678,0.5465587044534413,0.5175762283938629,0.5250183958793231,0.8110119047619048,0.5113719735876743,0.6378205128205128,0.49065033923547907,0.833530106257379,0.5615615615615616,0.7862850771232113,0.5407354001441961,0.5280855199222546,0.5353887919332946,0.5317241379310345,0.7858501331304678,0.5265377855887522,0.5832521908471275,0.517228805834093,0.5307938768244927,0.5486693401385344
syn_Cd_0039,0.4645218157778757,0.6797054763000461,0.20451159821238563,0.48142323569884016,0.23233830845771145,0.4728716365240406,0.7001897533206831,0.21040408732001858,0.6711820374837633,0.7066601371204702,0.48638297872340425,0.4403097440309744,0.4664891256102974,0.6976691559176285,0.21900552486187846,0.24288029636489927,0.21374045801526717,0.6632951224994381,0.6129769248343614,0.4917426669953167,0.46473302570863545,0.2664193759546149,0.6132521974306964,0.6629364368845121,0.6703755215577191,0.4646511627906977,0.49786628733997157,0.4799164151381472,0.4548641542506573,0.6982471710672288,0.6900489396411092,0.4721696327148807,0.21044679473343406,0.45604113110539846,0.4870395634379263,0.4461936596937675,0.47004383828543594,0.48278335724533716,0.0,0.6836710924761239,0.6142419240745107,0.5007235890014472,0.7051966974259349,0.4679113185530922,0.6383027002496029,0.6096845194424064,0.6281800391389433,0.45804498269896193,0.43653250773993807,0.6338809473010455,0.7013698630136986,0.7202929364516891,0.6493629070316187,0.5591939546599496,0.5012781780153381,0.7333652465294399,0.7576177285318559,0.6597691134829013,0.6375960234975147,0.547952047952048,0.6259659969088099,0.4741055791843883,0.4393090569561158,0.7447916666666666,0.4948837209302326,0.6666666666666666,0.47168268247802086,0.7709923664122137,0.6441570881226054,0.7148262000472925,0.6287534121929026,0.4610568494866015,0.47166042446941325,0.6092943201376936,0.7165124208475402,0.623622741295725,0.6274165202108963,0.5993537964458805,0.5297805642633229,0.47069681587448087
syn_Cd_0040,0.7653732697980485,0.2232502965599051,0.6904553415061296,0.7606941081517352,0.6641810233993315,0.7478991596638656,0.24993880048959607,0.6804790419161677,0.3107645492582731,0.20010118897040222,0.7518056467498359,0.7397078353253652,0.7494857142857143,0.24300373134328357,0.6832043695949022,0.6666666666666666,0.6840157298172566,0.24965261695229274,0.8214790390956194,0.7457972491085074,0.7547511312217194,0.6805929919137467,0.8063167673014399,0.20313580816232418,0.25316758307434856,0.7634924442312305,0.7440378663753868,0.7720306513409961,0.7432889690954207,0.26828153564899454,0.2389423076923077,0.7437390797903319,0.679253665037761,0.7494014365522745,0.7544,0.7492232578783844,0.7524528301886793,0.760514233241506,0.6836710924761239,0.0,0.7931873479318735,0.7394769613947696,0.7893152746425884,0.7308618199325951,0.7951356407857811,0.7993936331480546,0.8209489704565801,0.7315824616069442,0.7138643067846607,0.8235294117647058,0.6865144739938809,0.7264748902974159,0.8203067932797663,0.7546235998958062,0.7296260786193672,0.7138621200889548,0.7638657462508927,0.8291479820627803,0.8039580908032596,0.7547121094758585,0.8094588449295134,0.7242628039317124,0.7221285817481339,0.7082824334229172,0.7423842648117055,0.8139660285791318,0.7403361344537815,0.7162411160831798,0.8061804697156983,0.7101024890190337,0.801641266119578,0.7198342827550492,0.7150232318017553,0.7918972769537304,0.7187421383647798,0.8107556160653506,0.8260643821391485,0.7791527843883865,0.7499423298731257,0.733999524149417
syn_Ni_0001,0.5329506314580942,0.78573144367043,0.6545615589016829,0.5297716150081566,0.6429502215272348,0.5311422661457136,0.795189685097942,0.6347319912684938,0.7979254706108336,0.7918482440399898,0.5811379234004871,0.48813255709807435,0.5100624566273422,0.8031161473087819,0.6199907876554583,0.6358800773694391,0.5958791852025287,0.7810595405532115,0.5379113018597997,0.588022715539494,0.5558608058608059,0.6195454545454545,0.536436295251528,0.7932322053675612,0.7860082304526749,0.512752003886325,0.6066899467009741,0.51454898157129,0.5206573841588679,0.7858464384828863,0.7969814995131451,0.5214747989801922,0.647191011235955,0.5338548691664419,0.51535974130962,0.5092052088010777,0.5166964058118787,0.5253105877989988,0.6142419240745107,0.7931873479318735,0.0,0.43527630582891746,0.763151207115629,0.4588005850804486,0.19223484848484848,0.20378904249871993,0.5874094202898551,0.5023643323575772,0.5049800796812749,0.6074600355239786,0.7460090540862521,0.76,0.19210850801479654,0.47504621072088726,0.4742718446601942,0.7551939924906133,0.7787418655097614,0.22050816696914702,0.18171105349988215,0.4504056529704266,0.18223653934652553,0.47718930256948083,0.5220677883443062,0.7678792378124226,0.4700024289531212,0.6412359857806945,0.5127442650807137,0.7768881772084334,0.19859754570498372,0.7394957983193278,0.16733918822691668,0.5128608923884515,0.5070643642072213,0.18656215005599106,0.7466224827937803,0.56601607347876,0.5873684210526315,0.18313253012048192,0.40929255194956804,0.593832811370754
syn_Ni_0002,0.49859154929577465,0.7236971484759095,0.5326849129156299,0.5117488043252235,0.5456974879743453,0.47368421052631576,0.7369222955815135,0.5148957298907646,0.7409508902367443,0.7299001576458224,0.5572139303482587,0.4614504690002288,0.49053926206244086,0.7430572325525235,0.5017659524370144,0.528334570650829,0.4698275862068966,0.7238072404699113,0.5462307879970725,0.5459116168298491,0.5080739527264218,0.5252032520325203,0.5503726857417649,0.7274463007159905,0.7106045589692765,0.4922923918448533,0.5881032547699214,0.4753040456689005,0.4643023798413439,0.7361078269094349,0.7353600797408423,0.4920063948840927,0.5334098737083812,0.4950166112956811,0.49680609932000824,0.4521679284239504,0.4728317659352142,0.49112872782181954,0.5007235890014472,0.7394769613947696,0.43527630582891746,0.0,0.6651041666666667,0.19690541552283503,0.478324049406636,0.43636840724219367,0.595001157139551,0.2508053382420617,0.22213720989543484,0.6021773644817419,0.6489517308629936,0.6672566371681415,0.49343434343434345,0.30119176598049835,0.18459627329192546,0.6871794871794872,0.6946225949679329,0.4917690702527243,0.4720347155255545,0.274825550187869,0.46836038579157846,0.22613605808012907,0.21917124313529707,0.7024835276229092,0.278468423669816,0.664795058955643,0.24821157598092347,0.7289156626506024,0.47357619291944586,0.6603391546443939,0.4691597863040311,0.23553162853297444,0.21277166621947946,0.45537757437070936,0.6619644723092999,0.564319248826291,0.607557354925776,0.4387176325524044,0.25262655205348616,0.3259368836291913
syn_Ni_0003,0.7679584120982986,0.7579207920792079,0.7181880264056454,0.7690859652792302,0.7366720516962844,0.7298959318826869,0.7764705882352941,0.7505,0.7737556561085973,0.7739544732662784,0.7387346381429222,0.7476398802670965,0.7514285714285714,0.7967420374422562,0.741170893576677,0.7463244455519561,0.740115718418515,0.7687665942553705,0.7858020142471137,0.7302052785923754,0.7352179034157833,0.7208323591302315,0.794722827402566,0.7760691975012013,0.7485029940119761,0.7496244366549825,0.7653253102670177,0.7485628592851787,0.7487083137623297,0.7529159723875268,0.8052697616060226,0.7592443729903537,0.7517910792697019,0.7405133928571429,0.7653886010362694,0.7330870468713923,0.7368421052631579,0.7734345351043643,0.7051966974259349,0.7893152746425884,0.763151207115629,0.6651041666666667,0.0,0.673787383764765,0.7805413313825896,0.7568067671160454,0.8113207547169812,0.6943029180176007,0.6768558951965066,0.8164802556493951,0.28375061364752086,0.26508785332314744,0.8001017293997965,0.7248908296943232,0.6797598198648986,0.21487603305785125,0.2215598609041232,0.7899649941656943,0.7723300970873787,0.7084910762574365,0.7721998579209093,0.6700081278786236,0.6691804927099044,0.262378764675855,0.6900350525788683,0.8205998868138087,0.6902944383860414,0.282560706401766,0.7746770025839793,0.2689268417027785,0.7687041564792176,0.6490371575806889,0.6593673965936739,0.7512666973744818,0.23210526315789473,0.7953686200378072,0.8177862387816155,0.7526694810032282,0.7014423076923076,0.692154915590864
syn_Ni_0004,0.515799045237554,0.7043023532208225,0.5083333333333333,0.5177849636216654,0.5109507858799278,0.489419795221843,0.7203826342899191,0.5041996640268779,0.7318095238095238,0.7211660329531052,0.5720236790177593,0.45764966740576496,0.5030913670712159,0.7355140186915888,0.48153214774281805,0.5110047846889952,0.4410196987253766,0.7090487238979118,0.5403492213308164,0.5451761102603369,0.5090661831368993,0.5198019801980198,0.5416472778036296,0.720951720951721,0.6910179640718563,0.49723624128815186,0.5890610756608934,0.4918426103646833,0.46757062146892653,0.7362637362637363,0.7288053949903661,0.49329185300408324,0.49888740542946153,0.5030658491069048,0.5088141025641025,0.4637616718541574,0.4928157297706075,0.49199926430016555,0.4679113185530922,0.7308618199325951,0.4588005850804486,0.19690541552283503,0.673787383764765,0.0,0.49343955014058105,0.46379746835443036,0.5860986547085202,0.220958751393534,0.22266009852216748,0.5967458223394899,0.6406507899080406,0.6614557889594529,0.5164674310807514,0.2701644479248238,0.1690682036503362,0.6880415944540728,0.7004531361793466,0.5148247978436657,0.4872871471891766,0.24036222509702457,0.48929384965831435,0.20632452047693106,0.1806996381182147,0.7121175030599756,0.2357606344628695,0.6536071332072413,0.22474747474747475,0.7341070957530994,0.49566509784493434,0.6547677261613692,0.48508339206013623,0.20083030617540218,0.1883083290222452,0.4823685961410512,0.6612049407612806,0.5576267333484883,0.5926118626430801,0.4673342870767763,0.22717818349896002,0.2805721096543504
syn_Ni_0005,0.5660252156602521,0.7893277893277894,0.6779154207603588,0.5510848126232741,0.6652510617037222,0.5669692273632942,0.788521076446773,0.6567964560503614,0.7937453462397617,0.7870666338824687,0.6134956224642323,0.5172711571675302,0.5571396747605257,0.8069059518400727,0.6464063886424135,0.6513249651324965,0.6182105025918413,0.7824909747292419,0.5619266055045872,0.6034653465346534,0.5875606528451698,0.6438896189224704,0.5529411764705883,0.7892608402606156,0.7840353735164068,0.5535839364931123,0.6208311039771713,0.558041958041958,0.5495931383329667,0.7839643652561247,0.7922321010762752,0.532383665716999,0.6681109185441941,0.5677769171185127,0.5271802894016425,0.5212121212121212,0.5622401565174859,0.5524374887569706,0.6383027002496029,0.7951356407857811,0.19223484848484848,0.478324049406636,0.7805413313825896,0.49343955014058105,0.0,0.2293713163064833,0.6075949367088608,0.5259387887996527,0.537063605930177,0.6111349036402569,0.7657575063030025,0.7784629981024668,0.17507699597251836,0.512775107513281,0.5034997666822212,0.7740927661619803,0.7955967555040556,0.20594665500655882,0.14719891131775914,0.490343616754452,0.16932624113475178,0.5150753768844221,0.5519100070307007,0.7865462324696934,0.5003502218071445,0.6484436306565524,0.5186704965121051,0.7986199846664963,0.19163260399134407,0.7630579297245964,0.1495775291162366,0.545774647887324,0.5386158475426279,0.17641977974519543,0.7662020053802886,0.5761999557619996,0.6021180030257186,0.1969416126042632,0.43627781523937964,0.6126940004632847
syn_Ni_0006,0.5541280038068047,0.7920718025430067,0.6608615948670944,0.5269360269360269,0.6363636363636364,0.5317932841152655,0.795413553207936,0.6262906069000251,0.8029283735654926,0.7871432381968525,0.5835051546391753,0.48956884561891517,0.5262526971949173,0.801175318315377,0.6190930787589499,0.6320281124497992,0.5795095897062393,0.7890131259115216,0.520534388916378,0.5835572272971521,0.5521821631878557,0.6181732580037664,0.5221843003412969,0.7880474231792887,0.7939180698668007,0.5066834804539723,0.6097560975609756,0.5115810674723061,0.5119413572948688,0.7857142857142857,0.7942366026289182,0.5225389124722054,0.6528617961842718,0.5330520393811533,0.5187656380316931,0.4918642491864249,0.5157783081410766,0.5378744514405648,0.6096845194424064,0.7993936331480546,0.20378904249871993,0.43636840724219367,0.7568067671160454,0.46379746835443036,0.2293713163064833,0.0,0.5825515947467167,0.49172301235719285,0.5108695652173914,0.5974264705882353,0.7448702101359703,0.7562852744997435,0.22213681783243658,0.4861072902338377,0.47631048387096775,0.7533177205308352,0.7838378784088066,0.2542293233082707,0.21779516010755318,0.45489234123739436,0.21077730090605626,0.4937192790824686,0.524436566219296,0.7624067883774749,0.4673392181588903,0.6325249643366619,0.504828797190518,0.7891515994436717,0.20229107003384536,0.7447354904982023,0.2070918492982024,0.5073810825587752,0.5122615803814714,0.23023417574773938,0.7523203394325113,0.5550797049726386,0.5701754385964912,0.21460730365182593,0.4117647058823529,0.6039009752438109
syn_Ni_0007,0.5009548058561426,0.8248175182481752,0.6577759540418547,0.5298365640440897,0.6548271752085817,0.5115735825015927,0.83147346845821,0.6357955813434502,0.8263838964773544,0.8248415120920404,0.5782564102564103,0.5045605306799337,0.5163426618243965,0.827165868524162,0.6276595744680851,0.650200267022697,0.5860877079282782,0.8213667820069204,0.3211775043936731,0.5652173913043478,0.5480321625052899,0.6246321984026902,0.29314830875975717,0.8087443463278053,0.8257963911784362,0.5012290502793296,0.5988963614416278,0.4962070504239179,0.49609622283182103,0.8103374626228108,0.8240035826242723,0.5202492211838006,0.641846921797005,0.5124231242312424,0.5401432340746325,0.5078969243557773,0.5089932258818033,0.5489480090419058,0.6281800391389433,0.8209489704565801,0.5874094202898551,0.595001157139551,0.8113207547169812,0.5860986547085202,0.6075949367088608,0.5825515947467167,0.0,0.6057511981662846,0.6026520347508002,0.20156314273961332,0.7909989023051591,0.8189655172413793,0.61704056197598,0.627503015681544,0.6123269316659223,0.8143808867447737,0.8247171067228756,0.6298783046579941,0.5996522495109758,0.6233548695860254,0.5977891156462585,0.5723873441994247,0.6070867907602602,0.8335985451238918,0.6004469273743017,0.2841843088418431,0.6063955783655745,0.8475030450669915,0.6125028729027809,0.8010899182561307,0.5952745569897178,0.5940499040307101,0.583732057416268,0.6014928467758657,0.8037841625788367,0.20517716953108422,0.24963924963924963,0.5816326530612245,0.6082740788623141,0.6691062319804835
syn_Ni_0008,0.49050232165470664,0.7021557413110426,0.48683404776484995,0.4961225647815396,0.5113744075829384,0.4790874524714829,0.7223731884057971,0.4917887261429206,0.7173018429057076,0.7278244631185807,0.5457142857142857,0.4440090740358837,0.4904377390565236,0.7337085949339683,0.47343915343915344,0.5127240539942465,0.44220025784271594,0.7121961712196171,0.5604107493991698,0.5414611228564717,0.5116817512102715,0.4961321346435292,0.574725037739918,0.7060839760068551,0.6938413823659725,0.496,0.5600961538461539,0.4803638784113601,0.45759865659109994,0.7425111536010197,0.7167668670674683,0.47282013863553446,0.4835505896958411,0.5183374083129584,0.48564997186268993,0.45916890634690927,0.4816535067347887,0.4757617728531856,0.45804498269896193,0.7315824616069442,0.5023643323575772,0.2508053382420617,0.6943029180176007,0.220958751393534,0.5259387887996527,0.49172301235719285,0.6057511981662846,0.0,0.23346215048874744,0.6075301821158174,0.6681222707423581,0.6810286487705842,0.5448400180261379,0.30023980815347723,0.21341328003553187,0.7163088168113294,0.7206531332744925,0.5449801711542476,0.5235624729788154,0.29352997145575643,0.5220976950729541,0.23898022396950203,0.20428189116859946,0.7296564195298373,0.25422222222222224,0.6777227722772278,0.18483598507169516,0.7530266343825666,0.5329067641681902,0.6884172499435538,0.5243690165361183,0.23491533508228,0.24233055885850177,0.5061881188118812,0.6957733395262424,0.5685943436048966,0.6189337795840306,0.5159938230752261,0.2734676382340334,0.23908248786943095
syn_Ni_0009,0.4834222119174588,0.6971608832807571,0.48591864103710325,0.5125462772521596,0.4882740447957839,0.4666976096542121,0.7088449010273115,0.4697378093604509,0.727730441518203,0.7030318735423685,0.5204469273743016,0.4656419529837251,0.48516701705209064,0.7281831187410587,0.45348837209302323,0.4899853444064485,0.42350437455663276,0.7007575757575758,0.5809248554913294,0.5135699373695198,0.4946833102172908,0.49334557136301055,0.5911680911680912,0.7101107706811218,0.689899730985571,0.4665030674846626,0.5558436747545842,0.4767270945614895,0.478681723899516,0.7286314806165344,0.7073290703394,0.49812141585920505,0.47776769509981853,0.4733969986357435,0.5103954341622503,0.457388939256573,0.45477969595465084,0.5268174173051766,0.43653250773993807,0.7138643067846607,0.5049800796812749,0.22213720989543484,0.6768558951965066,0.22266009852216748,0.537063605930177,0.5108695652173914,0.6026520347508002,0.23346215048874744,0.0,0.6006275212909009,0.6438026474127557,0.6646706586826348,0.5564415649140294,0.30520694259012016,0.2099068170671898,0.6954211990892992,0.7039201363525688,0.5510765002290426,0.5334444179957153,0.2929346387933316,0.5343866171003717,0.22269353128313893,0.1608770633160877,0.7049262315578895,0.30012269938650304,0.6591977869986169,0.22760394342048865,0.7295546558704453,0.5388509238167553,0.6688311688311688,0.5272116998321745,0.20276008492569003,0.2,0.5166176803074836,0.66348879154857,0.5882216554602365,0.6072378924960086,0.51460564751704,0.2751709502475831,0.25577999513263566
syn_Ni_0010,0.4896896479900021,0.8372748969407681,0.6549778315195486,0.5185046728971963,0.6595844034555218,0.5034396497811132,0.8316588524224158,0.6358065222149267,0.8283793347487615,0.8334483551874856,0.5712270803949224,0.4963355048859935,0.5093310966659677,0.8385305425032038,0.6290726817042607,0.6468790920995199,0.5866016535933857,0.8280984719864176,0.3775862068965517,0.5365740740740741,0.5417532197756544,0.6252579446966571,0.3417021276595745,0.8245614035087719,0.832204500764693,0.49068595222441375,0.5875658229998302,0.4949671772428884,0.4982390718873006,0.8150943396226416,0.8379446640316206,0.5228133453561767,0.6491013071895425,0.5179388393932097,0.5257693733778273,0.5077551020408163,0.5143053330281528,0.5444425415310841,0.6338809473010455,0.8235294117647058,0.6074600355239786,0.6021773644817419,0.8164802556493951,0.5967458223394899,0.6111349036402569,0.5974264705882353,0.20156314273961332,0.6075301821158174,0.6006275212909009,0.0,0.8027137626534568,0.8309608540925267,0.6325261053099311,0.6442239546420978,0.6294349540078844,0.8257149290700293,0.833297062023939,0.6402966625463535,0.6101514182128386,0.6419029763299742,0.6164440734557596,0.5948356807511737,0.6146910050582802,0.8488968130153778,0.6256848564540872,0.3117231294174994,0.6181606519208381,0.8659670880038158,0.6350529398513178,0.8174532502226179,0.6115046147241897,0.6127819548872181,0.6002811621368322,0.624109142740786,0.82055390249485,0.22307852530722766,0.2717852096090438,0.5966057441253264,0.6193698456333263,0.6745703719817272
syn_Ni_0011,0.7610146862483311,0.6550441655044166,0.7104189044038668,0.7505453103311521,0.7334004024144869,0.7238307349665924,0.6735378715244487,0.7470671046457062,0.6984097287184284,0.6777227722772278,0.7358247422680413,0.7337676438653638,0.7458538771851188,0.6973714285714285,0.731309975451908,0.7464327485380117,0.7328798185941043,0.6767309875141885,0.7816755135010386,0.725890854722153,0.7279786998003106,0.7034589116545494,0.778738902799909,0.680379746835443,0.6398126463700234,0.7471804511278195,0.7516129032258064,0.7490030494956603,0.7424778761061946,0.676002688774367,0.702378149281846,0.7434135166093929,0.7350185225539333,0.7431097243889756,0.7593866719087871,0.733072066187677,0.7380600689315608,0.7657266811279827,0.7013698630136986,0.6865144739938809,0.7460090540862521,0.6489517308629936,0.28375061364752086,0.6406507899080406,0.7657575063030025,0.7448702101359703,0.7909989023051591,0.6681222707423581,0.6438026474127557,0.8027137626534568,0.0,0.2795416567199809,0.7825464949928469,0.7009679062659195,0.6571965250058699,0.235607160135462,0.24580223880597016,0.7730371673630966,0.7581013235965313,0.6898989898989899,0.748494983277592,0.6438148241841639,0.6466981132075472,0.23827751196172248,0.6701127819548872,0.8161222339304531,0.6674231483391789,0.26299536798764794,0.7473378509196515,0.207168458781362,0.7532169117647058,0.6444669536591542,0.6430194395354708,0.7211120764552563,0.24421467257508617,0.789942145082332,0.8095963442498096,0.7281417579855444,0.6743554952510177,0.6638694638694639
syn_Ni_0012,0.7897400506096158,0.6871239470517448,0.7333629103815439,0.7745098039215687,0.7534604335335596,0.7531660142758462,0.7033540372670808,0.7584447144592953,0.7298961138899577,0.691754431030054,0.756043468618319,0.7568416330192912,0.7724217844727694,0.7242194891201513,0.7521919704660821,0.7732558139534884,0.7546328876378138,0.7040864255519023,0.8060200668896321,0.7459906880496637,0.7431192660550459,0.7285974499089253,0.802637776731041,0.7058685994856208,0.674508852777104,0.7697736675590168,0.774710104914412,0.7701652089407192,0.7653784587239881,0.7043558850787767,0.7219512195121951,0.7678255745433117,0.755065285907249,0.7631792376317924,0.7813765182186235,0.7579847053531265,0.7665389527458493,0.7883008356545961,0.7202929364516891,0.7264748902974159,0.76,0.6672566371681415,0.26508785332314744,0.6614557889594529,0.7784629981024668,0.7562852744997435,0.8189655172413793,0.6810286487705842,0.6646706586826348,0.8309608540925267,0.2795416567199809,0.0,0.7968865826538176,0.725324159830643,0.671692607003891,0.24655129169801857,0.23641632455928518,0.7927272727272727,0.7723730814639905,0.7136113296616837,0.7713231904103274,0.6705202312138728,0.6569753237234303,0.1738160178527151,0.6909223655390606,0.833927103315977,0.6812765957446808,0.2602300080235357,0.7726474278544542,0.2436849925705795,0.7697978596908442,0.6496580746975276,0.6628211851074987,0.7446713035674221,0.1933588761174968,0.8141246836899011,0.8275316455696202,0.7513278609367455,0.7047953216374269,0.6818730388607289
syn_Ni_0013,0.5896139705882353,0.8177884615384615,0.6937735430977177,0.5747806570087737,0.6786645800730308,0.5841766329346826,0.8193548387096774,0.6655339805825242,0.8166442437055544,0.8122113904566445,0.6349136021267169,0.5420120994846516,0.5662037037037037,0.8242381289865344,0.6616731965890759,0.6757803048632954,0.6237113402061856,0.8132770349519118,0.5566690527320448,0.6357530353913717,0.5986254295532646,0.6579486013190812,0.5521053869677723,0.8136384866884633,0.813953488372093,0.565872630043753,0.6495034939315925,0.5685513224945402,0.5751484696208314,0.8111548252719278,0.8221680876979294,0.5616169544740973,0.6892286935012368,0.5653347732181425,0.5579373104145602,0.5520107840934622,0.5755102040816327,0.577365491651206,0.6493629070316187,0.8203067932797663,0.19210850801479654,0.49343434343434345,0.8001017293997965,0.5164674310807514,0.17507699597251836,0.22213681783243658,0.61704056197598,0.5448400180261379,0.5564415649140294,0.6325261053099311,0.7825464949928469,0.7968865826538176,0.0,0.5190274841437632,0.5244109788681078,0.7940881763527055,0.8128316449589966,0.19500567536889898,0.14952830188679245,0.5034049240440021,0.17476398802670964,0.5387037522959853,0.5749145924841386,0.7989103516592373,0.5250364608653378,0.6540777230432403,0.5540913921360255,0.8167735042735043,0.21654135338345865,0.7833292109819441,0.15486935866983373,0.5623850801155765,0.5674260277559571,0.19184222321828776,0.786734693877551,0.5960477941176471,0.6028443508032657,0.22449963829274175,0.461214953271028,0.6475409836065574
syn_Ni_0014,0.555337904015671,0.7255909558067831,0.6051825677267373,0.5791064105331318,0.5832865956253506,0.5401960784313725,0.7363104731525785,0.569055036344756,0.7365754812563323,0.7410468319559229,0.6222326895902025,0.5165673420738975,0.5513326752221125,0.7639344262295082,0.5632522721690002,0.578783958602846,0.541,0.725657071339174,0.5819525873056335,0.598112683874549,0.5523553819868197,0.5882780334221361,0.5711775043936731,0.7463876432486298,0.7155440414507772,0.5403016120644826,0.6607350096711799,0.5203737347521412,0.5318734793187347,0.7547495682210709,0.7518894970028668,0.5534382767191384,0.6061258674324,0.5291036088474971,0.5719478298054308,0.5199617499402343,0.5328587075575028,0.57594689574385,0.5591939546599496,0.7546235998958062,0.47504621072088726,0.30119176598049835,0.7248908296943232,0.2701644479248238,0.512775107513281,0.4861072902338377,0.627503015681544,0.30023980815347723,0.30520694259012016,0.6442239546420978,0.7009679062659195,0.725324159830643,0.5190274841437632,0.0,0.2746167835801507,0.7309344790547798,0.7658586900464157,0.5296108291032149,0.5055387713997986,0.20507042253521127,0.52,0.25656223539373413,0.3018276762402089,0.7347480106100795,0.218928757150286,0.650915534554046,0.3094433175569078,0.7623705408515535,0.5083288554540569,0.7144370860927153,0.4916286149162861,0.274936422718282,0.27682343001971277,0.5164520743919886,0.7256297918948521,0.5979431929480901,0.6208557665060924,0.49729311678267596,0.22033898305084745,0.3938144329896907
syn_Ni_0015,0.5290921439891328,0.7027218934911242,0.5307994757536042,0.5324204591220298,0.5403949730700179,0.49875368230228867,0.7230769230769231,0.5264038231780167,0.7300683371298405,0.721927832450164,0.57239571958943,0.4743816254416961,0.5179019384264538,0.7296416938110749,0.5077202543142597,0.5488327775131014,0.47519039926148166,0.710720887245841,0.5592105263157895,0.5691056910569106,0.5241534988713318,0.5257731958762887,0.556533827618165,0.7234874626178974,0.6966372525637968,0.5195022732711175,0.59294930038161,0.4968944099378882,0.49088453747467925,0.7318741450068399,0.7261390887290168,0.5004844022476265,0.5226063829787234,0.5277261873175909,0.5253493013972056,0.47475642161204606,0.5091593475533249,0.4977085242896425,0.5012781780153381,0.7296260786193672,0.4742718446601942,0.18459627329192546,0.6797598198648986,0.1690682036503362,0.5034997666822212,0.47631048387096775,0.6123269316659223,0.21341328003553187,0.2099068170671898,0.6294349540078844,0.6571965250058699,0.671692607003891,0.5244109788681078,0.2746167835801507,0.0,0.6982992358885877,0.708857753502731,0.5319910514541387,0.5019744483159118,0.23770280710790626,0.5009074410163339,0.2131062951496388,0.17463367763631996,0.7148427979527175,0.2500598229241445,0.6671148158107018,0.21132075471698114,0.7395641900761355,0.5053020961775586,0.6757546251217137,0.49473684210526314,0.19369834710743802,0.203913491246138,0.4928208526618069,0.6717691342534504,0.5852388498981209,0.625064733298809,0.4876543209876543,0.2345224395857307,0.27605032043674343
syn_Ni_0016,0.7982292637465052,0.693170731707317,0.7466876263193353,0.7897128692418922,0.7583465818759937,0.7639925373134329,0.7012594458438287,0.7610837438423645,0.7172856309546957,0.6967170401250652,0.7700942972608891,0.7760617760617761,0.7854460093896714,0.7138749101365924,0.7555503622341668,0.7589000736557819,0.7633079847908745,0.7044967880085653,0.7908496732026143,0.7680398845447389,0.7612078977932637,0.7394512335715933,0.7914578859460749,0.7029843675982946,0.6745329400196657,0.7789837197829305,0.7876534027519524,0.7769022408273825,0.7897174617878647,0.6888054447312837,0.719159456118665,0.7867355043685464,0.7633918395258719,0.7722283205268935,0.7932446264073695,0.7740833523115463,0.7746113989637305,0.8030018761726079,0.7333652465294399,0.7138621200889548,0.7551939924906133,0.6871794871794872,0.21487603305785125,0.6880415944540728,0.7740927661619803,0.7533177205308352,0.8143808867447737,0.7163088168113294,0.6954211990892992,0.8257149290700293,0.235607160135462,0.24655129169801857,0.7940881763527055,0.7309344790547798,0.6982992358885877,0.0,0.18844836025452766,0.7868814729574223,0.7674641148325358,0.7248536455561468,0.7679196824655615,0.6832844574780058,0.6904408122833086,0.1975867269984917,0.7069560927479033,0.8208124652198108,0.7085037674919268,0.18349619978284473,0.7659033078880407,0.20010042681395931,0.7677108433734939,0.6792100346944222,0.6786379356211758,0.7383007723761926,0.20362694300518136,0.8164026095060578,0.8265988761038267,0.7377049180327869,0.7161137440758294,0.7064579256360078
syn_Ni_0017,0.7935222672064778,0.7320169252468265,0.7603646624701541,0.7961961961961962,0.7856415478615071,0.7771274200810446,0.7521823472356935,0.783578547698149,0.7666603737964885,0.7404809619238477,0.7816840277777778,0.7875795479482115,0.7924784775713638,0.7624220013866421,0.7721633205504174,0.7927608232789212,0.7840440165061898,0.7392701400045903,0.80536756126021,0.7750315258511979,0.7797712491590043,0.7586283678468048,0.8085155350978136,0.7477148080438757,0.7228801515869256,0.7994296577946768,0.7960954446854663,0.7902728351126928,0.7987477638640429,0.7431483578708947,0.7737556561085973,0.7942196531791907,0.7833076414886588,0.7904160084254871,0.8027386386187736,0.7856985698569857,0.7887394120577977,0.8110867979576951,0.7576177285318559,0.7638657462508927,0.7787418655097614,0.6946225949679329,0.2215598609041232,0.7004531361793466,0.7955967555040556,0.7838378784088066,0.8247171067228756,0.7206531332744925,0.7039201363525688,0.833297062023939,0.24580223880597016,0.23641632455928518,0.8128316449589966,0.7658586900464157,0.708857753502731,0.18844836025452766,0.0,0.7990664592131584,0.7891093677895709,0.75920245398773,0.7913004282172639,0.708066581306018,0.7008587786259542,0.1979670861568248,0.7314638783269962,0.843649946638207,0.719524901021046,0.2501302761855133,0.786973555337904,0.2032874063330916,0.7904275092936803,0.6928992566008716,0.6948632762586251,0.7651448639157156,0.1933233682112606,0.8169140800719749,0.83757388846055,0.7618486206083471,0.7347965249199817,0.7128712871287128
syn_Ni_0018,0.5868225292242295,0.8196321737203633,0.6933826551582408,0.5618576322801675,0.6842608072605684,0.5868964050202085,0.8243212411590235,0.6735971383858708,0.826133909287257,0.826393789696542,0.6215327717279638,0.5377906976744186,0.5707254440402311,0.8355865678150894,0.6641091219096334,0.6776638430673205,0.6312486474789006,0.8188908145580589,0.5805457746478874,0.6226325757575758,0.5926239932174651,0.6602105263157895,0.5712423979148566,0.8261057173678533,0.8062932381164919,0.5674949630624581,0.6435848730789155,0.5686186857398301,0.5688015218769816,0.8185708172871202,0.8308658591296546,0.5602862910625803,0.6904166666666667,0.5819571111658861,0.5534163835409589,0.5445462114904246,0.5703252983852094,0.5688664461083057,0.6597691134829013,0.8291479820627803,0.22050816696914702,0.4917690702527243,0.7899649941656943,0.5148247978436657,0.20594665500655882,0.2542293233082707,0.6298783046579941,0.5449801711542476,0.5510765002290426,0.6402966625463535,0.7730371673630966,0.7927272727272727,0.19500567536889898,0.5296108291032149,0.5319910514541387,0.7868814729574223,0.7990664592131584,0.0,0.17744393642499456,0.5161831695037161,0.18100511073253833,0.5393852065321806,0.5659402381487306,0.7859257572306991,0.5258562793821356,0.677065136011979,0.549624357453539,0.7988772272394435,0.2507483306470182,0.7725204731574158,0.18869165023011178,0.5629807692307692,0.5570469798657718,0.20539979231568017,0.7800140416569156,0.5957492029755579,0.6298795180722891,0.22844444444444445,0.4660047485430607,0.6391912908242613
syn_Ni_0019,0.5753303964757709,0.8022079116835327,0.6715592427143161,0.5437217528001572,0.6534062655395325,0.558641975308642,0.8055950687529635,0.6545961002785515,0.8056019291411612,0.8032305433186491,0.6056997022543599,0.5123629327026445,0.559449866903283,0.8095453517303778,0.6443560857079744,0.650543855588984,0.6027827648114902,0.7977982475848124,0.5533226764101393,0.6053215077605322,0.5695146057544476,0.6375136314067612,0.5377337238116693,0.7991051454138702,0.7900834105653383,0.5439330543933054,0.6174902239601848,0.5442097934555581,0.5519053876478318,0.7955200709691728,0.81085488003727,0.53444360333081,0.6673139158576051,0.5549845837615622,0.5347749853886616,0.518430696270748,0.5501460564751705,0.5478666188598064,0.6375960234975147,0.8039580908032596,0.18171105349988215,0.4720347155255545,0.7723300970873787,0.4872871471891766,0.14719891131775914,0.21779516010755318,0.5996522495109758,0.5235624729788154,0.5334444179957153,0.6101514182128386,0.7581013235965313,0.7723730814639905,0.14952830188679245,0.5055387713997986,0.5019744483159118,0.7674641148325358,0.7891093677895709,0.17744393642499456,0.0,0.4837743384922616,0.1330832045905981,0.5103775943985996,0.5389640690620625,0.7756743965925225,0.4904695490469549,0.6444560124934929,0.525035765379113,0.7945066124109867,0.19243657252273816,0.7560860316709997,0.15006821282401092,0.5299123904881101,0.5348140753681058,0.16559139784946236,0.7619279454722493,0.56784140969163,0.6025094102885822,0.1958477508650519,0.4350940017905103,0.6162361623616236
syn_Ni_0020,0.5570665371539583,0.7254202750891493,0.590558541715354,0.5706020998500108,0.5816666666666667,0.5333009236752553,0.7360379346680717,0.5542974781266083,0.7436103843831757,0.7456331877729258,0.6214953271028038,0.5143059825017735,0.5609397944199707,0.754438609652413,0.5503045066991474,0.5824570402667351,0.5185919682697074,0.7279722015388433,0.5673490017690169,0.6029694803409403,0.5560396998305495,0.5772279606053327,0.5728155339805825,0.7420948616600791,0.7221366204417052,0.5391752577319587,0.6421983089930823,0.5302289683560587,0.51496138996139,0.7587472473697089,0.7499354172048567,0.5454545454545454,0.5903156895323998,0.5348703170028818,0.563150074294205,0.5062840882143704,0.5344546934346175,0.551978277734678,0.547952047952048,0.7547121094758585,0.4504056529704266,0.274825550187869,0.7084910762574365,0.24036222509702457,0.490343616754452,0.45489234123739436,0.6233548695860254,0.29352997145575643,0.2929346387933316,0.6419029763299742,0.6898989898989899,0.7136113296616837,0.5034049240440021,0.20507042253521127,0.23770280710790626,0.7248536455561468,0.75920245398773,0.5161831695037161,0.4837743384922616,0.0,0.48211243611584326,0.24573665082471344,0.2831262939958592,0.7344900105152471,0.2175257731958763,0.6625730994152047,0.31335271751286065,0.7612535612535613,0.4936102236421725,0.7101601470202152,0.47183098591549294,0.27511894766302825,0.2513249651324965,0.48438978240302744,0.7156809549647314,0.5988343856240894,0.6065113668257087,0.4725274725274725,0.19525457241720218,0.38068472151251914
syn_Ni_0021,0.5683825113073444,0.8009436081779375,0.6723563696919234,0.5385208012326657,0.6664242424242425,0.5593877990946324,0.8106919694515159,0.6445250510088415,0.8026938478340008,0.8028169014084507,0.6066597294484911,0.5161968868321414,0.549772283669486,0.8183023872679045,0.6349892008639308,0.6550632911392406,0.608686115376179,0.7975406236275802,0.5626952253458277,0.6069197501201345,0.5751718213058419,0.6348122866894198,0.5623073535887274,0.792696260660398,0.7995021498076488,0.540522133938706,0.6142433234421365,0.5480507706255666,0.548511458556436,0.7987857762359063,0.8007279344858963,0.5366623352515315,0.6639932460953989,0.5629536921151439,0.5328495034377387,0.5183466891606917,0.5407266682498219,0.5465587044534413,0.6259659969088099,0.8094588449295134,0.18223653934652553,0.46836038579157846,0.7721998579209093,0.48929384965831435,0.16932624113475178,0.21077730090605626,0.5977891156462585,0.5220976950729541,0.5343866171003717,0.6164440734557596,0.748494983277592,0.7713231904103274,0.17476398802670964,0.52,0.5009074410163339,0.7679196824655615,0.7913004282172639,0.18100511073253833,0.1330832045905981,0.48211243611584326,0.0,0.5134080936128718,0.5470494417862839,0.781011781011781,0.5060158910329171,0.6608365019011407,0.5284227381905524,0.7938042131350681,0.2118663863583275,0.7549607752653438,0.16018662519440124,0.5383113714006833,0.527007299270073,0.14243635598569324,0.7615768226074566,0.5813051906095197,0.6046966731898239,0.2032447048219919,0.43863487201925183,0.6138769993241721
syn_Ni_0022,0.49744587691559233,0.7065577953559582,0.5168539325842697,0.5214592274678111,0.5073754522682995,0.47699050401753107,0.7249934019530219,0.49523072956947667,0.732365981459089,0.7243642329778507,0.5633044699274514,0.45570819516816674,0.4905614121108115,0.7409819639278558,0.486090775988287,0.5179856115107914,0.4596473801837596,0.7090999502734958,0.5362025316455696,0.547107438016529,0.501454898157129,0.5221366698748797,0.5536159600997507,0.724820588963128,0.7005402624131721,0.495997934417764,0.5978449105253031,0.47525773195876286,0.46821368141165093,0.7323529411764705,0.7370600414078675,0.4966014418125644,0.5116500237755587,0.48483973433439215,0.5076530612244898,0.4551068883610451,0.47703180212014135,0.5175762283938629,0.4741055791843883,0.7242628039317124,0.47718930256948083,0.22613605808012907,0.6700081278786236,0.20632452047693106,0.5150753768844221,0.4937192790824686,0.5723873441994247,0.23898022396950203,0.22269353128313893,0.5948356807511737,0.6438148241841639,0.6705202312138728,0.5387037522959853,0.25656223539373413,0.2131062951496388,0.6832844574780058,0.708066581306018,0.5393852065321806,0.5103775943985996,0.24573665082471344,0.5134080936128718,0.0,0.2253046409126264,0.7081906768501448,0.26000516395559,0.6343392909463815,0.2701612903225806,0.7230944904367684,0.5188050146705788,0.6591267753813782,0.4981103552532124,0.18115535614133482,0.18949133594186696,0.5105425254678986,0.6711062788801305,0.5490148382388713,0.5911136107986502,0.4848950332821301,0.25476603119584057,0.3181469157921679
syn_Ni_0023,0.5097771714415643,0.698525915359011,0.48058784821232725,0.5298160501313928,0.4927835051546392,0.48475193445607645,0.7139352306182531,0.4800768122899664,0.7252810059058868,0.7150101419878296,0.5631578947368421,0.4899090707473941,0.5043518094365552,0.7261042299602711,0.45952109464082097,0.490787269681742,0.4228094575799722,0.6941285681132513,0.5822515931083314,0.5511871330099566,0.503060530491952,0.5061895115912671,0.5955317663486153,0.7190388170055453,0.6847149017728797,0.5024038461538461,0.5904449307075128,0.4931605471562275,0.4923146473779385,0.7325395008014656,0.7268128161888702,0.5114741345779852,0.47918985087914534,0.5050666666666667,0.5335604087357243,0.479208361129642,0.4881492687846697,0.5250183958793231,0.4393090569561158,0.7221285817481339,0.5220677883443062,0.21917124313529707,0.6691804927099044,0.1806996381182147,0.5519100070307007,0.524436566219296,0.6070867907602602,0.20428189116859946,0.1608770633160877,0.6146910050582802,0.6466981132075472,0.6569753237234303,0.5749145924841386,0.3018276762402089,0.17463367763631996,0.6904408122833086,0.7008587786259542,0.5659402381487306,0.5389640690620625,0.2831262939958592,0.5470494417862839,0.2253046409126264,0.0,0.7061704211557297,0.2764423076923077,0.6556756756756756,0.208587665754578,0.7366754617414248,0.5604558969276512,0.6678894595255563,0.5408834586466166,0.17466908902154166,0.1829236739974127,0.5341614906832298,0.6646495209278871,0.5952705775352433,0.6008326827998959,0.5263534462198903,0.27045769764216365,0.23700524558893657
syn_Ni_0024,0.8146611341632088,0.6772793053545586,0.7568348521893754,0.7953754859832208,0.7670157068062827,0.7812644208583295,0.6912350597609562,0.7778860204578666,0.7178647138176912,0.6817713697219362,0.7826666666666666,0.7932119577433131,0.7970274036228518,0.7051433989096942,0.772485549132948,0.7819859189123574,0.7809120827456512,0.6978112497058131,0.8228393583911898,0.7775473165672803,0.7793610664215123,0.7517681953000228,0.8069388718432854,0.697282099343955,0.6645600388915897,0.7873170731707317,0.7997787610619469,0.8008278548819089,0.7974335472043996,0.6865567680520084,0.7140063554143241,0.7965367965367965,0.7771260997067448,0.7831978319783198,0.8089636990468465,0.7836375929682218,0.7910906298003072,0.8110119047619048,0.7447916666666666,0.7082824334229172,0.7678792378124226,0.7024835276229092,0.262378764675855,0.7121175030599756,0.7865462324696934,0.7624067883774749,0.8335985451238918,0.7296564195298373,0.7049262315578895,0.8488968130153778,0.23827751196172248,0.1738160178527151,0.7989103516592373,0.7347480106100795,0.7148427979527175,0.1975867269984917,0.1979670861568248,0.7859257572306991,0.7756743965925225,0.7344900105152471,0.781011781011781,0.7081906768501448,0.7061704211557297,0.0,0.715609756097561,0.832967032967033,0.7237262843743338,0.1994638069705094,0.7746478873239436,0.19533382973442542,0.7745471877979028,0.7015554969680992,0.6946123521681997,0.7544964028776978,0.2078853046594982,0.8271092669432918,0.8408670367433254,0.7503024437454634,0.7224566338490389,0.7285921625544267
syn_Ni_0025,0.5296782963298595,0.7129322595926101,0.5361748633879782,0.5458392101551481,0.5426078028747433,0.4997732426303855,0.7306940371456501,0.523194643711143,0.7295346628679962,0.7383838383838384,0.5856643356643356,0.47624309392265196,0.5344591510725696,0.7518044237485448,0.5096568961599637,0.5423122765196663,0.4748267898383372,0.7211560693641619,0.5598401128615095,0.5713196033562167,0.5134402529929976,0.5398071316438663,0.5557616508230929,0.7325046040515654,0.6983293556085919,0.5225095785440613,0.6021818181818182,0.5089648577575903,0.4837837837837838,0.7408167921514944,0.7389008879289657,0.5114385420705699,0.5382568196939455,0.5082315454062666,0.5310565208707809,0.4801684023930866,0.5097940733299849,0.5113719735876743,0.4948837209302326,0.7423842648117055,0.4700024289531212,0.278468423669816,0.6900350525788683,0.2357606344628695,0.5003502218071445,0.4673392181588903,0.6004469273743017,0.25422222222222224,0.30012269938650304,0.6256848564540872,0.6701127819548872,0.6909223655390606,0.5250364608653378,0.218928757150286,0.2500598229241445,0.7069560927479033,0.7314638783269962,0.5258562793821356,0.4904695490469549,0.2175257731958763,0.5060158910329171,0.26000516395559,0.2764423076923077,0.715609756097561,0.0,0.6609257265877287,0.27291797776379273,0.7472411981082502,0.4990128331688055,0.6901339829476248,0.49391385767790263,0.27371413802016026,0.26719917547023964,0.4792219274977896,0.6961325966850829,0.5763479836882646,0.6123348017621145,0.4839629365645046,0.22339935513588208,0.35771971496437055
syn_Ni_0026,0.5720789074355084,0.8282828282828283,0.6996354799513973,0.6078170108816344,0.6792782305005821,0.5964556962025317,0.829295154185022,0.6544868350349274,0.836420395421436,0.8342857142857143,0.6661807580174927,0.5842558425584256,0.5828658847526772,0.8279009126466753,0.653387465110378,0.6813922356091031,0.6434108527131783,0.8276843467011643,0.3920379646717638,0.6464152029945293,0.598185026468364,0.6724181045261315,0.3444069556189982,0.8274974253347065,0.8214477211796246,0.5726587728740581,0.6976190476190476,0.578297072253559,0.5904522613065326,0.824624012235534,0.8403021311033181,0.6168582375478927,0.7026426278093356,0.5626134301270418,0.6173301077633605,0.609178386380459,0.5582055650198751,0.6378205128205128,0.6666666666666666,0.8139660285791318,0.6412359857806945,0.664795058955643,0.8205998868138087,0.6536071332072413,0.6484436306565524,0.6325249643366619,0.2841843088418431,0.6777227722772278,0.6591977869986169,0.3117231294174994,0.8161222339304531,0.833927103315977,0.6540777230432403,0.650915534554046,0.6671148158107018,0.8208124652198108,0.843649946638207,0.677065136011979,0.6444560124934929,0.6625730994152047,0.6608365019011407,0.6343392909463815,0.6556756756756756,0.832967032967033,0.6609257265877287,0.0,0.6893429301137682,0.8631201434548715,0.6592427616926503,0.8161865569272977,0.640083945435467,0.6409504253446758,0.6463022508038585,0.6505905511811023,0.817717206132879,0.2878098128477491,0.23448072962636068,0.6351026940517471,0.6584234930448223,0.7456
syn_Ni_0027,0.5124875124875125,0.7224184500311656,0.48741773132017036,0.5138638818869283,0.5208379763761979,0.4993001399720056,0.7347853939782191,0.49926670856903416,0.7325819672131147,0.7393979345198858,0.55835107412425,0.47107114933541827,0.5105570078423487,0.7498976668031109,0.4651442307692308,0.5114918512327622,0.4423897581792319,0.7233523189585028,0.5718414533443436,0.5574712643678161,0.5173375846950976,0.5085148514851485,0.5811582381729201,0.7244174265450861,0.7042459736456809,0.5191944619257395,0.5619766869151207,0.508169250104734,0.48002385211687537,0.7434660233212707,0.735603194619588,0.4868672812663072,0.48784313725490197,0.5354601790222631,0.4955341193283315,0.47335423197492166,0.5084189809752897,0.49065033923547907,0.47168268247802086,0.7403361344537815,0.5127442650807137,0.24821157598092347,0.6902944383860414,0.22474747474747475,0.5186704965121051,0.504828797190518,0.6063955783655745,0.18483598507169516,0.22760394342048865,0.6181606519208381,0.6674231483391789,0.6812765957446808,0.5540913921360255,0.3094433175569078,0.21132075471698114,0.7085037674919268,0.719524901021046,0.549624357453539,0.525035765379113,0.31335271751286065,0.5284227381905524,0.2701612903225806,0.208587665754578,0.7237262843743338,0.27291797776379273,0.6893429301137682,0.0,0.7471002956561292,0.5403833728192978,0.6861158432708688,0.5221056960723833,0.2600896860986547,0.2584973166368515,0.5143695014662757,0.6846708943800569,0.5816183816183816,0.6238202247191011,0.5108333333333334,0.26535576728157306,0.23390960216621537
syn_Ni_0028,0.8338278931750742,0.7004153686396677,0.7759809750297265,0.8158066623122142,0.7833238797504254,0.802970297029703,0.7098334228909189,0.8001049317943337,0.7401430030643513,0.7080779944289693,0.7988587731811697,0.8036101083032491,0.8185443668993021,0.7278980891719745,0.7931034482758621,0.7992156862745098,0.8025252525252525,0.7142857142857143,0.8289981972701519,0.7934325007016559,0.8013310327828445,0.7706040596722915,0.8244991123510018,0.7111222949169602,0.6858638743455497,0.8134524435102469,0.8120857699805069,0.8153684762654078,0.8216216216216217,0.6979815599302268,0.7224124308664736,0.8157894736842105,0.798502053636144,0.8032979976442874,0.8227302135001078,0.8015930485155685,0.8111849390919158,0.833530106257379,0.7709923664122137,0.7162411160831798,0.7768881772084334,0.7289156626506024,0.282560706401766,0.7341070957530994,0.7986199846664963,0.7891515994436717,0.8475030450669915,0.7530266343825666,0.7295546558704453,0.8659670880038158,0.26299536798764794,0.2602300080235357,0.8167735042735043,0.7623705408515535,0.7395641900761355,0.18349619978284473,0.2501302761855133,0.7988772272394435,0.7945066124109867,0.7612535612535613,0.7938042131350681,0.7230944904367684,0.7366754617414248,0.1994638069705094,0.7472411981082502,0.8631201434548715,0.7471002956561292,0.0,0.7778381314502988,0.22302543507362785,0.7893388006150692,0.7227779365533009,0.7208772429507263,0.7698603755416467,0.21207087486157253,0.8501483679525222,0.8607050730868444,0.7608752279239386,0.7482376636455186,0.740625
syn_Ni_0029,0.5808857808857809,0.7969741337237677,0.6728824983149854,0.5594131018805538,0.6633085896076352,0.5622958469435371,0.7963709677419355,0.6599310004928536,0.7984827854503015,0.7992700729927007,0.6212938005390836,0.5319245625994092,0.5678722404884923,0.8153919923279789,0.6492868833294365,0.6610169491525424,0.6105563480741797,0.7929064508450369,0.57277791232744,0.6261485954318718,0.5751801069021613,0.6419838523644752,0.5478634518978276,0.795260663507109,0.7875061485489424,0.5498519249753209,0.6287202380952381,0.5476718403547672,0.5634847080630213,0.7952571026062456,0.8021271333168439,0.5375446960667462,0.6752565564424173,0.5700164744645799,0.5429039524882244,0.5283663704716336,0.5557283566614827,0.5615615615615616,0.6441570881226054,0.8061804697156983,0.19859754570498372,0.47357619291944586,0.7746770025839793,0.49566509784493434,0.19163260399134407,0.20229107003384536,0.6125028729027809,0.5329067641681902,0.5388509238167553,0.6350529398513178,0.7473378509196515,0.7726474278544542,0.21654135338345865,0.5083288554540569,0.5053020961775586,0.7659033078880407,0.786973555337904,0.2507483306470182,0.19243657252273816,0.4936102236421725,0.2118663863583275,0.5188050146705788,0.5604558969276512,0.7746478873239436,0.4990128331688055,0.6592427616926503,0.5403833728192978,0.7778381314502988,0.0,0.7493092187892489,0.21311475409836064,0.539652870493992,0.5459142933191377,0.2131818181818182,0.7553136340072576,0.586013986013986,0.6262382864792503,0.20734394124847,0.4442863916548127,0.631424375917768
syn_Ni_0030,0.7794151508174073,0.6868224524211034,0.7322380106571936,0.7739165985282094,0.745359477124183,0.7469463009910118,0.6990798308878389,0.7538311846266116,0.7158259530227186,0.6924659295448702,0.7509433962264151,0.7579703637180063,0.7620041753653445,0.712594696969697,0.7478060046189376,0.7565470417070805,0.7506456914768725,0.6986365773389751,0.7814442850310857,0.7462454686690834,0.756198347107438,0.7256153144940748,0.7802923149457803,0.6952960449333021,0.6678805535324108,0.7534713763702802,0.7715969791858538,0.7631322957198443,0.7615014877546349,0.685064935064935,0.72265625,0.7625319441714173,0.7458314556106355,0.7428958051420839,0.776742301458671,0.755065285907249,0.7519815903860905,0.7862850771232113,0.7148262000472925,0.7101024890190337,0.7394957983193278,0.6603391546443939,0.2689268417027785,0.6547677261613692,0.7630579297245964,0.7447354904982023,0.8010899182561307,0.6884172499435538,0.6688311688311688,0.8174532502226179,0.207168458781362,0.2436849925705795,0.7833292109819441,0.7144370860927153,0.6757546251217137,0.20010042681395931,0.2032874063330916,0.7725204731574158,0.7560860316709997,0.7101601470202152,0.7549607752653438,0.6591267753813782,0.6678894595255563,0.19533382973442542,0.6901339829476248,0.8161865569272977,0.6861158432708688,0.22302543507362785,0.7493092187892489,0.0,0.7543442037610093,0.65086887835703,0.6545931758530183,0.726027397260274,0.22065967783175658,0.8001381533502188,0.8162618796198522,0.7211213146447559,0.6923437134160618,0.679632761536603
syn_Ni_0031,0.5534368070953437,0.7911069939786939,0.6677371012631128,0.5477367068590631,0.6523046092184369,0.5499334221038615,0.7946513849092646,0.6409537166900421,0.7951874650251819,0.7948717948717948,0.601027397260274,0.5061674962129409,0.5404198302813756,0.8036893646094284,0.6353124305092284,0.6467024003728734,0.6064166290103932,0.7842117168061524,0.5507013106461256,0.5964259121370067,0.5706389564448375,0.6346871569703623,0.5354955772283965,0.7986486486486486,0.7881474568362109,0.5369850187265918,0.6118656182987848,0.5335358728674924,0.5414462081128748,0.7901317258316588,0.8057705840957072,0.528740007613247,0.6612377850162866,0.5525634386328327,0.5316480501665687,0.513994358863094,0.5448749386954389,0.5407354001441961,0.6287534121929026,0.801641266119578,0.16733918822691668,0.4691597863040311,0.7687041564792176,0.48508339206013623,0.1495775291162366,0.2070918492982024,0.5952745569897178,0.5243690165361183,0.5272116998321745,0.6115046147241897,0.7532169117647058,0.7697978596908442,0.15486935866983373,0.4916286149162861,0.49473684210526314,0.7677108433734939,0.7904275092936803,0.18869165023011178,0.15006821282401092,0.47183098591549294,0.16018662519440124,0.4981103552532124,0.5408834586466166,0.7745471877979028,0.49391385767790263,0.640083945435467,0.5221056960723833,0.7893388006150692,0.21311475409836064,0.7543442037610093,0.0,0.5298865069356873,0.5267789791299975,0.18051948051948052,0.7567435017165277,0.5689578713968958,0.5969658659924146,0.20371660859465737,0.4312753492564218,0.6107756618671621
syn_Ni_0032,0.5125395665936207,0.7006385696040869,0.49625117150890347,0.5304982817869416,0.5096127054889942,0.479405313185474,0.7130779392338177,0.4895483870967742,0.7297297297297297,0.7092800437996167,0.5699226985242446,0.4817449027975344,0.5106748466257669,0.728184553660983,0.4865657059110894,0.5149176954732511,0.4461844394730301,0.6983573917371827,0.5737455651292448,0.543849972421401,0.49466019417475726,0.5024084778420038,0.5776335496754867,0.7072083230121378,0.6925057944887973,0.4990953734815198,0.5998459464663971,0.47729618163054693,0.47786111783208324,0.7271835132482827,0.7139896373056995,0.5048443619872192,0.5007139457401237,0.48482220294882916,0.5327659574468085,0.46980504041844984,0.4748299319727891,0.5280855199222546,0.4610568494866015,0.7198342827550492,0.5128608923884515,0.23553162853297444,0.6490371575806889,0.20083030617540218,0.545774647887324,0.5073810825587752,0.5940499040307101,0.23491533508228,0.20276008492569003,0.6127819548872181,0.6444669536591542,0.6496580746975276,0.5623850801155765,0.274936422718282,0.19369834710743802,0.6792100346944222,0.6928992566008716,0.5629807692307692,0.5299123904881101,0.27511894766302825,0.5383113714006833,0.18115535614133482,0.17466908902154166,0.7015554969680992,0.27371413802016026,0.6409504253446758,0.2600896860986547,0.7227779365533009,0.539652870493992,0.65086887835703,0.5298865069356873,0.0,0.17627308337996642,0.5219350248992175,0.6571428571428571,0.5812028244460676,0.5974099099099099,0.5207585853408508,0.2892193308550186,0.29387650525236997
syn_Ni_0033,0.5100752609856761,0.6949325184619303,0.5116822429906542,0.5355612682090831,0.506248264371008,0.4809234507897934,0.71240452989202,0.4818626189863648,0.7243460764587525,0.7173260572987722,0.5720626021957487,0.4803782505910166,0.5130902862735502,0.732,0.4749147588894301,0.49641025641025643,0.43841387856257746,0.6942928039702233,0.5613946437594745,0.5470038482682793,0.5121006776379478,0.5062439961575408,0.5744151319064211,0.7135095085206223,0.6852374839537869,0.4887915485699562,0.603073967339097,0.4799382716049383,0.4919179734620024,0.7196673189823874,0.7174586776859504,0.5216944273082459,0.5121025154247746,0.4860270815326995,0.5297113752122241,0.4746325272641062,0.4749118524545701,0.5353887919332946,0.47166042446941325,0.7150232318017553,0.5070643642072213,0.21277166621947946,0.6593673965936739,0.1883083290222452,0.5386158475426279,0.5122615803814714,0.583732057416268,0.24233055885850177,0.2,0.6002811621368322,0.6430194395354708,0.6628211851074987,0.5674260277559571,0.27682343001971277,0.203913491246138,0.6786379356211758,0.6948632762586251,0.5570469798657718,0.5348140753681058,0.2513249651324965,0.527007299270073,0.18949133594186696,0.1829236739974127,0.6946123521681997,0.26719917547023964,0.6463022508038585,0.2584973166368515,0.7208772429507263,0.5459142933191377,0.6545931758530183,0.5267789791299975,0.17627308337996642,0.0,0.5223457082052495,0.6512069433143477,0.5751395969895605,0.5925925925925926,0.5089422585590189,0.26711144057326414,0.28735632183908044
syn_Ni_0034,0.5514489710205795,0.775054704595186,0.6550883607556368,0.5311617397853512,0.6559849198868991,0.5304749894913829,0.7887387387387388,0.6370860927152318,0.7819347942276857,0.7790157845868152,0.5808285946385053,0.5058485532526165,0.5289640591966174,0.7975446909325867,0.6243419667298379,0.6478098173013427,0.5972637879435656,0.7744489621228333,0.5587915670506411,0.5949544498948843,0.5530890052356021,0.6297066777615977,0.5541729242651792,0.7728047740835464,0.7791978845306302,0.5327144120247569,0.5896032831737346,0.5272566762304127,0.5350877192982456,0.7746776580004228,0.7842746400885936,0.5139847439157283,0.6532839201152975,0.5401069518716578,0.5081232492997199,0.5046286772269081,0.5297921478060046,0.5317241379310345,0.6092943201376936,0.7918972769537304,0.18656215005599106,0.45537757437070936,0.7512666973744818,0.4823685961410512,0.17641977974519543,0.23023417574773938,0.6014928467758657,0.5061881188118812,0.5166176803074836,0.624109142740786,0.7211120764552563,0.7446713035674221,0.19184222321828776,0.5164520743919886,0.4928208526618069,0.7383007723761926,0.7651448639157156,0.20539979231568017,0.16559139784946236,0.48438978240302744,0.14243635598569324,0.5105425254678986,0.5341614906832298,0.7544964028776978,0.4792219274977896,0.6505905511811023,0.5143695014662757,0.7698603755416467,0.2131818181818182,0.726027397260274,0.18051948051948052,0.5219350248992175,0.5223457082052495,0.0,0.7362586605080832,0.5812683746325074,0.6096981221773236,0.20035110818520957,0.4400852878464819,0.5884159719175077
syn_Ni_0035,0.7853080568720379,0.6966236345580934,0.7311116183519745,0.7722793038372825,0.7423014586709886,0.7466793168880456,0.7065161621344279,0.7522567703109327,0.7302307237231316,0.7089750398300584,0.7562756732085806,0.7557146155622259,0.76981852913085,0.7259205071933674,0.740432612312812,0.7515621094726318,0.7504835589941973,0.7027354151537158,0.7831978319783198,0.7432468574485156,0.7467517127332861,0.7233294255568582,0.7868414663753338,0.7161445783132531,0.6791791791791791,0.7614264188849824,0.7738409347908028,0.7593381799949862,0.7696655675930287,0.7030317498209596,0.7316889000755097,0.7707493956486704,0.752954808806489,0.7435610302351624,0.7768543527945149,0.7522574670062514,0.7560718057022175,0.7858501331304678,0.7165124208475402,0.7187421383647798,0.7466224827937803,0.6619644723092999,0.23210526315789473,0.6612049407612806,0.7662020053802886,0.7523203394325113,0.8037841625788367,0.6957733395262424,0.66348879154857,0.82055390249485,0.24421467257508617,0.1933588761174968,0.786734693877551,0.7256297918948521,0.6717691342534504,0.20362694300518136,0.1933233682112606,0.7800140416569156,0.7619279454722493,0.7156809549647314,0.7615768226074566,0.6711062788801305,0.6646495209278871,0.2078853046594982,0.6961325966850829,0.817717206132879,0.6846708943800569,0.21207087486157253,0.7553136340072576,0.22065967783175658,0.7567435017165277,0.6571428571428571,0.6512069433143477,0.7362586605080832,0.0,0.79478672985782,0.8177353342428376,0.7344956413449564,0.6943105110896818,0.6827689243027888
syn_Ni_0036,0.4995700773860705,0.8188340807174888,0.6638271348431332,0.5112478369544319,0.6540880503144654,0.49483648881239245,0.8217090069284064,0.6343891402714932,0.8197346901689987,0.8232491662696522,0.5745741587037806,0.4654629435229897,0.49523809523809526,0.8243988528568277,0.6266436732054322,0.6521542973155876,0.5884413309982487,0.807144422529038,0.3262079714985527,0.5492687604890913,0.5245444801714898,0.6261443474558228,0.2801582069874753,0.8105630728939328,0.8211382113821138,0.4907113729043951,0.5876612059951203,0.47477946166025786,0.47669944420692606,0.8052369616966024,0.8270147559591373,0.5014825796886583,0.6532546871708448,0.5074925074925075,0.5111534795042898,0.49021258682382657,0.4886255924170616,0.5265377855887522,0.623622741295725,0.8107556160653506,0.56601607347876,0.564319248826291,0.7953686200378072,0.5576267333484883,0.5761999557619996,0.5550797049726386,0.20517716953108422,0.5685943436048966,0.5882216554602365,0.22307852530722766,0.789942145082332,0.8141246836899011,0.5960477941176471,0.5979431929480901,0.5852388498981209,0.8164026095060578,0.8169140800719749,0.5957492029755579,0.56784140969163,0.5988343856240894,0.5813051906095197,0.5490148382388713,0.5952705775352433,0.8271092669432918,0.5763479836882646,0.2878098128477491,0.5816183816183816,0.8501483679525222,0.586013986013986,0.8001381533502188,0.5689578713968958,0.5812028244460676,0.5751395969895605,0.5812683746325074,0.79478672985782,0.0,0.22821576763485477,0.5516078255003373,0.5807860262008734,0.6722122302158273
syn_Ni_0037,0.5230656577983891,0.8427656850192061,0.6777829967120714,0.5604821351700388,0.6529756915339481,0.5357928170046421,0.8373509933774834,0.6263906856403623,0.8395311236863379,0.8391435629975295,0.620098614698286,0.5299429657794676,0.5306273062730628,0.8340874811463047,0.6312438785504407,0.6554925219185147,0.5913281834039372,0.8268463073852296,0.3434959349593496,0.588495575221239,0.5576642335766423,0.6301303718010622,0.2952952952952953,0.8336230444499627,0.831138652207591,0.5143819642394403,0.6503955238278989,0.5142265907915158,0.518796992481203,0.8204623708804722,0.8446753246753247,0.5678578806031812,0.6560114503816794,0.5100028993911279,0.567590618336887,0.5424213536701621,0.5257844474761255,0.5832521908471275,0.6274165202108963,0.8260643821391485,0.5873684210526315,0.607557354925776,0.8177862387816155,0.5926118626430801,0.6021180030257186,0.5701754385964912,0.24963924963924963,0.6189337795840306,0.6072378924960086,0.2717852096090438,0.8095963442498096,0.8275316455696202,0.6028443508032657,0.6208557665060924,0.625064733298809,0.8265988761038267,0.83757388846055,0.6298795180722891,0.6025094102885822,0.6065113668257087,0.6046966731898239,0.5911136107986502,0.6008326827998959,0.8408670367433254,0.6123348017621145,0.23448072962636068,0.6238202247191011,0.8607050730868444,0.6262382864792503,0.8162618796198522,0.5969658659924146,0.5974099099099099,0.5925925925925926,0.6096981221773236,0.8177353342428376,0.22821576763485477,0.0,0.5883864337101747,0.613416149068323,0.6994605702543026
syn_Ni_0038,0.539464807735552,0.7762632197414806,0.6536458333333334,0.5152121697357886,0.6401119877831509,0.5331982894440693,0.7852121212121213,0.6241992882562277,0.7852019630049075,0.773603806661658,0.585159470600998,0.5072400175515577,0.5243488108720272,0.7929759704251387,0.6238159675236806,0.6400189214758751,0.5869814347925739,0.7737494263423589,0.5338310779281381,0.5844679778113969,0.5511210762331838,0.6113089937666963,0.5315232397606995,0.772446881425634,0.7721998579209093,0.5196008553100498,0.5908187240195193,0.5241935483870968,0.5260451598479767,0.7767210144927537,0.7866666666666666,0.5045270660759006,0.6446499339498019,0.5325085548828639,0.5107142857142857,0.5046194456665201,0.5198007471980075,0.517228805834093,0.5993537964458805,0.7791527843883865,0.18313253012048192,0.4387176325524044,0.7526694810032282,0.4673342870767763,0.1969416126042632,0.21460730365182593,0.5816326530612245,0.5159938230752261,0.51460564751704,0.5966057441253264,0.7281417579855444,0.7513278609367455,0.22449963829274175,0.49729311678267596,0.4876543209876543,0.7377049180327869,0.7618486206083471,0.22844444444444445,0.1958477508650519,0.4725274725274725,0.2032447048219919,0.4848950332821301,0.5263534462198903,0.7503024437454634,0.4839629365645046,0.6351026940517471,0.5108333333333334,0.7608752279239386,0.20734394124847,0.7211213146447559,0.20371660859465737,0.5207585853408508,0.5089422585590189,0.20035110818520957,0.7344956413449564,0.5516078255003373,0.5883864337101747,0.0,0.43405714285714286,0.5884987037473486
syn_Ni_0039,0.522707423580786,0.723792160437557,0.5646488082682978,0.5414310781828816,0.5603151157065485,0.5148601398601399,0.7289807421324566,0.5524379024839007,0.7304363837230713,0.7382452738730004,0.574441164065795,0.4764442549562993,0.5272647317502199,0.7489352163192109,0.5296693671994744,0.5588167851410227,0.5075622775800712,0.7221108884435538,0.5573659198913782,0.5750182971456452,0.5345090354887873,0.5558918918918919,0.5686537173476223,0.7365853658536585,0.7107438016528925,0.5122063565177337,0.5986586657253794,0.5166704989652794,0.4963091619626574,0.7379643877775335,0.7447495961227787,0.5184072126220887,0.5691978609625669,0.5178026449643948,0.5248405180746182,0.4815131438341526,0.5081967213114754,0.5307938768244927,0.5297805642633229,0.7499423298731257,0.40929255194956804,0.25262655205348616,0.7014423076923076,0.22717818349896002,0.43627781523937964,0.4117647058823529,0.6082740788623141,0.2734676382340334,0.2751709502475831,0.6193698456333263,0.6743554952510177,0.7047953216374269,0.461214953271028,0.22033898305084745,0.2345224395857307,0.7161137440758294,0.7347965249199817,0.4660047485430607,0.4350940017905103,0.19525457241720218,0.43863487201925183,0.25476603119584057,0.27045769764216365,0.7224566338490389,0.22339935513588208,0.6584234930448223,0.26535576728157306,0.7482376636455186,0.4442863916548127,0.6923437134160618,0.4312753492564218,0.2892193308550186,0.26711144057326414,0.4400852878464819,0.6943105110896818,0.5807860262008734,0.613416149068323,0.43405714285714286,0.0,0.35511882998171845
syn_Ni_0040,0.5404676258992805,0.7152255639097744,0.5018442178346713,0.5581348809285571,0.5165394402035624,0.536903690369037,0.7285506543868153,0.5203984819734345,0.7244763162860918,0.7260891337005508,0.5227765726681128,0.5297214301381882,0.5498188405797102,0.7371217371217371,0.5025930101465614,0.518562307874202,0.47296058661778184,0.7072723101628814,0.6575693958479123,0.5170153768590875,0.5579466487334679,0.5330514133095927,0.6756383712905452,0.7277295568752855,0.703125,0.542042755344418,0.5395735453559812,0.5413801280531183,0.5337505587840858,0.7305863708399366,0.72815996191383,0.5365947611710323,0.49900946511116,0.5631578947368421,0.5604046816107915,0.524961513085551,0.5293824701195219,0.5486693401385344,0.47069681587448087,0.733999524149417,0.593832811370754,0.3259368836291913,0.692154915590864,0.2805721096543504,0.6126940004632847,0.6039009752438109,0.6691062319804835,0.23908248786943095,0.25577999513263566,0.6745703719817272,0.6638694638694639,0.6818730388607289,0.6475409836065574,0.3938144329896907,0.27605032043674343,0.7064579256360078,0.7128712871287128,0.6391912908242613,0.6162361623616236,0.38068472151251914,0.6138769993241721,0.3181469157921679,0.23700524558893657,0.7285921625544267,0.35771971496437055,0.7456,0.23390960216621537,0.740625,0.631424375917768,0.679632761536603,0.6107756618671621,0.29387650525236997,0.28735632183908044,0.5884159719175077,0.6827689243027888,0.6722122302158273,0.6994605702543026,0.5884987037473486,0.35511882998171845,0.0
