,syn_Cd_0001,syn_Cd_0002,syn_Cd_0003,syn_Cd_0004,syn_Cd_0005,syn_Cd_0006,syn_Cd_0007,syn_Cd_0008,syn_Cd_0009,syn_Cd_0010,syn_Cd_0011,syn_Cd_0012,syn_Cd_0013,syn_Cd_0014,syn_Cd_0015,syn_Cd_0016,syn_Cd_0017,syn_Cd_0018,syn_Cd_0019,syn_Cd_0020,syn_Cd_0021,syn_Cd_0022,syn_Cd_0023,syn_Cd_0024,syn_Cd_0025,syn_Cd_0026,syn_Cd_0027,syn_Cd_0028,syn_Cd_0029,syn_Cd_0030,syn_Cd_0031,syn_Cd_0032,syn_Cd_0033,syn_Cd_0034,syn_Cd_0035,syn_Cd_0036,syn_Cd_0037,syn_Cd_0038,syn_Cd_0039,syn_Cd_0040,syn_Ni_0001,syn_Ni_0002,syn_Ni_0003,syn_Ni_0004,syn_Ni_0005,syn_Ni_0006,syn_Ni_0007,syn_Ni_0008,syn_Ni_0009,syn_Ni_0010,syn_Ni_0011,syn_Ni_0012,syn_Ni_0013,syn_Ni_0014,syn_Ni_0015,syn_Ni_0016,syn_Ni_0017,syn_Ni_0018,syn_Ni_0019,syn_Ni_0020,syn_Ni_0021,syn_Ni_0022,syn_Ni_0023,syn_Ni_0024,syn_Ni_0025,syn_Ni_0026,syn_Ni_0027,syn_Ni_0028,syn_Ni_0029,syn_Ni_0030,syn_Ni_0031,syn_Ni_0032,syn_Ni_0033,syn_Ni_0034,syn_Ni_0035,syn_Ni_0036,syn_Ni_0037,syn_Ni_0038,syn_Ni_0039,syn_Ni_0040
syn_Cd_0001,0.0,0.7786616752456715,0.490086307441101,0.4977385311221193,0.47421040672574416,0.8029215152265412,0.5015090543259557,0.46902278049819035,0.7843951985226223,0.23619126133553173,0.22676428716697172,0.7456221198156682,0.24323162870648904,0.22653649877967605,0.23725055432372505,0.7433977138352384,0.2164904862579281,0.25718225695242475,0.7799598303950012,0.7568081063964535,0.7894508356848274,0.48580441640378547,0.4691650853889943,0.5298109549200194,0.7570218457423094,0.4734054292650629,0.23690420009438415,0.7993429365681072,0.49168207024029575,0.4693531283138918,0.23947874385814996,0.4740784545633747,0.7511244377811095,0.27783063748810655,0.4984997856836691,0.7643568552659462,0.503358710255262,0.22614991482112437,0.513389441469013,0.2504655493482309,0.5658329400660689,0.6161430864480624,0.7888549259346344,0.8090586145648313,0.552999548940009,0.5511719656532839,0.8265060240963855,0.5865298840321141,0.8204827747832201,0.6594384843643004,0.6150081566068516,0.6299603174603174,0.5668558456299659,0.5820303897819864,0.5744982290436836,0.6319460067491564,0.6257965842467499,0.6345222369000441,0.5949057065882929,0.5855367231638418,0.8448275862068966,0.6176024279210925,0.5719506624029237,0.5951031512128769,0.5857843137254902,0.6229322456378881,0.5560439560439561,0.6462061155152888,0.8284038132485945,0.6335078534031413,0.539067934152562,0.808854532677442,0.5315074593631708,0.7990954534634611,0.8370565045992115,0.5137355584082156,0.6222116753678215,0.6549536359199609,0.5840833728090952,0.8376565295169947
syn_Cd_0002,0.7786616752456715,0.0,0.72013302634945,0.7570926143024619,0.6753666418095948,0.21442228899207866,0.6709282934963868,0.7022458902523733,0.20536165907941326,0.7545820295037997,0.7845340383344349,0.2912670368500757,0.7436856875584659,0.7616856381690482,0.7927121972507092,0.3317717206132879,0.7674632352941176,0.7452806443493581,0.15330246161345357,0.3402156457903189,0.1790021281626862,0.6694581280788178,0.6779572694111516,0.8244397011739595,0.32327166504381694,0.72598121839634,0.7683937823834197,0.25789326627549597,0.8025316455696202,0.6947198524325571,0.7541250290495003,0.804898828541001,0.1917967839664414,0.7464715107161526,0.8194962686567164,0.17806956922368117,0.6839530332681018,0.7522000926354794,0.8329896907216495,0.7442572741194488,0.7341968911917098,0.7961335676625659,0.6531612903225806,0.7367910809500727,0.8481262327416174,0.7308572882218265,0.7456061960083408,0.7384315635655139,0.7361789663152482,0.8291281538845866,0.8027089189879888,0.8199233716475096,0.778495157685622,0.735767475378333,0.8319937775473165,0.8042783378411605,0.8256699576868829,0.8078770413064361,0.7630229419703104,0.7514208055349642,0.755024443237371,0.8126398210290827,0.837,0.7604760724026779,0.8417071853052404,0.8002478314745973,0.75215723873442,0.8087688877879614,0.7118233234581202,0.8216687422166874,0.8383735705209657,0.7260344384476998,0.8414782397276926,0.7870782108291917,0.7496352494893492,0.8106340631219789,0.7565172054223149,0.817741935483871,0.7486992715920916,0.6917440156326331
syn_Cd_0003,0.490086307441101,0.72013302634945,0.0,0.28517999064983635,0.31367690782953417,0.7724550898203593,0.3591802824702299,0.32456140350877194,0.7343080413410638,0.4923111210162692,0.5013181019332161,0.6986163522012578,0.4707391000233155,0.4780299372283921,0.48520452567449956,0.6899554045444892,0.4762886597938144,0.4500752634219769,0.7162293488824101,0.687099725526075,0.7463460631777463,0.30174318684016693,0.3258893793819787,0.6293538952406275,0.6952196068915312,0.26884301488238116,0.4872192099147947,0.7255011135857461,0.6068634872571285,0.28229885057471266,0.49351251158480075,0.6185216652506372,0.6812267657992565,0.4686116176087523,0.6419437340153452,0.7096922370234268,0.33821019263594243,0.46109443546525053,0.6508328192473781,0.47494276265581276,0.5765556416214821,0.6536536536536537,0.7402263374485597,0.7569461222517516,0.6426640452199558,0.5593306288032455,0.7590504451038576,0.5926195678562758,0.7493593029215787,0.6967131474103586,0.6500254712175242,0.6656667575674938,0.5861386138613861,0.560823754789272,0.6490956072351421,0.6799019607843138,0.6728499156829679,0.6605219056739287,0.5976331360946746,0.5926108374384237,0.7899864682002706,0.6723321259403734,0.6531273361574882,0.59268413247652,0.6565275908479139,0.6709486166007905,0.5651135005973715,0.6879012345679012,0.7632850241545893,0.6732869910625621,0.6362715298885512,0.7546106557377049,0.6437227338826951,0.7372262773722628,0.7813953488372093,0.6011331444759207,0.619121849831125,0.6871149209750871,0.6219859994814623,0.7740443145848551
syn_Cd_0004,0.4977385311221193,0.7570926143024619,0.28517999064983635,0.0,0.26821493624772313,0.8074441687344913,0.3314847491807411,0.2593856655290102,0.7779319916724496,0.49163741482552137,0.5004074979625102,0.7460170861232972,0.4841765339074273,0.4797687861271676,0.5129240710823909,0.7188548864758144,0.48909129421732683,0.47489636112390604,0.7504472271914132,0.7322335025380711,0.7764245324053937,0.27387672160758636,0.3192298550035655,0.6478017974253097,0.7333035514853696,0.23529411764705882,0.51761645779144,0.770516717325228,0.6276915952766844,0.25371865703357416,0.5136986301369864,0.636650868878357,0.7227467811158799,0.5113230035756854,0.6499892634743397,0.7430997876857749,0.2717074265200808,0.4819714102837636,0.6512741904579421,0.5078143223699557,0.5630172617640105,0.6507352941176471,0.7700282752120641,0.7779755283648498,0.6488135593220339,0.5451162790697675,0.7799248523886205,0.5879329608938547,0.765147956787224,0.6999085086916743,0.6637085474077534,0.6843151876708924,0.5741583257506825,0.5736981465136805,0.6587789872219593,0.6825969341749324,0.6775677056719469,0.6796823295830576,0.5930289641629848,0.5942028985507246,0.808442359911133,0.6613434727503169,0.6557564660105287,0.6097228532485234,0.6669123065585851,0.6657584014532243,0.5564853556485355,0.6935996368588289,0.7893189612934836,0.6747262773722628,0.6477695167286245,0.7746478873239436,0.644355198572066,0.7614503816793893,0.804004214963119,0.6263510036026763,0.6180737217598098,0.7021276595744681,0.6121528601946357,0.7952050190454851
syn_Cd_0005,0.47421040672574416,0.6753666418095948,0.31367690782953417,0.26821493624772313,0.0,0.7412882787750792,0.2338255033557047,0.20557804768331084,0.6971330556236217,0.4796783307976527,0.4972138876982426,0.6556615309366594,0.4558255734726323,0.4600563909774436,0.5146496815286624,0.6533278042712005,0.4686313909354767,0.4497560975609756,0.6813238770685579,0.6344181899242086,0.7089072543617998,0.21948889419632195,0.19041614123581338,0.6547096774193548,0.645336481700118,0.2514018691588785,0.48332079257587157,0.7366432811656772,0.6438557763061075,0.19086021505376344,0.4821670428893905,0.6420572376607216,0.6328655500226347,0.4753351884644574,0.6711211778029446,0.6638316920322291,0.18434163701067616,0.4470191226096738,0.6805304400241109,0.47095179233621753,0.5696012039127163,0.6851581508515815,0.7656171914042978,0.7846226193275335,0.6830026296916089,0.559388861508132,0.7910447761194029,0.6059532246633593,0.7853585657370518,0.7273607748184019,0.7024752475247524,0.7021951864586088,0.5936446798266731,0.5766899766899767,0.6872489959839357,0.7153075822603719,0.7091503267973857,0.7068282451642973,0.6080375782881002,0.6046957355055103,0.8230506694670517,0.7007831487982716,0.6801550763266295,0.6206730769230769,0.7007051449464612,0.7039884670831331,0.5761805070946732,0.7146974063400576,0.790625,0.7049734427812651,0.6804529788281635,0.7819810851169736,0.6787735849056604,0.7726582278481012,0.8142937535171637,0.6536772777167947,0.6326015644713601,0.7208214192877567,0.6202467892218585,0.802890310352997
syn_Cd_0006,0.8029215152265412,0.21442228899207866,0.7724550898203593,0.8074441687344913,0.7412882787750792,0.0,0.7395182872435325,0.7585700293829579,0.25571390158644797,0.7905166312809625,0.8066914498141264,0.37053930775422594,0.7802524127691166,0.8017462763225475,0.8178472861085556,0.4382425465142345,0.8013116346854505,0.7838416265382557,0.2295760082730093,0.4335596508244423,0.24036054081121683,0.7401307189542483,0.7452123230641132,0.8235126672359806,0.39478440485411825,0.7723328228688107,0.8013793103448276,0.26495215311004783,0.8223418573351279,0.7586543149683082,0.7915437561455261,0.8300448430493274,0.3141025641025641,0.7866889445836814,0.8366641993584999,0.24013638577691185,0.7534388787957436,0.7849620377173647,0.8509209100758397,0.7871300570187347,0.7837241379310345,0.8159018143009605,0.6945054945054945,0.7774351066563865,0.8670505103376079,0.7775974025974026,0.769378603459321,0.7959183673469388,0.7772304324028462,0.8466029723991507,0.8129418162044589,0.8338695525007312,0.8227848101265823,0.7866598778004074,0.8470458310325787,0.8262004175365344,0.8356495468277946,0.8467803512344108,0.801729106628242,0.8011542497376705,0.7917029300841312,0.8263992816521999,0.8539176626826029,0.8104265402843602,0.857513700605711,0.8231578947368421,0.8044196088392177,0.8332456601788533,0.7538815411155837,0.8428571428571429,0.8535135135135136,0.7576586433260394,0.8607529654461062,0.8361204013377926,0.7713032581453634,0.829981718464351,0.7961677311857818,0.830703012912482,0.7916320310335273,0.7227260948432236
syn_Cd_0007,0.5015090543259557,0.6709282934963868,0.3591802824702299,0.3314847491807411,0.2338255033557047,0.7395182872435325,0.0,0.27033076349166874,0.6914660831509847,0.5062260536398467,0.5137939165291205,0.6577510917030568,0.4796380090497738,0.4795092665100496,0.552392065344224,0.6589358799454298,0.49876665022200295,0.4748299319727891,0.664126149802891,0.6321103176557498,0.696260493513101,0.23285486443381181,0.21977401129943502,0.6597101449275362,0.6456692913385826,0.3167315175097276,0.4991577765300393,0.7415422127400183,0.6412924424972618,0.2750680861599406,0.5126092384519351,0.6634068683193086,0.6448785374405209,0.5056689342403629,0.681203007518797,0.6636161266386347,0.2675461741424802,0.48656716417910445,0.695518453427065,0.49281767955801103,0.5614823133071308,0.6852103120759837,0.7819401733296059,0.7847439916405433,0.6934539648749335,0.5513349848609964,0.7862046420398823,0.5961134453781513,0.7833472570314676,0.7236167341430499,0.7006915629322268,0.6942789034564958,0.5961383748994369,0.5803363518758086,0.6982298398426524,0.7134518439904484,0.7061903295349553,0.7066735644076565,0.5931904901673026,0.6116297679381169,0.8156028368794326,0.6943258084197681,0.6920583468395461,0.6214190093708166,0.6985898942420682,0.7072518062617072,0.5756324212700051,0.7186413479539984,0.7909224011713031,0.7040624159268227,0.6920538905691505,0.7856944057890343,0.691218872870249,0.7809929078014184,0.8024928092042186,0.6651133892513202,0.6252119841718485,0.7206312098188195,0.6057529610829103,0.7992623814541623
syn_Cd_0008,0.46902278049819035,0.7022458902523733,0.32456140350877194,0.2593856655290102,0.20557804768331084,0.7585700293829579,0.27033076349166874,0.0,0.7203564084989719,0.47804778435777007,0.4917372027408303,0.6766248574686431,0.459885081932326,0.46397188049209137,0.5005992808629645,0.6772807188904083,0.4680628272251309,0.4640582347588717,0.6999558108705258,0.6603931409452112,0.7244196044711951,0.22730314521525763,0.2236564186810608,0.6418125149844162,0.6746854998896491,0.24737762237762237,0.47279943964510857,0.760119940029985,0.6290875828950377,0.1949579831932773,0.4786288616165891,0.6221180148495506,0.65634280865507,0.48034831725111793,0.6510295054128635,0.690176322418136,0.1984039015739304,0.45792026998523516,0.6624312535558505,0.4674038240036858,0.5549848237216904,0.6581933726736269,0.7719869706840391,0.7986370630907892,0.6606385353873633,0.5360587965089573,0.8058201058201058,0.587105321262972,0.7949907235621522,0.7058291911432445,0.6637453874538746,0.6791758646063282,0.5653932584269663,0.5643262102049716,0.652803738317757,0.6837416481069042,0.6794354838709677,0.6760409853935033,0.5910852713178295,0.5914988814317673,0.8377588306942753,0.6774193548387096,0.6586027583088402,0.6090664272890485,0.6683636363636364,0.6760879318079857,0.5638737758433079,0.7004484304932735,0.8060928433268859,0.6840919333032898,0.6544286369894446,0.7974038015762633,0.6494708994708994,0.7870937352802638,0.8218181818181818,0.6355329949238578,0.6233857713078187,0.6963552980931692,0.5992500585891727,0.8149214080141687
syn_Cd_0009,0.7843951985226223,0.20536165907941326,0.7343080413410638,0.7779319916724496,0.6971330556236217,0.25571390158644797,0.6914660831509847,0.7203564084989719,0.0,0.7691968225948809,0.7889928214052643,0.37910447761194027,0.7563451776649747,0.7745402436111775,0.80176686059039,0.2772402187631468,0.7727891156462585,0.7588687670553212,0.19057918769526555,0.4086484038940457,0.17704688593421974,0.7037396794560467,0.7002053388090349,0.8260641093011035,0.399903984637542,0.7345048682023272,0.7728432873915263,0.22518559252130876,0.8018962075848304,0.7155858930602957,0.7734464572345793,0.8089627603618768,0.21453207633938837,0.7600411946446962,0.8283479061205706,0.25983177994998863,0.7105643994211288,0.7637111517367459,0.8345558272208639,0.755533199195171,0.7616130678917815,0.8020292006928978,0.6831934909738113,0.748565965583174,0.8570734078755469,0.7573326648282778,0.7546120058565153,0.7636887608069164,0.7582974410945021,0.834523516375277,0.8106270460841098,0.8259698275862069,0.788984088127295,0.7564558161573087,0.8365261813537676,0.8143030303030303,0.8312517346655565,0.8261487446707722,0.7815572681371247,0.7734470158343484,0.7695187165775401,0.8183819482663731,0.8437654016757024,0.7765827426057199,0.8468085106382979,0.8118739311018812,0.7706855791962175,0.8202686202686202,0.7305754441792628,0.8325558556346673,0.8477335336839469,0.728538870600152,0.8436825701270678,0.8149961350167483,0.7595408895265423,0.8153846153846154,0.7740112994350282,0.8284806776071996,0.7713992824192721,0.7124277456647399
syn_Cd_0010,0.23619126133553173,0.7545820295037997,0.4923111210162692,0.49163741482552137,0.4796783307976527,0.7905166312809625,0.5062260536398467,0.47804778435777007,0.7691968225948809,0.0,0.2241547781903459,0.7427312775330397,0.21013597033374537,0.22115997450605482,0.19821739972873473,0.7284793325748957,0.2206896551724138,0.23928806855636123,0.7534714804528947,0.7257443791776382,0.7724152277928021,0.47391116860715826,0.4732789855072464,0.5187239944521498,0.7323943661971831,0.4719932361023039,0.27129337539432175,0.7892711089728169,0.4818904593639576,0.4636826042726348,0.20508092603974595,0.45116631898350085,0.7182172930786609,0.2670299727520436,0.49609535552815454,0.7475096564342346,0.5053579082726104,0.21691176470588236,0.5110537951363301,0.2584519572953737,0.5425867507886435,0.5952641964481473,0.7664495845497418,0.7950680272108843,0.5438066465256798,0.5426923929917942,0.8180432020330368,0.5678906917164817,0.8079247817327065,0.6389434621261734,0.5836116677800045,0.6110586011342155,0.5413680781758957,0.5676017717781059,0.5670800450958287,0.6258342303552207,0.6080523890371089,0.611978068325601,0.5816016810646742,0.571027027027027,0.8370892018779342,0.6076071256620125,0.5578855395369157,0.5792669702884407,0.5887850467289719,0.5915889876436159,0.5469473684210526,0.6325027085590466,0.8191563738056397,0.6020030481166994,0.5435408818967428,0.7981651376146789,0.5327222340652313,0.7886843899113838,0.8382022471910112,0.5330891330891331,0.6121431807884006,0.6407631456491392,0.5829941203075532,0.827054794520548
syn_Cd_0011,0.22676428716697172,0.7845340383344349,0.5013181019332161,0.5004074979625102,0.4972138876982426,0.8066914498141264,0.5137939165291205,0.4917372027408303,0.7889928214052643,0.2241547781903459,0.0,0.7602605863192182,0.23683675543809718,0.24979044425817268,0.22388059701492538,0.7606293313354561,0.2176176176176176,0.26299826689774697,0.7715971344289928,0.7740903638544582,0.7939244663382594,0.5049968105464597,0.49475563490292346,0.5376907310407651,0.775205219953694,0.4945788156797331,0.2809238285587386,0.8109900521080057,0.5109949923797082,0.4783132530120482,0.2381722604124545,0.48332708879730235,0.7576003242805026,0.2978294920563885,0.5124721151896167,0.7825040128410915,0.5075036990065526,0.23120338641402943,0.5040961223375204,0.29532997149747864,0.5820564068398845,0.6039775183744055,0.7941567065073041,0.8028936884042777,0.5645882102575016,0.5710537822474858,0.833,0.5940197936407665,0.8217122683142101,0.6594920361601377,0.5943810359964882,0.6397486618571097,0.5798715203426125,0.5913441531419059,0.592,0.6314225053078556,0.6246418338108882,0.6342833368004993,0.6145354185832567,0.5863539445628998,0.8478612716763005,0.6112822943825551,0.5739823390049537,0.5996578272027374,0.6,0.6241983753740915,0.5725856697819315,0.6448717948717949,0.8333333333333334,0.635465865178188,0.5526430755788554,0.8059108954565505,0.5340622371740958,0.7984773846842812,0.8402948402948403,0.5408653846153846,0.6258093324402768,0.6493238597295439,0.6041898818809895,0.8382942790795862
syn_Cd_0012,0.7456221198156682,0.2912670368500757,0.6986163522012578,0.7460170861232972,0.6556615309366594,0.37053930775422594,0.6577510917030568,0.6766248574686431,0.37910447761194027,0.7427312775330397,0.7602605863192182,0.0,0.7319207738369415,0.7592371871275327,0.7827489782748979,0.40781184376312474,0.7532820280669986,0.7385491458281753,0.2928759894459103,0.17875706214689266,0.31827706635622816,0.6466311197285507,0.6495901639344263,0.8017829050865234,0.16339242932438908,0.6961365252429486,0.7544574630667346,0.4589849108367627,0.7868525896414342,0.6643197819668408,0.7445639734493019,0.7908002520478891,0.2829928850126234,0.7353545734840699,0.8015617822691777,0.2425686407987293,0.6639383726528647,0.7408759124087592,0.8140764849471115,0.7304216867469879,0.7320427916454406,0.7955050629785132,0.7939609236234458,0.7891221374045801,0.8330907326540514,0.7343007255441582,0.78965819456617,0.725790987535954,0.7901390644753477,0.8289506021135414,0.821060567981905,0.8188172043010753,0.7654532128023455,0.7261764010404351,0.8149375477950548,0.8117590128236148,0.8310717252838549,0.8132387706855791,0.7708830548926014,0.7359591539022611,0.8217716115261473,0.8110928061504667,0.8278406296114117,0.7428641131983411,0.8232484076433121,0.806388685686418,0.7428032090608778,0.815744577138679,0.7941254300079386,0.8274932614555256,0.8215446138465383,0.7897397017942887,0.8257956448911222,0.7726922087940344,0.7904380188949327,0.7901200111638292,0.7421834956432599,0.8161648177496038,0.7283887468030691,0.7975961538461539
syn_Cd_0013,0.24323162870648904,0.7436856875584659,0.4707391000233155,0.4841765339074273,0.4558255734726323,0.7802524127691166,0.4796380090497738,0.459885081932326,0.7563451776649747,0.21013597033374537,0.23683675543809718,0.7319207738369415,0.0,0.23619427811044577,0.23514003626838606,0.7119779353821907,0.20540997464074387,0.24879393521709167,0.7528440776265893,0.7256805233171555,0.765675851594706,0.4648648648648649,0.447131341868184,0.5494186046511628,0.7299465240641712,0.45378336642400174,0.28867924528301886,0.7726698661278101,0.5034642032332564,0.44625821496714013,0.24108477471706172,0.4845320197044335,0.7139798758295868,0.2710413694721826,0.5334190231362468,0.7335310315611099,0.4888093106535363,0.2345679012345679,0.5212237093690248,0.2629129827826896,0.555188679245283,0.6076094430437772,0.7579318448883666,0.775410563692854,0.5658250676284942,0.5439573184875899,0.8057265185978058,0.5720017833259028,0.7952682126961818,0.6417978553502167,0.6044723969252271,0.623202776400595,0.5534377127297482,0.5672463130090248,0.581307528911966,0.6298628288733978,0.6229299363057325,0.6197183098591549,0.5769889840881273,0.5672012649649876,0.8193008370260956,0.6081900910010111,0.589041095890411,0.5821436664400634,0.6055854973052426,0.6058890147225368,0.5487697715289982,0.6468191079918497,0.8006352308819936,0.6122866894197952,0.5559675550405562,0.7789744790447202,0.5606498998442021,0.7773019271948608,0.8224323614394536,0.5375930202720041,0.6067362428842504,0.6541463414634147,0.5700757575757576,0.8095663835493965
syn_Cd_0014,0.22653649877967605,0.7616856381690482,0.4780299372283921,0.4797687861271676,0.4600563909774436,0.8017462763225475,0.4795092665100496,0.46397188049209137,0.7745402436111775,0.22115997450605482,0.24979044425817268,0.7592371871275327,0.23619427811044577,0.0,0.2599667774086379,0.7386893893284642,0.22704471101417667,0.21968616262482168,0.7689114391143912,0.7439024390243902,0.7799193186911699,0.4735616119263918,0.4551707197248833,0.5398141170560161,0.7553559087767795,0.47150022799817604,0.24016613730759834,0.7801678908709339,0.4965335883337318,0.4708971553610503,0.20767195767195767,0.4719967532467532,0.7281167108753316,0.2402069475240207,0.5085158150851582,0.7547004809794491,0.4950242999305716,0.22918039991210723,0.522329333071021,0.2339195374608528,0.5704861959442952,0.5944022770398482,0.7760467380720545,0.7999541179169535,0.5588715318256003,0.5619596541786743,0.8239554317548746,0.5833141276791888,0.8083454633672974,0.6558073654390935,0.6049204052098408,0.621301775147929,0.5746478873239437,0.5937215650591446,0.5819070904645477,0.6381395348837209,0.6363155108523028,0.625653854901069,0.5921787709497207,0.5855140186915888,0.8329501915708812,0.6182725124704647,0.5615402787621072,0.5958743553680262,0.5852604828462515,0.6223055295220243,0.5768444948921679,0.6501170960187354,0.8185504308160162,0.64030131826742,0.5479846449136276,0.8035887487875849,0.538886332259549,0.8007889546351085,0.8508196721311475,0.5136,0.6171049397886459,0.6640526182646092,0.5948000981113564,0.8340651721747169
syn_Cd_0015,0.23725055432372505,0.7927121972507092,0.48520452567449956,0.5129240710823909,0.5146496815286624,0.8178472861085556,0.552392065344224,0.5005992808629645,0.80176686059039,0.19821739972873473,0.22388059701492538,0.7827489782748979,0.23514003626838606,0.2599667774086379,0.0,0.7536689578302062,0.23318118674340146,0.27253218884120173,0.7954070981210856,0.7661514070550931,0.8096013018714402,0.5188540130608805,0.5142541436464089,0.5273957158962796,0.7639207507820647,0.48305785123966943,0.28744226962832636,0.7988748241912799,0.4966573215441018,0.49004777070063693,0.24208416833667334,0.4537346711259755,0.7633587786259542,0.2882783071127853,0.49829145728643215,0.7863961813842482,0.5346596858638744,0.21878121878121878,0.500451508036843,0.28859934853420194,0.5711458104244557,0.5880085653104925,0.7737834283209118,0.7980469561603989,0.5597722960151803,0.5647466435686445,0.8140454995054401,0.586897558940121,0.8151223776223776,0.6302771855010662,0.5752173913043478,0.6088458880442295,0.5651251591005515,0.5839175257731959,0.5845070422535211,0.6125368111064367,0.6049149338374291,0.6042053184910328,0.6024590163934426,0.5893536121673004,0.8416113527122911,0.5984048791930565,0.5634734371666311,0.5987288135593221,0.6003645477329688,0.5887335874629395,0.5599917678534678,0.6202370872142252,0.8245454545454546,0.596767333049766,0.552141929900476,0.8020969855832241,0.53375,0.7942350332594235,0.8410306271268838,0.5466222645099905,0.6303338492151227,0.6396641706376219,0.6080335466784375,0.8188663459527296
syn_Cd_0016,0.7433977138352384,0.3317717206132879,0.6899554045444892,0.7188548864758144,0.6533278042712005,0.4382425465142345,0.6589358799454298,0.6772807188904083,0.2772402187631468,0.7284793325748957,0.7606293313354561,0.40781184376312474,0.7119779353821907,0.7386893893284642,0.7536689578302062,0.0,0.7313664596273292,0.7322438717787555,0.29675708749745056,0.3855398333010273,0.2873334658977928,0.648559670781893,0.6528676153514446,0.8065083553210203,0.4132029339853301,0.6785786392085604,0.7459227467811159,0.3601278830783284,0.7907368421052632,0.6620595678411524,0.729962766999804,0.7910828025477707,0.2610489098408957,0.7280587980977086,0.8054245283018868,0.30908383582960514,0.6693944353518821,0.7264556467370067,0.8092035398230089,0.7185247986434931,0.7381974248927039,0.7804725067948985,0.68,0.7434023548518067,0.8377265238879736,0.7345170154301416,0.76088525378879,0.713819812474521,0.7436553636169759,0.8230272746200291,0.803946530872056,0.8123035473731477,0.7588564325668117,0.7316139431795285,0.8174790637749624,0.8011095130470516,0.8200230149597239,0.798146655922643,0.7518312985571587,0.7194140705591088,0.7728692547969657,0.8098720292504571,0.8266666666666667,0.7347403269190979,0.8320746334962239,0.7931747673216132,0.7425583266291231,0.8011163944593757,0.7256813649457123,0.8139148494288682,0.8280887011615629,0.7305478575996589,0.8265825361286383,0.7893142980748432,0.763898746155666,0.8058837155432013,0.7364106988783434,0.8207964601769911,0.7321274763135228,0.7094401307723743
syn_Cd_0017,0.2164904862579281,0.7674632352941176,0.4762886597938144,0.48909129421732683,0.4686313909354767,0.8013116346854505,0.49876665022200295,0.4680628272251309,0.7727891156462585,0.2206896551724138,0.2176176176176176,0.7532820280669986,0.20540997464074387,0.22704471101417667,0.23318118674340146,0.7313664596273292,0.0,0.2264619552946489,0.766176793156394,0.75202492211838,0.783564567769477,0.4765279007971656,0.463903120633442,0.5323501427212178,0.7484662576687117,0.46148839227598176,0.2548656163113994,0.78636926889715,0.47798456650022697,0.45629042353432087,0.2111788190796386,0.4657348087749951,0.732462607962924,0.2554880896777207,0.4966273187183811,0.7552637064832187,0.491637323943662,0.223292836196062,0.501696192989069,0.23776863283036123,0.5676552363299351,0.5917999549448074,0.7677210805818517,0.7883020515058926,0.5567375886524822,0.5468429450649647,0.8137949121426699,0.5778167470407716,0.8020713463751439,0.6371383718322494,0.5898374914168002,0.6131386861313869,0.5547624358688378,0.5722017752760338,0.5761650823092975,0.6237010833517577,0.6115971007248188,0.6212121212121212,0.5875991348233598,0.5816122584943371,0.833252779120348,0.5962301587301587,0.5785457809694794,0.582089552238806,0.5930735930735931,0.6116677800044533,0.5561797752808989,0.6381037168929445,0.814823698728712,0.624245135316484,0.5358688225916648,0.7929606625258799,0.5342525716787043,0.7868660902079925,0.8336337883080093,0.5187515731185502,0.6099720410065238,0.6388888888888888,0.598139534883721,0.8224175824175824
syn_Cd_0018,0.25718225695242475,0.7452806443493581,0.4500752634219769,0.47489636112390604,0.4497560975609756,0.7838416265382557,0.4748299319727891,0.4640582347588717,0.7588687670553212,0.23928806855636123,0.26299826689774697,0.7385491458281753,0.24879393521709167,0.21968616262482168,0.27253218884120173,0.7322438717787555,0.2264619552946489,0.0,0.7502392344497608,0.7412082957619477,0.7673014398513702,0.4696640077350737,0.4482758620689655,0.52,0.734289127837515,0.45059101654846334,0.22275844551689103,0.7664113785557987,0.4844797616091383,0.44766651563207976,0.22694063926940639,0.4660519698239732,0.7197802197802198,0.21137586471944658,0.4927835051546392,0.7437754640108647,0.4794717887154862,0.2459613196814562,0.5173533590420134,0.2125156445556946,0.5483870967741935,0.5832512315270936,0.7540485829959515,0.7815845824411135,0.5339946769900799,0.5533932135728543,0.7990681421083284,0.561558689935453,0.789208270297529,0.6284313725490196,0.5764411027568922,0.5947467166979362,0.5526315789473685,0.5820754716981132,0.5551601423487544,0.6138996138996139,0.6040861402540033,0.6071681207262438,0.5885774722369117,0.562560620756547,0.8233572758712423,0.5926635641938133,0.5496688741721855,0.5761557177615572,0.5707859222016406,0.5977626459143969,0.5646034361026124,0.6193485658726301,0.8015831134564644,0.6070381231671554,0.5259222333000997,0.7782258064516129,0.5236276849642004,0.7728205128205128,0.829337899543379,0.49304396215915414,0.6166624073600818,0.6323413220963919,0.5761285386381025,0.8115559817789499
syn_Cd_0019,0.7799598303950012,0.15330246161345357,0.7162293488824101,0.7504472271914132,0.6813238770685579,0.2295760082730093,0.664126149802891,0.6999558108705258,0.19057918769526555,0.7534714804528947,0.7715971344289928,0.2928759894459103,0.7528440776265893,0.7689114391143912,0.7954070981210856,0.29675708749745056,0.766176793156394,0.7502392344497608,0.0,0.3280770915462111,0.1618575293056808,0.6756503398172018,0.6830655129789864,0.8118836915297092,0.3307068366164542,0.7151376146788991,0.767396115072535,0.23454833597464342,0.8027423622804908,0.6919014084507042,0.7556541019955654,0.8013055895552835,0.19475322365495776,0.7500619885940987,0.8135706340378198,0.1838170624450308,0.6894062863795111,0.7555801104972376,0.8204469052798101,0.7488484848484849,0.7570690926973199,0.7995226730310262,0.6888780009799118,0.7590583891068544,0.8479943701618579,0.751087481875302,0.7564534231200898,0.7672153953164851,0.75830078125,0.8237529691211402,0.8111650485436893,0.8192178192178192,0.7907416154936231,0.7528604118993135,0.8267716535433071,0.814225549836219,0.8294243070362474,0.8206360100663463,0.7653374233128835,0.7809120827456512,0.7660066855232708,0.8139043087496696,0.8369384359400999,0.779245283018868,0.837810181632131,0.8005657708628006,0.7693537337291619,0.8124410933081998,0.7270408163265306,0.8199905258171483,0.840656687590536,0.7330405075646657,0.8388888888888889,0.8084367245657568,0.7682993946064942,0.8104189044038668,0.7808558001484046,0.8283677107206519,0.7758578128857072,0.7140199953499187
syn_Cd_0020,0.7568081063964535,0.3402156457903189,0.687099725526075,0.7322335025380711,0.6344181899242086,0.4335596508244423,0.6321103176557498,0.6603931409452112,0.4086484038940457,0.7257443791776382,0.7740903638544582,0.17875706214689266,0.7256805233171555,0.7439024390243902,0.7661514070550931,0.3855398333010273,0.75202492211838,0.7412082957619477,0.3280770915462111,0.0,0.33418584825234443,0.6250276365244307,0.632643571262497,0.8114462123011161,0.16079632465543645,0.6854419410745234,0.7612768910478834,0.5047006432459179,0.7928846589621572,0.6533333333333333,0.7352077213596308,0.7956572314850717,0.2789230122002524,0.7370016320820704,0.8173016207114292,0.2527060782681099,0.6418369589101296,0.7322735829324409,0.8230754752493883,0.7256334170280758,0.714087439278279,0.7971210076473234,0.7879207007837713,0.7955981695358466,0.843770745740208,0.7200728265817024,0.7989528795811518,0.7102210549354344,0.7950367647058824,0.8275862068965517,0.8185557586837294,0.8207432596550887,0.7483296213808464,0.7107652399481194,0.825,0.8154525386313466,0.8268463073852296,0.8115409552625892,0.7562380038387716,0.7263858093126386,0.8272617611580217,0.8202525377568705,0.8355366345507507,0.7237544483985765,0.838655462184874,0.8065807025344598,0.7303128371089536,0.812,0.8012452107279694,0.8204555605180884,0.8376534788540245,0.7919154800183739,0.840034965034965,0.782547830144657,0.8087403598971722,0.8165829145728644,0.7329611537566876,0.8288309825484103,0.7223125145112608,0.8033794162826421
syn_Cd_0021,0.7894508356848274,0.1790021281626862,0.7463460631777463,0.7764245324053937,0.7089072543617998,0.24036054081121683,0.696260493513101,0.7244196044711951,0.17704688593421974,0.7724152277928021,0.7939244663382594,0.31827706635622816,0.765675851594706,0.7799193186911699,0.8096013018714402,0.2873334658977928,0.783564567769477,0.7673014398513702,0.1618575293056808,0.33418584825234443,0.0,0.7140905986797177,0.7185327259649964,0.8211222739524626,0.3321324026120243,0.7472135532768613,0.7824946339136656,0.23824130879345604,0.8122811113705347,0.7241970021413277,0.775237273511648,0.8158313444709626,0.20847750865051903,0.7701370521760038,0.8264444925340836,0.22165169020111253,0.7136394480886677,0.7738120834229198,0.8360023152614316,0.7657021877205363,0.760076317672311,0.798887859128823,0.6863117870722434,0.7654182552141736,0.8573706994759627,0.7523452157598499,0.77289972899729,0.7715701734624916,0.7655139744197063,0.8261070110701108,0.8073480923221856,0.81740657135691,0.8022935779816514,0.770017793594306,0.8367541766109785,0.8177272727272727,0.8272305312016504,0.8181009561930176,0.7756315007429421,0.773972602739726,0.785305105853051,0.8168329496034792,0.8439879990768521,0.7842418689876317,0.8498141263940521,0.8035714285714286,0.7798002219755827,0.8123569794050344,0.736035590706871,0.8229070837166513,0.8425492033739457,0.7476325757575758,0.8484030589293747,0.814725697786333,0.7760638297872341,0.8290909090909091,0.7769249220436556,0.8243276585245497,0.7687335408187694,0.7262254348317145
syn_Cd_0022,0.48580441640378547,0.6694581280788178,0.30174318684016693,0.27387672160758636,0.21948889419632195,0.7401307189542483,0.23285486443381181,0.22730314521525763,0.7037396794560467,0.47391116860715826,0.5049968105464597,0.6466311197285507,0.4648648648648649,0.4735616119263918,0.5188540130608805,0.648559670781893,0.4765279007971656,0.4696640077350737,0.6756503398172018,0.6250276365244307,0.7140905986797177,0.0,0.20939530234882558,0.6661554192229039,0.6427902621722846,0.2531850822330322,0.49204771371769385,0.7472615549024847,0.6334467671366067,0.20195512108420352,0.48690396239086636,0.6435480551553817,0.6278338945005612,0.4957393483709273,0.6639712488769093,0.6621531631520533,0.20696142991533395,0.46586345381526106,0.6860789788591942,0.492405683488486,0.5705765407554672,0.6816976127320955,0.7712305025996534,0.7827505827505827,0.681042654028436,0.5536019536019536,0.7835842090315251,0.6023419203747072,0.775968418455465,0.7273818094552436,0.6884964434633308,0.6998428496595076,0.5924600334049153,0.5729142593020569,0.6791842825167869,0.706925076813992,0.6996495012132651,0.6894639556377079,0.607650555699147,0.608644027546901,0.8101924076963078,0.6962566844919786,0.6772334293948127,0.6302120562306409,0.6839110191412312,0.6884972612526792,0.5696494464944649,0.7095929540585575,0.7843693577508383,0.7056712132089017,0.6769943888753355,0.7805178791615289,0.6806172550853402,0.7682468021068473,0.79838485101643,0.6571583808747623,0.6405,0.7183316168898043,0.6162674650698603,0.7989666510098637
syn_Cd_0023,0.4691650853889943,0.6779572694111516,0.3258893793819787,0.3192298550035655,0.19041614123581338,0.7452123230641132,0.21977401129943502,0.2236564186810608,0.7002053388090349,0.4732789855072464,0.49475563490292346,0.6495901639344263,0.447131341868184,0.4551707197248833,0.5142541436464089,0.6528676153514446,0.463903120633442,0.4482758620689655,0.6830655129789864,0.632643571262497,0.7185327259649964,0.20939530234882558,0.0,0.6363143631436314,0.6296296296296297,0.284004884004884,0.4708048395581273,0.7460948594149389,0.6284686536485098,0.2208459920542183,0.4690223792697291,0.6346775932715117,0.6352468698322703,0.4723991507430998,0.6491725768321513,0.6656549147793602,0.2064516129032258,0.45868544600938965,0.6757095158597662,0.46217616580310883,0.5570752235665439,0.6626751592356688,0.7767880534451139,0.7841691248770895,0.6743371685842922,0.5507358636715725,0.798726886935435,0.5849802371541502,0.7864787261811538,0.7130544993662864,0.6747081712062257,0.6824249165739711,0.5862937767699673,0.5746650426309379,0.6741247696762306,0.6966824644549763,0.687983940349871,0.6829030686799805,0.6128324650397587,0.6084231637001755,0.815121412803532,0.6822057987492893,0.6666666666666666,0.6145911949685534,0.6750823271130626,0.6872014080965552,0.563441905687895,0.7019351595878361,0.7838577291381669,0.6967399545109931,0.6595305648697446,0.7850247847638925,0.6665844636251541,0.7710491367861886,0.807064410804393,0.6386238797340271,0.6230809952355744,0.7050791916985254,0.6053882725832013,0.8022794846382557
syn_Cd_0024,0.5298109549200194,0.8244397011739595,0.6293538952406275,0.6478017974253097,0.6547096774193548,0.8235126672359806,0.6597101449275362,0.6418125149844162,0.8260641093011035,0.5187239944521498,0.5376907310407651,0.8017829050865234,0.5494186046511628,0.5398141170560161,0.5273957158962796,0.8065083553210203,0.5323501427212178,0.52,0.8118836915297092,0.8114462123011161,0.8211222739524626,0.6661554192229039,0.6363143631436314,0.0,0.8,0.6399500624219725,0.5420258620689655,0.8163800641212474,0.2667017359284587,0.6447839579851994,0.5191335740072203,0.30063778315372774,0.8001448225923244,0.5029907558455683,0.28502415458937197,0.8058669210589077,0.6781725888324873,0.5256594724220623,0.3500638026371757,0.5336870026525199,0.6379310344827587,0.6229465449804433,0.8111081298631607,0.8350930115635998,0.36745138178096215,0.6330954269098599,0.8441882206294796,0.6483072258716523,0.8358727612937717,0.6555123216601816,0.6260292164674635,0.6292070735881347,0.6401134312967259,0.6587795765877957,0.35885683472634133,0.642255677468742,0.6332057697968796,0.6618525896414342,0.6317121169524881,0.6568350859194665,0.8715336728919072,0.6254375729288215,0.35358255451713394,0.6581724581724582,0.3579065841305571,0.6310779521481863,0.6496023856858847,0.6482386217536642,0.8446002805049089,0.6622704939229377,0.34512806971217325,0.8423724285332621,0.33417402269861285,0.8280272108843537,0.8499542543458372,0.44434550311665183,0.6572668112798264,0.6573348264277715,0.6444805194805194,0.8276735935124176
syn_Cd_0025,0.7570218457423094,0.32327166504381694,0.6952196068915312,0.7333035514853696,0.645336481700118,0.39478440485411825,0.6456692913385826,0.6746854998896491,0.399903984637542,0.7323943661971831,0.775205219953694,0.16339242932438908,0.7299465240641712,0.7553559087767795,0.7639207507820647,0.4132029339853301,0.7484662576687117,0.734289127837515,0.3307068366164542,0.16079632465543645,0.3321324026120243,0.6427902621722846,0.6296296296296297,0.8,0.0,0.6948453608247422,0.7657170923379175,0.49353732524399896,0.790485343584815,0.6548692020224225,0.7368770764119601,0.7909109435500306,0.27559404841216967,0.733531451213472,0.8048888888888889,0.253239622227103,0.6553488372093024,0.7364238410596027,0.8123271434215725,0.7278450363196126,0.7401768172888016,0.8107270560190704,0.7998531930511378,0.8026740433379438,0.8425492033739457,0.7470432054067101,0.7937797702437658,0.729041222788328,0.8015118263838088,0.8310794780545671,0.8264242424242424,0.8354888773926539,0.7716442557206888,0.7412571428571428,0.8171540919144753,0.8214536106566955,0.8328453553367048,0.823126142595978,0.7855501659433239,0.7412538154496361,0.8351309707241911,0.82259767687434,0.8328584995251662,0.7507656065959953,0.8354624425140521,0.8210501530492113,0.7468065693430657,0.8305483643210168,0.8063694267515924,0.8348710669505559,0.8312032794791415,0.8035583719229832,0.8302890173410404,0.7878562577447336,0.8114866721626821,0.8074550817913649,0.7534584980237155,0.830620549338759,0.7421104536489151,0.8049233627496516
syn_Cd_0026,0.4734054292650629,0.72598121839634,0.26884301488238116,0.23529411764705882,0.2514018691588785,0.7723328228688107,0.3167315175097276,0.24737762237762237,0.7345048682023272,0.4719932361023039,0.4945788156797331,0.6961365252429486,0.45378336642400174,0.47150022799817604,0.48305785123966943,0.6785786392085604,0.46148839227598176,0.45059101654846334,0.7151376146788991,0.6854419410745234,0.7472135532768613,0.2531850822330322,0.284004884004884,0.6399500624219725,0.6948453608247422,0.0,0.4836045664318679,0.7294056308654849,0.6263370572854766,0.24858511101436656,0.4728070175438597,0.6377221324717286,0.6776605101143359,0.4690178790105315,0.6532453245324532,0.7050891692040018,0.2727272727272727,0.4583606557377049,0.667906794595653,0.46778443113772455,0.5608452756861793,0.6679245283018868,0.7599225556631172,0.7672826830937713,0.6679805239972177,0.5377268385864374,0.7797454344216934,0.5906486362594545,0.7674867342016402,0.7065727699530516,0.6719424460431654,0.6844796727179749,0.5709617180205415,0.5615384615384615,0.6650461837627613,0.6882516188714154,0.6870068385060495,0.6756389957023298,0.5870772337203433,0.5947955390334573,0.805026656511805,0.6796243151578398,0.6711299036880433,0.6013986013986014,0.6696135387724172,0.6817334575955266,0.5497855046285843,0.6944573823940382,0.783375314861461,0.6816479400749064,0.6617366412213741,0.7719382835101254,0.6558352402745995,0.7627450980392156,0.8007600434310532,0.6322204557498675,0.6266796970437332,0.7073170731707317,0.6015605949768349,0.7903930131004366
syn_Cd_0027,0.23690420009438415,0.7683937823834197,0.4872192099147947,0.51761645779144,0.48332079257587157,0.8013793103448276,0.4991577765300393,0.47279943964510857,0.7728432873915263,0.27129337539432175,0.2809238285587386,0.7544574630667346,0.28867924528301886,0.24016613730759834,0.28744226962832636,0.7459227467811159,0.2548656163113994,0.22275844551689103,0.767396115072535,0.7612768910478834,0.7824946339136656,0.49204771371769385,0.4708048395581273,0.5420258620689655,0.7657170923379175,0.4836045664318679,0.0,0.7849280270956817,0.4905467552376086,0.4796558939781446,0.2453714553550504,0.47542391071045287,0.7428907168037603,0.25646437994722954,0.5009407337723424,0.7626016260162601,0.5009871668311945,0.2592246613731901,0.5375986705442459,0.23956723338485317,0.5580543933054394,0.6007093995439574,0.7702526699661371,0.79559902200489,0.5417910447761194,0.5568677792041078,0.8060825052694971,0.5734643734643735,0.8063846353490787,0.6420468868162339,0.5940159917461955,0.6130458817025981,0.566023552994237,0.5900169614732251,0.574456948442816,0.6338377573803027,0.6192647477913935,0.6201550387596899,0.5846279640228945,0.5721765145848915,0.8233680746023039,0.6050847457627119,0.557013118062563,0.5881911433575181,0.5804691762138571,0.6219054763690923,0.5633462282398453,0.641089727568108,0.8096274136524341,0.627544609198291,0.5434726853039241,0.7929961089494163,0.5349521707137601,0.7871666226564563,0.8330875847832497,0.5122091353059466,0.6189473684210526,0.6530944625407166,0.5793067226890757,0.8289797930014786
syn_Cd_0028,0.7993429365681072,0.25789326627549597,0.7255011135857461,0.770516717325228,0.7366432811656772,0.26495215311004783,0.7415422127400183,0.760119940029985,0.22518559252130876,0.7892711089728169,0.8109900521080057,0.4589849108367627,0.7726698661278101,0.7801678908709339,0.7988748241912799,0.3601278830783284,0.78636926889715,0.7664113785557987,0.23454833597464342,0.5047006432459179,0.23824130879345604,0.7472615549024847,0.7460948594149389,0.8163800641212474,0.49353732524399896,0.7294056308654849,0.7849280270956817,0.0,0.8183319570602807,0.7522388059701492,0.7837431008529855,0.8209227957971676,0.29139406139909413,0.7663151895126816,0.8327877109040543,0.3215705765407555,0.7533810660302307,0.7745563609097725,0.8367527024045885,0.7672868647597889,0.7617837990403613,0.7948717948717948,0.6503653738055087,0.7526909950118141,0.8614602834982615,0.7537354731599336,0.7467105263157895,0.7682765901293217,0.7379619260918253,0.817688551275095,0.7981090100111234,0.8160023973629008,0.7929919137466307,0.765470618824753,0.831638418079096,0.8037333333333333,0.8228004956629492,0.8180400311931375,0.769185360094451,0.7764075067024129,0.7616641901931649,0.8073028536360847,0.8392614716263915,0.7847147470398278,0.843426883308715,0.7988165680473372,0.775875486381323,0.8155913978494623,0.7167255594817432,0.819902650081125,0.8341625207296849,0.723559037493005,0.845100105374078,0.8037649743297205,0.7536977491961415,0.809375,0.7675475987496447,0.814281516309139,0.7714771760703147,0.6971141117288854
syn_Cd_0029,0.49168207024029575,0.8025316455696202,0.6068634872571285,0.6276915952766844,0.6438557763061075,0.8223418573351279,0.6412924424972618,0.6290875828950377,0.8018962075848304,0.4818904593639576,0.5109949923797082,0.7868525896414342,0.5034642032332564,0.4965335883337318,0.4966573215441018,0.7907368421052632,0.47798456650022697,0.4844797616091383,0.8027423622804908,0.7928846589621572,0.8122811113705347,0.6334467671366067,0.6284686536485098,0.2667017359284587,0.790485343584815,0.6263370572854766,0.4905467552376086,0.8183319570602807,0.0,0.6151218401275336,0.47303190268533396,0.2575279006106549,0.7933256616800921,0.47216494845360824,0.28281897742975587,0.8075085324232082,0.6412361178174795,0.48124428179322964,0.29526916802610115,0.4692849949647533,0.6223811957077159,0.6160515234084717,0.787223212013235,0.807177033492823,0.36982968369829683,0.6255959849435383,0.8188214599824098,0.6375,0.8204412883591174,0.6598471777175252,0.6228888328711873,0.6316073354908306,0.6197010536633178,0.6580507469765235,0.35822040398874966,0.6510555690366416,0.6560155598777438,0.6505452821242295,0.6110667730779462,0.6420385271884906,0.8404710920770878,0.6385674931129477,0.3571780957079428,0.6422804012723269,0.3588924387646432,0.6356077280508682,0.6389020350212967,0.6568076264971889,0.8194850013273162,0.6603588105185549,0.3171220857357734,0.8129277566539924,0.3429325653947684,0.7962342017023472,0.8391266877334099,0.4225707084850182,0.6508997429305913,0.6603073661897191,0.6428937916880452,0.834619093539055
syn_Cd_0030,0.4693531283138918,0.6947198524325571,0.28229885057471266,0.25371865703357416,0.19086021505376344,0.7586543149683082,0.2750680861599406,0.1949579831932773,0.7155858930602957,0.4636826042726348,0.4783132530120482,0.6643197819668408,0.44625821496714013,0.4708971553610503,0.49004777070063693,0.6620595678411524,0.45629042353432087,0.44766651563207976,0.6919014084507042,0.6533333333333333,0.7241970021413277,0.20195512108420352,0.2208459920542183,0.6447839579851994,0.6548692020224225,0.24858511101436656,0.4796558939781446,0.7522388059701492,0.6151218401275336,0.0,0.4629005059021922,0.610981308411215,0.6466610312764159,0.47035387860323413,0.6337492070205117,0.6733584274362192,0.1918745860013248,0.4570287875604119,0.6601776601776602,0.46363844918559305,0.5573122529644269,0.6735985533453888,0.7618164967562558,0.777096562294723,0.6584389593062041,0.5379688929551693,0.7840968931016324,0.5808225203430833,0.7801385681293302,0.7088208820882088,0.6752411575562701,0.684004884004884,0.55863921217547,0.5490877497827976,0.6533271288971615,0.6925465838509317,0.6848971399899649,0.6790445168295332,0.5909310178485288,0.5877896613190731,0.8117875333495028,0.6843415484192183,0.6662913758162576,0.6034868126955745,0.6809075549118996,0.680071492403932,0.5447647951441578,0.7016525234479678,0.7881559942224362,0.6876122082585279,0.6471663619744058,0.778393351800554,0.653052261747914,0.7673545966228893,0.812306101344364,0.6351692774128348,0.6282440963292028,0.7077625570776256,0.6070011668611435,0.7958103638368247
syn_Cd_0031,0.23947874385814996,0.7541250290495003,0.49351251158480075,0.5136986301369864,0.4821670428893905,0.7915437561455261,0.5126092384519351,0.4786288616165891,0.7734464572345793,0.20508092603974595,0.2381722604124545,0.7445639734493019,0.24108477471706172,0.20767195767195767,0.24208416833667334,0.729962766999804,0.2111788190796386,0.22694063926940639,0.7556541019955654,0.7352077213596308,0.775237273511648,0.48690396239086636,0.4690223792697291,0.5191335740072203,0.7368770764119601,0.4728070175438597,0.2453714553550504,0.7837431008529855,0.47303190268533396,0.4629005059021922,0.0,0.45119560956487653,0.722860791826309,0.2421450507914009,0.4858359957401491,0.7413647851727043,0.4985539488320356,0.22243386243386243,0.5229218185276774,0.233757225433526,0.5570658542301383,0.587243735763098,0.7659971975712284,0.8005735715861461,0.5388751960564643,0.5472568003688336,0.8140276301806588,0.5630401063594062,0.8063314711359404,0.6276643990929706,0.5740740740740741,0.6060083723220882,0.5498421290031574,0.5724288840262582,0.5647279549718575,0.6110862762628521,0.603744939271255,0.6066506234959528,0.5821984435797666,0.568926807364167,0.8361457569087797,0.5937735375345217,0.5402768323122306,0.5833333333333334,0.5799464589924556,0.5974786132372805,0.5601659751037344,0.617011701170117,0.8179611650485437,0.6060606060606061,0.5310916628281898,0.8003722661703118,0.5172566371681416,0.7848699763593381,0.8382889932185706,0.5112130479102956,0.6082960169691256,0.640901381148534,0.5718654434250765,0.8204843368140413
syn_Cd_0032,0.4740784545633747,0.804898828541001,0.6185216652506372,0.636650868878357,0.6420572376607216,0.8300448430493274,0.6634068683193086,0.6221180148495506,0.8089627603618768,0.45116631898350085,0.48332708879730235,0.7908002520478891,0.4845320197044335,0.4719967532467532,0.4537346711259755,0.7910828025477707,0.4657348087749951,0.4660519698239732,0.8013055895552835,0.7956572314850717,0.8158313444709626,0.6435480551553817,0.6346775932715117,0.30063778315372774,0.7909109435500306,0.6377221324717286,0.47542391071045287,0.8209227957971676,0.2575279006106549,0.610981308411215,0.45119560956487653,0.0,0.787819253438114,0.4542702702702703,0.22036563790053076,0.809727626459144,0.6574585635359116,0.45632206370920464,0.23136838378474067,0.4632181471274115,0.6072118480360592,0.5863655374320368,0.7903294822421908,0.8168527918781726,0.31081359423274973,0.6038054968287526,0.836381135707411,0.6114169215086647,0.8255119453924915,0.6351520199916701,0.5946519524617997,0.6146418145070739,0.5955242436800663,0.6255542120112858,0.3268900343642612,0.6218660090423346,0.6247697974217311,0.6244207132782591,0.6234458259325044,0.6153528683450268,0.8504798036152644,0.6073142857142857,0.30402167118149614,0.6229304635761589,0.35481004221284157,0.5970211005378568,0.6101388050694025,0.6298593879239041,0.839095744680851,0.625259659326963,0.30587241233629064,0.8162046908315566,0.3131107491856677,0.8100389441800087,0.852342640795078,0.4272474513438369,0.6517799352750809,0.6246957291436158,0.6368727116088736,0.836092376864909
syn_Cd_0033,0.7511244377811095,0.1917967839664414,0.6812267657992565,0.7227467811158799,0.6328655500226347,0.3141025641025641,0.6448785374405209,0.65634280865507,0.21453207633938837,0.7182172930786609,0.7576003242805026,0.2829928850126234,0.7139798758295868,0.7281167108753316,0.7633587786259542,0.2610489098408957,0.732462607962924,0.7197802197802198,0.19475322365495776,0.2789230122002524,0.20847750865051903,0.6278338945005612,0.6352468698322703,0.8001448225923244,0.27559404841216967,0.6776605101143359,0.7428907168037603,0.29139406139909413,0.7933256616800921,0.6466610312764159,0.722860791826309,0.787819253438114,0.0,0.7171286425017769,0.8065342729019859,0.17989864864864866,0.6506803479812625,0.7199236155315086,0.8074356530028599,0.7203802457686065,0.7269095182138661,0.7889447236180904,0.6613583138173302,0.7385534173855341,0.8422826331161537,0.7165973185390662,0.7515991471215352,0.713841368584759,0.7315592903828197,0.8190086402910414,0.7948003714020427,0.8127932822919239,0.751696065128901,0.7222465993856955,0.8137347130761995,0.8005378753922008,0.8162436548223351,0.8039043649923229,0.7502439024390244,0.7303016659162539,0.7620799607554575,0.8086124401913876,0.8284414106939704,0.7330623306233063,0.8359775445447889,0.7977426636568848,0.7346179111013794,0.802797833935018,0.7176241480038948,0.8136054421768707,0.8267898383371824,0.7167522165188988,0.8274179236912156,0.7875770507349454,0.7577184720041863,0.8093047034764826,0.7296147482864571,0.8143377885783718,0.723519698041991,0.6943640008910671
syn_Cd_0034,0.27783063748810655,0.7464715107161526,0.4686116176087523,0.5113230035756854,0.4753351884644574,0.7866889445836814,0.5056689342403629,0.48034831725111793,0.7600411946446962,0.2670299727520436,0.2978294920563885,0.7353545734840699,0.2710413694721826,0.2402069475240207,0.2882783071127853,0.7280587980977086,0.2554880896777207,0.21137586471944658,0.7500619885940987,0.7370016320820704,0.7701370521760038,0.4957393483709273,0.4723991507430998,0.5029907558455683,0.733531451213472,0.4690178790105315,0.25646437994722954,0.7663151895126816,0.47216494845360824,0.47035387860323413,0.2421450507914009,0.4542702702702703,0.7171286425017769,0.0,0.47652916073968704,0.7438538983844533,0.5052264808362369,0.2674199623352166,0.5129707112970712,0.22193347193347193,0.5503957783641161,0.5578839764886276,0.7371879106438897,0.7781065088757396,0.532865027596588,0.54001554001554,0.7986005476118041,0.5584737363726462,0.7905210788164441,0.6064073226544623,0.5633619568045798,0.5814732142857143,0.5350012635835228,0.5670657219643294,0.5463427515183522,0.5906930197648236,0.5850359712230215,0.592085979482169,0.5636863823933975,0.5574553683681167,0.8250276854928018,0.5704506560182544,0.5399491094147583,0.5760787282361847,0.5671806167400881,0.5798234552332913,0.5563139931740614,0.6037307789261407,0.8067526763656327,0.5842839036755386,0.5249676584734799,0.7853964930646428,0.508780608459065,0.7751132427391421,0.8278224605302353,0.49637365825355384,0.6032926181625067,0.6180821917808219,0.5574986751457339,0.8121272365805169
syn_Cd_0035,0.4984997856836691,0.8194962686567164,0.6419437340153452,0.6499892634743397,0.6711211778029446,0.8366641993584999,0.681203007518797,0.6510295054128635,0.8283479061205706,0.49609535552815454,0.5124721151896167,0.8015617822691777,0.5334190231362468,0.5085158150851582,0.49829145728643215,0.8054245283018868,0.4966273187183811,0.4927835051546392,0.8135706340378198,0.8173016207114292,0.8264444925340836,0.6639712488769093,0.6491725768321513,0.28502415458937197,0.8048888888888889,0.6532453245324532,0.5009407337723424,0.8327877109040543,0.28281897742975587,0.6337492070205117,0.4858359957401491,0.22036563790053076,0.8065342729019859,0.47652916073968704,0.0,0.8212550179590112,0.6683035714285714,0.4942675159235669,0.25829835940480733,0.49327146171693736,0.59689557855127,0.584,0.8050152331849074,0.8255865427180168,0.2801258992805755,0.604441360166551,0.834089090424113,0.6038239217429969,0.8304134548002803,0.6282138794084187,0.5944250871080139,0.597132970835393,0.5953835709436525,0.6228320526893524,0.311838079548129,0.6129176945503476,0.6062992125984252,0.6167690956979807,0.6119111545032951,0.6080198242847488,0.8532155130093274,0.5877016129032258,0.27641165755919855,0.6221468926553673,0.31949193942354664,0.6006324824937881,0.6165644171779141,0.6283585459471664,0.8406820950060901,0.6319491717721806,0.28819043217009477,0.8258230212467896,0.3180910099889012,0.8144721233689205,0.8470803875360042,0.43310309542082376,0.6404919583727531,0.6269455252918288,0.6293673276676109,0.8430673205528311
syn_Cd_0036,0.7643568552659462,0.17806956922368117,0.7096922370234268,0.7430997876857749,0.6638316920322291,0.24013638577691185,0.6636161266386347,0.690176322418136,0.25983177994998863,0.7475096564342346,0.7825040128410915,0.2425686407987293,0.7335310315611099,0.7547004809794491,0.7863961813842482,0.30908383582960514,0.7552637064832187,0.7437754640108647,0.1838170624450308,0.2527060782681099,0.22165169020111253,0.6621531631520533,0.6656549147793602,0.8058669210589077,0.253239622227103,0.7050891692040018,0.7626016260162601,0.3215705765407555,0.8075085324232082,0.6733584274362192,0.7413647851727043,0.809727626459144,0.17989864864864866,0.7438538983844533,0.8212550179590112,0.0,0.6805647474078976,0.741759395339072,0.826251180358829,0.7350446940178776,0.7519163763066202,0.8048780487804879,0.6986111111111111,0.7624152264274776,0.8533659186847368,0.746800731261426,0.7680168332456602,0.7459898923313557,0.7646515920627596,0.8345323741007195,0.8191831115190454,0.826787021224689,0.7795169946332737,0.7486979166666666,0.8414690841469085,0.8138297872340425,0.8416040100250627,0.8216532870470818,0.7681927710843374,0.7617987533392698,0.7882238914465713,0.8244217856254663,0.8465691788526434,0.7646270656543099,0.8432601880877743,0.8125,0.7582846003898636,0.8174921909861669,0.746993746993747,0.8322869955156951,0.8433789954337899,0.7481549815498155,0.8442299254058798,0.8116213683223993,0.7820247933884298,0.8218071680969208,0.7589348283111422,0.834813925570228,0.7514572161342971,0.7091870456047588
syn_Cd_0037,0.503358710255262,0.6839530332681018,0.33821019263594243,0.2717074265200808,0.18434163701067616,0.7534388787957436,0.2675461741424802,0.1984039015739304,0.7105643994211288,0.5053579082726104,0.5075036990065526,0.6639383726528647,0.4888093106535363,0.4950242999305716,0.5346596858638744,0.6693944353518821,0.491637323943662,0.4794717887154862,0.6894062863795111,0.6418369589101296,0.7136394480886677,0.20696142991533395,0.2064516129032258,0.6781725888324873,0.6553488372093024,0.2727272727272727,0.5009871668311945,0.7533810660302307,0.6412361178174795,0.1918745860013248,0.4985539488320356,0.6574585635359116,0.6506803479812625,0.5052264808362369,0.6683035714285714,0.6805647474078976,0.0,0.4762749445676275,0.6862356207854026,0.5036496350364964,0.5829220138203356,0.7010778443113772,0.7742807966560118,0.7887911069939787,0.687382297551789,0.57070094591317,0.8027613412228797,0.6170311772917636,0.7926978681695663,0.7411203814064362,0.697442143727162,0.7134685387415497,0.6098601564351742,0.5967853042479908,0.6972091874536923,0.7248180324019723,0.7238426545357238,0.7107438016528925,0.6381832178598922,0.6305732484076433,0.8213732576148683,0.7064755838641189,0.691793893129771,0.6383431952662721,0.7031330251669234,0.7194227584575349,0.5898258478460129,0.7257034759990542,0.7900128040973111,0.7237936772046589,0.685485825054519,0.7932892481018858,0.6882694541231127,0.7753424657534247,0.8192870958828405,0.6780803451064977,0.6593843098311817,0.7361963190184049,0.6253716551040635,0.810079328044797
syn_Cd_0038,0.22614991482112437,0.7522000926354794,0.46109443546525053,0.4819714102837636,0.4470191226096738,0.7849620377173647,0.48656716417910445,0.45792026998523516,0.7637111517367459,0.21691176470588236,0.23120338641402943,0.7408759124087592,0.2345679012345679,0.22918039991210723,0.21878121878121878,0.7264556467370067,0.223292836196062,0.2459613196814562,0.7555801104972376,0.7322735829324409,0.7738120834229198,0.46586345381526106,0.45868544600938965,0.5256594724220623,0.7364238410596027,0.4583606557377049,0.2592246613731901,0.7745563609097725,0.48124428179322964,0.4570287875604119,0.22243386243386243,0.45632206370920464,0.7199236155315086,0.2674199623352166,0.4942675159235669,0.741759395339072,0.4762749445676275,0.0,0.5034142640364189,0.24700460829493087,0.5324614666043904,0.5754824063564131,0.7635559692808936,0.7897977132805629,0.541313086199196,0.5244658855961406,0.8105318867425245,0.5424028268551236,0.7944792391556483,0.6189830508474576,0.5824682814302191,0.5942100098135427,0.5369746010339402,0.5476553980370774,0.5723299836410376,0.6034751615059033,0.5956642298966474,0.6009594417793284,0.5585170826266053,0.5385992392034012,0.8279727095516569,0.5802901450725363,0.5517865219357757,0.5582491582491582,0.5834141610087293,0.5898586493156832,0.5350457117979974,0.618748598340435,0.8079806529625151,0.5997295469912103,0.5276566444801469,0.7876188268026896,0.5126791620727673,0.7837455830388692,0.8311249675240322,0.5247524752475248,0.5833724753405355,0.6243360695316272,0.563525550867323,0.812666076173605
syn_Cd_0039,0.513389441469013,0.8329896907216495,0.6508328192473781,0.6512741904579421,0.6805304400241109,0.8509209100758397,0.695518453427065,0.6624312535558505,0.8345558272208639,0.5110537951363301,0.5040961223375204,0.8140764849471115,0.5212237093690248,0.522329333071021,0.500451508036843,0.8092035398230089,0.501696192989069,0.5173533590420134,0.8204469052798101,0.8230754752493883,0.8360023152614316,0.6860789788591942,0.6757095158597662,0.3500638026371757,0.8123271434215725,0.667906794595653,0.5375986705442459,0.8367527024045885,0.29526916802610115,0.6601776601776602,0.5229218185276774,0.23136838378474067,0.8074356530028599,0.5129707112970712,0.25829835940480733,0.826251180358829,0.6862356207854026,0.5034142640364189,0.0,0.5254515599343186,0.6061487328624844,0.5827425562082236,0.8020294056740526,0.8228346456692913,0.34171656686626745,0.6245649948822928,0.8418000463929483,0.6051383399209486,0.8344001651868677,0.6332459148678636,0.5940004109307582,0.6111111111111112,0.6000803051596065,0.6427594293531366,0.36312616919559343,0.6132244572794264,0.617692820626806,0.6271981242672919,0.6243829147885812,0.6312737452509498,0.8546160483175151,0.6022075055187638,0.3229713362939039,0.6053739723280529,0.3754295532646048,0.6111445179394668,0.6071010534529848,0.6333400120216389,0.8440111420612814,0.6264842020527269,0.3368787073021068,0.8183694530443757,0.35109532267613974,0.8178773288674901,0.8584797991326181,0.4538134645493178,0.6058455114822547,0.6268720581942662,0.6227594831179658,0.8347860538827259
syn_Cd_0040,0.2504655493482309,0.7442572741194488,0.47494276265581276,0.5078143223699557,0.47095179233621753,0.7871300570187347,0.49281767955801103,0.4674038240036858,0.755533199195171,0.2584519572953737,0.29532997149747864,0.7304216867469879,0.2629129827826896,0.2339195374608528,0.28859934853420194,0.7185247986434931,0.23776863283036123,0.2125156445556946,0.7488484848484849,0.7256334170280758,0.7657021877205363,0.492405683488486,0.46217616580310883,0.5336870026525199,0.7278450363196126,0.46778443113772455,0.23956723338485317,0.7672868647597889,0.4692849949647533,0.46363844918559305,0.233757225433526,0.4632181471274115,0.7203802457686065,0.22193347193347193,0.49327146171693736,0.7350446940178776,0.5036496350364964,0.24700460829493087,0.5254515599343186,0.0,0.5708397733127254,0.6,0.7587888119065949,0.7844744455159113,0.5546836684649338,0.5694409309385277,0.8040840485350695,0.5828488372093024,0.7934032216824342,0.6367701863354037,0.6025412960609912,0.6169749727965179,0.5663126697950112,0.6004778972520908,0.5689610724413509,0.6272927366104182,0.6260162601626016,0.634495938843765,0.5932385296485109,0.5797493241582699,0.8309935205183585,0.6092273485269594,0.5614122327200398,0.5876695437731196,0.5784103114930182,0.6105496672418043,0.5793991416309013,0.6363636363636364,0.8109772423025435,0.6239782016348774,0.5430881981298964,0.7945310503450038,0.5288996372430471,0.7742522756827048,0.8358944621629458,0.5122916077988132,0.6215655780196994,0.6536611437733832,0.5856182100362132,0.8163265306122449
syn_Ni_0001,0.5658329400660689,0.7341968911917098,0.5765556416214821,0.5630172617640105,0.5696012039127163,0.7837241379310345,0.5614823133071308,0.5549848237216904,0.7616130678917815,0.5425867507886435,0.5820564068398845,0.7320427916454406,0.555188679245283,0.5704861959442952,0.5711458104244557,0.7381974248927039,0.5676552363299351,0.5483870967741935,0.7570690926973199,0.714087439278279,0.760076317672311,0.5705765407554672,0.5570752235665439,0.6379310344827587,0.7401768172888016,0.5608452756861793,0.5580543933054394,0.7617837990403613,0.6223811957077159,0.5573122529644269,0.5570658542301383,0.6072118480360592,0.7269095182138661,0.5503957783641161,0.59689557855127,0.7519163763066202,0.5829220138203356,0.5324614666043904,0.6061487328624844,0.5708397733127254,0.0,0.4790980491512541,0.6493878614222454,0.6997555012224939,0.5791044776119403,0.17689345314505778,0.701294790725685,0.21916461916461916,0.6953023617960031,0.5124779430299975,0.47381996388960534,0.4930901050304035,0.18767226259082936,0.1955415556094015,0.6377911541481288,0.4988836516993302,0.4499857509261898,0.49273255813953487,0.22921777050967565,0.2819745699326851,0.7487657707076248,0.4548022598870056,0.5887991927346115,0.24243182386790094,0.6121112929623568,0.49687421855463865,0.17311411992263057,0.49112721819545113,0.7051944519989122,0.48529781352098517,0.6173377789176712,0.6876783398184176,0.6109884719156242,0.6757327700026406,0.7469772928339723,0.6029876472278081,0.25473684210526315,0.50814332247557,0.21743697478991597,0.689009364218827
syn_Ni_0002,0.6161430864480624,0.7961335676625659,0.6536536536536537,0.6507352941176471,0.6851581508515815,0.8159018143009605,0.6852103120759837,0.6581933726736269,0.8020292006928978,0.5952641964481473,0.6039775183744055,0.7955050629785132,0.6076094430437772,0.5944022770398482,0.5880085653104925,0.7804725067948985,0.5917999549448074,0.5832512315270936,0.7995226730310262,0.7971210076473234,0.798887859128823,0.6816976127320955,0.6626751592356688,0.6229465449804433,0.8107270560190704,0.6679245283018868,0.6007093995439574,0.7948717948717948,0.6160515234084717,0.6735985533453888,0.587243735763098,0.5863655374320368,0.7889447236180904,0.5578839764886276,0.584,0.8048780487804879,0.7010778443113772,0.5754824063564131,0.5827425562082236,0.6,0.4790980491512541,0.0,0.7602221100454316,0.7688108236411109,0.5848419020033792,0.5136884021901443,0.7857142857142857,0.4633913665633198,0.761569416498994,0.22982885085574573,0.2015,0.1937984496124031,0.5094798249878464,0.5228235294117647,0.6272819472616633,0.21136254212806932,0.24284140969162996,0.2105386967772289,0.520042194092827,0.4881470730527334,0.8057840275935262,0.23505323505323505,0.5654514313677514,0.44805825242718444,0.6093956188968065,0.21397379912663755,0.48485559990608124,0.21726479146459748,0.7747368421052632,0.23013164310092638,0.5947289905519642,0.7712418300653595,0.5728571428571428,0.7641943734015345,0.7916903813318156,0.6026637069922308,0.4585776191690033,0.2172314158129761,0.4805393029763419,0.7723032767280555
syn_Ni_0003,0.7888549259346344,0.6531612903225806,0.7402263374485597,0.7700282752120641,0.7656171914042978,0.6945054945054945,0.7819401733296059,0.7719869706840391,0.6831934909738113,0.7664495845497418,0.7941567065073041,0.7939609236234458,0.7579318448883666,0.7760467380720545,0.7737834283209118,0.68,0.7677210805818517,0.7540485829959515,0.6888780009799118,0.7879207007837713,0.6863117870722434,0.7712305025996534,0.7767880534451139,0.8111081298631607,0.7998531930511378,0.7599225556631172,0.7702526699661371,0.6503653738055087,0.787223212013235,0.7618164967562558,0.7659971975712284,0.7903294822421908,0.6613583138173302,0.7371879106438897,0.8050152331849074,0.6986111111111111,0.7742807966560118,0.7635559692808936,0.8020294056740526,0.7587888119065949,0.6493878614222454,0.7602221100454316,0.0,0.3271619975639464,0.7893432465923172,0.6424552429667519,0.3776978417266187,0.6729498164014688,0.25232678386763185,0.784028126569563,0.7538540596094553,0.7660335810624828,0.6615077383924114,0.668276195074843,0.7893639207507821,0.7716262975778547,0.7678774120317821,0.7586290127926624,0.6503800217155266,0.7252856433184302,0.35099699535646,0.7586497890295358,0.8034682080924855,0.6884346959122633,0.7902743819614235,0.750373692077728,0.6762225969645869,0.7634462151394422,0.32123510292524377,0.7616424636955433,0.7869187531936638,0.30129198966408266,0.7947214076246334,0.4066280904786954,0.39459776864357016,0.7660183066361556,0.6959370904325033,0.7777777777777778,0.686110384514779,0.3120549963172109
syn_Ni_0004,0.8090586145648313,0.7367910809500727,0.7569461222517516,0.7779755283648498,0.7846226193275335,0.7774351066563865,0.7847439916405433,0.7986370630907892,0.748565965583174,0.7950680272108843,0.8028936884042777,0.7891221374045801,0.775410563692854,0.7999541179169535,0.7980469561603989,0.7434023548518067,0.7883020515058926,0.7815845824411135,0.7590583891068544,0.7955981695358466,0.7654182552141736,0.7827505827505827,0.7841691248770895,0.8350930115635998,0.8026740433379438,0.7672826830937713,0.79559902200489,0.7526909950118141,0.807177033492823,0.777096562294723,0.8005735715861461,0.8168527918781726,0.7385534173855341,0.7781065088757396,0.8255865427180168,0.7624152264274776,0.7887911069939787,0.7897977132805629,0.8228346456692913,0.7844744455159113,0.6997555012224939,0.7688108236411109,0.3271619975639464,0.0,0.808212785814279,0.6890170632059601,0.28129356007805967,0.7112546125461254,0.21534352998300557,0.8058114812189936,0.7663528843832971,0.7826982492276005,0.7416020671834626,0.7027088549965855,0.810129679471495,0.7803118454735862,0.7711258278145695,0.7669549385525717,0.714866581956798,0.7507598784194529,0.1656441717791411,0.7824487651077247,0.8198581560283688,0.7142857142857143,0.8179043743641913,0.7631887456037515,0.7196728759654702,0.7736114366065151,0.25082424549835153,0.776678445229682,0.8146458583433374,0.19097306479009948,0.8254662675569883,0.25536639526276833,0.2578616352201258,0.7902321857485989,0.7270044269552386,0.7853164556962026,0.7167403043691704,0.2645698427382054
syn_Ni_0005,0.552999548940009,0.8481262327416174,0.6426640452199558,0.6488135593220339,0.6830026296916089,0.8670505103376079,0.6934539648749335,0.6606385353873633,0.8570734078755469,0.5438066465256798,0.5645882102575016,0.8330907326540514,0.5658250676284942,0.5588715318256003,0.5597722960151803,0.8377265238879736,0.5567375886524822,0.5339946769900799,0.8479943701618579,0.843770745740208,0.8573706994759627,0.681042654028436,0.6743371685842922,0.36745138178096215,0.8425492033739457,0.6679805239972177,0.5417910447761194,0.8614602834982615,0.36982968369829683,0.6584389593062041,0.5388751960564643,0.31081359423274973,0.8422826331161537,0.532865027596588,0.2801258992805755,0.8533659186847368,0.687382297551789,0.541313086199196,0.34171656686626745,0.5546836684649338,0.5791044776119403,0.5848419020033792,0.7893432465923172,0.808212785814279,0.0,0.5868980689318015,0.8259880580039807,0.5986872948898265,0.8216843665102495,0.6310353110737449,0.5909648907439234,0.5962244362873623,0.5978027227131598,0.6076798519546611,0.22180731889469754,0.609652235628105,0.5924426450742241,0.6156336725254394,0.608796895213454,0.6020917518421678,0.8365434669442998,0.5936830835117773,0.19951923076923078,0.6031481039828285,0.22320041429311238,0.5966626936829559,0.5987996306555863,0.6345008339289969,0.8254583010586108,0.6158083832335329,0.20781440781440783,0.81189829671686,0.2258366487245495,0.7991463720813458,0.8388625592417062,0.34348653793853684,0.6296296296296297,0.6242268041237113,0.6118881118881119,0.8349788434414669
syn_Ni_0006,0.5511719656532839,0.7308572882218265,0.5593306288032455,0.5451162790697675,0.559388861508132,0.7775974025974026,0.5513349848609964,0.5360587965089573,0.7573326648282778,0.5426923929917942,0.5710537822474858,0.7343007255441582,0.5439573184875899,0.5619596541786743,0.5647466435686445,0.7345170154301416,0.5468429450649647,0.5533932135728543,0.751087481875302,0.7200728265817024,0.7523452157598499,0.5536019536019536,0.5507358636715725,0.6330954269098599,0.7470432054067101,0.5377268385864374,0.5568677792041078,0.7537354731599336,0.6255959849435383,0.5379688929551693,0.5472568003688336,0.6038054968287526,0.7165973185390662,0.54001554001554,0.604441360166551,0.746800731261426,0.57070094591317,0.5244658855961406,0.6245649948822928,0.5694409309385277,0.17689345314505778,0.5136884021901443,0.6424552429667519,0.6890170632059601,0.5868980689318015,0.0,0.6933962264150944,0.2528374788698382,0.6860346585117227,0.5636453689945518,0.5091185410334347,0.5386283545676335,0.1964549483013294,0.18866126727012864,0.6438848920863309,0.538274012676743,0.49050279329608937,0.5184567754227197,0.22032085561497325,0.2920137187653111,0.741727199354318,0.4965383550263085,0.59454770755886,0.25958702064896755,0.6205512443136205,0.5336609336609337,0.19039695745186594,0.5343811394891945,0.7033084311632871,0.5234567901234568,0.6125944584382872,0.6785532348446256,0.6027000964320154,0.6780715396578538,0.7446562680531484,0.5945945945945946,0.27202273314389047,0.5584553928095872,0.2451662799690642,0.6866069266166142
syn_Ni_0007,0.8265060240963855,0.7456061960083408,0.7590504451038576,0.7799248523886205,0.7910447761194029,0.769378603459321,0.7862046420398823,0.8058201058201058,0.7546120058565153,0.8180432020330368,0.833,0.78965819456617,0.8057265185978058,0.8239554317548746,0.8140454995054401,0.76088525378879,0.8137949121426699,0.7990681421083284,0.7564534231200898,0.7989528795811518,0.77289972899729,0.7835842090315251,0.798726886935435,0.8441882206294796,0.7937797702437658,0.7797454344216934,0.8060825052694971,0.7467105263157895,0.8188214599824098,0.7840968931016324,0.8140276301806588,0.836381135707411,0.7515991471215352,0.7986005476118041,0.834089090424113,0.7680168332456602,0.8027613412228797,0.8105318867425245,0.8418000463929483,0.8040840485350695,0.701294790725685,0.7857142857142857,0.3776978417266187,0.28129356007805967,0.8259880580039807,0.6933962264150944,0.0,0.7129240257919821,0.2662686567164179,0.812933025404157,0.7777119146413752,0.797752808988764,0.7557339449541285,0.7124724061810155,0.8179626280892104,0.7902494331065759,0.7731204258150366,0.7870344827586206,0.7163613392293114,0.7679589509692132,0.2529430480432708,0.7833388212051366,0.8243282288355966,0.7115054378935318,0.8141005374644324,0.7665903890160183,0.7214423341590972,0.7844482561463694,0.29678638941398866,0.7836593785960875,0.823321554770318,0.26968973747016706,0.8332400671516508,0.3702801461632156,0.24653739612188366,0.7985224983210208,0.721565059144677,0.8025778057214712,0.7210287443267777,0.36427566807313644
syn_Ni_0008,0.5865298840321141,0.7384315635655139,0.5926195678562758,0.5879329608938547,0.6059532246633593,0.7959183673469388,0.5961134453781513,0.587105321262972,0.7636887608069164,0.5678906917164817,0.5940197936407665,0.725790987535954,0.5720017833259028,0.5833141276791888,0.586897558940121,0.713819812474521,0.5778167470407716,0.561558689935453,0.7672153953164851,0.7102210549354344,0.7715701734624916,0.6023419203747072,0.5849802371541502,0.6483072258716523,0.729041222788328,0.5906486362594545,0.5734643734643735,0.7682765901293217,0.6375,0.5808225203430833,0.5630401063594062,0.6114169215086647,0.713841368584759,0.5584737363726462,0.6038239217429969,0.7459898923313557,0.6170311772917636,0.5424028268551236,0.6051383399209486,0.5828488372093024,0.21916461916461916,0.4633913665633198,0.6729498164014688,0.7112546125461254,0.5986872948898265,0.2528374788698382,0.7129240257919821,0.0,0.708709441327153,0.4929978637550439,0.4601018675721562,0.4684265010351967,0.2390842577295256,0.23210610564829637,0.6469141873616917,0.48047696983867194,0.4455392809587217,0.4741655235482396,0.2684546615581098,0.21822879962414846,0.7548818088386434,0.4410987849973587,0.5990498812351543,0.18548197030403016,0.6329243353783232,0.4972909305064782,0.22044728434504793,0.482458205792324,0.7114453224573031,0.4802366863905325,0.6260554885404102,0.6986100950987564,0.6150821188989128,0.6900570295065708,0.7552928237558427,0.6147035148913335,0.19574888779041028,0.49720101781170484,0.21361618154908732,0.7016728624535316
syn_Ni_0009,0.8204827747832201,0.7361789663152482,0.7493593029215787,0.765147956787224,0.7853585657370518,0.7772304324028462,0.7833472570314676,0.7949907235621522,0.7582974410945021,0.8079247817327065,0.8217122683142101,0.7901390644753477,0.7952682126961818,0.8083454633672974,0.8151223776223776,0.7436553636169759,0.8020713463751439,0.789208270297529,0.75830078125,0.7950367647058824,0.7655139744197063,0.775968418455465,0.7864787261811538,0.8358727612937717,0.8015118263838088,0.7674867342016402,0.8063846353490787,0.7379619260918253,0.8204412883591174,0.7801385681293302,0.8063314711359404,0.8255119453924915,0.7315592903828197,0.7905210788164441,0.8304134548002803,0.7646515920627596,0.7926978681695663,0.7944792391556483,0.8344001651868677,0.7934032216824342,0.6953023617960031,0.761569416498994,0.25232678386763185,0.21534352998300557,0.8216843665102495,0.6860346585117227,0.2662686567164179,0.708709441327153,0.0,0.7977977977977978,0.7613927291346646,0.7855771867288182,0.7283582089552239,0.697786333012512,0.8088311688311688,0.7783251231527094,0.7682306387789711,0.7690642290113062,0.6987560843699296,0.7465346534653465,0.21904761904761905,0.7730456710563183,0.8221888304532933,0.7143566815697964,0.8197564276048714,0.7591857000993049,0.7142857142857143,0.7687344913151365,0.20669185105234755,0.7719560878243513,0.8167006109979633,0.22914521112255407,0.8270823185582075,0.2720125786163522,0.23625730994152047,0.7988603988603988,0.7111517367458866,0.7947751144626987,0.7159238988793328,0.2659652556887693
syn_Ni_0010,0.6594384843643004,0.8291281538845866,0.6967131474103586,0.6999085086916743,0.7273607748184019,0.8466029723991507,0.7236167341430499,0.7058291911432445,0.834523516375277,0.6389434621261734,0.6594920361601377,0.8289506021135414,0.6417978553502167,0.6558073654390935,0.6302771855010662,0.8230272746200291,0.6371383718322494,0.6284313725490196,0.8237529691211402,0.8275862068965517,0.8261070110701108,0.7273818094552436,0.7130544993662864,0.6555123216601816,0.8310794780545671,0.7065727699530516,0.6420468868162339,0.817688551275095,0.6598471777175252,0.7088208820882088,0.6276643990929706,0.6351520199916701,0.8190086402910414,0.6064073226544623,0.6282138794084187,0.8345323741007195,0.7411203814064362,0.6189830508474576,0.6332459148678636,0.6367701863354037,0.5124779430299975,0.22982885085574573,0.784028126569563,0.8058114812189936,0.6310353110737449,0.5636453689945518,0.812933025404157,0.4929978637550439,0.7977977977977978,0.0,0.24228855721393036,0.20978463174687584,0.5394291243347847,0.5573770491803278,0.6649848637739657,0.16722568279827504,0.25301204819277107,0.20252868180753922,0.5587618048268626,0.5416466056812711,0.8326735286355239,0.23812109693184905,0.6196737277818359,0.48357487922705317,0.6482016277238121,0.19362626750362144,0.5251226922178079,0.16312741312741313,0.8,0.1615720524017467,0.6358238495794162,0.806903451725863,0.6180094786729858,0.7903307888040713,0.8268251273344652,0.6561810154525386,0.521683996956632,0.19362424875881892,0.5165780814983548,0.7924303737205427
syn_Ni_0011,0.6150081566068516,0.8027089189879888,0.6500254712175242,0.6637085474077534,0.7024752475247524,0.8129418162044589,0.7006915629322268,0.6637453874538746,0.8106270460841098,0.5836116677800045,0.5943810359964882,0.821060567981905,0.6044723969252271,0.6049204052098408,0.5752173913043478,0.803946530872056,0.5898374914168002,0.5764411027568922,0.8111650485436893,0.8185557586837294,0.8073480923221856,0.6884964434633308,0.6747081712062257,0.6260292164674635,0.8264242424242424,0.6719424460431654,0.5940159917461955,0.7981090100111234,0.6228888328711873,0.6752411575562701,0.5740740740740741,0.5946519524617997,0.7948003714020427,0.5633619568045798,0.5944250871080139,0.8191831115190454,0.697442143727162,0.5824682814302191,0.5940004109307582,0.6025412960609912,0.47381996388960534,0.2015,0.7538540596094553,0.7663528843832971,0.5909648907439234,0.5091185410334347,0.7777119146413752,0.4601018675721562,0.7613927291346646,0.24228855721393036,0.0,0.2132933805502588,0.49752720079129575,0.5277511961722487,0.6169334021683015,0.20763956904995104,0.18921953958450308,0.24037311647931117,0.5212251477700162,0.5162401574803149,0.8075155447418221,0.20679098246590594,0.5792880258899676,0.45135802469135805,0.6058080129066954,0.22211253701875616,0.48436380997851514,0.24222989639861864,0.774798927613941,0.23214285714285715,0.6017206477732794,0.7809621289662231,0.5806295399515738,0.7692708333333333,0.7921022067363531,0.620826259196378,0.48351933558266286,0.21006154669521007,0.4788914788914789,0.7703721722208708
syn_Ni_0012,0.6299603174603174,0.8199233716475096,0.6656667575674938,0.6843151876708924,0.7021951864586088,0.8338695525007312,0.6942789034564958,0.6791758646063282,0.8259698275862069,0.6110586011342155,0.6397486618571097,0.8188172043010753,0.623202776400595,0.621301775147929,0.6088458880442295,0.8123035473731477,0.6131386861313869,0.5947467166979362,0.8192178192178192,0.8207432596550887,0.81740657135691,0.6998428496595076,0.6824249165739711,0.6292070735881347,0.8354888773926539,0.6844796727179749,0.6130458817025981,0.8160023973629008,0.6316073354908306,0.684004884004884,0.6060083723220882,0.6146418145070739,0.8127932822919239,0.5814732142857143,0.597132970835393,0.826787021224689,0.7134685387415497,0.5942100098135427,0.6111111111111112,0.6169749727965179,0.4930901050304035,0.1937984496124031,0.7660335810624828,0.7826982492276005,0.5962244362873623,0.5386283545676335,0.797752808988764,0.4684265010351967,0.7855771867288182,0.20978463174687584,0.2132933805502588,0.0,0.5159841479524439,0.5455241009946442,0.6243430152143845,0.22562091503267973,0.20375416288222828,0.2345741968383478,0.5177591683511407,0.5185282522996058,0.8133720930232559,0.22495500899820037,0.5891431612559872,0.45555262463729884,0.6121387283236994,0.23174268389137886,0.5038167938931297,0.23372859025032938,0.7775857101699798,0.22926053538298435,0.6035743298131601,0.7917237599342286,0.6088865926117283,0.7793912314995811,0.8021978021978022,0.6146564885496183,0.4969393433500278,0.1926394479585969,0.5019433647973348,0.7923156801661475
syn_Ni_0013,0.5668558456299659,0.778495157685622,0.5861386138613861,0.5741583257506825,0.5936446798266731,0.8227848101265823,0.5961383748994369,0.5653932584269663,0.788984088127295,0.5413680781758957,0.5798715203426125,0.7654532128023455,0.5534377127297482,0.5746478873239437,0.5651251591005515,0.7588564325668117,0.5547624358688378,0.5526315789473685,0.7907416154936231,0.7483296213808464,0.8022935779816514,0.5924600334049153,0.5862937767699673,0.6401134312967259,0.7716442557206888,0.5709617180205415,0.566023552994237,0.7929919137466307,0.6197010536633178,0.55863921217547,0.5498421290031574,0.5955242436800663,0.751696065128901,0.5350012635835228,0.5953835709436525,0.7795169946332737,0.6098601564351742,0.5369746010339402,0.6000803051596065,0.5663126697950112,0.18767226259082936,0.5094798249878464,0.6615077383924114,0.7416020671834626,0.5978027227131598,0.1964549483013294,0.7557339449541285,0.2390842577295256,0.7283582089552239,0.5394291243347847,0.49752720079129575,0.5159841479524439,0.0,0.18910107126222636,0.6534603811434303,0.5197713196760362,0.48639825897714906,0.510128055878929,0.21949947862356622,0.2546673049305888,0.7828481510621558,0.4901537631507958,0.6097797143548778,0.2473583093179635,0.635794416905818,0.5319251080172828,0.17499419009993028,0.5287907869481766,0.754942767950052,0.5171249397009166,0.6286276438760453,0.7220288413724515,0.6126295947219604,0.721800708143652,0.8004496908375491,0.6129385964912281,0.24628182505671792,0.5419371591794339,0.23169811320754716,0.7306508875739645
syn_Ni_0014,0.5820303897819864,0.735767475378333,0.560823754789272,0.5736981465136805,0.5766899766899767,0.7866598778004074,0.5803363518758086,0.5643262102049716,0.7564558161573087,0.5676017717781059,0.5913441531419059,0.7261764010404351,0.5672463130090248,0.5937215650591446,0.5839175257731959,0.7316139431795285,0.5722017752760338,0.5820754716981132,0.7528604118993135,0.7107652399481194,0.770017793594306,0.5729142593020569,0.5746650426309379,0.6587795765877957,0.7412571428571428,0.5615384615384615,0.5900169614732251,0.765470618824753,0.6580507469765235,0.5490877497827976,0.5724288840262582,0.6255542120112858,0.7222465993856955,0.5670657219643294,0.6228320526893524,0.7486979166666666,0.5967853042479908,0.5476553980370774,0.6427594293531366,0.6004778972520908,0.1955415556094015,0.5228235294117647,0.668276195074843,0.7027088549965855,0.6076798519546611,0.18866126727012864,0.7124724061810155,0.23210610564829637,0.697786333012512,0.5573770491803278,0.5277511961722487,0.5455241009946442,0.18910107126222636,0.0,0.6527643064985451,0.5500692201199815,0.5136411332633788,0.5165876777251185,0.24420946626384693,0.25961984237366714,0.7503165358318562,0.5097580015612803,0.620810874150457,0.26,0.654320987654321,0.5406787540678754,0.17864383870241046,0.5478624535315985,0.7165829145728643,0.5502101821578702,0.638267491670633,0.6868686868686869,0.6310502283105023,0.6904645476772616,0.7563616675690309,0.6474630021141649,0.2517669997562759,0.5485327313769752,0.25273656044757964,0.6908965833524421
syn_Ni_0015,0.5744982290436836,0.8319937775473165,0.6490956072351421,0.6587789872219593,0.6872489959839357,0.8470458310325787,0.6982298398426524,0.652803738317757,0.8365261813537676,0.5670800450958287,0.592,0.8149375477950548,0.581307528911966,0.5819070904645477,0.5845070422535211,0.8174790637749624,0.5761650823092975,0.5551601423487544,0.8267716535433071,0.825,0.8367541766109785,0.6791842825167869,0.6741247696762306,0.35885683472634133,0.8171540919144753,0.6650461837627613,0.574456948442816,0.831638418079096,0.35822040398874966,0.6533271288971615,0.5647279549718575,0.3268900343642612,0.8137347130761995,0.5463427515183522,0.311838079548129,0.8414690841469085,0.6972091874536923,0.5723299836410376,0.36312616919559343,0.5689610724413509,0.6377911541481288,0.6272819472616633,0.7893639207507821,0.810129679471495,0.22180731889469754,0.6438848920863309,0.8179626280892104,0.6469141873616917,0.8088311688311688,0.6649848637739657,0.6169334021683015,0.6243430152143845,0.6534603811434303,0.6527643064985451,0.0,0.6439920556107249,0.6320593268682259,0.6358787878787879,0.6590289143480633,0.6656686626746507,0.8331045841339555,0.6307605315238903,0.22090381216864427,0.657486229344016,0.22413322413322415,0.6196196196196196,0.6593273651100895,0.6653326663331666,0.8149156232988568,0.6579476861167002,0.2068788501026694,0.8177570093457944,0.25773195876288657,0.7949260042283298,0.8376623376623377,0.33870040253018974,0.6797471688174875,0.6462917685411573,0.6657030223390276,0.8313193588162762
syn_Ni_0016,0.6319460067491564,0.8042783378411605,0.6799019607843138,0.6825969341749324,0.7153075822603719,0.8262004175365344,0.7134518439904484,0.6837416481069042,0.8143030303030303,0.6258342303552207,0.6314225053078556,0.8117590128236148,0.6298628288733978,0.6381395348837209,0.6125368111064367,0.8011095130470516,0.6237010833517577,0.6138996138996139,0.814225549836219,0.8154525386313466,0.8177272727272727,0.706925076813992,0.6966824644549763,0.642255677468742,0.8214536106566955,0.6882516188714154,0.6338377573803027,0.8037333333333333,0.6510555690366416,0.6925465838509317,0.6110862762628521,0.6218660090423346,0.8005378753922008,0.5906930197648236,0.6129176945503476,0.8138297872340425,0.7248180324019723,0.6034751615059033,0.6132244572794264,0.6272927366104182,0.4988836516993302,0.21136254212806932,0.7716262975778547,0.7803118454735862,0.609652235628105,0.538274012676743,0.7902494331065759,0.48047696983867194,0.7783251231527094,0.16722568279827504,0.20763956904995104,0.22562091503267973,0.5197713196760362,0.5500692201199815,0.6439920556107249,0.0,0.24865446716899892,0.18662053056516725,0.5474716202270382,0.5239449976292082,0.8162470801972489,0.22871630637843607,0.6029729081754975,0.4752616555661275,0.6374903175832688,0.178792201616738,0.5012664057103384,0.15304182509505704,0.7868177136972193,0.15862398471094125,0.6264003896736483,0.7887740029542097,0.5994397759103641,0.7826740110165248,0.7954419121734296,0.6409978308026031,0.5018717244821562,0.18735543562066306,0.4963885429638854,0.7805392731535756
syn_Ni_0017,0.6257965842467499,0.8256699576868829,0.6728499156829679,0.6775677056719469,0.7091503267973857,0.8356495468277946,0.7061903295349553,0.6794354838709677,0.8312517346655565,0.6080523890371089,0.6246418338108882,0.8310717252838549,0.6229299363057325,0.6363155108523028,0.6049149338374291,0.8200230149597239,0.6115971007248188,0.6040861402540033,0.8294243070362474,0.8268463073852296,0.8272305312016504,0.6996495012132651,0.687983940349871,0.6332057697968796,0.8328453553367048,0.6870068385060495,0.6192647477913935,0.8228004956629492,0.6560155598777438,0.6848971399899649,0.603744939271255,0.6247697974217311,0.8162436548223351,0.5850359712230215,0.6062992125984252,0.8416040100250627,0.7238426545357238,0.5956642298966474,0.617692820626806,0.6260162601626016,0.4499857509261898,0.24284140969162996,0.7678774120317821,0.7711258278145695,0.5924426450742241,0.49050279329608937,0.7731204258150366,0.4455392809587217,0.7682306387789711,0.25301204819277107,0.18921953958450308,0.20375416288222828,0.48639825897714906,0.5136411332633788,0.6320593268682259,0.24865446716899892,0.0,0.26357199055861524,0.509242695289207,0.5032467532467533,0.7982587811468027,0.18511627906976744,0.5916689503973691,0.42585551330798477,0.6210086541330946,0.250271444082519,0.4682020413504318,0.2696690179055887,0.7721594289113622,0.24781659388646288,0.6166294642857143,0.7779661016949152,0.6049973418394471,0.7632488479262672,0.782184655396619,0.6342387871130765,0.46169296987087516,0.21460373998219057,0.4640709991411394,0.7723751001870157
syn_Ni_0018,0.6345222369000441,0.8078770413064361,0.6605219056739287,0.6796823295830576,0.7068282451642973,0.8467803512344108,0.7066735644076565,0.6760409853935033,0.8261487446707722,0.611978068325601,0.6342833368004993,0.8132387706855791,0.6197183098591549,0.625653854901069,0.6042053184910328,0.798146655922643,0.6212121212121212,0.6071681207262438,0.8206360100663463,0.8115409552625892,0.8181009561930176,0.6894639556377079,0.6829030686799805,0.6618525896414342,0.823126142595978,0.6756389957023298,0.6201550387596899,0.8180400311931375,0.6505452821242295,0.6790445168295332,0.6066506234959528,0.6244207132782591,0.8039043649923229,0.592085979482169,0.6167690956979807,0.8216532870470818,0.7107438016528925,0.6009594417793284,0.6271981242672919,0.634495938843765,0.49273255813953487,0.2105386967772289,0.7586290127926624,0.7669549385525717,0.6156336725254394,0.5184567754227197,0.7870344827586206,0.4741655235482396,0.7690642290113062,0.20252868180753922,0.24037311647931117,0.2345741968383478,0.510128055878929,0.5165876777251185,0.6358787878787879,0.18662053056516725,0.26357199055861524,0.0,0.528316133903851,0.5151796060254925,0.7959493670886076,0.2700312174817898,0.6110590440487348,0.46617065798651475,0.6322418136020151,0.17964211015570533,0.4990990990990991,0.186527293844367,0.7628736498367245,0.2014942797104833,0.6236021889126814,0.7792738639095936,0.6165259073270942,0.7668051821070643,0.8002706359945873,0.6443857331571995,0.4946393762183236,0.19307923771313942,0.49464980544747084,0.7785419532324622
syn_Ni_0019,0.5949057065882929,0.7630229419703104,0.5976331360946746,0.5930289641629848,0.6080375782881002,0.801729106628242,0.5931904901673026,0.5910852713178295,0.7815572681371247,0.5816016810646742,0.6145354185832567,0.7708830548926014,0.5769889840881273,0.5921787709497207,0.6024590163934426,0.7518312985571587,0.5875991348233598,0.5885774722369117,0.7653374233128835,0.7562380038387716,0.7756315007429421,0.607650555699147,0.6128324650397587,0.6317121169524881,0.7855501659433239,0.5870772337203433,0.5846279640228945,0.769185360094451,0.6110667730779462,0.5909310178485288,0.5821984435797666,0.6234458259325044,0.7502439024390244,0.5636863823933975,0.6119111545032951,0.7681927710843374,0.6381832178598922,0.5585170826266053,0.6243829147885812,0.5932385296485109,0.22921777050967565,0.520042194092827,0.6503800217155266,0.714866581956798,0.608796895213454,0.22032085561497325,0.7163613392293114,0.2684546615581098,0.6987560843699296,0.5587618048268626,0.5212251477700162,0.5177591683511407,0.21949947862356622,0.24420946626384693,0.6590289143480633,0.5474716202270382,0.509242695289207,0.528316133903851,0.0,0.29771784232365145,0.754798052134059,0.5054652880354505,0.6156471514833289,0.2889120249869859,0.6399886072344062,0.5431841831425598,0.2650087917608641,0.5455018200728029,0.7285633162975582,0.5282426778242678,0.6399572649572649,0.7016216216216217,0.6338602753697093,0.7048458149779736,0.7632880098887516,0.6019242333132893,0.26694101508916324,0.56474922074242,0.2723788666849165,0.7125288239815527
syn_Ni_0020,0.5855367231638418,0.7514208055349642,0.5926108374384237,0.5942028985507246,0.6046957355055103,0.8011542497376705,0.6116297679381169,0.5914988814317673,0.7734470158343484,0.571027027027027,0.5863539445628998,0.7359591539022611,0.5672012649649876,0.5855140186915888,0.5893536121673004,0.7194140705591088,0.5816122584943371,0.562560620756547,0.7809120827456512,0.7263858093126386,0.773972602739726,0.608644027546901,0.6084231637001755,0.6568350859194665,0.7412538154496361,0.5947955390334573,0.5721765145848915,0.7764075067024129,0.6420385271884906,0.5877896613190731,0.568926807364167,0.6153528683450268,0.7303016659162539,0.5574553683681167,0.6080198242847488,0.7617987533392698,0.6305732484076433,0.5385992392034012,0.6312737452509498,0.5797493241582699,0.2819745699326851,0.4881470730527334,0.7252856433184302,0.7507598784194529,0.6020917518421678,0.2920137187653111,0.7679589509692132,0.21822879962414846,0.7465346534653465,0.5416466056812711,0.5162401574803149,0.5185282522996058,0.2546673049305888,0.25961984237366714,0.6656686626746507,0.5239449976292082,0.5032467532467533,0.5151796060254925,0.29771784232365145,0.0,0.8001565353509,0.4955728467936678,0.6034690436039508,0.22609942638623326,0.6542953542694004,0.5298614429049212,0.2768910478834143,0.5219675262655206,0.7562111801242236,0.5189630340854536,0.6392559960841899,0.7466600692726373,0.6327392120075047,0.7352793155510821,0.7847959754052544,0.6259541984732825,0.2345121645347379,0.5427538103849134,0.23704630788485606,0.7517078916372203
syn_Ni_0021,0.8448275862068966,0.755024443237371,0.7899864682002706,0.808442359911133,0.8230506694670517,0.7917029300841312,0.8156028368794326,0.8377588306942753,0.7695187165775401,0.8370892018779342,0.8478612716763005,0.8217716115261473,0.8193008370260956,0.8329501915708812,0.8416113527122911,0.7728692547969657,0.833252779120348,0.8233572758712423,0.7660066855232708,0.8272617611580217,0.785305105853051,0.8101924076963078,0.815121412803532,0.8715336728919072,0.8351309707241911,0.805026656511805,0.8233680746023039,0.7616641901931649,0.8404710920770878,0.8117875333495028,0.8361457569087797,0.8504798036152644,0.7620799607554575,0.8250276854928018,0.8532155130093274,0.7882238914465713,0.8213732576148683,0.8279727095516569,0.8546160483175151,0.8309935205183585,0.7487657707076248,0.8057840275935262,0.35099699535646,0.1656441717791411,0.8365434669442998,0.741727199354318,0.2529430480432708,0.7548818088386434,0.21904761904761905,0.8326735286355239,0.8075155447418221,0.8133720930232559,0.7828481510621558,0.7503165358318562,0.8331045841339555,0.8162470801972489,0.7982587811468027,0.7959493670886076,0.754798052134059,0.8001565353509,0.0,0.8114217727543129,0.8409931325937665,0.757528148730034,0.8394495412844036,0.7911541481287621,0.7675593734209196,0.8080041851948732,0.2072020577307802,0.8079452775585372,0.8312281644719162,0.21512102257274954,0.8532957168504745,0.2745912995289554,0.2262682850918145,0.8159249167423555,0.7553837658752071,0.8237307472903593,0.7608815426997245,0.3
syn_Ni_0022,0.6176024279210925,0.8126398210290827,0.6723321259403734,0.6613434727503169,0.7007831487982716,0.8263992816521999,0.6943258084197681,0.6774193548387096,0.8183819482663731,0.6076071256620125,0.6112822943825551,0.8110928061504667,0.6081900910010111,0.6182725124704647,0.5984048791930565,0.8098720292504571,0.5962301587301587,0.5926635641938133,0.8139043087496696,0.8202525377568705,0.8168329496034792,0.6962566844919786,0.6822057987492893,0.6254375729288215,0.82259767687434,0.6796243151578398,0.6050847457627119,0.8073028536360847,0.6385674931129477,0.6843415484192183,0.5937735375345217,0.6073142857142857,0.8086124401913876,0.5704506560182544,0.5877016129032258,0.8244217856254663,0.7064755838641189,0.5802901450725363,0.6022075055187638,0.6092273485269594,0.4548022598870056,0.23505323505323505,0.7586497890295358,0.7824487651077247,0.5936830835117773,0.4965383550263085,0.7833388212051366,0.4410987849973587,0.7730456710563183,0.23812109693184905,0.20679098246590594,0.22495500899820037,0.4901537631507958,0.5097580015612803,0.6307605315238903,0.22871630637843607,0.18511627906976744,0.2700312174817898,0.5054652880354505,0.4955728467936678,0.8114217727543129,0.0,0.5782608695652174,0.4290331268516025,0.602602010644589,0.25114401076716014,0.4657320872274143,0.2628463814904493,0.7771883289124668,0.2503382949932341,0.5994467496542185,0.7843741248949874,0.5918797785394148,0.7653439908649728,0.7817830704859994,0.6065060994682515,0.459613196814562,0.23647058823529413,0.46538024971623154,0.7668256491785903
syn_Ni_0023,0.5719506624029237,0.837,0.6531273361574882,0.6557564660105287,0.6801550763266295,0.8539176626826029,0.6920583468395461,0.6586027583088402,0.8437654016757024,0.5578855395369157,0.5739823390049537,0.8278406296114117,0.589041095890411,0.5615402787621072,0.5634734371666311,0.8266666666666667,0.5785457809694794,0.5496688741721855,0.8369384359400999,0.8355366345507507,0.8439879990768521,0.6772334293948127,0.6666666666666666,0.35358255451713394,0.8328584995251662,0.6711299036880433,0.557013118062563,0.8392614716263915,0.3571780957079428,0.6662913758162576,0.5402768323122306,0.30402167118149614,0.8284414106939704,0.5399491094147583,0.27641165755919855,0.8465691788526434,0.691793893129771,0.5517865219357757,0.3229713362939039,0.5614122327200398,0.5887991927346115,0.5654514313677514,0.8034682080924855,0.8198581560283688,0.19951923076923078,0.59454770755886,0.8243282288355966,0.5990498812351543,0.8221888304532933,0.6196737277818359,0.5792880258899676,0.5891431612559872,0.6097797143548778,0.620810874150457,0.22090381216864427,0.6029729081754975,0.5916689503973691,0.6110590440487348,0.6156471514833289,0.6034690436039508,0.8409931325937665,0.5782608695652174,0.0,0.613246313753928,0.20126116657908566,0.5902391882097124,0.608044901777362,0.6073412219270707,0.8260413937647367,0.6173828599174557,0.19584055459272098,0.8222778473091364,0.23405264405975812,0.805449452508276,0.8391390540923251,0.3548743441038387,0.6263959390862944,0.6192468619246861,0.605369807497467,0.838970938542163
syn_Ni_0024,0.5951031512128769,0.7604760724026779,0.59268413247652,0.6097228532485234,0.6206730769230769,0.8104265402843602,0.6214190093708166,0.6090664272890485,0.7765827426057199,0.5792669702884407,0.5996578272027374,0.7428641131983411,0.5821436664400634,0.5958743553680262,0.5987288135593221,0.7347403269190979,0.582089552238806,0.5761557177615572,0.779245283018868,0.7237544483985765,0.7842418689876317,0.6302120562306409,0.6145911949685534,0.6581724581724582,0.7507656065959953,0.6013986013986014,0.5881911433575181,0.7847147470398278,0.6422804012723269,0.6034868126955745,0.5833333333333334,0.6229304635761589,0.7330623306233063,0.5760787282361847,0.6221468926553673,0.7646270656543099,0.6383431952662721,0.5582491582491582,0.6053739723280529,0.5876695437731196,0.24243182386790094,0.44805825242718444,0.6884346959122633,0.7142857142857143,0.6031481039828285,0.25958702064896755,0.7115054378935318,0.18548197030403016,0.7143566815697964,0.48357487922705317,0.45135802469135805,0.45555262463729884,0.2473583093179635,0.26,0.657486229344016,0.4752616555661275,0.42585551330798477,0.46617065798651475,0.2889120249869859,0.22609942638623326,0.757528148730034,0.4290331268516025,0.613246313753928,0.0,0.6384475123730138,0.4865771812080537,0.24854954745880714,0.4710110206037374,0.7205194805194806,0.4662813102119461,0.6360510805500982,0.7100297914597815,0.6291764705882353,0.696969696969697,0.7648709315375982,0.6102900930487137,0.18952932292977598,0.47783251231527096,0.2032152725445868,0.7215788229732923
syn_Ni_0025,0.5857843137254902,0.8417071853052404,0.6565275908479139,0.6669123065585851,0.7007051449464612,0.857513700605711,0.6985898942420682,0.6683636363636364,0.8468085106382979,0.5887850467289719,0.6,0.8232484076433121,0.6055854973052426,0.5852604828462515,0.6003645477329688,0.8320746334962239,0.5930735930735931,0.5707859222016406,0.837810181632131,0.838655462184874,0.8498141263940521,0.6839110191412312,0.6750823271130626,0.3579065841305571,0.8354624425140521,0.6696135387724172,0.5804691762138571,0.843426883308715,0.3588924387646432,0.6809075549118996,0.5799464589924556,0.35481004221284157,0.8359775445447889,0.5671806167400881,0.31949193942354664,0.8432601880877743,0.7031330251669234,0.5834141610087293,0.3754295532646048,0.5784103114930182,0.6121112929623568,0.6093956188968065,0.7902743819614235,0.8179043743641913,0.22320041429311238,0.6205512443136205,0.8141005374644324,0.6329243353783232,0.8197564276048714,0.6482016277238121,0.6058080129066954,0.6121387283236994,0.635794416905818,0.654320987654321,0.22413322413322415,0.6374903175832688,0.6210086541330946,0.6322418136020151,0.6399886072344062,0.6542953542694004,0.8394495412844036,0.602602010644589,0.20126116657908566,0.6384475123730138,0.0,0.6271804217651653,0.6400201106083458,0.6362217017954723,0.8266552998010799,0.6576812352787228,0.1959369152632986,0.8209358939680822,0.24470528195968358,0.799944888399008,0.8348283328178163,0.3602166716822149,0.6556836902800659,0.638116846284742,0.6257534246575343,0.84
syn_Ni_0026,0.6229322456378881,0.8002478314745973,0.6709486166007905,0.6657584014532243,0.7039884670831331,0.8231578947368421,0.7072518062617072,0.6760879318079857,0.8118739311018812,0.5915889876436159,0.6241983753740915,0.806388685686418,0.6058890147225368,0.6223055295220243,0.5887335874629395,0.7931747673216132,0.6116677800044533,0.5977626459143969,0.8005657708628006,0.8065807025344598,0.8035714285714286,0.6884972612526792,0.6872014080965552,0.6310779521481863,0.8210501530492113,0.6817334575955266,0.6219054763690923,0.7988165680473372,0.6356077280508682,0.680071492403932,0.5974786132372805,0.5970211005378568,0.7977426636568848,0.5798234552332913,0.6006324824937881,0.8125,0.7194227584575349,0.5898586493156832,0.6111445179394668,0.6105496672418043,0.49687421855463865,0.21397379912663755,0.750373692077728,0.7631887456037515,0.5966626936829559,0.5336609336609337,0.7665903890160183,0.4972909305064782,0.7591857000993049,0.19362626750362144,0.22211253701875616,0.23174268389137886,0.5319251080172828,0.5406787540678754,0.6196196196196196,0.178792201616738,0.250271444082519,0.17964211015570533,0.5431841831425598,0.5298614429049212,0.7911541481287621,0.25114401076716014,0.5902391882097124,0.4865771812080537,0.6271804217651653,0.0,0.5096265367664115,0.19204980842911878,0.770508826583593,0.16899374097255657,0.6111929307805597,0.7727047146401985,0.5912511759172154,0.7587077233720343,0.7779024116657319,0.6230853391684902,0.5114465408805031,0.193573464628142,0.5159427567160432,0.7779352704937397
syn_Ni_0027,0.5560439560439561,0.75215723873442,0.5651135005973715,0.5564853556485355,0.5761805070946732,0.8044196088392177,0.5756324212700051,0.5638737758433079,0.7706855791962175,0.5469473684210526,0.5725856697819315,0.7428032090608778,0.5487697715289982,0.5768444948921679,0.5599917678534678,0.7425583266291231,0.5561797752808989,0.5646034361026124,0.7693537337291619,0.7303128371089536,0.7798002219755827,0.5696494464944649,0.563441905687895,0.6496023856858847,0.7468065693430657,0.5497855046285843,0.5633462282398453,0.775875486381323,0.6389020350212967,0.5447647951441578,0.5601659751037344,0.6101388050694025,0.7346179111013794,0.5563139931740614,0.6165644171779141,0.7582846003898636,0.5898258478460129,0.5350457117979974,0.6071010534529848,0.5793991416309013,0.17311411992263057,0.48485559990608124,0.6762225969645869,0.7196728759654702,0.5987996306555863,0.19039695745186594,0.7214423341590972,0.22044728434504793,0.7142857142857143,0.5251226922178079,0.48436380997851514,0.5038167938931297,0.17499419009993028,0.17864383870241046,0.6593273651100895,0.5012664057103384,0.4682020413504318,0.4990990990990991,0.2650087917608641,0.2768910478834143,0.7675593734209196,0.4657320872274143,0.608044901777362,0.24854954745880714,0.6400201106083458,0.5096265367664115,0.0,0.5172733596104799,0.7302582100777137,0.4961547424842694,0.6347660888150083,0.7077033837293016,0.6222374117110959,0.6969992681141742,0.7634350526600054,0.6219351436857369,0.25680933852140075,0.521021021021021,0.23737864077669904,0.7098398169336384
syn_Ni_0028,0.6462061155152888,0.8087688877879614,0.6879012345679012,0.6935996368588289,0.7146974063400576,0.8332456601788533,0.7186413479539984,0.7004484304932735,0.8202686202686202,0.6325027085590466,0.6448717948717949,0.815744577138679,0.6468191079918497,0.6501170960187354,0.6202370872142252,0.8011163944593757,0.6381037168929445,0.6193485658726301,0.8124410933081998,0.812,0.8123569794050344,0.7095929540585575,0.7019351595878361,0.6482386217536642,0.8305483643210168,0.6944573823940382,0.641089727568108,0.8155913978494623,0.6568076264971889,0.7016525234479678,0.617011701170117,0.6298593879239041,0.802797833935018,0.6037307789261407,0.6283585459471664,0.8174921909861669,0.7257034759990542,0.618748598340435,0.6333400120216389,0.6363636363636364,0.49112721819545113,0.21726479146459748,0.7634462151394422,0.7736114366065151,0.6345008339289969,0.5343811394891945,0.7844482561463694,0.482458205792324,0.7687344913151365,0.16312741312741313,0.24222989639861864,0.23372859025032938,0.5287907869481766,0.5478624535315985,0.6653326663331666,0.15304182509505704,0.2696690179055887,0.186527293844367,0.5455018200728029,0.5219675262655206,0.8080041851948732,0.2628463814904493,0.6073412219270707,0.4710110206037374,0.6362217017954723,0.19204980842911878,0.5172733596104799,0.0,0.7727036844836533,0.16987487969201154,0.6285574092247301,0.779265873015873,0.6177715091678421,0.7674066599394551,0.7954035874439462,0.651175505740842,0.5061604224289665,0.18777518777518779,0.48306148055207027,0.779456906729634
syn_Ni_0029,0.8284038132485945,0.7118233234581202,0.7632850241545893,0.7893189612934836,0.790625,0.7538815411155837,0.7909224011713031,0.8060928433268859,0.7305754441792628,0.8191563738056397,0.8333333333333334,0.7941254300079386,0.8006352308819936,0.8185504308160162,0.8245454545454546,0.7256813649457123,0.814823698728712,0.8015831134564644,0.7270408163265306,0.8012452107279694,0.736035590706871,0.7843693577508383,0.7838577291381669,0.8446002805049089,0.8063694267515924,0.783375314861461,0.8096274136524341,0.7167255594817432,0.8194850013273162,0.7881559942224362,0.8179611650485437,0.839095744680851,0.7176241480038948,0.8067526763656327,0.8406820950060901,0.746993746993747,0.7900128040973111,0.8079806529625151,0.8440111420612814,0.8109772423025435,0.7051944519989122,0.7747368421052632,0.32123510292524377,0.25082424549835153,0.8254583010586108,0.7033084311632871,0.29678638941398866,0.7114453224573031,0.20669185105234755,0.8,0.774798927613941,0.7775857101699798,0.754942767950052,0.7165829145728643,0.8149156232988568,0.7868177136972193,0.7721594289113622,0.7628736498367245,0.7285633162975582,0.7562111801242236,0.2072020577307802,0.7771883289124668,0.8260413937647367,0.7205194805194806,0.8266552998010799,0.770508826583593,0.7302582100777137,0.7727036844836533,0.0,0.7776617954070981,0.8176972281449894,0.25728155339805825,0.8402035623409669,0.31153846153846154,0.21516646115906288,0.8050389922015597,0.7278948809197919,0.7998303647158609,0.7186561048893745,0.31015085655842495
syn_Ni_0030,0.6335078534031413,0.8216687422166874,0.6732869910625621,0.6747262773722628,0.7049734427812651,0.8428571428571429,0.7040624159268227,0.6840919333032898,0.8325558556346673,0.6020030481166994,0.635465865178188,0.8274932614555256,0.6122866894197952,0.64030131826742,0.596767333049766,0.8139148494288682,0.624245135316484,0.6070381231671554,0.8199905258171483,0.8204555605180884,0.8229070837166513,0.7056712132089017,0.6967399545109931,0.6622704939229377,0.8348710669505559,0.6816479400749064,0.627544609198291,0.819902650081125,0.6603588105185549,0.6876122082585279,0.6060606060606061,0.625259659326963,0.8136054421768707,0.5842839036755386,0.6319491717721806,0.8322869955156951,0.7237936772046589,0.5997295469912103,0.6264842020527269,0.6239782016348774,0.48529781352098517,0.23013164310092638,0.7616424636955433,0.776678445229682,0.6158083832335329,0.5234567901234568,0.7836593785960875,0.4802366863905325,0.7719560878243513,0.1615720524017467,0.23214285714285715,0.22926053538298435,0.5171249397009166,0.5502101821578702,0.6579476861167002,0.15862398471094125,0.24781659388646288,0.2014942797104833,0.5282426778242678,0.5189630340854536,0.8079452775585372,0.2503382949932341,0.6173828599174557,0.4662813102119461,0.6576812352787228,0.16899374097255657,0.4961547424842694,0.16987487969201154,0.7776617954070981,0.0,0.6443019240256537,0.7770573566084789,0.6148393194706995,0.7686453576864536,0.7930062041737168,0.6441144114411441,0.5039190897597977,0.2034383954154728,0.49634115569013376,0.7863755043911702
syn_Ni_0031,0.539067934152562,0.8383735705209657,0.6362715298885512,0.6477695167286245,0.6804529788281635,0.8535135135135136,0.6920538905691505,0.6544286369894446,0.8477335336839469,0.5435408818967428,0.5526430755788554,0.8215446138465383,0.5559675550405562,0.5479846449136276,0.552141929900476,0.8280887011615629,0.5358688225916648,0.5259222333000997,0.840656687590536,0.8376534788540245,0.8425492033739457,0.6769943888753355,0.6595305648697446,0.34512806971217325,0.8312032794791415,0.6617366412213741,0.5434726853039241,0.8341625207296849,0.3171220857357734,0.6471663619744058,0.5310916628281898,0.30587241233629064,0.8267898383371824,0.5249676584734799,0.28819043217009477,0.8433789954337899,0.685485825054519,0.5276566444801469,0.3368787073021068,0.5430881981298964,0.6173377789176712,0.5947289905519642,0.7869187531936638,0.8146458583433374,0.20781440781440783,0.6125944584382872,0.823321554770318,0.6260554885404102,0.8167006109979633,0.6358238495794162,0.6017206477732794,0.6035743298131601,0.6286276438760453,0.638267491670633,0.2068788501026694,0.6264003896736483,0.6166294642857143,0.6236021889126814,0.6399572649572649,0.6392559960841899,0.8312281644719162,0.5994467496542185,0.19584055459272098,0.6360510805500982,0.1959369152632986,0.6111929307805597,0.6347660888150083,0.6285574092247301,0.8176972281449894,0.6443019240256537,0.0,0.8096692111959287,0.220616570327553,0.7949249093733817,0.8366993652625505,0.3188976377952756,0.6583225806451612,0.630220803405161,0.6425444244141127,0.8311154125332688
syn_Ni_0032,0.808854532677442,0.7260344384476998,0.7546106557377049,0.7746478873239436,0.7819810851169736,0.7576586433260394,0.7856944057890343,0.7974038015762633,0.728538870600152,0.7981651376146789,0.8059108954565505,0.7897397017942887,0.7789744790447202,0.8035887487875849,0.8020969855832241,0.7305478575996589,0.7929606625258799,0.7782258064516129,0.7330405075646657,0.7919154800183739,0.7476325757575758,0.7805178791615289,0.7850247847638925,0.8423724285332621,0.8035583719229832,0.7719382835101254,0.7929961089494163,0.723559037493005,0.8129277566539924,0.778393351800554,0.8003722661703118,0.8162046908315566,0.7167522165188988,0.7853964930646428,0.8258230212467896,0.7481549815498155,0.7932892481018858,0.7876188268026896,0.8183694530443757,0.7945310503450038,0.6876783398184176,0.7712418300653595,0.30129198966408266,0.19097306479009948,0.81189829671686,0.6785532348446256,0.26968973747016706,0.6986100950987564,0.22914521112255407,0.806903451725863,0.7809621289662231,0.7917237599342286,0.7220288413724515,0.6868686868686869,0.8177570093457944,0.7887740029542097,0.7779661016949152,0.7792738639095936,0.7016216216216217,0.7466600692726373,0.21512102257274954,0.7843741248949874,0.8222778473091364,0.7100297914597815,0.8209358939680822,0.7727047146401985,0.7077033837293016,0.779265873015873,0.25728155339805825,0.7770573566084789,0.8096692111959287,0.0,0.818889970788705,0.3069669984284966,0.28287551139684397,0.7887243735763098,0.7170451579222136,0.7986541049798116,0.7145089867152904,0.28686720469552457
syn_Ni_0033,0.5315074593631708,0.8414782397276926,0.6437227338826951,0.644355198572066,0.6787735849056604,0.8607529654461062,0.691218872870249,0.6494708994708994,0.8436825701270678,0.5327222340652313,0.5340622371740958,0.8257956448911222,0.5606498998442021,0.538886332259549,0.53375,0.8265825361286383,0.5342525716787043,0.5236276849642004,0.8388888888888889,0.840034965034965,0.8484030589293747,0.6806172550853402,0.6665844636251541,0.33417402269861285,0.8302890173410404,0.6558352402745995,0.5349521707137601,0.845100105374078,0.3429325653947684,0.653052261747914,0.5172566371681416,0.3131107491856677,0.8274179236912156,0.508780608459065,0.3180910099889012,0.8442299254058798,0.6882694541231127,0.5126791620727673,0.35109532267613974,0.5288996372430471,0.6109884719156242,0.5728571428571428,0.7947214076246334,0.8254662675569883,0.2258366487245495,0.6027000964320154,0.8332400671516508,0.6150821188989128,0.8270823185582075,0.6180094786729858,0.5806295399515738,0.6088865926117283,0.6126295947219604,0.6310502283105023,0.25773195876288657,0.5994397759103641,0.6049973418394471,0.6165259073270942,0.6338602753697093,0.6327392120075047,0.8532957168504745,0.5918797785394148,0.23405264405975812,0.6291764705882353,0.24470528195968358,0.5912511759172154,0.6222374117110959,0.6177715091678421,0.8402035623409669,0.6148393194706995,0.220616570327553,0.818889970788705,0.0,0.807920792079208,0.8512623490669594,0.33154793786823783,0.6461880088823094,0.619507239014478,0.6340802757941394,0.8418000463929483
syn_Ni_0034,0.7990954534634611,0.7870782108291917,0.7372262773722628,0.7614503816793893,0.7726582278481012,0.8361204013377926,0.7809929078014184,0.7870937352802638,0.8149961350167483,0.7886843899113838,0.7984773846842812,0.7726922087940344,0.7773019271948608,0.8007889546351085,0.7942350332594235,0.7893142980748432,0.7868660902079925,0.7728205128205128,0.8084367245657568,0.782547830144657,0.814725697786333,0.7682468021068473,0.7710491367861886,0.8280272108843537,0.7878562577447336,0.7627450980392156,0.7871666226564563,0.8037649743297205,0.7962342017023472,0.7673545966228893,0.7848699763593381,0.8100389441800087,0.7875770507349454,0.7751132427391421,0.8144721233689205,0.8116213683223993,0.7753424657534247,0.7837455830388692,0.8178773288674901,0.7742522756827048,0.6757327700026406,0.7641943734015345,0.4066280904786954,0.25536639526276833,0.7991463720813458,0.6780715396578538,0.3702801461632156,0.6900570295065708,0.2720125786163522,0.7903307888040713,0.7692708333333333,0.7793912314995811,0.721800708143652,0.6904645476772616,0.7949260042283298,0.7826740110165248,0.7632488479262672,0.7668051821070643,0.7048458149779736,0.7352793155510821,0.2745912995289554,0.7653439908649728,0.805449452508276,0.696969696969697,0.799944888399008,0.7587077233720343,0.6969992681141742,0.7674066599394551,0.31153846153846154,0.7686453576864536,0.7949249093733817,0.3069669984284966,0.807920792079208,0.0,0.295169946332737,0.7740998838559814,0.6965187350518204,0.782286811077598,0.6976929196499603,0.3245461328027854
syn_Ni_0035,0.8370565045992115,0.7496352494893492,0.7813953488372093,0.804004214963119,0.8142937535171637,0.7713032581453634,0.8024928092042186,0.8218181818181818,0.7595408895265423,0.8382022471910112,0.8402948402948403,0.7904380188949327,0.8224323614394536,0.8508196721311475,0.8410306271268838,0.763898746155666,0.8336337883080093,0.829337899543379,0.7682993946064942,0.8087403598971722,0.7760638297872341,0.79838485101643,0.807064410804393,0.8499542543458372,0.8114866721626821,0.8007600434310532,0.8330875847832497,0.7536977491961415,0.8391266877334099,0.812306101344364,0.8382889932185706,0.852342640795078,0.7577184720041863,0.8278224605302353,0.8470803875360042,0.7820247933884298,0.8192870958828405,0.8311249675240322,0.8584797991326181,0.8358944621629458,0.7469772928339723,0.7916903813318156,0.39459776864357016,0.2578616352201258,0.8388625592417062,0.7446562680531484,0.24653739612188366,0.7552928237558427,0.23625730994152047,0.8268251273344652,0.7921022067363531,0.8021978021978022,0.8004496908375491,0.7563616675690309,0.8376623376623377,0.7954419121734296,0.782184655396619,0.8002706359945873,0.7632880098887516,0.7847959754052544,0.2262682850918145,0.7817830704859994,0.8391390540923251,0.7648709315375982,0.8348283328178163,0.7779024116657319,0.7634350526600054,0.7954035874439462,0.21516646115906288,0.7930062041737168,0.8366993652625505,0.28287551139684397,0.8512623490669594,0.295169946332737,0.0,0.818241469816273,0.7534897534897534,0.807443863426638,0.7505185185185185,0.328
syn_Ni_0036,0.5137355584082156,0.8106340631219789,0.6011331444759207,0.6263510036026763,0.6536772777167947,0.829981718464351,0.6651133892513202,0.6355329949238578,0.8153846153846154,0.5330891330891331,0.5408653846153846,0.7901200111638292,0.5375930202720041,0.5136,0.5466222645099905,0.8058837155432013,0.5187515731185502,0.49304396215915414,0.8104189044038668,0.8165829145728644,0.8290909090909091,0.6571583808747623,0.6386238797340271,0.44434550311665183,0.8074550817913649,0.6322204557498675,0.5122091353059466,0.809375,0.4225707084850182,0.6351692774128348,0.5112130479102956,0.4272474513438369,0.8093047034764826,0.49637365825355384,0.43310309542082376,0.8218071680969208,0.6780803451064977,0.5247524752475248,0.4538134645493178,0.5122916077988132,0.6029876472278081,0.6026637069922308,0.7660183066361556,0.7902321857485989,0.34348653793853684,0.5945945945945946,0.7985224983210208,0.6147035148913335,0.7988603988603988,0.6561810154525386,0.620826259196378,0.6146564885496183,0.6129385964912281,0.6474630021141649,0.33870040253018974,0.6409978308026031,0.6342387871130765,0.6443857331571995,0.6019242333132893,0.6259541984732825,0.8159249167423555,0.6065060994682515,0.3548743441038387,0.6102900930487137,0.3602166716822149,0.6230853391684902,0.6219351436857369,0.651175505740842,0.8050389922015597,0.6441144114411441,0.3188976377952756,0.7887243735763098,0.33154793786823783,0.7740998838559814,0.818241469816273,0.0,0.6233728666473821,0.6492068243041006,0.6225108225108225,0.8207267833109018
syn_Ni_0037,0.6222116753678215,0.7565172054223149,0.619121849831125,0.6180737217598098,0.6326015644713601,0.7961677311857818,0.6252119841718485,0.6233857713078187,0.7740112994350282,0.6121431807884006,0.6258093324402768,0.7421834956432599,0.6067362428842504,0.6171049397886459,0.6303338492151227,0.7364106988783434,0.6099720410065238,0.6166624073600818,0.7808558001484046,0.7329611537566876,0.7769249220436556,0.6405,0.6230809952355744,0.6572668112798264,0.7534584980237155,0.6266796970437332,0.6189473684210526,0.7675475987496447,0.6508997429305913,0.6282440963292028,0.6082960169691256,0.6517799352750809,0.7296147482864571,0.6032926181625067,0.6404919583727531,0.7589348283111422,0.6593843098311817,0.5833724753405355,0.6058455114822547,0.6215655780196994,0.25473684210526315,0.4585776191690033,0.6959370904325033,0.7270044269552386,0.6296296296296297,0.27202273314389047,0.721565059144677,0.19574888779041028,0.7111517367458866,0.521683996956632,0.48351933558266286,0.4969393433500278,0.24628182505671792,0.2517669997562759,0.6797471688174875,0.5018717244821562,0.46169296987087516,0.4946393762183236,0.26694101508916324,0.2345121645347379,0.7553837658752071,0.459613196814562,0.6263959390862944,0.18952932292977598,0.6556836902800659,0.5114465408805031,0.25680933852140075,0.5061604224289665,0.7278948809197919,0.5039190897597977,0.6583225806451612,0.7170451579222136,0.6461880088823094,0.6965187350518204,0.7534897534897534,0.6233728666473821,0.0,0.5103825136612021,0.18816067653276955,0.7233515121467526
syn_Ni_0038,0.6549536359199609,0.817741935483871,0.6871149209750871,0.7021276595744681,0.7208214192877567,0.830703012912482,0.7206312098188195,0.6963552980931692,0.8284806776071996,0.6407631456491392,0.6493238597295439,0.8161648177496038,0.6541463414634147,0.6640526182646092,0.6396641706376219,0.8207964601769911,0.6388888888888888,0.6323413220963919,0.8283677107206519,0.8288309825484103,0.8243276585245497,0.7183316168898043,0.7050791916985254,0.6573348264277715,0.830620549338759,0.7073170731707317,0.6530944625407166,0.814281516309139,0.6603073661897191,0.7077625570776256,0.640901381148534,0.6246957291436158,0.8143377885783718,0.6180821917808219,0.6269455252918288,0.834813925570228,0.7361963190184049,0.6243360695316272,0.6268720581942662,0.6536611437733832,0.50814332247557,0.2172314158129761,0.7777777777777778,0.7853164556962026,0.6242268041237113,0.5584553928095872,0.8025778057214712,0.49720101781170484,0.7947751144626987,0.19362424875881892,0.21006154669521007,0.1926394479585969,0.5419371591794339,0.5485327313769752,0.6462917685411573,0.18735543562066306,0.21460373998219057,0.19307923771313942,0.56474922074242,0.5427538103849134,0.8237307472903593,0.23647058823529413,0.6192468619246861,0.47783251231527096,0.638116846284742,0.193573464628142,0.521021021021021,0.18777518777518779,0.7998303647158609,0.2034383954154728,0.630220803405161,0.7986541049798116,0.619507239014478,0.782286811077598,0.807443863426638,0.6492068243041006,0.5103825136612021,0.0,0.5169029443838604,0.8009188361408882
syn_Ni_0039,0.5840833728090952,0.7486992715920916,0.6219859994814623,0.6121528601946357,0.6202467892218585,0.7916320310335273,0.6057529610829103,0.5992500585891727,0.7713992824192721,0.5829941203075532,0.6041898818809895,0.7283887468030691,0.5700757575757576,0.5948000981113564,0.6080335466784375,0.7321274763135228,0.598139534883721,0.5761285386381025,0.7758578128857072,0.7223125145112608,0.7687335408187694,0.6162674650698603,0.6053882725832013,0.6444805194805194,0.7421104536489151,0.6015605949768349,0.5793067226890757,0.7714771760703147,0.6428937916880452,0.6070011668611435,0.5718654434250765,0.6368727116088736,0.723519698041991,0.5574986751457339,0.6293673276676109,0.7514572161342971,0.6253716551040635,0.563525550867323,0.6227594831179658,0.5856182100362132,0.21743697478991597,0.4805393029763419,0.686110384514779,0.7167403043691704,0.6118881118881119,0.2451662799690642,0.7210287443267777,0.21361618154908732,0.7159238988793328,0.5165780814983548,0.4788914788914789,0.5019433647973348,0.23169811320754716,0.25273656044757964,0.6657030223390276,0.4963885429638854,0.4640709991411394,0.49464980544747084,0.2723788666849165,0.23704630788485606,0.7608815426997245,0.46538024971623154,0.605369807497467,0.2032152725445868,0.6257534246575343,0.5159427567160432,0.23737864077669904,0.48306148055207027,0.7186561048893745,0.49634115569013376,0.6425444244141127,0.7145089867152904,0.6340802757941394,0.6976929196499603,0.7505185185185185,0.6225108225108225,0.18816067653276955,0.5169029443838604,0.0,0.7144977733795151
syn_Ni_0040,0.8376565295169947,0.6917440156326331,0.7740443145848551,0.7952050190454851,0.802890310352997,0.7227260948432236,0.7992623814541623,0.8149214080141687,0.7124277456647399,0.827054794520548,0.8382942790795862,0.7975961538461539,0.8095663835493965,0.8340651721747169,0.8188663459527296,0.7094401307723743,0.8224175824175824,0.8115559817789499,0.7140199953499187,0.8033794162826421,0.7262254348317145,0.7989666510098637,0.8022794846382557,0.8276735935124176,0.8049233627496516,0.7903930131004366,0.8289797930014786,0.6971141117288854,0.834619093539055,0.7958103638368247,0.8204843368140413,0.836092376864909,0.6943640008910671,0.8121272365805169,0.8430673205528311,0.7091870456047588,0.810079328044797,0.812666076173605,0.8347860538827259,0.8163265306122449,0.689009364218827,0.7723032767280555,0.3120549963172109,0.2645698427382054,0.8349788434414669,0.6866069266166142,0.36427566807313644,0.7016728624535316,0.2659652556887693,0.7924303737205427,0.7703721722208708,0.7923156801661475,0.7306508875739645,0.6908965833524421,0.8313193588162762,0.7805392731535756,0.7723751001870157,0.7785419532324622,0.7125288239815527,0.7517078916372203,0.3,0.7668256491785903,0.838970938542163,0.7215788229732923,0.84,0.7779352704937397,0.7098398169336384,0.779456906729634,0.31015085655842495,0.7863755043911702,0.8311154125332688,0.28686720469552457,0.8418000463929483,0.3245461328027854,0.328,0.8207267833109018,0.7233515121467526,0.8009188361408882,0.7144977733795151,0.0
