,syn_Cd_0001,syn_Cd_0002,syn_Cd_0003,syn_Cd_0004,syn_Cd_0005,syn_Cd_0006,syn_Cd_0007,syn_Cd_0008,syn_Cd_0009,syn_Cd_0010,syn_Cd_0011,syn_Cd_0012,syn_Cd_0013,syn_Cd_0014,syn_Cd_0015,syn_Cd_0016,syn_Cd_0017,syn_Cd_0018,syn_Cd_0019,syn_Cd_0020,syn_Cd_0021,syn_Cd_0022,syn_Cd_0023,syn_Cd_0024,syn_Cd_0025,syn_Cd_0026,syn_Cd_0027,syn_Cd_0028,syn_Cd_0029,syn_Cd_0030,syn_Cd_0031,syn_Cd_0032,syn_Cd_0033,syn_Cd_0034,syn_Cd_0035,syn_Cd_0036,syn_Cd_0037,syn_Cd_0038,syn_Cd_0039,syn_Cd_0040,syn_Ni_0001,syn_Ni_0002,syn_Ni_0003,syn_Ni_0004,syn_Ni_0005,syn_Ni_0006,syn_Ni_0007,syn_Ni_0008,syn_Ni_0009,syn_Ni_0010,syn_Ni_0011,syn_Ni_0012,syn_Ni_0013,syn_Ni_0014,syn_Ni_0015,syn_Ni_0016,syn_Ni_0017,syn_Ni_0018,syn_Ni_0019,syn_Ni_0020,syn_Ni_0021,syn_Ni_0022,syn_Ni_0023,syn_Ni_0024,syn_Ni_0025,syn_Ni_0026,syn_Ni_0027,syn_Ni_0028,syn_Ni_0029,syn_Ni_0030,syn_Ni_0031,syn_Ni_0032,syn_Ni_0033,syn_Ni_0034,syn_Ni_0035,syn_Ni_0036,syn_Ni_0037,syn_Ni_0038,syn_Ni_0039,syn_Ni_0040
syn_Cd_0001,0.0,0.762962962962963,0.40993919060599704,0.25685364824968365,0.7809847198641766,0.4682981090100111,0.4712357217030114,0.45610859728506786,0.2652267818574514,0.2504645880652488,0.47370617696160267,0.8079625292740047,0.26022389764679005,0.4735437972432192,0.44298340159517136,0.47935935032709226,0.46194926568758343,0.43653803256747714,0.7671264905307459,0.3128746104051786,0.260021436227224,0.4474988733663813,0.2190515294600698,0.26047976738551004,0.45054945054945056,0.47210696173351774,0.24630650496141124,0.7821029082774049,0.7523575235752358,0.44419134396355353,0.7235023041474654,0.4874706342991386,0.4627906976744186,0.7639751552795031,0.7789159197609902,0.5387031635629347,0.7492750390363596,0.23580407455570004,0.4579850417949846,0.2813067150635209,0.5410484668644906,0.4875200366384245,0.502209816236334,0.499009900990099,0.5259326660600546,0.7796184738955824,0.45446584938704027,0.48033583738400354,0.5165898617511521,0.48844585410058905,0.4890023566378633,0.7477435778754918,0.495794161306284,0.7608031427324312,0.4745245362761212,0.7368779822767553,0.4915254237288136,0.4828226555246054,0.4697633654688869,0.4952181012362958,0.7489341544291804,0.7116704805491991,0.7631449631449632,0.5067155067155067,0.7494590045684059,0.4992189243472439,0.4852706097282485,0.7399411187438666,0.516728624535316,0.4720101781170484,0.4851674641148325,0.7315533980582525,0.47042640990371387,0.4906801007556675,0.4537346711259755,0.7361702127659574,0.7517301038062284,0.4767388300322432,0.7618147448015122,0.5150254276467868
syn_Cd_0002,0.762962962962963,0.0,0.6776027996500438,0.7592959295929593,0.20487264673311184,0.6570497906002792,0.6565612819402339,0.6618517641487095,0.7428378073539363,0.7567800258286699,0.6896626768226333,0.2506751780014731,0.7569377990430622,0.653103929318763,0.665015758667267,0.6525023607176582,0.6574354200605074,0.6630891273915073,0.20490196078431372,0.7413185707096125,0.7466427931960609,0.6628153737326102,0.7560975609756098,0.7806615776081425,0.7205274552253493,0.6575706351122917,0.7731673582295989,0.18839223028317342,0.17880794701986755,0.6653713298791019,0.2540965698055495,0.827326410099776,0.6621983914209115,0.2657025685301101,0.26264201381153934,0.668075117370892,0.1950536630891274,0.7717908082408875,0.662451138192688,0.7647280255975908,0.810761632440863,0.762589928057554,0.7552413456850317,0.7096018735362998,0.8204334365325078,0.6804858727224716,0.6874857012125372,0.7551397551397552,0.7151822350953415,0.7685558453877164,0.7760980592441267,0.6731328806983511,0.7045513654096229,0.6533637400228051,0.691285081240768,0.6531874405328258,0.7742279020234292,0.6900997324252007,0.7531486146095718,0.750122249388753,0.6745341614906832,0.6529284164859002,0.6395558998192615,0.7347357619291944,0.662796567390207,0.8174603174603174,0.7709230033476805,0.7138437741686001,0.7842707572437302,0.6662978535074131,0.7695204619633442,0.6747387203670661,0.6710684273709484,0.7874370527431752,0.7513992537313433,0.7103738809899948,0.6494239891574429,0.7413751507840772,0.6069392812887237,0.8130297892952288
syn_Cd_0003,0.40993919060599704,0.6776027996500438,0.0,0.42868903066474584,0.7100849037067716,0.2610581092801388,0.259529602595296,0.2871941811769892,0.4316410364440699,0.4137096774193548,0.25524546750865756,0.7565534533850011,0.4161103693813974,0.23293607800650054,0.2661900756938604,0.2857142857142857,0.2305356755584472,0.2691304347826087,0.6904870277651343,0.4818097014925373,0.4190715181932246,0.245225027442371,0.39815557337610263,0.44344957587181905,0.26524559777571827,0.296969696969697,0.43207222699914016,0.7301068236320035,0.6704704704704705,0.23008491710473108,0.6397464731138827,0.5766507177033493,0.28639347973737833,0.6705073782090155,0.7110139496148241,0.3270660253607346,0.6604347826086957,0.40054956668780384,0.24383444134677246,0.4437533321485694,0.6183609709204518,0.5450490633363069,0.5443840579710145,0.48664902573971613,0.6055838688233991,0.7303096805657157,0.44631803628601924,0.5446909325866897,0.5557549921471842,0.5550651070403885,0.5599923209829142,0.7142857142857143,0.4666987256552056,0.7144073207065333,0.42915904936014626,0.6905710491367862,0.5351351351351351,0.4743502824858757,0.5257423627430037,0.5322434150772025,0.7022355381424291,0.6835905767668562,0.7205636493909721,0.4795821462488129,0.7132834424695977,0.5859069160504567,0.5556049822064056,0.6918673980443596,0.5747568423433612,0.4198220566935651,0.5503839888294159,0.7181968373849422,0.4382674704175039,0.562025935894299,0.5167318557149065,0.6940661478599222,0.7152499472685088,0.5299394483067953,0.7185559898827316,0.5921674544226874
syn_Cd_0004,0.25685364824968365,0.7592959295929593,0.42868903066474584,0.0,0.7692628071636818,0.4521264994547437,0.48256880733944957,0.4549889135254989,0.24152542372881355,0.25765254409081695,0.4616960262187628,0.8,0.24557868815760017,0.46120313862249346,0.43286106999365614,0.4698209153216891,0.4650959860383944,0.4327574896129455,0.7632241813602015,0.3175310959868575,0.26729758149316507,0.4668727915194346,0.2223342068131425,0.28764524543514347,0.45081967213114754,0.4598012646793135,0.24281081081081082,0.7789473684210526,0.7407407407407407,0.4356576539947144,0.7183388157894737,0.4990380915736822,0.455125284738041,0.7617886178861789,0.766750418760469,0.5069276446008357,0.7424010496391865,0.2304421768707483,0.45642795513373596,0.2757142857142857,0.5655539429124334,0.4754319048687458,0.4919115971747551,0.52590799031477,0.5020062416406599,0.8031418753068238,0.48776298840704163,0.47530329289428075,0.5115124153498871,0.4835701598579041,0.48166730991895024,0.7692133303105871,0.5406582768635043,0.776541095890411,0.48585881811910786,0.7653083945669116,0.49245609695770465,0.4865848112778536,0.4658358401375161,0.49691569568197397,0.7764378478664193,0.7451500918929957,0.7788461538461539,0.5206690561529271,0.7811249705813132,0.5068912710566615,0.4790780935332289,0.7671627460393663,0.4751934456076468,0.4823137744486059,0.4852459016393443,0.7619952494061758,0.4793351302785265,0.5024630541871922,0.46491803278688526,0.761077111383109,0.7772592278319899,0.45803249097472926,0.7741786210087922,0.5262681159420289
syn_Cd_0005,0.7809847198641766,0.20487264673311184,0.7100849037067716,0.7692628071636818,0.0,0.7018660812294182,0.6947692307692308,0.6933035714285715,0.7594882729211088,0.7760554762390374,0.7246496290189612,0.27806004618937646,0.768762677484787,0.700307152259763,0.6995105341562035,0.6964166481192967,0.6895037329819939,0.6975566806075281,0.2395665206363846,0.7650673599621839,0.7591534391534391,0.6994219653179191,0.7744879334820524,0.7965130164795796,0.7538403896590483,0.6953160527512505,0.7823721436343852,0.17571743929359823,0.19603078169299312,0.7017795050112497,0.21638394704178734,0.8293343653250774,0.6972477064220184,0.22044989775051124,0.19426885798567214,0.7130839052468453,0.2313449262601805,0.7860504920838682,0.6990881458966566,0.77737881508079,0.8148148148148148,0.7840524056923425,0.7747189722413398,0.7268292682926829,0.816427289048474,0.7106824925816023,0.7013828867761452,0.7666812036633232,0.7104545454545454,0.7688869021010282,0.7864906832298136,0.6950467929696417,0.7230619210141395,0.6807410598879793,0.7161379949062283,0.6843757005155795,0.7896835285322701,0.7060439560439561,0.763840830449827,0.7704163791120313,0.7108827650630547,0.6687898089171974,0.6702179176755448,0.7540312876052948,0.6923441573832662,0.8119356969830434,0.7783284523541338,0.746615087040619,0.8024747937671861,0.6809045226130653,0.7773584905660378,0.6995215311004784,0.6919945725915875,0.8009925558312655,0.765016501650165,0.7454993834771887,0.6810418445772843,0.7546569741026806,0.6439888164026095,0.8221614227086184
syn_Cd_0006,0.4682981090100111,0.6570497906002792,0.2610581092801388,0.4521264994547437,0.7018660812294182,0.0,0.22971232288535853,0.19774806474313864,0.47462553096355914,0.46436192915066155,0.2051779935275081,0.7403355215171408,0.48056872037914694,0.21584888274591107,0.19321731369924142,0.2048643592142189,0.20451925293982015,0.21312991215903837,0.6718446601941748,0.502740408570005,0.4472049689440994,0.22120999766409719,0.46033092914722107,0.48614609571788414,0.30404217926186294,0.17866539105477158,0.48743718592964824,0.7036865290980756,0.6564287227282355,0.21875,0.6296296296296297,0.6364370834174914,0.20299300024137099,0.6648833725658035,0.6891145948332965,0.2586046511627907,0.6504854368932039,0.4606237379403186,0.19480519480519481,0.480291425368952,0.6264471314638539,0.5871733966745843,0.595364558184452,0.4344578933814061,0.6277423920736023,0.748105565717272,0.4228066198141011,0.5962462806134127,0.6007650011953144,0.6072351421188631,0.6101317122593718,0.718059558117195,0.45534105534105535,0.7306214689265537,0.42223305704534375,0.7196041470311028,0.5842992623814541,0.47627077812575286,0.5802132970274563,0.5796610169491525,0.7205412054120541,0.7062365591397849,0.7270636340403782,0.44438801422041646,0.7261369315342329,0.6110083256244219,0.5982946470866888,0.7065577953559582,0.6180371352785146,0.41127440228120205,0.5898583146905294,0.7375725460509714,0.4002378121284185,0.5940204563335956,0.572550831792976,0.7040125065138093,0.7233042310275353,0.573715651135006,0.7266257668711656,0.6229311585512113
syn_Cd_0007,0.4712357217030114,0.6565612819402339,0.259529602595296,0.48256880733944957,0.6947692307692308,0.22971232288535853,0.0,0.25550949159938907,0.4875860630085541,0.4766280463443867,0.23350151362260343,0.7374238664561246,0.4845814977973568,0.2276335550311092,0.21865889212827988,0.25108790252393387,0.2166630878247799,0.24709427464485578,0.6806306306306307,0.5205353022611906,0.46851698425849214,0.2279939143664421,0.4564958283671037,0.509090909090909,0.2648410218709796,0.2552766051988447,0.4887186036611324,0.711633930498597,0.6540368974409839,0.21193910256410256,0.6232529876443184,0.6414342629482072,0.2659645978041676,0.6615261365912277,0.6976696226025985,0.29134199134199135,0.6482996125699526,0.465354825204103,0.22318963686557655,0.48739643927375287,0.6405990016638935,0.5977924944812362,0.6015239802779023,0.44182726623840113,0.6499232287782408,0.7251024837231734,0.4238004650179666,0.5892514395393474,0.5682878081279147,0.601485689316146,0.5885823025689819,0.6962533452274755,0.46920332936979786,0.7087460484720759,0.4423337856173677,0.694127957931639,0.6112730806608357,0.49899351375531203,0.5756293632324941,0.5991011235955056,0.6948688711516534,0.6832997987927565,0.7169855894164895,0.46218882104274306,0.7061545580749653,0.6283376399655469,0.6085424922941436,0.6895494220334984,0.630176852473696,0.40971510555441687,0.6048814183743956,0.7142190053700677,0.409060773480663,0.6201306556980402,0.5813253012048193,0.683982683982684,0.7033632755379152,0.581354051054384,0.7073947667804323,0.6284250389841836
syn_Cd_0008,0.45610859728506786,0.6618517641487095,0.2871941811769892,0.4549889135254989,0.6933035714285715,0.19774806474313864,0.25550949159938907,0.0,0.4715779899954525,0.45391455215788334,0.21973684210526315,0.736998514115899,0.455729794933655,0.2320675105485232,0.2049012933968686,0.20352297072125686,0.22336931018301268,0.2241825452834627,0.6702101359703337,0.5115511551155115,0.44868035190615835,0.2239657631954351,0.4421211467988791,0.47779204107830553,0.3206500198176774,0.20409157330735508,0.46967232163606787,0.6965549787635678,0.6625053809728799,0.21340004350663477,0.6261558784676354,0.6238720262510254,0.22025565388397247,0.6781209221400609,0.6937584193982936,0.29325443786982247,0.6541990119971771,0.44637151985394796,0.20630505331478907,0.4827586206896552,0.6154249737670514,0.5821039903264813,0.5869191049913941,0.41544117647058826,0.6167146974063401,0.755863539445629,0.3985239852398524,0.5752212389380531,0.5998052580331061,0.5954088952654233,0.5917695473251029,0.7339202739056004,0.441994750656168,0.7439080459770115,0.4278619319592749,0.7279923242983929,0.5812953507121742,0.4744847890088322,0.566943674976916,0.572379778051788,0.7348370927318296,0.7136612021857923,0.7347576862949453,0.44913279834325653,0.7336389101094983,0.5970816662744175,0.5871714492404148,0.7164412070759626,0.6110019646365422,0.41570026761819806,0.5845997973657548,0.7438271604938271,0.3980629539951574,0.5944355270197966,0.5593698565718317,0.7172468774913633,0.7313296903460837,0.5644768856447688,0.7325,0.5950170981924768
syn_Cd_0009,0.2652267818574514,0.7428378073539363,0.4316410364440699,0.24152542372881355,0.7594882729211088,0.47462553096355914,0.4875860630085541,0.4715779899954525,0.0,0.25534121551545325,0.47547169811320755,0.7928436911487758,0.2574052812858783,0.46961572832886506,0.44162876326619016,0.49444570392201315,0.46288014311270126,0.4301726070387805,0.7513513513513513,0.3212822366835382,0.26900710747361617,0.45652173913043476,0.23324396782841822,0.2940316686967113,0.4600456621004566,0.479610750695088,0.27321072457345447,0.7697841726618705,0.734349258649094,0.45080091533180777,0.7159090909090909,0.5033425088478175,0.4586255259467041,0.7487520798668885,0.7602915951972555,0.5580608793686584,0.7422102667563326,0.26306620209059234,0.4509283819628647,0.30174927113702626,0.5758329189457981,0.4761795166858458,0.5015197568389058,0.49477351916376305,0.5404663923182441,0.762241292276628,0.484381874175099,0.46314387211367675,0.5141269106067624,0.4763205828779599,0.4938856015779093,0.7380786229355664,0.5074626865671642,0.7473684210526316,0.4793485957045079,0.7241379310344828,0.506486899007886,0.49556696220251983,0.46367239101717306,0.494021101992966,0.74,0.7128526645768025,0.7480237154150198,0.5143628774858826,0.737007493352671,0.5164835164835165,0.4900160661005279,0.7286630488406513,0.5039701074264362,0.4737963357477631,0.5012025012025012,0.716447047340166,0.4824884792626728,0.5324214792299898,0.4470087385166928,0.7221243392902089,0.7435897435897436,0.49074074074074076,0.7505938242280285,0.5255576208178439
syn_Cd_0010,0.2504645880652488,0.7567800258286699,0.4137096774193548,0.25765254409081695,0.7760554762390374,0.46436192915066155,0.4766280463443867,0.45391455215788334,0.25534121551545325,0.0,0.46578366445916114,0.8117014122394082,0.2701401050788091,0.4689699296225208,0.4480331262939959,0.4788062283737024,0.45314834578441837,0.4407359863072315,0.7658907788719785,0.3305823016964695,0.21746293245469522,0.44134802333117307,0.22165152113789016,0.30430754979157015,0.43646004754068385,0.47626407595495696,0.2446043165467626,0.7837373954087106,0.7553758137699743,0.42828685258964144,0.7248741188318227,0.49273447820343463,0.4580271654419951,0.7550288787094205,0.7801927414394094,0.5555077452667814,0.7436884895164741,0.231633714880333,0.4599957779185138,0.27767058410805123,0.5730814639905549,0.49978060552874065,0.5300668151447662,0.5121720633419995,0.5487246566383257,0.771497005988024,0.4746795545282622,0.5030739877040492,0.5290222908850143,0.5096634093376764,0.49081961007003594,0.7375886524822695,0.5227970706354831,0.7548711502199874,0.4791011235955056,0.7273519163763066,0.5125482625482626,0.495887975105579,0.4961093585699264,0.5091558731576596,0.7362338545207342,0.6954781912765106,0.7606195728702183,0.5188987400839944,0.744367816091954,0.5222602739726028,0.5085339168490153,0.7365830794469183,0.5332591768631814,0.48196454045241494,0.5186456188515214,0.7151472976107631,0.4882495058203382,0.5241528478731075,0.4751924721984602,0.7319636884854276,0.7445482866043613,0.48908007941760423,0.7513000226090889,0.5342041177772858
syn_Cd_0011,0.47370617696160267,0.6896626768226333,0.25524546750865756,0.4616960262187628,0.7246496290189612,0.2051779935275081,0.23350151362260343,0.21973684210526315,0.47547169811320755,0.46578366445916114,0.0,0.7682539682539683,0.4757582466238654,0.23242777059077188,0.19732161540071144,0.22326700196807348,0.24298662063012516,0.22863941163746485,0.7061353860086031,0.5318951519369056,0.46805411030176897,0.2437745740498034,0.4472161245260427,0.4937895476915866,0.2532299741602067,0.22465386333184456,0.4708021390374332,0.7418655097613883,0.6887206058190514,0.21392634332863755,0.6605616605616605,0.6230945121951219,0.2490990990990991,0.6885311871227364,0.728553667633651,0.28301065912551665,0.6690460739779364,0.4543542280185107,0.21809645753307724,0.479646017699115,0.6295411089866156,0.5784335478145107,0.5773822933093039,0.46794258373205744,0.6212522045855379,0.7526673132880698,0.4103653355989805,0.5825117873981998,0.5888392857142857,0.5920070267896355,0.5905963302752294,0.7215870880968392,0.4868483978957437,0.735705209656925,0.4207774494203228,0.7176833296630698,0.5797703396042023,0.4851618705035971,0.564625850340136,0.5789473684210527,0.7226043099495644,0.7081059227814838,0.7320665083135391,0.4512396694214876,0.7334263782274948,0.6013849816057131,0.5795529984509847,0.7115749525616698,0.5967596759675967,0.4308072487644152,0.5810185185185185,0.7408450704225352,0.4375832963127499,0.5931873479318734,0.5584864864864865,0.7151148730350665,0.7325776658270361,0.5613565372601517,0.7342177493138152,0.5991939095387371
syn_Cd_0012,0.8079625292740047,0.2506751780014731,0.7565534533850011,0.8,0.27806004618937646,0.7403355215171408,0.7374238664561246,0.736998514115899,0.7928436911487758,0.8117014122394082,0.7682539682539683,0.0,0.8007509386733417,0.7395529640427599,0.7430115104533709,0.7348802764749445,0.730544747081712,0.7449402584735431,0.3006418485237484,0.7941409342834521,0.7912678029418632,0.7401380670611439,0.8097571842281132,0.8307076101468625,0.7916666666666666,0.7376137512639029,0.8165181796291837,0.2309197651663405,0.273576512455516,0.7427479199460311,0.39617486338797814,0.8523063901819721,0.7473200612557427,0.4069244604316547,0.35315985130111527,0.752638036809816,0.30163374786637404,0.8241965973534972,0.739193083573487,0.8163026521060842,0.8470780993992354,0.8012547051442911,0.791677304059229,0.7605248769819574,0.8525161933233683,0.7051637978900611,0.7439082656473961,0.7915057915057915,0.7579585649317837,0.7966269841269841,0.8174097664543525,0.700939324701701,0.7519125683060109,0.6838095238095238,0.7436161980913077,0.6929584473749689,0.7983758050966115,0.7544574630667346,0.7919655667144907,0.7859154929577464,0.7130208333333333,0.6976271186440678,0.670824295010846,0.7759224346889307,0.6981731532962668,0.8453281288119053,0.8008506379784839,0.7677314564158094,0.817440081591025,0.7309644670050761,0.8020010531858873,0.7046548956661316,0.7331658291457287,0.8121516164994426,0.7825980989519864,0.7531137558815388,0.6822253653936822,0.7732323232323233,0.6451948051948052,0.8392494929006086
syn_Cd_0013,0.26022389764679005,0.7569377990430622,0.4161103693813974,0.24557868815760017,0.768762677484787,0.48056872037914694,0.4845814977973568,0.455729794933655,0.2574052812858783,0.2701401050788091,0.4757582466238654,0.8007509386733417,0.0,0.47856973715368223,0.44821264894592117,0.48725348725348727,0.46053567196018014,0.4429657794676806,0.7326336831584208,0.30184804928131415,0.2929384965831435,0.4600048042277204,0.24717145343777197,0.26064382139148495,0.4711173296022387,0.4772335712527689,0.2347417840375587,0.7840286054827175,0.7571149250488811,0.4444444444444444,0.7283840853523005,0.4653424374094765,0.4718012422360248,0.756311745334797,0.7601450918159147,0.537063605930177,0.7461977186311787,0.20672966121226088,0.4647623507375322,0.30773638968481376,0.5351552135845051,0.42961876832844575,0.4577534791252485,0.5065073041168658,0.5132249454016016,0.7546508492855217,0.46843699044956905,0.4231945424605975,0.48142681426814266,0.4563904324716115,0.4544322192235831,0.7409787444389521,0.5200424741173347,0.7566751799396332,0.46184738955823296,0.7387300048473098,0.4382816748232735,0.4738408132903546,0.4259734203777104,0.4426719840478564,0.7476564479351406,0.7210944395410415,0.7559947299077734,0.5115183246073298,0.7507723995880535,0.47741321921065144,0.4283625730994152,0.7384898710865562,0.4837428642343013,0.480297230353524,0.4519846350832266,0.7217165149544863,0.4822608270124786,0.45656292286874156,0.41140142517814726,0.7311827956989247,0.7484479190618533,0.42562085074993855,0.7558756633813495,0.4964206368797828
syn_Cd_0014,0.4735437972432192,0.653103929318763,0.23293607800650054,0.46120313862249346,0.700307152259763,0.21584888274591107,0.2276335550311092,0.2320675105485232,0.46961572832886506,0.4689699296225208,0.23242777059077188,0.7395529640427599,0.47856973715368223,0.0,0.22987736900780378,0.23720495442860481,0.18433179723502305,0.24231924231924232,0.6793596895464468,0.5135673388100572,0.46353358457104854,0.20728291316526612,0.4509221963112148,0.47998993204127866,0.290007806401249,0.2304015296367113,0.4873316594384844,0.7117701575532901,0.6608806096528366,0.22737967914438503,0.6246753246753247,0.6281792490916431,0.22190062711046793,0.6629597946963216,0.6937334510150044,0.3037415756448989,0.6433356433356433,0.4569506726457399,0.19489981785063754,0.49141150112023896,0.6226221079691516,0.587467362924282,0.5922798552472859,0.442614513638703,0.6327204148986327,0.7295039164490862,0.45718169460806524,0.5841720036596524,0.5876731963688485,0.6028169014084507,0.5978128797083839,0.7086633069354452,0.46141975308641975,0.7276422764227642,0.43337393422655296,0.7066164351306805,0.5919978941826797,0.49350024073182475,0.5746031746031746,0.5765787563513186,0.7064896755162242,0.710294433698689,0.710929519918284,0.4696777467647805,0.7148564294631711,0.6159001617749018,0.5872189349112426,0.7021927587965324,0.619277108433735,0.4353353792196405,0.5916542473919523,0.7342410489157841,0.4211026615969582,0.6063941299790356,0.5677672592934657,0.6964332205154907,0.719910514541387,0.5740210124164279,0.7140755272192251,0.6179290508149569
syn_Cd_0015,0.44298340159517136,0.665015758667267,0.2661900756938604,0.43286106999365614,0.6995105341562035,0.19321731369924142,0.21865889212827988,0.2049012933968686,0.44162876326619016,0.4480331262939959,0.19732161540071144,0.7430115104533709,0.44821264894592117,0.22987736900780378,0.0,0.2081447963800905,0.221155991966079,0.20850111856823267,0.6787054409005628,0.5093795093795094,0.4277730008598452,0.22892655367231637,0.4409221902017291,0.46864365580943124,0.2733143399810066,0.20138728323699423,0.4688191065900044,0.7164011667040611,0.6554984583761562,0.21262458471760798,0.6332703213610587,0.61099116781158,0.1980405878236529,0.669919036744862,0.6986946287181682,0.2641764176417642,0.6523489932885906,0.43707889589219734,0.2199426428413854,0.4684373294524286,0.6189531133713718,0.5682131373449701,0.5725618292113859,0.4268686367022598,0.6130504220853297,0.7446487030974566,0.3879253567508233,0.5714602260137381,0.5858562514444188,0.5819132015451034,0.574719432959244,0.7103064066852368,0.4460163812360387,0.7220398336616327,0.42016015073009894,0.707383773928897,0.5736040609137056,0.4542491268917346,0.5583388266315096,0.5620028076743098,0.714896650035638,0.7033792240300375,0.71555336455509,0.44243018128368444,0.7153883260974433,0.5953446732318711,0.570774163994503,0.7061284764952006,0.5837800046609182,0.3931533064001701,0.5718742500599951,0.7199902605308011,0.39526327891469304,0.5734142026787971,0.5514311270125224,0.6996484178804621,0.7154630232053785,0.5513975513975514,0.7155724105238208,0.5923950846278693
syn_Cd_0016,0.47935935032709226,0.6525023607176582,0.2857142857142857,0.4698209153216891,0.6964166481192967,0.2048643592142189,0.25108790252393387,0.20352297072125686,0.49444570392201315,0.4788062283737024,0.22326700196807348,0.7348802764749445,0.48725348725348727,0.23720495442860481,0.2081447963800905,0.0,0.23695906432748537,0.23874296435272044,0.6678166584524396,0.5050607287449392,0.4637876743139901,0.24721497985304575,0.4716251074806535,0.5030706243602866,0.32832575607827635,0.18184025248846808,0.49582947173308617,0.7101858386262055,0.6557201116119339,0.2472885032537961,0.6237102085620198,0.6424626713029249,0.22862043616760597,0.6590761223162004,0.6933064696664428,0.27229825389334594,0.6472795497185742,0.4757679180887372,0.22810261150912872,0.498015498015498,0.6125490196078431,0.5916104146576664,0.586764705882353,0.44412457471866,0.6394541536988269,0.7317397078353254,0.4099793055874914,0.5913628976085442,0.5690366415918466,0.6061978545887962,0.6035296531910528,0.7147732813261823,0.47214229662568663,0.7222094888837955,0.452970297029703,0.6996652319464371,0.5859667916443492,0.4741990706774272,0.5788262370540852,0.588495575221239,0.7092180864351736,0.6965998256320837,0.7107244871461957,0.47936016511867907,0.7208121827411168,0.6255279211637729,0.5980769230769231,0.688877365828364,0.617625458996328,0.4325105625972871,0.5965665236051502,0.7216098436298385,0.40960656529085204,0.602239402825913,0.5630567276136896,0.6933262711864406,0.7194097616345062,0.5668202764976958,0.7149264889110392,0.626491356221086
syn_Cd_0017,0.46194926568758343,0.6574354200605074,0.2305356755584472,0.4650959860383944,0.6895037329819939,0.20451925293982015,0.2166630878247799,0.22336931018301268,0.46288014311270126,0.45314834578441837,0.24298662063012516,0.730544747081712,0.46053567196018014,0.18433179723502305,0.221155991966079,0.23695906432748537,0.0,0.2383815028901734,0.6659383345472202,0.49613755295290307,0.455513645440426,0.18785046728971963,0.45427540844472736,0.47694633408919124,0.294921875,0.23492822966507176,0.48046607265250174,0.6999072356215214,0.6542372881355932,0.22286448298008993,0.6247833622183708,0.6311111111111111,0.22790922259777885,0.6639554794520548,0.6815371024734982,0.295650151197953,0.6434682080924855,0.44434470377019747,0.199179580674567,0.4790732436472347,0.6181163149768399,0.5904015205511998,0.6039603960396039,0.4281298299845441,0.6314299197734781,0.7349712493465761,0.43219954648526077,0.5892857142857143,0.5724533715925395,0.6005639097744361,0.5910012160518848,0.7030987268796541,0.44181256436663235,0.7201627486437613,0.4050231650816874,0.7063398538769738,0.5947299077733861,0.4650602409638554,0.5787562414888788,0.5742310486800678,0.7052165354330708,0.6876747687674769,0.7167689161554193,0.4411988823977648,0.7130717320669833,0.6118436271108026,0.5948827292110874,0.6967840735068913,0.6203569705740473,0.41158402808249234,0.5977125808055693,0.717819283190308,0.38867745004757376,0.608604407135362,0.5632077651952854,0.6945530362262184,0.7178683385579937,0.5750478011472275,0.7162493863524791,0.6118042226487524
syn_Cd_0018,0.43653803256747714,0.6630891273915073,0.2691304347826087,0.4327574896129455,0.6975566806075281,0.21312991215903837,0.24709427464485578,0.2241825452834627,0.4301726070387805,0.4407359863072315,0.22863941163746485,0.7449402584735431,0.4429657794676806,0.24231924231924232,0.20850111856823267,0.23874296435272044,0.2383815028901734,0.0,0.6757546251217137,0.5087456271864068,0.42170818505338076,0.24525650035137034,0.4266269672479796,0.4593228903486609,0.30162458406733217,0.2127608539218038,0.45625286303252405,0.7126249709369914,0.65427904013591,0.2369098712446352,0.6238870792616721,0.6185462644259971,0.22391672718470104,0.6704569834799399,0.6967013504538411,0.32369402985074625,0.6573945294390356,0.42227221597300335,0.23646333104866346,0.45553267178431006,0.6190967741935484,0.5650309671272035,0.5646489104116222,0.4280547662102816,0.6176957653181926,0.7399737876802097,0.3944078199590816,0.5630020656414965,0.5837928554303524,0.5877502944640753,0.5697745277269958,0.720616570327553,0.4521043119029176,0.7321549966009517,0.4073349633251834,0.717391304347826,0.5771670190274841,0.4655713940565354,0.5503981797497156,0.5580378824672171,0.7216876387860843,0.6985769728331177,0.7334016918738785,0.4411614875191034,0.724812030075188,0.6043599257884972,0.5738717339667458,0.709239825953417,0.5840386940749698,0.3828898174620629,0.5617053103964099,0.7200708681346495,0.39995230145480565,0.577479610628782,0.5398517145505097,0.705697856769472,0.7283950617283951,0.553798226695423,0.7312330790056608,0.5934568198219871
syn_Cd_0019,0.7671264905307459,0.20490196078431372,0.6904870277651343,0.7632241813602015,0.2395665206363846,0.6718446601941748,0.6806306306306307,0.6702101359703337,0.7513513513513513,0.7658907788719785,0.7061353860086031,0.3006418485237484,0.7326336831584208,0.6793596895464468,0.6787054409005628,0.6678166584524396,0.6659383345472202,0.6757546251217137,0.0,0.7534246575342466,0.751981351981352,0.674132414472065,0.7597864768683275,0.7846481876332623,0.7397511727513767,0.6729750189250567,0.76875,0.23663003663003662,0.22185209860093272,0.6798383475527615,0.2557399408956581,0.8136488485104585,0.6769426751592357,0.2942760942760943,0.24889816747854326,0.677609015188633,0.19571567672833495,0.7688133993866478,0.6744186046511628,0.7678675754625122,0.7977650585990733,0.7560120240480962,0.7522935779816514,0.7080491132332879,0.8099975130564536,0.6614020504294819,0.676126878130217,0.7388581064803662,0.6701134930643128,0.753404307997029,0.7718889124443502,0.6725798276735935,0.7038451049904554,0.6638935108153078,0.6889804325437693,0.6532538499751614,0.7646730016769144,0.6669209255021612,0.7393172594891382,0.7433537832310838,0.6854691967767091,0.6344765342960289,0.6395128552097429,0.7317204301075269,0.6606765327695561,0.7949342425718461,0.7612387612387612,0.7243988111321265,0.7831509289895647,0.6530753282653766,0.7597897503285151,0.6699599465954607,0.6714321545021319,0.7835883171070932,0.7372262773722628,0.7232044198895028,0.6493292539421041,0.7368288379127804,0.6079854809437386,0.8056188306757783
syn_Cd_0020,0.3128746104051786,0.7413185707096125,0.4818097014925373,0.3175310959868575,0.7650673599621839,0.502740408570005,0.5205353022611906,0.5115511551155115,0.3212822366835382,0.3305823016964695,0.5318951519369056,0.7941409342834521,0.30184804928131415,0.5135673388100572,0.5093795093795094,0.5050607287449392,0.49613755295290307,0.5087456271864068,0.7534246575342466,0.0,0.3283938814531549,0.5097295931261057,0.28519362186788155,0.29402084476138235,0.5138628309360017,0.5037593984962406,0.30143068574247656,0.7693657558285285,0.7543779849897657,0.5087396504139834,0.716282320055905,0.5738059217635617,0.49986907567426025,0.7558059323982524,0.76884661117717,0.528169014084507,0.7326336831584208,0.3026857004597145,0.4947109471094711,0.37045138198448996,0.5795677799607073,0.5733401955738548,0.5877422734415925,0.5436920483281821,0.5887611749680716,0.760776477305167,0.5473452410080744,0.573300370828183,0.5097175434050272,0.5926773455377574,0.5640858815875082,0.7328125,0.5748385285032295,0.7415264569617167,0.55214399152991,0.7142857142857143,0.591589861751152,0.5751241181081788,0.5630663727651237,0.5864424592748292,0.7316225608126169,0.6939435968562182,0.7453329618278072,0.5644714997232982,0.7319195214790647,0.543,0.5633658286300667,0.7129346314325452,0.6160083703897463,0.5475796930342385,0.5755609624222763,0.7004671613080516,0.5186807523834064,0.6027515047291487,0.5424575424575424,0.7114399544678429,0.738353849867246,0.569023569023569,0.7446014396161024,0.5750325097529259
syn_Cd_0021,0.260021436227224,0.7466427931960609,0.4190715181932246,0.26729758149316507,0.7591534391534391,0.4472049689440994,0.46851698425849214,0.44868035190615835,0.26900710747361617,0.21746293245469522,0.46805411030176897,0.7912678029418632,0.2929384965831435,0.46353358457104854,0.4277730008598452,0.4637876743139901,0.455513645440426,0.42170818505338076,0.751981351981352,0.3283938814531549,0.0,0.4549539429341721,0.23955773955773957,0.30772946859903383,0.44736344736344735,0.4571362905079292,0.2563764291996482,0.7622128039259425,0.7378859129012472,0.42585708384964893,0.7041988719448506,0.5188439757859793,0.44957106422443777,0.7423084864753252,0.7676101298148542,0.5480984340044742,0.729982206405694,0.24400259347309272,0.46216275499012943,0.2902408111533587,0.5647029824993838,0.4977168949771689,0.5320037105751392,0.5045645201085616,0.5509185756407349,0.7518138603952965,0.4664920323073565,0.5113461114782992,0.5350333103606708,0.522023943980122,0.5181194906953966,0.724042455006922,0.5274969173859433,0.732752992383025,0.4691011235955056,0.7063887630267331,0.5199193141704488,0.48067576949780144,0.4878741533755735,0.5111627906976745,0.7223140495867768,0.6821576763485477,0.7398971344599559,0.51460564751704,0.7233940556088208,0.5300400534045394,0.5200364298724954,0.7060405967229152,0.5487607134584201,0.4582364136181011,0.5087049844979729,0.6980401645293975,0.4761142857142857,0.5345217172985187,0.4882169853268119,0.7065868263473054,0.7256847099417727,0.4989667049368542,0.7404004711425206,0.5413689790274256
syn_Cd_0022,0.4474988733663813,0.6628153737326102,0.245225027442371,0.4668727915194346,0.6994219653179191,0.22120999766409719,0.2279939143664421,0.2239657631954351,0.45652173913043476,0.44134802333117307,0.2437745740498034,0.7401380670611439,0.4600048042277204,0.20728291316526612,0.22892655367231637,0.24721497985304575,0.18785046728971963,0.24525650035137034,0.674132414472065,0.5097295931261057,0.4549539429341721,0.0,0.4292462958986472,0.47354970610784564,0.2985781990521327,0.24296799224054316,0.47188150890997455,0.7124060150375939,0.6633790737564322,0.21083423618634886,0.6434210526315789,0.6256640784634246,0.21536955457660303,0.6741767764298093,0.6999105545617174,0.3212349752533585,0.6509721246193488,0.4381818181818182,0.1925207756232687,0.47507552870090636,0.6224543080939948,0.5660967974957862,0.586780905752754,0.42237323575535807,0.6197991391678622,0.7246684350132626,0.43086816720257237,0.5700371057513914,0.5773145904023267,0.5838095238095238,0.5838458384583846,0.7000243486729973,0.45768025078369906,0.7161172161172161,0.4126081582200247,0.6981132075471698,0.5747526076491041,0.4772838299951148,0.5531034482758621,0.5624846550454211,0.6971057884231537,0.6908338776398868,0.7147302904564315,0.4403504251481577,0.7079847908745247,0.601593625498008,0.573109243697479,0.6903158984981874,0.5985330073349633,0.4171479342514438,0.5718608169440242,0.7163338453661034,0.40790742526518803,0.5846645367412141,0.5598220557246546,0.6799788415763026,0.710204081632653,0.5581395348837209,0.708312593330015,0.60068093385214
syn_Cd_0023,0.2190515294600698,0.7560975609756098,0.39815557337610263,0.2223342068131425,0.7744879334820524,0.46033092914722107,0.4564958283671037,0.4421211467988791,0.23324396782841822,0.22165152113789016,0.4472161245260427,0.8097571842281132,0.24717145343777197,0.4509221963112148,0.4409221902017291,0.4716251074806535,0.45427540844472736,0.4266269672479796,0.7597864768683275,0.28519362186788155,0.23955773955773957,0.4292462958986472,0.0,0.271974229176254,0.42877933418228126,0.45797673908272984,0.22675641564997898,0.7828961399018981,0.7433784579164214,0.4247226624405705,0.7152012817945124,0.46536512108128403,0.4481079884930294,0.7512378688849277,0.7777777777777778,0.5299401197604791,0.7396852403232667,0.2170494516863232,0.4379853095487933,0.2518764182230756,0.5425756509500352,0.4653292629742695,0.4944665781319168,0.4820380370979103,0.5172264355362947,0.7720675707827742,0.44934196782953834,0.46343519494204427,0.49155516560649265,0.47722857759551046,0.4641310487667106,0.7422907488986784,0.508096690917625,0.7517183920016663,0.45913354175971416,0.7238095238095238,0.4841802492809204,0.4707311685442898,0.4547355216391386,0.4873501997336884,0.7387975681152894,0.6900119379228015,0.7593844719048729,0.4802967083912842,0.7446322521699407,0.4804255319148936,0.4771639843410178,0.7322467986030268,0.49502542560247625,0.44883485309017224,0.4862468742896113,0.7220557732196359,0.47085789129011135,0.5120553831463357,0.445578231292517,0.7337446606549597,0.741069584967995,0.4680991010743258,0.7528645248258818,0.504070407040704
syn_Cd_0024,0.26047976738551004,0.7806615776081425,0.44344957587181905,0.28764524543514347,0.7965130164795796,0.48614609571788414,0.509090909090909,0.47779204107830553,0.2940316686967113,0.30430754979157015,0.4937895476915866,0.8307076101468625,0.26064382139148495,0.47998993204127866,0.46864365580943124,0.5030706243602866,0.47694633408919124,0.4593228903486609,0.7846481876332623,0.29402084476138235,0.30772946859903383,0.47354970610784564,0.271974229176254,0.0,0.48874395118872294,0.4912142669813795,0.26134663341645886,0.7997465145754119,0.7730300941879164,0.4600371747211896,0.7415862555895505,0.5012000872790748,0.4717880794701987,0.7816492450638792,0.8053352559480894,0.5788402848423194,0.7731177362304194,0.2413793103448276,0.4682914697836359,0.366900702106319,0.51974992895709,0.4846434148880791,0.505564387917329,0.5044096728307255,0.5086540945492121,0.7721884937843307,0.5038337867919861,0.5006248437890527,0.5297509829619922,0.5201851375674981,0.5077731552441428,0.7460484720758693,0.4978675007108331,0.7599211239832389,0.48527048741296197,0.7440660474716202,0.4836639439906651,0.5120274914089347,0.4884872493191384,0.5098351940457203,0.7500676223965377,0.7183559084539934,0.7590973201692525,0.5025210084033613,0.7495872317006054,0.4833164812942366,0.4945511157239232,0.733032948465221,0.5231542736173591,0.5113338105464089,0.49439124487004105,0.729068150208623,0.4943966640604639,0.4931785195936139,0.47929292929292927,0.7244956772334294,0.7560380580629422,0.49227141734346347,0.76530887510116,0.48645093396474615
syn_Cd_0025,0.45054945054945056,0.7205274552253493,0.26524559777571827,0.45081967213114754,0.7538403896590483,0.30404217926186294,0.2648410218709796,0.3206500198176774,0.4600456621004566,0.43646004754068385,0.2532299741602067,0.7916666666666666,0.4711173296022387,0.290007806401249,0.2733143399810066,0.32832575607827635,0.294921875,0.30162458406733217,0.7397511727513767,0.5138628309360017,0.44736344736344735,0.2985781990521327,0.42877933418228126,0.48874395118872294,0.0,0.31909750201450443,0.4508816120906801,0.7680533751962323,0.7209302325581395,0.24766269477543537,0.6922222222222222,0.5933031042901988,0.32967925294356476,0.7115102639296188,0.7537650602409639,0.34251426323037576,0.7009199451947543,0.4450381679389313,0.2691415313225058,0.46121251629726207,0.6402569593147751,0.5842179050670939,0.583756345177665,0.5019288469781398,0.6268418956591,0.7357917570498915,0.46053138236426644,0.5842391304347826,0.5972613773660894,0.5892857142857143,0.5848198670863939,0.7121487770365879,0.5162810625535561,0.7246543778801844,0.46243602865916067,0.6972349313705988,0.5898667831404236,0.5212809079854074,0.5707129094412331,0.5892530022389578,0.7112211221122112,0.7088164918093135,0.7261499148211243,0.4882440160982843,0.7182863113897596,0.5954572155864499,0.582017982017982,0.709910676307954,0.6044624746450304,0.44215649569449644,0.5925925925925926,0.7416772018541931,0.4735364875701684,0.5966057441253264,0.5640774799452162,0.6996321142609825,0.7139047619047619,0.5700483091787439,0.7216961712638946,0.6021809369951535
syn_Cd_0026,0.47210696173351774,0.6575706351122917,0.296969696969697,0.4598012646793135,0.6953160527512505,0.17866539105477158,0.2552766051988447,0.20409157330735508,0.479610750695088,0.47626407595495696,0.22465386333184456,0.7376137512639029,0.4772335712527689,0.2304015296367113,0.20138728323699423,0.18184025248846808,0.23492822966507176,0.2127608539218038,0.6729750189250567,0.5037593984962406,0.4571362905079292,0.24296799224054316,0.45797673908272984,0.4912142669813795,0.31909750201450443,0.0,0.488272921108742,0.7098171318575554,0.6520595968448729,0.2487264673311185,0.6269058295964126,0.6428869420108468,0.2042147516307075,0.6678476527900797,0.6898444647758463,0.28361090996862176,0.6435596066202927,0.4688372093023256,0.2112476370510397,0.48267898383371827,0.6171581769436997,0.5874660745127066,0.5859473023839398,0.4326355340848094,0.6374326310632044,0.735149863760218,0.41654913023037143,0.5849952516619183,0.5792349726775956,0.5917073170731707,0.6023440770196735,0.7184926378837035,0.46298283261802575,0.7272727272727273,0.44131812420785804,0.7058967457793002,0.5790052212146194,0.4732098147220831,0.5736470588235294,0.5756355398942864,0.7139201637666326,0.7022034275539728,0.7145899893503728,0.47580005289605926,0.7159947984395318,0.6174706023518118,0.590159901599016,0.69377990430622,0.6090225563909775,0.42526124488868694,0.586652871184687,0.7262217551234892,0.4115612648221344,0.6017505470459519,0.5636538000479502,0.6919315403422983,0.7136890951276103,0.5625620655412115,0.7177131189382338,0.6201395812562313
syn_Cd_0027,0.24630650496141124,0.7731673582295989,0.43207222699914016,0.24281081081081082,0.7823721436343852,0.48743718592964824,0.4887186036611324,0.46967232163606787,0.27321072457345447,0.2446043165467626,0.4708021390374332,0.8165181796291837,0.2347417840375587,0.4873316594384844,0.4688191065900044,0.49582947173308617,0.48046607265250174,0.45625286303252405,0.76875,0.30143068574247656,0.2563764291996482,0.47188150890997455,0.22675641564997898,0.26134663341645886,0.4508816120906801,0.488272921108742,0.0,0.7904893177119228,0.7622348246166771,0.45288624787775894,0.733734163624651,0.4642356241234222,0.47979918718623,0.771695310842351,0.7947034362004816,0.5746543778801844,0.7503435639028859,0.22392706248610184,0.4811469857755701,0.2861116261820879,0.5508021390374331,0.4611764705882353,0.48254423720707795,0.4927351516696406,0.532133676092545,0.7657098525989139,0.4549539429341721,0.46699931957359947,0.5174046886099929,0.47917151501047245,0.4785929648241206,0.7383444338725024,0.5215286624203822,0.7433370660694288,0.4543698696281989,0.7133520074696545,0.4749739311783107,0.4779288952517299,0.4580616145716213,0.48776978417266187,0.7403166869671133,0.6814498933901919,0.7480394636984569,0.48516842634489693,0.7328055418109847,0.4986251145737855,0.4664476771468794,0.7241727709017428,0.50083592070695,0.46466623178951943,0.46837312330790054,0.7112165875593305,0.4751472320376914,0.47573319491305477,0.4423076923076923,0.7225373904074265,0.7417350787663635,0.46272189349112425,0.7530984204131227,0.5110477548111191
syn_Cd_0028,0.7821029082774049,0.18839223028317342,0.7301068236320035,0.7789473684210526,0.17571743929359823,0.7036865290980756,0.711633930498597,0.6965549787635678,0.7697841726618705,0.7837373954087106,0.7418655097613883,0.2309197651663405,0.7840286054827175,0.7117701575532901,0.7164011667040611,0.7101858386262055,0.6999072356215214,0.7126249709369914,0.23663003663003662,0.7693657558285285,0.7622128039259425,0.7124060150375939,0.7828961399018981,0.7997465145754119,0.7680533751962323,0.7098171318575554,0.7904893177119228,0.0,0.17504258943781942,0.7224015493867011,0.2617595818815331,0.8343483556638246,0.7153958232151529,0.2844234079173838,0.24600355239786856,0.7258479532163743,0.2564519879097884,0.8014440433212996,0.7121906507791017,0.7837837837837838,0.8249611600207146,0.7835125448028674,0.7857663347097401,0.736132711249352,0.829140958709065,0.7048921620199895,0.7159142726858185,0.7767034990791897,0.7325637325637325,0.7774102079395085,0.7975560081466395,0.6965450591930418,0.7269430051813471,0.6854545454545454,0.7252882021093942,0.6928182033657265,0.7878546804561124,0.7256422685409598,0.7704244637151986,0.7773447015834348,0.7113861386138614,0.6756756756756757,0.6723251028806584,0.7577306414515717,0.6987679155142067,0.8292626192137706,0.7860376459375744,0.7621982537236774,0.8068898592916061,0.7048963387737097,0.7848924462231116,0.6988318943626206,0.7062200956937799,0.8078141499472017,0.772251917267023,0.7487542617361658,0.6789734353894642,0.7567307692307692,0.6464197530864197,0.8248069498069498
syn_Cd_0029,0.7523575235752358,0.17880794701986755,0.6704704704704705,0.7407407407407407,0.19603078169299312,0.6564287227282355,0.6540368974409839,0.6625053809728799,0.734349258649094,0.7553758137699743,0.6887206058190514,0.273576512455516,0.7571149250488811,0.6608806096528366,0.6554984583761562,0.6557201116119339,0.6542372881355932,0.65427904013591,0.22185209860093272,0.7543779849897657,0.7378859129012472,0.6633790737564322,0.7433784579164214,0.7730300941879164,0.7209302325581395,0.6520595968448729,0.7622348246166771,0.17504258943781942,0.0,0.6644906033630069,0.2192,0.8211473565804275,0.6579761378700839,0.25514240506329117,0.24674267100977199,0.6771300448430493,0.20832448502866852,0.7586776859504132,0.6596814752724225,0.747907949790795,0.8098360655737705,0.772262138036142,0.7732596685082873,0.7149554617909049,0.8052790999567286,0.6888361045130641,0.6816854401335002,0.7638888888888888,0.700832238282961,0.7724137931034483,0.7747273411056789,0.6784693204310535,0.7122774133083412,0.6709650582362728,0.7043478260869566,0.6658742165550032,0.7817659727207465,0.6797529775033083,0.7607515657620042,0.766009306448039,0.6879496402877698,0.6443473077687264,0.6587523277467412,0.7366350381856052,0.6725199543899658,0.8049713193116634,0.7811074918566775,0.7247791724779172,0.7929359823399559,0.6560097126669364,0.7730367680435769,0.6801656695812242,0.6769834350479512,0.7959961868446139,0.7592867756315007,0.7275527126273394,0.6614432989690722,0.7521891418563923,0.6262898160610139,0.8115114235500879
syn_Cd_0030,0.44419134396355353,0.6653713298791019,0.23008491710473108,0.4356576539947144,0.7017795050112497,0.21875,0.21193910256410256,0.21340004350663477,0.45080091533180777,0.42828685258964144,0.21392634332863755,0.7427479199460311,0.4444444444444444,0.22737967914438503,0.21262458471760798,0.2472885032537961,0.22286448298008993,0.2369098712446352,0.6798383475527615,0.5087396504139834,0.42585708384964893,0.21083423618634886,0.4247226624405705,0.4600371747211896,0.24766269477543537,0.2487264673311185,0.45288624787775894,0.7224015493867011,0.6644906033630069,0.0,0.6368410422136942,0.6011352885525071,0.255751619387983,0.664869183143599,0.7010076084721365,0.28312473025463963,0.6489270386266094,0.4272594447923189,0.19542663561295787,0.45630385088799014,0.6346837242359631,0.5691021126760564,0.5710455764075067,0.4365662793455063,0.6260660397988191,0.7313145878394617,0.3892518440463646,0.5653837975760153,0.5780385211423511,0.5783053800914834,0.5714556841905485,0.7078701645175633,0.4581654420478786,0.7180079848707712,0.4220018034265104,0.7024901703800787,0.5801452784503632,0.4684503901895206,0.5498839907192575,0.5685483870967742,0.7008411002500569,0.6974317817014446,0.7230986578761479,0.4452247191011236,0.7140221402214022,0.6015457277801631,0.5733099209833187,0.6943334117093816,0.5933943316224057,0.38197424892703863,0.5698875372963048,0.7323714219222713,0.41088345450539765,0.5809018567639257,0.5525525525525525,0.6946308724832215,0.7142262028744012,0.5583093604779819,0.7192107053753686,0.6038196757717077
syn_Cd_0031,0.7235023041474654,0.2540965698055495,0.6397464731138827,0.7183388157894737,0.21638394704178734,0.6296296296296297,0.6232529876443184,0.6261558784676354,0.7159090909090909,0.7248741188318227,0.6605616605616605,0.39617486338797814,0.7283840853523005,0.6246753246753247,0.6332703213610587,0.6237102085620198,0.6247833622183708,0.6238870792616721,0.2557399408956581,0.716282320055905,0.7041988719448506,0.6434210526315789,0.7152012817945124,0.7415862555895505,0.6922222222222222,0.6269058295964126,0.733734163624651,0.2617595818815331,0.2192,0.6368410422136942,0.0,0.7988527724665392,0.6300316598824062,0.15710823909531502,0.2358569051580699,0.6501419523913519,0.2469055374592834,0.730152027027027,0.6293916023993145,0.7283380681818182,0.7844455112818051,0.7482735575852083,0.7453064917439494,0.6924555502162422,0.7919433377600709,0.6702386751095957,0.6545842217484008,0.7452667814113597,0.6781712236665173,0.7561728395061729,0.7548906789413119,0.662390276839973,0.6820365033621518,0.6517857142857143,0.6699383702351062,0.6502321468052178,0.7644171779141105,0.6492099322799098,0.7345283824157064,0.738716262190973,0.673572744014733,0.6189896530736457,0.6393129770992366,0.7012093905620109,0.6575566456435412,0.7866608733434717,0.7542768273716952,0.7084325869461648,0.7758698599186624,0.6316659776767259,0.7494188749418875,0.661008958038661,0.6454058876003568,0.770772238514174,0.7334490991968743,0.7002671848433325,0.6413822166034555,0.7275985663082437,0.6063389986219568,0.7877697841726619
syn_Cd_0032,0.4874706342991386,0.827326410099776,0.5766507177033493,0.4990380915736822,0.8293343653250774,0.6364370834174914,0.6414342629482072,0.6238720262510254,0.5033425088478175,0.49273447820343463,0.6230945121951219,0.8523063901819721,0.4653424374094765,0.6281792490916431,0.61099116781158,0.6424626713029249,0.6311111111111111,0.6185462644259971,0.8136488485104585,0.5738059217635617,0.5188439757859793,0.6256640784634246,0.46536512108128403,0.5012000872790748,0.5933031042901988,0.6428869420108468,0.4642356241234222,0.8343483556638246,0.8211473565804275,0.6011352885525071,0.7988527724665392,0.0,0.6404541631623213,0.8267120696178585,0.8420847919097627,0.6934663138611846,0.8068434905851387,0.47416173570019726,0.6217512994802079,0.46329198793161247,0.38,0.47003939456769644,0.49695057833859096,0.6236654804270463,0.3520197856553998,0.8130630630630631,0.5967356687898089,0.4881573665194701,0.6042535446205171,0.4837782340862423,0.4863013698630137,0.7919196148210174,0.617163183637172,0.7923779277491068,0.5868504772004242,0.7941115915173975,0.4742572011794058,0.5957178841309824,0.4701195219123506,0.4864010120177103,0.8011970927746901,0.7579327379821394,0.7989394608926205,0.6097560975609756,0.7950162513542796,0.3222604820741341,0.4759048603929679,0.7859664607237423,0.5012605042016807,0.5982211910286156,0.4723899913718723,0.7810314685314685,0.6002490660024906,0.4839584274740172,0.4559805707346691,0.7856661424399012,0.7877952755905512,0.488120050020842,0.7952218430034129,0.34211626934337097
syn_Cd_0033,0.4627906976744186,0.6621983914209115,0.28639347973737833,0.455125284738041,0.6972477064220184,0.20299300024137099,0.2659645978041676,0.22025565388397247,0.4586255259467041,0.4580271654419951,0.2490990990990991,0.7473200612557427,0.4718012422360248,0.22190062711046793,0.1980405878236529,0.22862043616760597,0.22790922259777885,0.22391672718470104,0.6769426751592357,0.49986907567426025,0.44957106422443777,0.21536955457660303,0.4481079884930294,0.4717880794701987,0.32967925294356476,0.2042147516307075,0.47979918718623,0.7153958232151529,0.6579761378700839,0.255751619387983,0.6300316598824062,0.6404541631623213,0.0,0.6770879857079053,0.6922011998154131,0.30475030450669915,0.6577099975792786,0.45706241201313935,0.2284215546018121,0.4846839860411012,0.6229685807150596,0.5755915317559153,0.5758804155054472,0.425704989154013,0.6236399604352126,0.7433920704845814,0.42172675521821634,0.5816962146621946,0.6043129388164493,0.5933037912358444,0.60084388185654,0.7228521038044847,0.45420054200542004,0.7342789598108747,0.4297414896339903,0.7164732032600643,0.5828936406553735,0.4666329625884732,0.5807217473884141,0.5669631512071156,0.7121447028423773,0.6983164983164983,0.7186659494351803,0.45872294950574405,0.7157867086945101,0.601356260595786,0.5887757635957288,0.706766917293233,0.5956477732793523,0.4188817598533456,0.5721003134796239,0.7165605095541401,0.39950124688279304,0.589828634604754,0.5717396564239051,0.7029920395278616,0.7167602996254682,0.562907268170426,0.7185567010309278,0.6104680422747861
syn_Cd_0034,0.7639751552795031,0.2657025685301101,0.6705073782090155,0.7617886178861789,0.22044989775051124,0.6648833725658035,0.6615261365912277,0.6781209221400609,0.7487520798668885,0.7550288787094205,0.6885311871227364,0.4069244604316547,0.756311745334797,0.6629597946963216,0.669919036744862,0.6590761223162004,0.6639554794520548,0.6704569834799399,0.2942760942760943,0.7558059323982524,0.7423084864753252,0.6741767764298093,0.7512378688849277,0.7816492450638792,0.7115102639296188,0.6678476527900797,0.771695310842351,0.2844234079173838,0.25514240506329117,0.664869183143599,0.15710823909531502,0.8267120696178585,0.6770879857079053,0.0,0.21463815789473684,0.6828478964401294,0.2598154902381463,0.7683639398998331,0.6651143099068586,0.7577355836849508,0.812411179535765,0.7790979097909791,0.773062318516864,0.7131341868183974,0.8229121119370354,0.6693897164824604,0.683944374209861,0.7691326530612245,0.7065073041168659,0.7717770034843205,0.7795066413662239,0.6621471438097355,0.7113744075829384,0.6516806722689076,0.6952896100969124,0.6409696440270801,0.7889130961026386,0.6718680338831922,0.7625474483340363,0.7715565509518477,0.6663636363636364,0.6341023069207623,0.6351224105461394,0.727591855838989,0.6578279916993314,0.8179866924232668,0.7888962036427474,0.7014574518100611,0.8041053101294066,0.6685737637923989,0.7870582836163378,0.6738017682643089,0.6832599118942732,0.8071359691417551,0.7610980055758095,0.7004553079319434,0.6389004581424407,0.7619469026548673,0.6045351473922902,0.8170515097690941
syn_Cd_0035,0.7789159197609902,0.26264201381153934,0.7110139496148241,0.766750418760469,0.19426885798567214,0.6891145948332965,0.6976696226025985,0.6937584193982936,0.7602915951972555,0.7801927414394094,0.728553667633651,0.35315985130111527,0.7601450918159147,0.6937334510150044,0.6986946287181682,0.6933064696664428,0.6815371024734982,0.6967013504538411,0.24889816747854326,0.76884661117717,0.7676101298148542,0.6999105545617174,0.7777777777777778,0.8053352559480894,0.7537650602409639,0.6898444647758463,0.7947034362004816,0.24600355239786856,0.24674267100977199,0.7010076084721365,0.2358569051580699,0.8420847919097627,0.6922011998154131,0.21463815789473684,0.0,0.698062792251169,0.2698693823334071,0.7874354561101549,0.6973799126637554,0.7788600288600288,0.8214811181951938,0.787321063394683,0.7825986614354951,0.7417771232204222,0.8225733634311513,0.7098058735689398,0.7057800956106041,0.762719298245614,0.710562414266118,0.7855215827338129,0.7943815840811549,0.7060849598163031,0.7335623159960746,0.695840554592721,0.7176799440950384,0.6965050732807215,0.7928266867318786,0.7116536158452326,0.7729447585906916,0.777829206202268,0.7156954887218046,0.6711423259657096,0.682261208576998,0.7587793654637927,0.6956832816599093,0.824141749723145,0.7847269431225924,0.754257907542579,0.8091286307053942,0.6854736842105263,0.791172282866635,0.7019740009629273,0.7024567788898999,0.8096903096903096,0.7747289223279487,0.7552742616033755,0.6818376985830829,0.7627970749542962,0.6558837318330989,0.8252293577981651
syn_Cd_0036,0.5387031635629347,0.668075117370892,0.3270660253607346,0.5069276446008357,0.7130839052468453,0.2586046511627907,0.29134199134199135,0.29325443786982247,0.5580608793686584,0.5555077452667814,0.28301065912551665,0.752638036809816,0.537063605930177,0.3037415756448989,0.2641764176417642,0.27229825389334594,0.295650151197953,0.32369402985074625,0.677609015188633,0.528169014084507,0.5480984340044742,0.3212349752533585,0.5299401197604791,0.5788402848423194,0.34251426323037576,0.28361090996862176,0.5746543778801844,0.7258479532163743,0.6771300448430493,0.28312473025463963,0.6501419523913519,0.6934663138611846,0.30475030450669915,0.6828478964401294,0.698062792251169,0.0,0.6674440298507462,0.5356415478615071,0.27281084808090095,0.5537158984007526,0.679397246037932,0.6581975071907957,0.6603313840155945,0.5235370611183355,0.6724589383480124,0.7503299023489047,0.49599817059227075,0.6485800046178711,0.5744270205066345,0.6691159042427115,0.6695936287522973,0.7503635482307319,0.5601767611125552,0.7542739913380442,0.5329724409448819,0.7299096528768426,0.6636508781266631,0.5594456601021153,0.6328679331654841,0.647605083088954,0.7392599950335237,0.733304423243712,0.7496774193548387,0.5594871794871795,0.7527749747729566,0.6700886607559496,0.652963671128107,0.7253285235763979,0.6587977610124118,0.500110595001106,0.6687578419071518,0.7650955414012739,0.5080393568514519,0.6672847682119205,0.6331002331002331,0.7221052631578947,0.744411831113118,0.6315408729201832,0.7473371315333168,0.6848220769789397
syn_Cd_0037,0.7492750390363596,0.1950536630891274,0.6604347826086957,0.7424010496391865,0.2313449262601805,0.6504854368932039,0.6482996125699526,0.6541990119971771,0.7422102667563326,0.7436884895164741,0.6690460739779364,0.30163374786637404,0.7461977186311787,0.6433356433356433,0.6523489932885906,0.6472795497185742,0.6434682080924855,0.6573945294390356,0.19571567672833495,0.7326336831584208,0.729982206405694,0.6509721246193488,0.7396852403232667,0.7731177362304194,0.7009199451947543,0.6435596066202927,0.7503435639028859,0.2564519879097884,0.20832448502866852,0.6489270386266094,0.2469055374592834,0.8068434905851387,0.6577099975792786,0.2598154902381463,0.2698693823334071,0.6674440298507462,0.0,0.7525309336332958,0.6477039067854695,0.7547275791050365,0.791483870967742,0.7465459742734636,0.7559322033898305,0.6910359080340998,0.7970191625266146,0.6513761467889908,0.6581041145714935,0.7411062657792059,0.6734596020139055,0.7441696113074205,0.7578712167377615,0.6473988439306358,0.6875806868060935,0.6342624065261727,0.669437652811736,0.6323251417769377,0.758985200845666,0.6530562937907707,0.7392491467576792,0.7455075279261778,0.6535899333826795,0.6157826649417852,0.6144578313253012,0.7080998471726948,0.6325814536340852,0.7935992578849722,0.7558194774346794,0.6902994625031994,0.7726723095525998,0.6406421816582362,0.7491897282473199,0.6471779296380663,0.6513236346291438,0.7779531702183636,0.736793327154773,0.6847882906429692,0.6287317620650954,0.7320872274143302,0.5850356879153334,0.7988934327640125
syn_Cd_0038,0.23580407455570004,0.7717908082408875,0.40054956668780384,0.2304421768707483,0.7860504920838682,0.4606237379403186,0.465354825204103,0.44637151985394796,0.26306620209059234,0.231633714880333,0.4543542280185107,0.8241965973534972,0.20672966121226088,0.4569506726457399,0.43707889589219734,0.4757679180887372,0.44434470377019747,0.42227221597300335,0.7688133993866478,0.3026857004597145,0.24400259347309272,0.4381818181818182,0.2170494516863232,0.2413793103448276,0.4450381679389313,0.4688372093023256,0.22392706248610184,0.8014440433212996,0.7586776859504132,0.4272594447923189,0.730152027027027,0.47416173570019726,0.45706241201313935,0.7683639398998331,0.7874354561101549,0.5356415478615071,0.7525309336332958,0.0,0.4472049689440994,0.2781432748538012,0.5521717423864204,0.440979440979441,0.48181178127200186,0.48575712143928035,0.5337310692978431,0.7638114546376077,0.4618101545253863,0.45677361853832443,0.4779172477917248,0.46755027422303475,0.45864661654135336,0.7371001634368434,0.5064935064935064,0.7482394366197183,0.4536839611466477,0.731377492550997,0.4641123882503193,0.45526932084309135,0.4321696862571807,0.4572840668392563,0.7361376673040153,0.7005661564269239,0.7495039682539683,0.48927779147153067,0.7413249211356467,0.5007877560207067,0.45312140059894035,0.7305596830113917,0.483356774496015,0.4566053869174861,0.4635441815548044,0.7261146496815286,0.4629972247918594,0.47914547304170907,0.43512480323813807,0.7194844579226687,0.7396423898822503,0.44842007434944237,0.7501192179303767,0.5219216417910447
syn_Cd_0039,0.4579850417949846,0.662451138192688,0.24383444134677246,0.45642795513373596,0.6990881458966566,0.19480519480519481,0.22318963686557655,0.20630505331478907,0.4509283819628647,0.4599957779185138,0.21809645753307724,0.739193083573487,0.4647623507375322,0.19489981785063754,0.2199426428413854,0.22810261150912872,0.199179580674567,0.23646333104866346,0.6744186046511628,0.4947109471094711,0.46216275499012943,0.1925207756232687,0.4379853095487933,0.4682914697836359,0.2691415313225058,0.2112476370510397,0.4811469857755701,0.7121906507791017,0.6596814752724225,0.19542663561295787,0.6293916023993145,0.6217512994802079,0.2284215546018121,0.6651143099068586,0.6973799126637554,0.27281084808090095,0.6477039067854695,0.4472049689440994,0.0,0.47668393782383417,0.6201117318435754,0.5733395916451537,0.5835917004531361,0.41891204880528726,0.6275058275058275,0.7302733367715317,0.4110264455401165,0.5746606334841629,0.5630609352857817,0.5798514391829155,0.5860409145607701,0.702491103202847,0.4446138211382114,0.7234137622877569,0.41199133156754153,0.6982537834691501,0.5757733298674291,0.4750118990956687,0.5585464333781965,0.5742645300167424,0.7055393586005831,0.690704105509466,0.7179616548940464,0.43995988969666583,0.7093510979521342,0.6086857142857143,0.5792183477650362,0.6982367758186397,0.6017151024297285,0.4121475054229935,0.5871379479626903,0.7174887892376681,0.40366541353383456,0.5942028985507246,0.5633706325645125,0.6898945744407302,0.7096060203629925,0.5675165250236072,0.7140087251575375,0.6056872037914692
syn_Cd_0040,0.2813067150635209,0.7647280255975908,0.4437533321485694,0.2757142857142857,0.77737881508079,0.480291425368952,0.48739643927375287,0.4827586206896552,0.30174927113702626,0.27767058410805123,0.479646017699115,0.8163026521060842,0.30773638968481376,0.49141150112023896,0.4684373294524286,0.498015498015498,0.4790732436472347,0.45553267178431006,0.7678675754625122,0.37045138198448996,0.2902408111533587,0.47507552870090636,0.2518764182230756,0.366900702106319,0.46121251629726207,0.48267898383371827,0.2861116261820879,0.7837837837837838,0.747907949790795,0.45630385088799014,0.7283380681818182,0.46329198793161247,0.4846839860411012,0.7577355836849508,0.7788600288600288,0.5537158984007526,0.7547275791050365,0.2781432748538012,0.47668393782383417,0.0,0.6083231334149327,0.44344497607655503,0.4752763234438627,0.5353205389955084,0.5721355157974877,0.7814952498967369,0.4883892370070033,0.4524517087667162,0.5094267025779146,0.4677541729893778,0.4440336134453782,0.7509171654759607,0.5436734693877551,0.7683823529411765,0.5067422317764315,0.7387335995436395,0.47495323217626273,0.5040650406504065,0.4382146809295463,0.47055393586005834,0.7515748031496063,0.7016769638128861,0.768262987012987,0.5441146779729457,0.75921865656767,0.5444839857651246,0.4538858124880657,0.7490879610863397,0.4691979852770244,0.48439181916038754,0.46526399364827314,0.7368421052631579,0.5026819923371647,0.49337199668599835,0.42990829122215984,0.7519060375025757,0.7504560379423568,0.44653846153846155,0.7666011787819254,0.5547839506172839
syn_Ni_0001,0.5410484668644906,0.810761632440863,0.6183609709204518,0.5655539429124334,0.8148148148148148,0.6264471314638539,0.6405990016638935,0.6154249737670514,0.5758329189457981,0.5730814639905549,0.6295411089866156,0.8470780993992354,0.5351552135845051,0.6226221079691516,0.6189531133713718,0.6125490196078431,0.6181163149768399,0.6190967741935484,0.7977650585990733,0.5795677799607073,0.5647029824993838,0.6224543080939948,0.5425756509500352,0.51974992895709,0.6402569593147751,0.6171581769436997,0.5508021390374331,0.8249611600207146,0.8098360655737705,0.6346837242359631,0.7844455112818051,0.38,0.6229685807150596,0.812411179535765,0.8214811181951938,0.679397246037932,0.791483870967742,0.5521717423864204,0.6201117318435754,0.6083231334149327,0.0,0.6137270550678372,0.6190734218369006,0.6334498834498834,0.25131995776135163,0.8157582938388626,0.6540404040404041,0.6156202143950995,0.6018220793140407,0.6184971098265896,0.6199821587867975,0.786156746566119,0.6359930110658125,0.8032209360845496,0.6291427006299644,0.8043764829949908,0.6119581464872945,0.64,0.609201213346815,0.6276162000543626,0.801328168234643,0.7789949988092403,0.7983824378971692,0.635790077430456,0.7972402140242185,0.23676736380067132,0.6213206046141607,0.7843137254901961,0.6504329004329005,0.6514118792599806,0.6097424412094065,0.7927107061503417,0.6297282898241875,0.6162998215348007,0.6084601496002063,0.786241511662238,0.8092629482071713,0.6186395286555972,0.8007726269315674,0.23937600860677785
syn_Ni_0002,0.4875200366384245,0.762589928057554,0.5450490633363069,0.4754319048687458,0.7840524056923425,0.5871733966745843,0.5977924944812362,0.5821039903264813,0.4761795166858458,0.49978060552874065,0.5784335478145107,0.8012547051442911,0.42961876832844575,0.587467362924282,0.5682131373449701,0.5916104146576664,0.5904015205511998,0.5650309671272035,0.7560120240480962,0.5733401955738548,0.4977168949771689,0.5660967974957862,0.4653292629742695,0.4846434148880791,0.5842179050670939,0.5874660745127066,0.4611764705882353,0.7835125448028674,0.772262138036142,0.5691021126760564,0.7482735575852083,0.47003939456769644,0.5755915317559153,0.7790979097909791,0.787321063394683,0.6581975071907957,0.7465459742734636,0.440979440979441,0.5733395916451537,0.44344497607655503,0.6137270550678372,0.0,0.19232685600398605,0.5488681757656458,0.6049622962782778,0.7604758042714247,0.5101564324071912,0.17849563782126857,0.3972872996300863,0.17849358198110923,0.23653006032868734,0.7383548067393458,0.5448496140537663,0.7551780311845474,0.47961751383995976,0.750728862973761,0.22246455834242093,0.4720357941834452,0.15447534470670718,0.18940529735132433,0.7495554991109982,0.7249004865103936,0.7431968295904887,0.5322834645669291,0.7403200826019618,0.6039084842707341,0.1719589643380557,0.745185966763387,0.18039313262005474,0.5323854660347551,0.1681643132220796,0.7314211212516297,0.5133676723080697,0.20271370420624152,0.21047619047619048,0.7315363881401618,0.7557040792809403,0.1668720729603155,0.7365087408158095,0.5882207374412274
syn_Ni_0003,0.502209816236334,0.7552413456850317,0.5443840579710145,0.4919115971747551,0.7747189722413398,0.595364558184452,0.6015239802779023,0.5869191049913941,0.5015197568389058,0.5300668151447662,0.5773822933093039,0.791677304059229,0.4577534791252485,0.5922798552472859,0.5725618292113859,0.586764705882353,0.6039603960396039,0.5646489104116222,0.7522935779816514,0.5877422734415925,0.5320037105751392,0.586780905752754,0.4944665781319168,0.505564387917329,0.583756345177665,0.5859473023839398,0.48254423720707795,0.7857663347097401,0.7732596685082873,0.5710455764075067,0.7453064917439494,0.49695057833859096,0.5758804155054472,0.773062318516864,0.7825986614354951,0.6603313840155945,0.7559322033898305,0.48181178127200186,0.5835917004531361,0.4752763234438627,0.6190734218369006,0.19232685600398605,0.0,0.5551939245999458,0.6156319564679693,0.7637014596529882,0.5169632265717675,0.18811406661873953,0.4166039628793579,0.19231716326028073,0.25975944292044734,0.7530241935483871,0.5532664678774736,0.7625916292267676,0.4971838197644649,0.7514822134387352,0.23833333333333334,0.48015170670037927,0.17359297079078603,0.22318251143873918,0.7616955285603515,0.7427031881454872,0.751412429378531,0.5446285408872261,0.7514450867052023,0.5920542635658915,0.18777943368107303,0.7459038409884502,0.20425208807896736,0.5214302085720834,0.19153383851580874,0.741969737191399,0.5330506360688451,0.2126071329831352,0.2362052274927396,0.7517847336628226,0.7593069538749707,0.18977187264978693,0.7427171951533901,0.5952680594009565
syn_Ni_0004,0.499009900990099,0.7096018735362998,0.48664902573971613,0.52590799031477,0.7268292682926829,0.4344578933814061,0.44182726623840113,0.41544117647058826,0.49477351916376305,0.5121720633419995,0.46794258373205744,0.7605248769819574,0.5065073041168658,0.442614513638703,0.4268686367022598,0.44412457471866,0.4281298299845441,0.4280547662102816,0.7080491132332879,0.5436920483281821,0.5045645201085616,0.42237323575535807,0.4820380370979103,0.5044096728307255,0.5019288469781398,0.4326355340848094,0.4927351516696406,0.736132711249352,0.7149554617909049,0.4365662793455063,0.6924555502162422,0.6236654804270463,0.425704989154013,0.7131341868183974,0.7417771232204222,0.5235370611183355,0.6910359080340998,0.48575712143928035,0.41891204880528726,0.5353205389955084,0.6334498834498834,0.5488681757656458,0.5551939245999458,0.0,0.6347780126849895,0.7182680901542111,0.243680485338726,0.5569749616760348,0.549892703862661,0.5444502893214098,0.5589285714285714,0.6980318145052575,0.2466472303206997,0.7062972292191436,0.24102001645187826,0.6785431512272367,0.5606105956300509,0.3116883116883117,0.5273279352226721,0.5706122448979591,0.6997229916897507,0.6371871275327771,0.7032967032967034,0.21619293712316967,0.6769100648435298,0.6169552856035151,0.5726041943190868,0.6899538106235565,0.5752979414951246,0.24512670565302144,0.5672645739910314,0.6442417331812998,0.21546666666666667,0.5693865396069089,0.5393751613736122,0.667750517292344,0.7043868394815553,0.5646112600536193,0.6883977900552486,0.6182014001077006
syn_Ni_0005,0.5259326660600546,0.8204334365325078,0.6055838688233991,0.5020062416406599,0.816427289048474,0.6277423920736023,0.6499232287782408,0.6167146974063401,0.5404663923182441,0.5487246566383257,0.6212522045855379,0.8525161933233683,0.5132249454016016,0.6327204148986327,0.6130504220853297,0.6394541536988269,0.6314299197734781,0.6176957653181926,0.8099975130564536,0.5887611749680716,0.5509185756407349,0.6197991391678622,0.5172264355362947,0.5086540945492121,0.6268418956591,0.6374326310632044,0.532133676092545,0.829140958709065,0.8052790999567286,0.6260660397988191,0.7919433377600709,0.3520197856553998,0.6236399604352126,0.8229121119370354,0.8225733634311513,0.6724589383480124,0.7970191625266146,0.5337310692978431,0.6275058275058275,0.5721355157974877,0.25131995776135163,0.6049622962782778,0.6156319564679693,0.6347780126849895,0.0,0.8508583690987125,0.648886827458256,0.6070257611241218,0.6268364348677767,0.6113516113516113,0.6104218362282878,0.8159901599015991,0.6418383518225039,0.841886269070735,0.6327754184361729,0.8354644149577805,0.603462266702732,0.6347482724580454,0.6007428040854225,0.6134954105680972,0.843671205244579,0.7991650186772138,0.8316727844782381,0.6337587913519146,0.8370484242890085,0.21798816568047338,0.6075673053601747,0.8230366492146597,0.6126482213438735,0.6452914798206278,0.5958205912334352,0.8141821946169773,0.6127618119824647,0.6036618201400108,0.5999054149917238,0.8250869216368013,0.8351648351648352,0.6098874204601077,0.8319919517102615,0.23783783783783785
syn_Ni_0006,0.7796184738955824,0.6804858727224716,0.7303096805657157,0.8031418753068238,0.7106824925816023,0.748105565717272,0.7251024837231734,0.755863539445629,0.762241292276628,0.771497005988024,0.7526673132880698,0.7051637978900611,0.7546508492855217,0.7295039164490862,0.7446487030974566,0.7317397078353254,0.7349712493465761,0.7399737876802097,0.6614020504294819,0.760776477305167,0.7518138603952965,0.7246684350132626,0.7720675707827742,0.7721884937843307,0.7357917570498915,0.735149863760218,0.7657098525989139,0.7048921620199895,0.6888361045130641,0.7313145878394617,0.6702386751095957,0.8130630630630631,0.7433920704845814,0.6693897164824604,0.7098058735689398,0.7503299023489047,0.6513761467889908,0.7638114546376077,0.7302733367715317,0.7814952498967369,0.8157582938388626,0.7604758042714247,0.7637014596529882,0.7182680901542111,0.8508583690987125,0.0,0.7005128205128205,0.7579056505961638,0.6917211328976035,0.7624132407901761,0.7884267631103075,0.21160689843963865,0.7184350918790753,0.24885028104241186,0.6947925368978001,0.22743102062684167,0.7735159817351598,0.7313186813186813,0.7469199178644764,0.7529704338214976,0.20540236353404615,0.40517033099782557,0.21105232216343328,0.719871607820251,0.16871956459467202,0.8206136900078678,0.7714901643761789,0.2652582159624413,0.7920792079207921,0.7154150197628458,0.755125284738041,0.31517960602549244,0.6881429344883595,0.7849788007268322,0.7458737228189678,0.21190261496844004,0.23053589484327602,0.7604790419161677,0.23737373737373738,0.8130125751776928
syn_Ni_0007,0.45446584938704027,0.6874857012125372,0.44631803628601924,0.48776298840704163,0.7013828867761452,0.4228066198141011,0.4238004650179666,0.3985239852398524,0.484381874175099,0.4746795545282622,0.4103653355989805,0.7439082656473961,0.46843699044956905,0.45718169460806524,0.3879253567508233,0.4099793055874914,0.43219954648526077,0.3944078199590816,0.676126878130217,0.5473452410080744,0.4664920323073565,0.43086816720257237,0.44934196782953834,0.5038337867919861,0.46053138236426644,0.41654913023037143,0.4549539429341721,0.7159142726858185,0.6816854401335002,0.3892518440463646,0.6545842217484008,0.5967356687898089,0.42172675521821634,0.683944374209861,0.7057800956106041,0.49599817059227075,0.6581041145714935,0.4618101545253863,0.4110264455401165,0.4883892370070033,0.6540404040404041,0.5101564324071912,0.5169632265717675,0.243680485338726,0.648886827458256,0.7005128205128205,0.0,0.5042773525438992,0.5178571428571429,0.5034642032332564,0.5195686900958466,0.6827944300212414,0.2561899949469429,0.6856380613606047,0.19952095808383233,0.6437340745888348,0.5208064099250452,0.2713068181818182,0.48125,0.5089221984296931,0.6795553407443209,0.609993648105018,0.6869041645760161,0.2336075791573174,0.6706748466257668,0.6356606777348192,0.5278230500582072,0.6748496993987976,0.5388625592417061,0.18998272884283246,0.52490234375,0.6456888007928642,0.2005610098176718,0.5331960885229027,0.49147920927062033,0.6655586806443365,0.6806167400881057,0.5143259746359793,0.6793635486981678,0.620933521923621
syn_Ni_0008,0.48033583738400354,0.7551397551397552,0.5446909325866897,0.47530329289428075,0.7666812036633232,0.5962462806134127,0.5892514395393474,0.5752212389380531,0.46314387211367675,0.5030739877040492,0.5825117873981998,0.7915057915057915,0.4231945424605975,0.5841720036596524,0.5714602260137381,0.5913628976085442,0.5892857142857143,0.5630020656414965,0.7388581064803662,0.573300370828183,0.5113461114782992,0.5700371057513914,0.46343519494204427,0.5006248437890527,0.5842391304347826,0.5849952516619183,0.46699931957359947,0.7767034990791897,0.7638888888888888,0.5653837975760153,0.7452667814113597,0.4881573665194701,0.5816962146621946,0.7691326530612245,0.762719298245614,0.6485800046178711,0.7411062657792059,0.45677361853832443,0.5746606334841629,0.4524517087667162,0.6156202143950995,0.17849563782126857,0.18811406661873953,0.5569749616760348,0.6070257611241218,0.7579056505961638,0.5042773525438992,0.0,0.3521594684385382,0.20475746268656717,0.2468787756745872,0.7439809296781883,0.559244126659857,0.7639138240574507,0.48028066779579,0.7459649122807017,0.25529135092761956,0.4701099952175992,0.1608832807570978,0.2069214131218457,0.76171875,0.7363811151463363,0.7510141987829615,0.545981355505165,0.7530374411108356,0.5880597014925373,0.20526687044439218,0.7473417721518988,0.22259454284346578,0.5206971677559913,0.20276270350271336,0.7451176765147721,0.5212464589235127,0.24349635796045785,0.1961459050240881,0.7425691393124838,0.7656736327256558,0.19449715370018975,0.7506088650754993,0.5942857142857143
syn_Ni_0009,0.5165898617511521,0.7151822350953415,0.5557549921471842,0.5115124153498871,0.7104545454545454,0.6007650011953144,0.5682878081279147,0.5998052580331061,0.5141269106067624,0.5290222908850143,0.5888392857142857,0.7579585649317837,0.48142681426814266,0.5876731963688485,0.5858562514444188,0.5690366415918466,0.5724533715925395,0.5837928554303524,0.6701134930643128,0.5097175434050272,0.5350333103606708,0.5773145904023267,0.49155516560649265,0.5297509829619922,0.5972613773660894,0.5792349726775956,0.5174046886099929,0.7325637325637325,0.700832238282961,0.5780385211423511,0.6781712236665173,0.6042535446205171,0.6043129388164493,0.7065073041168659,0.710562414266118,0.5744270205066345,0.6734596020139055,0.4779172477917248,0.5630609352857817,0.5094267025779146,0.6018220793140407,0.3972872996300863,0.4166039628793579,0.549892703862661,0.6268364348677767,0.6917211328976035,0.5178571428571429,0.3521594684385382,0.0,0.39346660165772795,0.38702928870292885,0.6911948116737341,0.5479892761394102,0.7035128805620608,0.5221687357486698,0.6806065052580093,0.44410876132930516,0.5180180180180181,0.3419567262464723,0.44,0.7007672634271099,0.671635150166852,0.7025013304949441,0.5659529473962464,0.6906680530283338,0.6032621731830176,0.4226702729284485,0.7024442082890542,0.40230460921843686,0.5426884650317892,0.4415718717683557,0.6853991596638656,0.5076543209876543,0.4833242208857299,0.35442127965492454,0.6986152592994841,0.7059369202226345,0.3816377171215881,0.6908163265306122,0.611858495266567
syn_Ni_0010,0.48844585410058905,0.7685558453877164,0.5550651070403885,0.4835701598579041,0.7688869021010282,0.6072351421188631,0.601485689316146,0.5954088952654233,0.4763205828779599,0.5096634093376764,0.5920070267896355,0.7966269841269841,0.4563904324716115,0.6028169014084507,0.5819132015451034,0.6061978545887962,0.6005639097744361,0.5877502944640753,0.753404307997029,0.5926773455377574,0.522023943980122,0.5838095238095238,0.47722857759551046,0.5201851375674981,0.5892857142857143,0.5917073170731707,0.47917151501047245,0.7774102079395085,0.7724137931034483,0.5783053800914834,0.7561728395061729,0.4837782340862423,0.5933037912358444,0.7717770034843205,0.7855215827338129,0.6691159042427115,0.7441696113074205,0.46755027422303475,0.5798514391829155,0.4677541729893778,0.6184971098265896,0.17849358198110923,0.19231716326028073,0.5444502893214098,0.6113516113516113,0.7624132407901761,0.5034642032332564,0.20475746268656717,0.39346660165772795,0.0,0.23156159868149978,0.745775165319618,0.5520504731861199,0.7532228360957642,0.4896791842825168,0.735767475378333,0.25814266487214,0.4742014742014742,0.1715210355987055,0.2235119782662386,0.7494979919678715,0.7290435543882687,0.7390396659707724,0.5421311900440757,0.7352716143840857,0.5866132453452746,0.20212509055783628,0.7493486190724336,0.23167732415150025,0.5234479678427869,0.22171486555048198,0.73827923750644,0.5111542192046556,0.24062165058949625,0.22580645161290322,0.7407505988820867,0.7528499772001824,0.19005847953216373,0.729093640460691,0.5963796477495108
syn_Ni_0011,0.4890023566378633,0.7760980592441267,0.5599923209829142,0.48166730991895024,0.7864906832298136,0.6101317122593718,0.5885823025689819,0.5917695473251029,0.4938856015779093,0.49081961007003594,0.5905963302752294,0.8174097664543525,0.4544322192235831,0.5978128797083839,0.574719432959244,0.6035296531910528,0.5910012160518848,0.5697745277269958,0.7718889124443502,0.5640858815875082,0.5181194906953966,0.5838458384583846,0.4641310487667106,0.5077731552441428,0.5848198670863939,0.6023440770196735,0.4785929648241206,0.7975560081466395,0.7747273411056789,0.5714556841905485,0.7548906789413119,0.4863013698630137,0.60084388185654,0.7795066413662239,0.7943815840811549,0.6695936287522973,0.7578712167377615,0.45864661654135336,0.5860409145607701,0.4440336134453782,0.6199821587867975,0.23653006032868734,0.25975944292044734,0.5589285714285714,0.6104218362282878,0.7884267631103075,0.5195686900958466,0.2468787756745872,0.38702928870292885,0.23156159868149978,0.0,0.7601344255408528,0.569388665774208,0.7674233373158105,0.5237284528623112,0.7591406734145838,0.33621670839972684,0.5054759898904801,0.21942446043165467,0.2794584302940554,0.7722007722007722,0.7217457594816086,0.7702882483370288,0.5717750826901874,0.7669058490976299,0.593578540946962,0.23137580410873626,0.7732506643046945,0.2693929173693086,0.5384018619084562,0.2896103896103896,0.7447368421052631,0.5326947105372761,0.32562358276643993,0.2682233502538071,0.7636978579481398,0.7626382306477093,0.2542869092429946,0.7628424657534246,0.5883340327318506
syn_Ni_0012,0.7477435778754918,0.6731328806983511,0.7142857142857143,0.7692133303105871,0.6950467929696417,0.718059558117195,0.6962533452274755,0.7339202739056004,0.7380786229355664,0.7375886524822695,0.7215870880968392,0.700939324701701,0.7409787444389521,0.7086633069354452,0.7103064066852368,0.7147732813261823,0.7030987268796541,0.720616570327553,0.6725798276735935,0.7328125,0.724042455006922,0.7000243486729973,0.7422907488986784,0.7460484720758693,0.7121487770365879,0.7184926378837035,0.7383444338725024,0.6965450591930418,0.6784693204310535,0.7078701645175633,0.662390276839973,0.7919196148210174,0.7228521038044847,0.6621471438097355,0.7060849598163031,0.7503635482307319,0.6473988439306358,0.7371001634368434,0.702491103202847,0.7509171654759607,0.786156746566119,0.7383548067393458,0.7530241935483871,0.6980318145052575,0.8159901599015991,0.21160689843963865,0.6827944300212414,0.7439809296781883,0.6911948116737341,0.745775165319618,0.7601344255408528,0.0,0.7165184586364861,0.18466243236885438,0.6720977596741344,0.20147420147420148,0.7498619547211486,0.7168720140809656,0.7283250649657453,0.7345803842264914,0.1930095091236186,0.3811438784629133,0.20887937951323884,0.6817215727948991,0.219435736677116,0.7985542168674699,0.7524703557312253,0.2833110814419226,0.7764913163856029,0.7021664766248574,0.7391530267601975,0.3359725521245711,0.6690647482014388,0.7620225336630942,0.7231584015406837,0.25600436681222705,0.20382017237363148,0.7352281226626777,0.25301204819277107,0.7877346683354193
syn_Ni_0013,0.495794161306284,0.7045513654096229,0.4666987256552056,0.5406582768635043,0.7230619210141395,0.45534105534105535,0.46920332936979786,0.441994750656168,0.5074626865671642,0.5227970706354831,0.4868483978957437,0.7519125683060109,0.5200424741173347,0.46141975308641975,0.4460163812360387,0.47214229662568663,0.44181256436663235,0.4521043119029176,0.7038451049904554,0.5748385285032295,0.5274969173859433,0.45768025078369906,0.508096690917625,0.4978675007108331,0.5162810625535561,0.46298283261802575,0.5215286624203822,0.7269430051813471,0.7122774133083412,0.4581654420478786,0.6820365033621518,0.617163183637172,0.45420054200542004,0.7113744075829384,0.7335623159960746,0.5601767611125552,0.6875806868060935,0.5064935064935064,0.4446138211382114,0.5436734693877551,0.6359930110658125,0.5448496140537663,0.5532664678774736,0.2466472303206997,0.6418383518225039,0.7184350918790753,0.2561899949469429,0.559244126659857,0.5479892761394102,0.5520504731861199,0.569388665774208,0.7165184586364861,0.0,0.7210473313192346,0.22499314880789256,0.6808230018464785,0.5459168411606342,0.31314223904813415,0.5285786545270612,0.5594234430242045,0.7093023255813954,0.6597569692637598,0.7098265895953757,0.2746054519368723,0.6985066215835447,0.623353138723844,0.5770761475192359,0.7132140796306982,0.5630752571737954,0.2717973697028738,0.5568627450980392,0.6797720797720798,0.22014925373134328,0.55,0.5411612903225806,0.6862629246676514,0.7120079720976582,0.5568060021436227,0.7090005521811154,0.6092572658772875
syn_Ni_0014,0.7608031427324312,0.6533637400228051,0.7144073207065333,0.776541095890411,0.6807410598879793,0.7306214689265537,0.7087460484720759,0.7439080459770115,0.7473684210526316,0.7548711502199874,0.735705209656925,0.6838095238095238,0.7566751799396332,0.7276422764227642,0.7220398336616327,0.7222094888837955,0.7201627486437613,0.7321549966009517,0.6638935108153078,0.7415264569617167,0.732752992383025,0.7161172161172161,0.7517183920016663,0.7599211239832389,0.7246543778801844,0.7272727272727273,0.7433370660694288,0.6854545454545454,0.6709650582362728,0.7180079848707712,0.6517857142857143,0.7923779277491068,0.7342789598108747,0.6516806722689076,0.695840554592721,0.7542739913380442,0.6342624065261727,0.7482394366197183,0.7234137622877569,0.7683823529411765,0.8032209360845496,0.7551780311845474,0.7625916292267676,0.7062972292191436,0.841886269070735,0.24885028104241186,0.6856380613606047,0.7639138240574507,0.7035128805620608,0.7532228360957642,0.7674233373158105,0.18466243236885438,0.7210473313192346,0.0,0.6844115540701838,0.22050334795659202,0.7697656451197528,0.7310051911278905,0.7365376056964842,0.7510078254683424,0.20086705202312138,0.3443107451973823,0.2415,0.7053416149068323,0.21692345316703351,0.8131942870097484,0.7730331863541425,0.2710933599600599,0.7935758148323099,0.6982350408953939,0.7605839416058394,0.30864197530864196,0.6766076421248836,0.781025641025641,0.7372593431483578,0.2794904458598726,0.19104084321475626,0.74812734082397,0.24651609802979338,0.8096804511278195
syn_Ni_0015,0.4745245362761212,0.691285081240768,0.42915904936014626,0.48585881811910786,0.7161379949062283,0.42223305704534375,0.4423337856173677,0.4278619319592749,0.4793485957045079,0.4791011235955056,0.4207774494203228,0.7436161980913077,0.46184738955823296,0.43337393422655296,0.42016015073009894,0.452970297029703,0.4050231650816874,0.4073349633251834,0.6889804325437693,0.55214399152991,0.4691011235955056,0.4126081582200247,0.45913354175971416,0.48527048741296197,0.46243602865916067,0.44131812420785804,0.4543698696281989,0.7252882021093942,0.7043478260869566,0.4220018034265104,0.6699383702351062,0.5868504772004242,0.4297414896339903,0.6952896100969124,0.7176799440950384,0.5329724409448819,0.669437652811736,0.4536839611466477,0.41199133156754153,0.5067422317764315,0.6291427006299644,0.47961751383995976,0.4971838197644649,0.24102001645187826,0.6327754184361729,0.6947925368978001,0.19952095808383233,0.48028066779579,0.5221687357486698,0.4896791842825168,0.5237284528623112,0.6720977596741344,0.22499314880789256,0.6844115540701838,0.0,0.6596806387225549,0.4887640449438202,0.23984674329501915,0.4682330376408535,0.47817154596815614,0.6667537215983286,0.6162211146352514,0.6763666032091379,0.20475418692598596,0.6691449814126395,0.6154598825831703,0.5168088309081786,0.6622318761878903,0.5177703912042956,0.238029146426093,0.4998679693688936,0.6442178696002147,0.20483749055177627,0.5074084428291865,0.4726295210166178,0.648528595224875,0.6728905696052943,0.4864522663965561,0.6723104975253973,0.596236969234681
syn_Ni_0016,0.7368779822767553,0.6531874405328258,0.6905710491367862,0.7653083945669116,0.6843757005155795,0.7196041470311028,0.694127957931639,0.7279923242983929,0.7241379310344828,0.7273519163763066,0.7176833296630698,0.6929584473749689,0.7387300048473098,0.7066164351306805,0.707383773928897,0.6996652319464371,0.7063398538769738,0.717391304347826,0.6532538499751614,0.7142857142857143,0.7063887630267331,0.6981132075471698,0.7238095238095238,0.7440660474716202,0.6972349313705988,0.7058967457793002,0.7133520074696545,0.6928182033657265,0.6658742165550032,0.7024901703800787,0.6502321468052178,0.7941115915173975,0.7164732032600643,0.6409696440270801,0.6965050732807215,0.7299096528768426,0.6323251417769377,0.731377492550997,0.6982537834691501,0.7387335995436395,0.8043764829949908,0.750728862973761,0.7514822134387352,0.6785431512272367,0.8354644149577805,0.22743102062684167,0.6437340745888348,0.7459649122807017,0.6806065052580093,0.735767475378333,0.7591406734145838,0.20147420147420148,0.6808230018464785,0.22050334795659202,0.6596806387225549,0.0,0.7601296596434359,0.703721962040917,0.7277996753999536,0.7383548067393458,0.21833291362377236,0.3217734855136084,0.17779523435454309,0.6826222684703434,0.16786079836233367,0.8066193853427897,0.7572674418604651,0.26849673202614377,0.7735011102886751,0.6627099664053752,0.7480274879104097,0.2742310674592918,0.6404767696424227,0.7709061575692391,0.7194142654700048,0.25213675213675213,0.20832380516807683,0.7384502566609631,0.2514443607133886,0.8066257668711656
syn_Ni_0017,0.4915254237288136,0.7742279020234292,0.5351351351351351,0.49245609695770465,0.7896835285322701,0.5842992623814541,0.6112730806608357,0.5812953507121742,0.506486899007886,0.5125482625482626,0.5797703396042023,0.7983758050966115,0.4382816748232735,0.5919978941826797,0.5736040609137056,0.5859667916443492,0.5947299077733861,0.5771670190274841,0.7646730016769144,0.591589861751152,0.5199193141704488,0.5747526076491041,0.4841802492809204,0.4836639439906651,0.5898667831404236,0.5790052212146194,0.4749739311783107,0.7878546804561124,0.7817659727207465,0.5801452784503632,0.7644171779141105,0.4742572011794058,0.5828936406553735,0.7889130961026386,0.7928266867318786,0.6636508781266631,0.758985200845666,0.4641123882503193,0.5757733298674291,0.47495323217626273,0.6119581464872945,0.22246455834242093,0.23833333333333334,0.5606105956300509,0.603462266702732,0.7735159817351598,0.5208064099250452,0.25529135092761956,0.44410876132930516,0.25814266487214,0.33621670839972684,0.7498619547211486,0.5459168411606342,0.7697656451197528,0.4887640449438202,0.7601296596434359,0.0,0.4807425879745082,0.23829236739974127,0.241917502787068,0.7587283565143343,0.73904576436222,0.7537822604568377,0.5406360424028268,0.7554913294797688,0.5996827075621365,0.2440217391304348,0.7512585134734971,0.24715672676837724,0.5504107542942495,0.2232117207698937,0.7462730195849167,0.5331695331695332,0.2118618159584225,0.25726360274696247,0.7487864077669902,0.7742675159235669,0.2121877573428493,0.7548825360883102,0.5836779707747449
syn_Ni_0018,0.4828226555246054,0.6900997324252007,0.4743502824858757,0.4865848112778536,0.7060439560439561,0.47627077812575286,0.49899351375531203,0.4744847890088322,0.49556696220251983,0.495887975105579,0.4851618705035971,0.7544574630667346,0.4738408132903546,0.49350024073182475,0.4542491268917346,0.4741990706774272,0.4650602409638554,0.4655713940565354,0.6669209255021612,0.5751241181081788,0.48067576949780144,0.4772838299951148,0.4707311685442898,0.5120274914089347,0.5212809079854074,0.4732098147220831,0.4779288952517299,0.7256422685409598,0.6797529775033083,0.4684503901895206,0.6492099322799098,0.5957178841309824,0.4666329625884732,0.6718680338831922,0.7116536158452326,0.5594456601021153,0.6530562937907707,0.45526932084309135,0.4750118990956687,0.5040650406504065,0.64,0.4720357941834452,0.48015170670037927,0.3116883116883117,0.6347482724580454,0.7313186813186813,0.2713068181818182,0.4701099952175992,0.5180180180180181,0.4742014742014742,0.5054759898904801,0.7168720140809656,0.31314223904813415,0.7310051911278905,0.23984674329501915,0.703721962040917,0.4807425879745082,0.0,0.45071090047393364,0.48516358102967283,0.7184115523465704,0.6598700425722608,0.7101449275362319,0.2961876832844575,0.710091743119266,0.6291999033115785,0.5028500619578686,0.6945337620578779,0.5025252525252525,0.27721866422689845,0.4880083420229406,0.6933262711864406,0.2852165256346441,0.49641478212906787,0.4614827336392176,0.6855655984661736,0.7102803738317757,0.4737368684342171,0.7078189300411523,0.6192867905575088
syn_Ni_0019,0.4697633654688869,0.7531486146095718,0.5257423627430037,0.4658358401375161,0.763840830449827,0.5802132970274563,0.5756293632324941,0.566943674976916,0.46367239101717306,0.4961093585699264,0.564625850340136,0.7919655667144907,0.4259734203777104,0.5746031746031746,0.5583388266315096,0.5788262370540852,0.5787562414888788,0.5503981797497156,0.7393172594891382,0.5630663727651237,0.4878741533755735,0.5531034482758621,0.4547355216391386,0.4884872493191384,0.5707129094412331,0.5736470588235294,0.4580616145716213,0.7704244637151986,0.7607515657620042,0.5498839907192575,0.7345283824157064,0.4701195219123506,0.5807217473884141,0.7625474483340363,0.7729447585906916,0.6328679331654841,0.7392491467576792,0.4321696862571807,0.5585464333781965,0.4382146809295463,0.609201213346815,0.15447534470670718,0.17359297079078603,0.5273279352226721,0.6007428040854225,0.7469199178644764,0.48125,0.1608832807570978,0.3419567262464723,0.1715210355987055,0.21942446043165467,0.7283250649657453,0.5285786545270612,0.7365376056964842,0.4682330376408535,0.7277996753999536,0.23829236739974127,0.45071090047393364,0.0,0.1802810192903072,0.7406869859700048,0.7092604365331638,0.7353088900050226,0.5238332917394559,0.7322525178088921,0.5852492601866606,0.18806804940573293,0.7311935807422267,0.21110056925996204,0.5012964563526361,0.18963831867057673,0.7256944444444444,0.4955545156761816,0.23235445646573932,0.1953604730498067,0.7215254671103148,0.7319223985890653,0.1857075693464974,0.7297297297297297,0.584237848041529
syn_Ni_0020,0.4952181012362958,0.750122249388753,0.5322434150772025,0.49691569568197397,0.7704163791120313,0.5796610169491525,0.5991011235955056,0.572379778051788,0.494021101992966,0.5091558731576596,0.5789473684210527,0.7859154929577464,0.4426719840478564,0.5765787563513186,0.5620028076743098,0.588495575221239,0.5742310486800678,0.5580378824672171,0.7433537832310838,0.5864424592748292,0.5111627906976745,0.5624846550454211,0.4873501997336884,0.5098351940457203,0.5892530022389578,0.5756355398942864,0.48776978417266187,0.7773447015834348,0.766009306448039,0.5685483870967742,0.738716262190973,0.4864010120177103,0.5669631512071156,0.7715565509518477,0.777829206202268,0.647605083088954,0.7455075279261778,0.4572840668392563,0.5742645300167424,0.47055393586005834,0.6276162000543626,0.18940529735132433,0.22318251143873918,0.5706122448979591,0.6134954105680972,0.7529704338214976,0.5089221984296931,0.2069214131218457,0.44,0.2235119782662386,0.2794584302940554,0.7345803842264914,0.5594234430242045,0.7510078254683424,0.47817154596815614,0.7383548067393458,0.241917502787068,0.48516358102967283,0.1802810192903072,0.0,0.7386569872958257,0.7289509230076542,0.7311740890688259,0.5533512064343163,0.7374802319451766,0.5937803692905733,0.22172396611858494,0.7353812988412827,0.25057121096725055,0.5329809239255343,0.20681520314547838,0.7384820239680426,0.5211408556417313,0.22441054091539528,0.23446601941747572,0.7278236914600551,0.7450105658605306,0.21146592909228062,0.7372640289630205,0.5995960616006059
syn_Ni_0021,0.7489341544291804,0.6745341614906832,0.7022355381424291,0.7764378478664193,0.7108827650630547,0.7205412054120541,0.6948688711516534,0.7348370927318296,0.74,0.7362338545207342,0.7226043099495644,0.7130208333333333,0.7476564479351406,0.7064896755162242,0.714896650035638,0.7092180864351736,0.7052165354330708,0.7216876387860843,0.6854691967767091,0.7316225608126169,0.7223140495867768,0.6971057884231537,0.7387975681152894,0.7500676223965377,0.7112211221122112,0.7139201637666326,0.7403166869671133,0.7113861386138614,0.6879496402877698,0.7008411002500569,0.673572744014733,0.8011970927746901,0.7121447028423773,0.6663636363636364,0.7156954887218046,0.7392599950335237,0.6535899333826795,0.7361376673040153,0.7055393586005831,0.7515748031496063,0.801328168234643,0.7495554991109982,0.7616955285603515,0.6997229916897507,0.843671205244579,0.20540236353404615,0.6795553407443209,0.76171875,0.7007672634271099,0.7494979919678715,0.7722007722007722,0.1930095091236186,0.7093023255813954,0.20086705202312138,0.6667537215983286,0.21833291362377236,0.7587283565143343,0.7184115523465704,0.7406869859700048,0.7386569872958257,0.0,0.404615033127713,0.2098901098901099,0.6884038199181446,0.17618664521319388,0.812392001974821,0.7670296277538617,0.24190894130554033,0.7816210635002582,0.6938870741950537,0.7541333333333333,0.3214092140921409,0.6627670396744659,0.7813559322033898,0.7366214549938348,0.22861150070126227,0.21888412017167383,0.74079754601227,0.25828511309836927,0.8059548254620124
syn_Ni_0022,0.7116704805491991,0.6529284164859002,0.6835905767668562,0.7451500918929957,0.6687898089171974,0.7062365591397849,0.6832997987927565,0.7136612021857923,0.7128526645768025,0.6954781912765106,0.7081059227814838,0.6976271186440678,0.7210944395410415,0.710294433698689,0.7033792240300375,0.6965998256320837,0.6876747687674769,0.6985769728331177,0.6344765342960289,0.6939435968562182,0.6821576763485477,0.6908338776398868,0.6900119379228015,0.7183559084539934,0.7088164918093135,0.7022034275539728,0.6814498933901919,0.6756756756756757,0.6443473077687264,0.6974317817014446,0.6189896530736457,0.7579327379821394,0.6983164983164983,0.6341023069207623,0.6711423259657096,0.733304423243712,0.6157826649417852,0.7005661564269239,0.690704105509466,0.7016769638128861,0.7789949988092403,0.7249004865103936,0.7427031881454872,0.6371871275327771,0.7991650186772138,0.40517033099782557,0.609993648105018,0.7363811151463363,0.671635150166852,0.7290435543882687,0.7217457594816086,0.3811438784629133,0.6597569692637598,0.3443107451973823,0.6162211146352514,0.3217734855136084,0.73904576436222,0.6598700425722608,0.7092604365331638,0.7289509230076542,0.404615033127713,0.0,0.3988165680473373,0.624,0.36393138618451554,0.7834339948231234,0.752977503308337,0.4256676908532262,0.7591388203633102,0.6070622048860603,0.7337946943483276,0.23649122807017545,0.6072614567190613,0.7595151515151515,0.7137931034482758,0.40481927710843374,0.28227662690939526,0.7260395819435179,0.3302940506040574,0.7826378040615934
syn_Ni_0023,0.7631449631449632,0.6395558998192615,0.7205636493909721,0.7788461538461539,0.6702179176755448,0.7270636340403782,0.7169855894164895,0.7347576862949453,0.7480237154150198,0.7606195728702183,0.7320665083135391,0.670824295010846,0.7559947299077734,0.710929519918284,0.71555336455509,0.7107244871461957,0.7167689161554193,0.7334016918738785,0.6395128552097429,0.7453329618278072,0.7398971344599559,0.7147302904564315,0.7593844719048729,0.7590973201692525,0.7261499148211243,0.7145899893503728,0.7480394636984569,0.6723251028806584,0.6587523277467412,0.7230986578761479,0.6393129770992366,0.7989394608926205,0.7186659494351803,0.6351224105461394,0.682261208576998,0.7496774193548387,0.6144578313253012,0.7495039682539683,0.7179616548940464,0.768262987012987,0.7983824378971692,0.7431968295904887,0.751412429378531,0.7032967032967034,0.8316727844782381,0.21105232216343328,0.6869041645760161,0.7510141987829615,0.7025013304949441,0.7390396659707724,0.7702882483370288,0.20887937951323884,0.7098265895953757,0.2415,0.6763666032091379,0.17779523435454309,0.7537822604568377,0.7101449275362319,0.7353088900050226,0.7311740890688259,0.2098901098901099,0.3988165680473373,0.0,0.7033874181611158,0.18535085266983506,0.8066170813028982,0.7571767184619437,0.298225529479107,0.7748522299838796,0.7048863086598935,0.7426347971095053,0.3182589033352176,0.6783068783068783,0.7727272727272727,0.7335383038688189,0.2546147084676238,0.21919841662543296,0.7377659574468085,0.2432876712328767,0.8039529914529915
syn_Ni_0024,0.5067155067155067,0.7347357619291944,0.4795821462488129,0.5206690561529271,0.7540312876052948,0.44438801422041646,0.46218882104274306,0.44913279834325653,0.5143628774858826,0.5188987400839944,0.4512396694214876,0.7759224346889307,0.5115183246073298,0.4696777467647805,0.44243018128368444,0.47936016511867907,0.4411988823977648,0.4411614875191034,0.7317204301075269,0.5644714997232982,0.51460564751704,0.4403504251481577,0.4802967083912842,0.5025210084033613,0.4882440160982843,0.47580005289605926,0.48516842634489693,0.7577306414515717,0.7366350381856052,0.4452247191011236,0.7012093905620109,0.6097560975609756,0.45872294950574405,0.727591855838989,0.7587793654637927,0.5594871794871795,0.7080998471726948,0.48927779147153067,0.43995988969666583,0.5441146779729457,0.635790077430456,0.5322834645669291,0.5446285408872261,0.21619293712316967,0.6337587913519146,0.719871607820251,0.2336075791573174,0.545981355505165,0.5659529473962464,0.5421311900440757,0.5717750826901874,0.6817215727948991,0.2746054519368723,0.7053416149068323,0.20475418692598596,0.6826222684703434,0.5406360424028268,0.2961876832844575,0.5238332917394559,0.5533512064343163,0.6884038199181446,0.624,0.7033874181611158,0.0,0.6923931149361466,0.6111111111111112,0.5578231292517006,0.6885478829212844,0.5532425940752602,0.2406828564558788,0.5467844327905051,0.6581532416502947,0.20946123521681997,0.5505420451215939,0.530040733197556,0.6771378708551483,0.7069092697319892,0.5550858652575957,0.699047619047619,0.5914035553197134
syn_Ni_0025,0.7494590045684059,0.662796567390207,0.7132834424695977,0.7811249705813132,0.6923441573832662,0.7261369315342329,0.7061545580749653,0.7336389101094983,0.737007493352671,0.744367816091954,0.7334263782274948,0.6981731532962668,0.7507723995880535,0.7148564294631711,0.7153883260974433,0.7208121827411168,0.7130717320669833,0.724812030075188,0.6606765327695561,0.7319195214790647,0.7233940556088208,0.7079847908745247,0.7446322521699407,0.7495872317006054,0.7182863113897596,0.7159947984395318,0.7328055418109847,0.6987679155142067,0.6725199543899658,0.7140221402214022,0.6575566456435412,0.7950162513542796,0.7157867086945101,0.6578279916993314,0.6956832816599093,0.7527749747729566,0.6325814536340852,0.7413249211356467,0.7093510979521342,0.75921865656767,0.7972402140242185,0.7403200826019618,0.7514450867052023,0.6769100648435298,0.8370484242890085,0.16871956459467202,0.6706748466257668,0.7530374411108356,0.6906680530283338,0.7352716143840857,0.7669058490976299,0.219435736677116,0.6985066215835447,0.21692345316703351,0.6691449814126395,0.16786079836233367,0.7554913294797688,0.710091743119266,0.7322525178088921,0.7374802319451766,0.17618664521319388,0.36393138618451554,0.18535085266983506,0.6923931149361466,0.0,0.8079237713139418,0.7519300051466804,0.22857940273513816,0.7732878509577539,0.6789012550319677,0.7396257119609438,0.2732285635511442,0.6536572757818557,0.7710670117917745,0.7239478957915831,0.20045688178183896,0.21907528443476157,0.7438295661210704,0.20834447713292323,0.8017218888599008
syn_Ni_0026,0.4992189243472439,0.8174603174603174,0.5859069160504567,0.5068912710566615,0.8119356969830434,0.6110083256244219,0.6283376399655469,0.5970816662744175,0.5164835164835165,0.5222602739726028,0.6013849816057131,0.8453281288119053,0.47741321921065144,0.6159001617749018,0.5953446732318711,0.6255279211637729,0.6118436271108026,0.6043599257884972,0.7949342425718461,0.543,0.5300400534045394,0.601593625498008,0.4804255319148936,0.4833164812942366,0.5954572155864499,0.6174706023518118,0.4986251145737855,0.8292626192137706,0.8049713193116634,0.6015457277801631,0.7866608733434717,0.3222604820741341,0.601356260595786,0.8179866924232668,0.824141749723145,0.6700886607559496,0.7935992578849722,0.5007877560207067,0.6086857142857143,0.5444839857651246,0.23676736380067132,0.6039084842707341,0.5920542635658915,0.6169552856035151,0.21798816568047338,0.8206136900078678,0.6356606777348192,0.5880597014925373,0.6032621731830176,0.5866132453452746,0.593578540946962,0.7985542168674699,0.623353138723844,0.8131942870097484,0.6154598825831703,0.8066193853427897,0.5996827075621365,0.6291999033115785,0.5852492601866606,0.5937803692905733,0.812392001974821,0.7834339948231234,0.8066170813028982,0.6111111111111112,0.8079237713139418,0.0,0.5860266159695817,0.7859154929577464,0.6162593757561093,0.6211221122112212,0.5874282863556997,0.7958976956191441,0.5958005249343832,0.6067386154251119,0.5757997218358831,0.7918410041841004,0.8082191780821918,0.6077679213617837,0.8059591233686284,0.22936221419975933
syn_Ni_0027,0.4852706097282485,0.7709230033476805,0.5556049822064056,0.4790780935332289,0.7783284523541338,0.5982946470866888,0.6085424922941436,0.5871714492404148,0.4900160661005279,0.5085339168490153,0.5795529984509847,0.8008506379784839,0.4283625730994152,0.5872189349112426,0.570774163994503,0.5980769230769231,0.5948827292110874,0.5738717339667458,0.7612387612387612,0.5633658286300667,0.5200364298724954,0.573109243697479,0.4771639843410178,0.4945511157239232,0.582017982017982,0.590159901599016,0.4664476771468794,0.7860376459375744,0.7811074918566775,0.5733099209833187,0.7542768273716952,0.4759048603929679,0.5887757635957288,0.7888962036427474,0.7847269431225924,0.652963671128107,0.7558194774346794,0.45312140059894035,0.5792183477650362,0.4538858124880657,0.6213206046141607,0.1719589643380557,0.18777943368107303,0.5726041943190868,0.6075673053601747,0.7714901643761789,0.5278230500582072,0.20526687044439218,0.4226702729284485,0.20212509055783628,0.23137580410873626,0.7524703557312253,0.5770761475192359,0.7730331863541425,0.5168088309081786,0.7572674418604651,0.2440217391304348,0.5028500619578686,0.18806804940573293,0.22172396611858494,0.7670296277538617,0.752977503308337,0.7571767184619437,0.5578231292517006,0.7519300051466804,0.5860266159695817,0.0,0.7528267157507231,0.23641776234185066,0.5471528246680171,0.20348093166112108,0.7520145567975045,0.5333822450476889,0.2193670543684068,0.23646723646723647,0.7587318645889307,0.7752240864169156,0.20865077414598182,0.7610507703965648,0.5854922279792746
syn_Ni_0028,0.7399411187438666,0.7138437741686001,0.6918673980443596,0.7671627460393663,0.746615087040619,0.7065577953559582,0.6895494220334984,0.7164412070759626,0.7286630488406513,0.7365830794469183,0.7115749525616698,0.7677314564158094,0.7384898710865562,0.7021927587965324,0.7061284764952006,0.688877365828364,0.6967840735068913,0.709239825953417,0.7243988111321265,0.7129346314325452,0.7060405967229152,0.6903158984981874,0.7322467986030268,0.733032948465221,0.709910676307954,0.69377990430622,0.7241727709017428,0.7621982537236774,0.7247791724779172,0.6943334117093816,0.7084325869461648,0.7859664607237423,0.706766917293233,0.7014574518100611,0.754257907542579,0.7253285235763979,0.6902994625031994,0.7305596830113917,0.6982367758186397,0.7490879610863397,0.7843137254901961,0.745185966763387,0.7459038409884502,0.6899538106235565,0.8230366492146597,0.2652582159624413,0.6748496993987976,0.7473417721518988,0.7024442082890542,0.7493486190724336,0.7732506643046945,0.2833110814419226,0.7132140796306982,0.2710933599600599,0.6622318761878903,0.26849673202614377,0.7512585134734971,0.6945337620578779,0.7311935807422267,0.7353812988412827,0.24190894130554033,0.4256676908532262,0.298225529479107,0.6885478829212844,0.22857940273513816,0.7859154929577464,0.7528267157507231,0.0,0.7929184549356223,0.6932367149758454,0.755826859045505,0.3876975169300226,0.6634970945589013,0.774896876841485,0.7313891020721413,0.20737057619186897,0.2692687747035573,0.7397769516728625,0.31455142231947486,0.7882666666666667
syn_Ni_0029,0.516728624535316,0.7842707572437302,0.5747568423433612,0.4751934456076468,0.8024747937671861,0.6180371352785146,0.630176852473696,0.6110019646365422,0.5039701074264362,0.5332591768631814,0.5967596759675967,0.817440081591025,0.4837428642343013,0.619277108433735,0.5837800046609182,0.617625458996328,0.6203569705740473,0.5840386940749698,0.7831509289895647,0.6160083703897463,0.5487607134584201,0.5985330073349633,0.49502542560247625,0.5231542736173591,0.6044624746450304,0.6090225563909775,0.50083592070695,0.8068898592916061,0.7929359823399559,0.5933943316224057,0.7758698599186624,0.5012605042016807,0.5956477732793523,0.8041053101294066,0.8091286307053942,0.6587977610124118,0.7726723095525998,0.483356774496015,0.6017151024297285,0.4691979852770244,0.6504329004329005,0.18039313262005474,0.20425208807896736,0.5752979414951246,0.6126482213438735,0.7920792079207921,0.5388625592417061,0.22259454284346578,0.40230460921843686,0.23167732415150025,0.2693929173693086,0.7764913163856029,0.5630752571737954,0.7935758148323099,0.5177703912042956,0.7735011102886751,0.24715672676837724,0.5025252525252525,0.21110056925996204,0.25057121096725055,0.7816210635002582,0.7591388203633102,0.7748522299838796,0.5532425940752602,0.7732878509577539,0.6162593757561093,0.23641776234185066,0.7929184549356223,0.0,0.5471611721611722,0.21555323590814196,0.7741251325556734,0.5450921773791729,0.2413031474323578,0.2327773749093546,0.7746092678914176,0.7853133769878391,0.2013019529293941,0.776519052523172,0.6214177978883861
syn_Ni_0030,0.4720101781170484,0.6662978535074131,0.4198220566935651,0.4823137744486059,0.6809045226130653,0.41127440228120205,0.40971510555441687,0.41570026761819806,0.4737963357477631,0.48196454045241494,0.4308072487644152,0.7309644670050761,0.480297230353524,0.4353353792196405,0.3931533064001701,0.4325105625972871,0.41158402808249234,0.3828898174620629,0.6530753282653766,0.5475796930342385,0.4582364136181011,0.4171479342514438,0.44883485309017224,0.5113338105464089,0.44215649569449644,0.42526124488868694,0.46466623178951943,0.7048963387737097,0.6560097126669364,0.38197424892703863,0.6316659776767259,0.5982211910286156,0.4188817598533456,0.6685737637923989,0.6854736842105263,0.500110595001106,0.6406421816582362,0.4566053869174861,0.4121475054229935,0.48439181916038754,0.6514118792599806,0.5323854660347551,0.5214302085720834,0.24512670565302144,0.6452914798206278,0.7154150197628458,0.18998272884283246,0.5206971677559913,0.5426884650317892,0.5234479678427869,0.5384018619084562,0.7021664766248574,0.2717973697028738,0.6982350408953939,0.238029146426093,0.6627099664053752,0.5504107542942495,0.27721866422689845,0.5012964563526361,0.5329809239255343,0.6938870741950537,0.6070622048860603,0.7048863086598935,0.2406828564558788,0.6789012550319677,0.6211221122112212,0.5471528246680171,0.6932367149758454,0.5471611721611722,0.0,0.5334590009425071,0.654397705544933,0.20108450067781292,0.547843331680714,0.512420312156518,0.6812022665681202,0.6979522184300341,0.5419881979119383,0.6848230912476723,0.620501138952164
syn_Ni_0031,0.4851674641148325,0.7695204619633442,0.5503839888294159,0.4852459016393443,0.7773584905660378,0.5898583146905294,0.6048814183743956,0.5845997973657548,0.5012025012025012,0.5186456188515214,0.5810185185185185,0.8020010531858873,0.4519846350832266,0.5916542473919523,0.5718742500599951,0.5965665236051502,0.5977125808055693,0.5617053103964099,0.7597897503285151,0.5755609624222763,0.5087049844979729,0.5718608169440242,0.4862468742896113,0.49439124487004105,0.5925925925925926,0.586652871184687,0.46837312330790054,0.7848924462231116,0.7730367680435769,0.5698875372963048,0.7494188749418875,0.4723899913718723,0.5721003134796239,0.7870582836163378,0.791172282866635,0.6687578419071518,0.7491897282473199,0.4635441815548044,0.5871379479626903,0.46526399364827314,0.6097424412094065,0.1681643132220796,0.19153383851580874,0.5672645739910314,0.5958205912334352,0.755125284738041,0.52490234375,0.20276270350271336,0.4415718717683557,0.22171486555048198,0.2896103896103896,0.7391530267601975,0.5568627450980392,0.7605839416058394,0.4998679693688936,0.7480274879104097,0.2232117207698937,0.4880083420229406,0.18963831867057673,0.20681520314547838,0.7541333333333333,0.7337946943483276,0.7426347971095053,0.5467844327905051,0.7396257119609438,0.5874282863556997,0.20348093166112108,0.755826859045505,0.21555323590814196,0.5334590009425071,0.0,0.7362938596491229,0.5331619537275064,0.19611206403659234,0.22601544978818838,0.7377235310814647,0.7581888246628131,0.19069767441860466,0.7393617021276596,0.5889984431759211
syn_Ni_0032,0.7315533980582525,0.6747387203670661,0.7181968373849422,0.7619952494061758,0.6995215311004784,0.7375725460509714,0.7142190053700677,0.7438271604938271,0.716447047340166,0.7151472976107631,0.7408450704225352,0.7046548956661316,0.7217165149544863,0.7342410489157841,0.7199902605308011,0.7216098436298385,0.717819283190308,0.7200708681346495,0.6699599465954607,0.7004671613080516,0.6980401645293975,0.7163338453661034,0.7220557732196359,0.729068150208623,0.7416772018541931,0.7262217551234892,0.7112165875593305,0.6988318943626206,0.6801656695812242,0.7323714219222713,0.661008958038661,0.7810314685314685,0.7165605095541401,0.6738017682643089,0.7019740009629273,0.7650955414012739,0.6471779296380663,0.7261146496815286,0.7174887892376681,0.7368421052631579,0.7927107061503417,0.7314211212516297,0.741969737191399,0.6442417331812998,0.8141821946169773,0.31517960602549244,0.6456888007928642,0.7451176765147721,0.6853991596638656,0.73827923750644,0.7447368421052631,0.3359725521245711,0.6797720797720798,0.30864197530864196,0.6442178696002147,0.2742310674592918,0.7462730195849167,0.6933262711864406,0.7256944444444444,0.7384820239680426,0.3214092140921409,0.23649122807017545,0.3182589033352176,0.6581532416502947,0.2732285635511442,0.7958976956191441,0.7520145567975045,0.3876975169300226,0.7741251325556734,0.654397705544933,0.7362938596491229,0.0,0.6308093994778068,0.7649796393251891,0.725271945357956,0.3341033785734912,0.28983382209188663,0.7459317585301837,0.2972972972972973,0.7959936742224565
syn_Ni_0033,0.47042640990371387,0.6710684273709484,0.4382674704175039,0.4793351302785265,0.6919945725915875,0.4002378121284185,0.409060773480663,0.3980629539951574,0.4824884792626728,0.4882495058203382,0.4375832963127499,0.7331658291457287,0.4822608270124786,0.4211026615969582,0.39526327891469304,0.40960656529085204,0.38867745004757376,0.39995230145480565,0.6714321545021319,0.5186807523834064,0.4761142857142857,0.40790742526518803,0.47085789129011135,0.4943966640604639,0.4735364875701684,0.4115612648221344,0.4751472320376914,0.7062200956937799,0.6769834350479512,0.41088345450539765,0.6454058876003568,0.6002490660024906,0.39950124688279304,0.6832599118942732,0.7024567788898999,0.5080393568514519,0.6513236346291438,0.4629972247918594,0.40366541353383456,0.5026819923371647,0.6297282898241875,0.5133676723080697,0.5330506360688451,0.21546666666666667,0.6127618119824647,0.6881429344883595,0.2005610098176718,0.5212464589235127,0.5076543209876543,0.5111542192046556,0.5326947105372761,0.6690647482014388,0.22014925373134328,0.6766076421248836,0.20483749055177627,0.6404767696424227,0.5331695331695332,0.2852165256346441,0.4955545156761816,0.5211408556417313,0.6627670396744659,0.6072614567190613,0.6783068783068783,0.20946123521681997,0.6536572757818557,0.5958005249343832,0.5333822450476889,0.6634970945589013,0.5450921773791729,0.20108450067781292,0.5331619537275064,0.6308093994778068,0.0,0.5385869565217392,0.49558998808104887,0.6415654520917679,0.6668204891555145,0.5251727541954591,0.6615930999492643,0.5986124876114965
syn_Ni_0034,0.4906801007556675,0.7874370527431752,0.562025935894299,0.5024630541871922,0.8009925558312655,0.5940204563335956,0.6201306556980402,0.5944355270197966,0.5324214792299898,0.5241528478731075,0.5931873479318734,0.8121516164994426,0.45656292286874156,0.6063941299790356,0.5734142026787971,0.602239402825913,0.608604407135362,0.577479610628782,0.7835883171070932,0.6027515047291487,0.5345217172985187,0.5846645367412141,0.5120553831463357,0.4931785195936139,0.5966057441253264,0.6017505470459519,0.47573319491305477,0.8078141499472017,0.7959961868446139,0.5809018567639257,0.770772238514174,0.4839584274740172,0.589828634604754,0.8071359691417551,0.8096903096903096,0.6672847682119205,0.7779531702183636,0.47914547304170907,0.5942028985507246,0.49337199668599835,0.6162998215348007,0.20271370420624152,0.2126071329831352,0.5693865396069089,0.6036618201400108,0.7849788007268322,0.5331960885229027,0.24349635796045785,0.4833242208857299,0.24062165058949625,0.32562358276643993,0.7620225336630942,0.55,0.781025641025641,0.5074084428291865,0.7709061575692391,0.2118618159584225,0.49641478212906787,0.23235445646573932,0.22441054091539528,0.7813559322033898,0.7595151515151515,0.7727272727272727,0.5505420451215939,0.7710670117917745,0.6067386154251119,0.2193670543684068,0.774896876841485,0.2413031474323578,0.547843331680714,0.19611206403659234,0.7649796393251891,0.5385869565217392,0.0,0.2532211412043124,0.7663748868095381,0.7899543378995434,0.1989071038251366,0.7645070422535212,0.58397365532382
syn_Ni_0035,0.4537346711259755,0.7513992537313433,0.5167318557149065,0.46491803278688526,0.765016501650165,0.572550831792976,0.5813253012048193,0.5593698565718317,0.4470087385166928,0.4751924721984602,0.5584864864864865,0.7825980989519864,0.41140142517814726,0.5677672592934657,0.5514311270125224,0.5630567276136896,0.5632077651952854,0.5398517145505097,0.7372262773722628,0.5424575424575424,0.4882169853268119,0.5598220557246546,0.445578231292517,0.47929292929292927,0.5640774799452162,0.5636538000479502,0.4423076923076923,0.772251917267023,0.7592867756315007,0.5525525525525525,0.7334490991968743,0.4559805707346691,0.5717396564239051,0.7610980055758095,0.7747289223279487,0.6331002331002331,0.736793327154773,0.43512480323813807,0.5633706325645125,0.42990829122215984,0.6084601496002063,0.21047619047619048,0.2362052274927396,0.5393751613736122,0.5999054149917238,0.7458737228189678,0.49147920927062033,0.1961459050240881,0.35442127965492454,0.22580645161290322,0.2682233502538071,0.7231584015406837,0.5411612903225806,0.7372593431483578,0.4726295210166178,0.7194142654700048,0.25726360274696247,0.4614827336392176,0.1953604730498067,0.23446601941747572,0.7366214549938348,0.7137931034482758,0.7335383038688189,0.530040733197556,0.7239478957915831,0.5757997218358831,0.23646723646723647,0.7313891020721413,0.2327773749093546,0.512420312156518,0.22601544978818838,0.725271945357956,0.49558998808104887,0.2532211412043124,0.0,0.719435736677116,0.7361453892752973,0.2038323353293413,0.7254612546125462,0.5830728540514547
syn_Ni_0036,0.7361702127659574,0.7103738809899948,0.6940661478599222,0.761077111383109,0.7454993834771887,0.7040125065138093,0.683982683982684,0.7172468774913633,0.7221243392902089,0.7319636884854276,0.7151148730350665,0.7531137558815388,0.7311827956989247,0.6964332205154907,0.6996484178804621,0.6933262711864406,0.6945530362262184,0.705697856769472,0.7232044198895028,0.7114399544678429,0.7065868263473054,0.6799788415763026,0.7337446606549597,0.7244956772334294,0.6996321142609825,0.6919315403422983,0.7225373904074265,0.7487542617361658,0.7275527126273394,0.6946308724832215,0.7002671848433325,0.7856661424399012,0.7029920395278616,0.7004553079319434,0.7552742616033755,0.7221052631578947,0.6847882906429692,0.7194844579226687,0.6898945744407302,0.7519060375025757,0.786241511662238,0.7315363881401618,0.7517847336628226,0.667750517292344,0.8250869216368013,0.21190261496844004,0.6655586806443365,0.7425691393124838,0.6986152592994841,0.7407505988820867,0.7636978579481398,0.25600436681222705,0.6862629246676514,0.2794904458598726,0.648528595224875,0.25213675213675213,0.7487864077669902,0.6855655984661736,0.7215254671103148,0.7278236914600551,0.22861150070126227,0.40481927710843374,0.2546147084676238,0.6771378708551483,0.20045688178183896,0.7918410041841004,0.7587318645889307,0.20737057619186897,0.7746092678914176,0.6812022665681202,0.7377235310814647,0.3341033785734912,0.6415654520917679,0.7663748868095381,0.719435736677116,0.0,0.2598941265439879,0.723202170963365,0.246993006993007,0.7890433360588717
syn_Ni_0037,0.7517301038062284,0.6494239891574429,0.7152499472685088,0.7772592278319899,0.6810418445772843,0.7233042310275353,0.7033632755379152,0.7313296903460837,0.7435897435897436,0.7445482866043613,0.7325776658270361,0.6822253653936822,0.7484479190618533,0.719910514541387,0.7154630232053785,0.7194097616345062,0.7178683385579937,0.7283950617283951,0.6493292539421041,0.738353849867246,0.7256847099417727,0.710204081632653,0.741069584967995,0.7560380580629422,0.7139047619047619,0.7136890951276103,0.7417350787663635,0.6789734353894642,0.6614432989690722,0.7142262028744012,0.6413822166034555,0.7877952755905512,0.7167602996254682,0.6389004581424407,0.6818376985830829,0.744411831113118,0.6287317620650954,0.7396423898822503,0.7096060203629925,0.7504560379423568,0.8092629482071713,0.7557040792809403,0.7593069538749707,0.7043868394815553,0.8351648351648352,0.23053589484327602,0.6806167400881057,0.7656736327256558,0.7059369202226345,0.7528499772001824,0.7626382306477093,0.20382017237363148,0.7120079720976582,0.19104084321475626,0.6728905696052943,0.20832380516807683,0.7742675159235669,0.7102803738317757,0.7319223985890653,0.7450105658605306,0.21888412017167383,0.28227662690939526,0.21919841662543296,0.7069092697319892,0.21907528443476157,0.8082191780821918,0.7752240864169156,0.2692687747035573,0.7853133769878391,0.6979522184300341,0.7581888246628131,0.28983382209188663,0.6668204891555145,0.7899543378995434,0.7361453892752973,0.2598941265439879,0.0,0.7528975428836346,0.21883920076117983,0.8073522568636575
syn_Ni_0038,0.4767388300322432,0.7413751507840772,0.5299394483067953,0.45803249097472926,0.7546569741026806,0.573715651135006,0.581354051054384,0.5644768856447688,0.49074074074074076,0.48908007941760423,0.5613565372601517,0.7732323232323233,0.42562085074993855,0.5740210124164279,0.5513975513975514,0.5668202764976958,0.5750478011472275,0.553798226695423,0.7368288379127804,0.569023569023569,0.4989667049368542,0.5581395348837209,0.4680991010743258,0.49227141734346347,0.5700483091787439,0.5625620655412115,0.46272189349112425,0.7567307692307692,0.7521891418563923,0.5583093604779819,0.7275985663082437,0.488120050020842,0.562907268170426,0.7619469026548673,0.7627970749542962,0.6315408729201832,0.7320872274143302,0.44842007434944237,0.5675165250236072,0.44653846153846155,0.6186395286555972,0.1668720729603155,0.18977187264978693,0.5646112600536193,0.6098874204601077,0.7604790419161677,0.5143259746359793,0.19449715370018975,0.3816377171215881,0.19005847953216373,0.2542869092429946,0.7352281226626777,0.5568060021436227,0.74812734082397,0.4864522663965561,0.7384502566609631,0.2121877573428493,0.4737368684342171,0.1857075693464974,0.21146592909228062,0.74079754601227,0.7260395819435179,0.7377659574468085,0.5550858652575957,0.7438295661210704,0.6077679213617837,0.20865077414598182,0.7397769516728625,0.2013019529293941,0.5419881979119383,0.19069767441860466,0.7459317585301837,0.5251727541954591,0.1989071038251366,0.2038323353293413,0.723202170963365,0.7528975428836346,0.0,0.7276899541050484,0.5861553784860558
syn_Ni_0039,0.7618147448015122,0.6069392812887237,0.7185559898827316,0.7741786210087922,0.6439888164026095,0.7266257668711656,0.7073947667804323,0.7325,0.7505938242280285,0.7513000226090889,0.7342177493138152,0.6451948051948052,0.7558756633813495,0.7140755272192251,0.7155724105238208,0.7149264889110392,0.7162493863524791,0.7312330790056608,0.6079854809437386,0.7446014396161024,0.7404004711425206,0.708312593330015,0.7528645248258818,0.76530887510116,0.7216961712638946,0.7177131189382338,0.7530984204131227,0.6464197530864197,0.6262898160610139,0.7192107053753686,0.6063389986219568,0.7952218430034129,0.7185567010309278,0.6045351473922902,0.6558837318330989,0.7473371315333168,0.5850356879153334,0.7501192179303767,0.7140087251575375,0.7666011787819254,0.8007726269315674,0.7365087408158095,0.7427171951533901,0.6883977900552486,0.8319919517102615,0.23737373737373738,0.6793635486981678,0.7506088650754993,0.6908163265306122,0.729093640460691,0.7628424657534246,0.25301204819277107,0.7090005521811154,0.24651609802979338,0.6723104975253973,0.2514443607133886,0.7548825360883102,0.7078189300411523,0.7297297297297297,0.7372640289630205,0.25828511309836927,0.3302940506040574,0.2432876712328767,0.699047619047619,0.20834447713292323,0.8059591233686284,0.7610507703965648,0.31455142231947486,0.776519052523172,0.6848230912476723,0.7393617021276596,0.2972972972972973,0.6615930999492643,0.7645070422535212,0.7254612546125462,0.246993006993007,0.21883920076117983,0.7276899541050484,0.0,0.8095238095238095
syn_Ni_0040,0.5150254276467868,0.8130297892952288,0.5921674544226874,0.5262681159420289,0.8221614227086184,0.6229311585512113,0.6284250389841836,0.5950170981924768,0.5255576208178439,0.5342041177772858,0.5991939095387371,0.8392494929006086,0.4964206368797828,0.6179290508149569,0.5923950846278693,0.626491356221086,0.6118042226487524,0.5934568198219871,0.8056188306757783,0.5750325097529259,0.5413689790274256,0.60068093385214,0.504070407040704,0.48645093396474615,0.6021809369951535,0.6201395812562313,0.5110477548111191,0.8248069498069498,0.8115114235500879,0.6038196757717077,0.7877697841726619,0.34211626934337097,0.6104680422747861,0.8170515097690941,0.8252293577981651,0.6848220769789397,0.7988934327640125,0.5219216417910447,0.6056872037914692,0.5547839506172839,0.23937600860677785,0.5882207374412274,0.5952680594009565,0.6182014001077006,0.23783783783783785,0.8130125751776928,0.620933521923621,0.5942857142857143,0.611858495266567,0.5963796477495108,0.5883340327318506,0.7877346683354193,0.6092572658772875,0.8096804511278195,0.596236969234681,0.8066257668711656,0.5836779707747449,0.6192867905575088,0.584237848041529,0.5995960616006059,0.8059548254620124,0.7826378040615934,0.8039529914529915,0.5914035553197134,0.8017218888599008,0.22936221419975933,0.5854922279792746,0.7882666666666667,0.6214177978883861,0.620501138952164,0.5889984431759211,0.7959936742224565,0.5986124876114965,0.58397365532382,0.5830728540514547,0.7890433360588717,0.8073522568636575,0.5861553784860558,0.8095238095238095,0.0
