,syn_Cd_0001,syn_Cd_0002,syn_Cd_0003,syn_Cd_0004,syn_Cd_0005,syn_Cd_0006,syn_Cd_0007,syn_Cd_0008,syn_Cd_0009,syn_Cd_0010,syn_Cd_0011,syn_Cd_0012,syn_Cd_0013,syn_Cd_0014,syn_Cd_0015,syn_Cd_0016,syn_Cd_0017,syn_Cd_0018,syn_Cd_0019,syn_Cd_0020,syn_Cd_0021,syn_Cd_0022,syn_Cd_0023,syn_Cd_0024,syn_Cd_0025,syn_Cd_0026,syn_Cd_0027,syn_Cd_0028,syn_Cd_0029,syn_Cd_0030,syn_Cd_0031,syn_Cd_0032,syn_Cd_0033,syn_Cd_0034,syn_Cd_0035,syn_Cd_0036,syn_Cd_0037,syn_Cd_0038,syn_Cd_0039,syn_Cd_0040,syn_Ni_0001,syn_Ni_0002,syn_Ni_0003,syn_Ni_0004,syn_Ni_0005,syn_Ni_0006,syn_Ni_0007,syn_Ni_0008,syn_Ni_0009,syn_Ni_0010,syn_Ni_0011,syn_Ni_0012,syn_Ni_0013,syn_Ni_0014,syn_Ni_0015,syn_Ni_0016,syn_Ni_0017,syn_Ni_0018,syn_Ni_0019,syn_Ni_0020,syn_Ni_0021,syn_Ni_0022,syn_Ni_0023,syn_Ni_0024,syn_Ni_0025,syn_Ni_0026,syn_Ni_0027,syn_Ni_0028,syn_Ni_0029,syn_Ni_0030,syn_Ni_0031,syn_Ni_0032,syn_Ni_0033,syn_Ni_0034,syn_Ni_0035,syn_Ni_0036,syn_Ni_0037,syn_Ni_0038,syn_Ni_0039,syn_Ni_0040
syn_Cd_0001,0.0,0.32486093377791714,0.08817502609744209,0.19035556808790396,0.18518035111493983,0.09739152493910011,0.3373425587929963,0.1293923612928536,0.3156502065173995,0.19138185501452537,0.3217903479860901,0.08706578761296599,0.30764222419913356,0.2843386093460981,0.17175923235234472,0.09918036263180392,0.20415887793219684,0.09458396124244337,0.369114350034023,0.09910182049450156,0.32429219881093513,0.13295700184178916,0.19120181950951942,0.10607096785157044,0.0986965154360753,0.08390905533578902,0.2090451360284646,0.3295405530186018,0.08570498751671157,0.3125047823789183,0.18260334625028943,0.31924082938735704,0.32661260223732436,0.32465834141702715,0.32852749859125663,0.31190247388811004,0.21951584758848847,0.08291410870979404,0.3274176069412773,0.36640048221538324,0.284936212301139,0.19976976608700864,0.2957687752123804,0.2344314347298019,0.2265161054881374,0.22634670076939678,0.22906048696330183,0.24860092562523806,0.26254661961006903,0.2973481243150615,0.2785019666627565,0.2380701664248386,0.2802913303076138,0.27837095060182493,0.24363747599618488,0.2829345494010228,0.25454747319413396,0.21122920442119153,0.2312140976739085,0.23595809873972742,0.2893344575869314,0.2182081437944917,0.213736748980953,0.21519093739181958,0.22802010259741815,0.2253943916374755,0.2738174432866324,0.2960788567755779,0.21712117166262826,0.2558698706960945,0.2769282913387344,0.27610829361074835,0.2864119267125853,0.22621248859090196,0.27552421284839335,0.22954228040050786,0.27986231702018194,0.3066563997322242,0.2199848517838932,0.219644266221745
syn_Cd_0002,0.32486093377791714,0.0,0.3163525129818786,0.27661781888783243,0.2569581192359563,0.31228250159244686,0.05620284283371349,0.3242726831389751,0.0844970346207406,0.2739351649395073,0.08181393820997687,0.29925539473992857,0.09066746819774324,0.38507457985302773,0.26855956286580634,0.2862734245728956,0.2810203177844201,0.2908311398034936,0.20626431251859145,0.2995091962150618,0.08660836482755302,0.28446628049744904,0.27582306581043803,0.3017001577847002,0.2962112357596095,0.29569234297625113,0.2589501487715553,0.05225002866752736,0.301767378445428,0.0576885887692607,0.27084908497356824,0.06352012421327048,0.06973641002536998,0.09697782190088508,0.1058609381554335,0.094768344198665,0.3305835297457253,0.307186599018521,0.08865848397309795,0.2133018222548197,0.20798117805686453,0.2602513743255629,0.37796358524651874,0.2601984959816991,0.2621995114710346,0.24147967080140265,0.24934060631802807,0.2723381472413269,0.23099504547916738,0.3223557090813141,0.2115923370957966,0.25360578395456396,0.2240472951234216,0.2288255205806043,0.28508628381257733,0.2292665835872225,0.21783186016255174,0.24059299941157108,0.2452821202385914,0.3676849802983863,0.2082369065550751,0.2546070322013003,0.24988070246285193,0.24663351022775679,0.2725625745438966,0.2587708872817879,0.30981794076091934,0.23054194542754258,0.25667952592791393,0.2962515733070068,0.23196036301919778,0.216320532842767,0.366595699021161,0.25335253291771653,0.23364977033120346,0.2642795425305505,0.31012749347672935,0.21611856002453297,0.25805216648092616,0.24748722138299228
syn_Cd_0003,0.08817502609744209,0.3163525129818786,0.0,0.1916037986535759,0.18265405802117815,0.09765180528573864,0.33143870302256073,0.12379480819963123,0.31130628208854977,0.18194093974309922,0.3166531686762523,0.08955754570143161,0.3008535944712985,0.26829238448240356,0.16828280769378354,0.0901840813730073,0.20106725397861283,0.08980938660458687,0.3644449606805339,0.09275022526297734,0.31837904457332117,0.10910437583853838,0.18731865370837444,0.08623047824673202,0.09355574915410489,0.07970330549077659,0.20307263263183023,0.3219257394593282,0.07960520672804099,0.3048322943326737,0.17787719949392997,0.3151964557482209,0.3189790533750937,0.31829619904641737,0.32079328066049473,0.3037752949892417,0.20011773125914178,0.0866895723104977,0.3213264014143474,0.35670310012036766,0.27801094687663536,0.1911241828149924,0.28251912398233403,0.20863068583015518,0.22058446897461637,0.2056847025052609,0.204767138957464,0.2368554403964963,0.2542515344768826,0.2743314304713718,0.2707302456795138,0.209988887415491,0.2719363347886439,0.2737090979763871,0.23776087981455293,0.27762121952707725,0.24568822884125052,0.1861687141338771,0.20511998471593998,0.2287489736366331,0.2814181672061797,0.19367969018687523,0.19525132742707813,0.196401800832101,0.22115907459746875,0.20311108560976898,0.26018638252251824,0.2883442191453683,0.18984641809415667,0.24757804348638907,0.26684131174527226,0.26771058887006816,0.27131869880037024,0.2155518102624637,0.268110104701822,0.22436287746502975,0.25929622085921367,0.297408010614082,0.21388776732369438,0.19470032665080084
syn_Cd_0004,0.19035556808790396,0.27661781888783243,0.1916037986535759,0.0,0.11229308222113715,0.15829403628629682,0.29062738170810953,0.17960089847530114,0.2935584196850256,0.08735660343819611,0.2900292023670787,0.19624407226400126,0.27444529408506085,0.3151750725553265,0.09018158371782728,0.1632041075835059,0.08776803378398455,0.17990249756266627,0.31297496990843865,0.1736944777404304,0.283894725294821,0.1822701055206889,0.10256168910034222,0.17244553514314723,0.16812463117654702,0.1789397492619307,0.0887602519164007,0.28964472925412516,0.17910027048161434,0.271880858592818,0.13756414430122044,0.2888827197358573,0.2925781720616666,0.2941334908304867,0.3058684030238119,0.28417965744110285,0.25931809931995586,0.19478782967588912,0.28240740784053586,0.3104159337559958,0.24932063714550826,0.15133437532207997,0.32448487155800865,0.22447249241886635,0.18019361697125913,0.2361220616994006,0.23399368431385964,0.17759604478796434,0.2645414484031542,0.29489929494272943,0.23838808264531416,0.24691544876251306,0.24940068670300794,0.25072736004760265,0.20056914044003815,0.241118591322953,0.23847644748503485,0.22662061612423198,0.23979235232526447,0.2769097202070305,0.24474330946665593,0.22470960077471178,0.23121291577031905,0.22542456387982016,0.1565654896884067,0.23993721368356494,0.24292016717166912,0.2555111681730705,0.22119047667683456,0.21331390457449817,0.24249743736592777,0.24358321667372257,0.30750318314994646,0.15577541452471774,0.2395222175388481,0.1340465449827572,0.27568782989878793,0.25221954936159735,0.15043907739529055,0.23162796910369743
syn_Cd_0005,0.18518035111493983,0.2569581192359563,0.18265405802117815,0.11229308222113715,0.0,0.18429555052827717,0.27420034215873346,0.21381185677786937,0.26429673127265363,0.11464076575831712,0.2591441387681811,0.17803980048199586,0.24787340757973447,0.3214567986467893,0.08367042039754057,0.16167638576910753,0.12376262888912694,0.16049044269488552,0.3295798204536281,0.17499576478083173,0.2622419279772908,0.1748483015543837,0.1314619423642589,0.1602802434565592,0.16790808849679678,0.16046401457363985,0.12443142492802918,0.2675972379870693,0.16873770034886984,0.25579852210971693,0.08657182930500265,0.2752789758990824,0.2685817424538415,0.26277894519676287,0.2726876858022813,0.258145934050074,0.24580159760153045,0.17834178946362458,0.28137687203906664,0.32606928121875406,0.2331580638859585,0.1904018398071706,0.3252628024046224,0.22631223187978453,0.22395441410671,0.21754721553655038,0.2186248555852692,0.21138819504002676,0.2259613770591121,0.3082509439928622,0.22203081458535648,0.21596398185899038,0.23108257645726246,0.21841097868059461,0.24786410129768055,0.23442581456393644,0.21173466072326266,0.1878516532148303,0.22113326398067612,0.26780966230183145,0.2269985616581514,0.2054881450780995,0.2044363057722221,0.21755540672847348,0.2078138924399649,0.22053446252644704,0.27442809094857695,0.24417355981202288,0.21455177523091723,0.2552748863962576,0.2283166233792526,0.2158863727738868,0.3154165294827911,0.17466523300995124,0.23103287015841686,0.1853560795338931,0.28848673880212944,0.2442670663681844,0.18932533728116993,0.20659399515368176
syn_Cd_0006,0.09739152493910011,0.31228250159244686,0.09765180528573864,0.15829403628629682,0.18429555052827717,0.0,0.32219083374399354,0.09949558154986461,0.31346154436463436,0.16652366637864863,0.31722462216065656,0.10560045553016997,0.3016568327445815,0.27073961900449345,0.15698232222162334,0.08983690891725353,0.17829861557769186,0.10421956513334923,0.3415994656555952,0.09677995751514114,0.31103964424537445,0.11401963775681599,0.1549258600584338,0.0986268707446142,0.08810604223475844,0.08946481566205253,0.1791158269567591,0.3195223272944047,0.0778098368307266,0.2984433727736273,0.18710276678775634,0.30822318063155385,0.31629165325017217,0.32067903748322424,0.3242878823489468,0.3065845720640512,0.21431150882990693,0.09987879785060787,0.30942648857034616,0.335481041271236,0.26814313299585973,0.1634155733289338,0.27929076359363614,0.20640033313961603,0.18327587398261397,0.21142155110840521,0.21092956878910704,0.2160752770524619,0.2600087883182488,0.25850234750633194,0.26413128469381364,0.2228643518548778,0.26647081269364536,0.2742741623030414,0.20898937361814995,0.2636794849390047,0.24609903644381764,0.1969082146337594,0.21263014210721373,0.22774288820574048,0.27196795506059535,0.20075764496928594,0.19927526352502473,0.20133618056667552,0.19063236450367765,0.21052187650047455,0.2420280146139488,0.27959060551286347,0.199523381198316,0.2184046265616625,0.2636983709029755,0.26498579140843637,0.27024279863058215,0.20233155075900336,0.2593046360228241,0.18973261483194512,0.2425433685947739,0.28630463304935116,0.1798810443945082,0.20342853036832365
syn_Cd_0007,0.3373425587929963,0.05620284283371349,0.33143870302256073,0.29062738170810953,0.27420034215873346,0.32219083374399354,0.0,0.3350043050399148,0.08899022841602576,0.2869438869973478,0.07764693087404323,0.3145079335041074,0.08500776585595012,0.38463024402570556,0.2846919336138302,0.2985419716301888,0.293646748696102,0.305579443513417,0.2020495442850981,0.31430591034036304,0.08457152034498319,0.2991710017590901,0.28758833775881343,0.3160529786844042,0.30954833608573934,0.30729555672967607,0.2662018837617892,0.05481658486207319,0.31297494232169815,0.056770914571452606,0.2865431308500754,0.05758290385483799,0.07144602294118736,0.10405268702711354,0.10348370442407885,0.10028221724715139,0.343344738845966,0.32019412798405894,0.07132429511948023,0.20528496894548673,0.22092153641473922,0.27262718699156946,0.3788674673451745,0.2582415908865536,0.2711175084369321,0.24309108483819053,0.2591323164359236,0.2747531742911995,0.2504484890612359,0.3228134565700982,0.22781049174108786,0.2544917413196405,0.24101620482719524,0.24692451945988245,0.28753366026798716,0.2393463825203172,0.23317279447271896,0.2503166395069651,0.24963303959461233,0.3755179170546789,0.22217988950639714,0.26607734939381644,0.2543342422471498,0.2532745079448941,0.28107155532066674,0.2666924771736964,0.31510403994062747,0.2381807758110839,0.26530670774607057,0.29826627837115893,0.24827929899720405,0.23384291665994544,0.3670689637069636,0.2619073134904248,0.24558742391460936,0.27654234389283183,0.3090048164598185,0.22657656824089725,0.2665365105958106,0.2548023221828126
syn_Cd_0008,0.1293923612928536,0.3242726831389751,0.12379480819963123,0.17960089847530114,0.21381185677786937,0.09949558154986461,0.3350043050399148,0.0,0.3261242934496636,0.1846916929019774,0.33035517154811767,0.13786493200570346,0.31611068777803064,0.2659747135977383,0.19336569676435736,0.12200283522450125,0.18365627000309803,0.1397352301977794,0.3354284107743046,0.13124763045507795,0.3247007208062242,0.12933219944971514,0.1714142287555114,0.11576447174338601,0.1099347375022874,0.11889773242472142,0.1946517722977278,0.33207032143325854,0.11784054264061518,0.30987110019621916,0.22274184482331325,0.31933110293520134,0.3290581413847137,0.3329110075322961,0.34008412766852597,0.3211151160347579,0.222026504806047,0.13755781373263898,0.319140010393887,0.33450046692090296,0.28709149400836964,0.19390455700984519,0.26514156388155147,0.222561575937075,0.2059692047797103,0.22811801167134585,0.22939668672548674,0.22362807494301742,0.29359959708966527,0.239198463701794,0.2807426001719784,0.24139844788024384,0.28511693553323153,0.29720210929816887,0.22499949751568996,0.28131047084120875,0.27059291481951747,0.21866481452044123,0.2318233840182342,0.232536339035075,0.28775380334618467,0.22246868087585495,0.22146773327794486,0.21797107081262712,0.2016497168362231,0.23129405703049086,0.24838970305268526,0.2914136294180373,0.21199786001008308,0.22967374703791676,0.2814741314087313,0.28354358638345795,0.2528244616070252,0.22735364520349538,0.2749383214566751,0.2113951520915563,0.22361635259956078,0.3010581947449403,0.20274120867705492,0.22428600029262466
syn_Cd_0009,0.3156502065173995,0.0844970346207406,0.31130628208854977,0.2935584196850256,0.26429673127265363,0.31346154436463436,0.08899022841602576,0.3261242934496636,0.0,0.2913503845938238,0.05994099632145205,0.2917027434024678,0.06173606150247967,0.4053762877939943,0.28585434531788684,0.2843017585483752,0.3050687937995359,0.2840687443344138,0.24634950592079227,0.2995567176288289,0.10464037197744007,0.2874591084352015,0.2994689027568626,0.3010583251600336,0.30108179343818287,0.295007986538531,0.2798725708047994,0.07553888177881637,0.2997700387433704,0.09406949204049889,0.27889328186760004,0.08699546389673733,0.07927353695536685,0.07469454751884635,0.06658151085021043,0.07566821669863323,0.32828683060159836,0.3001690757031498,0.110566182425512,0.25458393094857135,0.2253109272190761,0.28985576773500143,0.4013427103573006,0.2854758731314551,0.29984565269834723,0.2675739410893269,0.2679864538724144,0.31347981906635103,0.22250909376590222,0.35326883767712947,0.2237206515392431,0.27591853630109836,0.23311869855891312,0.224263416752897,0.31702385674927436,0.255972414870942,0.21048418639142433,0.24205237937879537,0.26807618563351493,0.36168269672341824,0.23344899216125886,0.26829541195307666,0.2765306913236951,0.26886667504721656,0.30788069774102134,0.2782359442719593,0.3447188490893091,0.25906324321920854,0.2777690469925758,0.3304128138497086,0.25255295488552626,0.23256860110986677,0.38859406754823306,0.2881331618444092,0.2551419043716735,0.2986701534402851,0.3414318344570889,0.2493616225889754,0.2952645780282666,0.2655262345930024
syn_Cd_0010,0.19138185501452537,0.2739351649395073,0.18194093974309922,0.08735660343819611,0.11464076575831712,0.16652366637864863,0.2869438869973478,0.1846916929019774,0.2913503845938238,0.0,0.2849736482935177,0.19386478566453408,0.27054527678336987,0.3125607727157468,0.08645356903693258,0.1705781157913869,0.08862132213809716,0.17968185886004395,0.31710233682662436,0.18372486339429145,0.27948715912713235,0.17662282376326774,0.10636311138662795,0.17330778055925425,0.17371426304397974,0.17690183374234006,0.08027466332819816,0.2839740207546213,0.1806056402420274,0.27174071858449933,0.12580015366536515,0.28926051144440706,0.2881704298804527,0.28891341432432427,0.30405438704831317,0.28381343469083276,0.25400855801933386,0.19797480893368438,0.2848410081245086,0.3109047701833486,0.25131952321150636,0.15476544280091908,0.3168642863039818,0.224814348746838,0.18172953762250194,0.22891853142233298,0.22876755625710363,0.17731700229173483,0.2716262814357557,0.29603698871098577,0.2412256327805062,0.23835489986344294,0.25100644556424706,0.2574701217515655,0.20294127950496957,0.2438109052187887,0.2447650408351707,0.21724218972972087,0.23292314592504035,0.28031668071770327,0.24619600001615766,0.22230644070060343,0.22522942692974451,0.22416542300420303,0.16132441337977305,0.23738809936831018,0.2411348215515248,0.25985900358638103,0.2145308087560232,0.2109396854121078,0.24523890850825564,0.2463541320237017,0.30238460531160144,0.14987745965476523,0.2434266370398712,0.14205447485253803,0.2765287335276655,0.25241885039858436,0.14940039004840483,0.22892809969674388
syn_Cd_0011,0.3217903479860901,0.08181393820997687,0.3166531686762523,0.2900292023670787,0.2591441387681811,0.31722462216065656,0.07764693087404323,0.33035517154811767,0.05994099632145205,0.2849736482935177,0.0,0.2987776371299839,0.05008819556257779,0.40472063463213903,0.28103191004489336,0.2902685534615023,0.29378821837918867,0.2889155800019365,0.24067041775276804,0.30046077293867673,0.10388125457322359,0.28773940935079634,0.28720187616550946,0.3047362808600399,0.3027980984889895,0.2953561374180347,0.267831711382709,0.06861011982593045,0.3003997583871134,0.08738566846304148,0.27185955886088364,0.08894520349592272,0.0766813579756907,0.07036938955690548,0.05951115720044266,0.0671151628195654,0.3308290243297677,0.3048868980163422,0.1089371892525885,0.24026540985345088,0.2219158075172578,0.27483934625933826,0.3993663634335344,0.28393062432947314,0.28876959233395655,0.2624240424760699,0.2705257148601265,0.29427503795951,0.22461413906235456,0.3513447961485448,0.2210819041232464,0.2663327177044375,0.23233558655365524,0.22532497630636192,0.30782463792411985,0.2515469652491409,0.21502181219634156,0.24271913728421965,0.2660193383774068,0.36164844085446207,0.2290686818087653,0.2685825916746443,0.26949511668095444,0.2690388218978569,0.2944452404907811,0.27950843916073576,0.3358897746485705,0.25627132445355366,0.27952090371138744,0.32134993095405906,0.2506444041291042,0.22465603707083673,0.38909819524607203,0.27351397286582285,0.2488133548261358,0.28298116411604807,0.3347958754995192,0.24760889987263138,0.2838422203179511,0.2647443242995835
syn_Cd_0012,0.08706578761296599,0.29925539473992857,0.08955754570143161,0.19624407226400126,0.17803980048199586,0.10560045553016997,0.3145079335041074,0.13786493200570346,0.2917027434024678,0.19386478566453408,0.2987776371299839,0.0,0.2830552042872883,0.2811574685756763,0.17112988673380208,0.0868805667671307,0.20569254458039476,0.08539395754729368,0.3571433054756543,0.08376292115694967,0.29860796828376596,0.10651059018483933,0.18542771846349612,0.09816874974361384,0.08988501885671972,0.07790694318495009,0.20818484442777904,0.30258695852714707,0.08282591501043983,0.28763578940268336,0.17245386320574815,0.29841640704501465,0.3012516146136851,0.2978541821231131,0.3029536130483834,0.28617075754104837,0.20558780992514025,0.0672063991251905,0.30493918177915497,0.3512363767548913,0.2591911466266144,0.19517120022092121,0.2924136281605859,0.2003737052664982,0.22555745602302982,0.19406957212193174,0.19151651548389326,0.2469338853930813,0.23852579815084607,0.2865732823374986,0.251621699721802,0.2021395247719147,0.25467699456512977,0.2539463697111207,0.2400982199079243,0.2628955796433643,0.22930410489076458,0.17534129748428393,0.1970535065638641,0.23842066642948018,0.2618847948492683,0.1818440506667798,0.18327739677211383,0.1824109265104754,0.2264992973764676,0.19124220240474007,0.2705250737195166,0.27432791798077893,0.18794555652704373,0.2564225356338825,0.25422469430129835,0.2519155027661778,0.2840596034133961,0.21952689776369716,0.2533894901428001,0.225814291700075,0.2692125994006194,0.2847430758835623,0.21738306279399222,0.18272672011681482
syn_Cd_0013,0.30764222419913356,0.09066746819774324,0.3008535944712985,0.27444529408506085,0.24787340757973447,0.3016568327445815,0.08500776585595012,0.31611068777803064,0.06173606150247967,0.27054527678336987,0.05008819556257779,0.2830552042872883,0.0,0.4025043781694959,0.26776141033610185,0.27447748123912563,0.2882832558382132,0.27469799146457147,0.24666895847106624,0.2888593040591749,0.10682170820678161,0.27807723860059796,0.2803090056918648,0.2911458028185317,0.28935620277762547,0.28111166489102385,0.2601371754476981,0.07247601027942567,0.28639650821208157,0.09065271553174048,0.2599952968213309,0.09515083630690999,0.08524851600146785,0.07260700600592891,0.06336050014897436,0.0581683068572562,0.32792377203881773,0.2902339736444303,0.10486891335086079,0.2419227230168111,0.21772422257276416,0.27192232258140275,0.3964458738406202,0.27965076790509696,0.2886180452761032,0.26034489090447227,0.2636980358261335,0.2956924728747659,0.2138705945200943,0.3495540692467087,0.21898313997584123,0.26669650761061175,0.2299590083896929,0.21487972366242739,0.30795350186488946,0.24596846470648057,0.2018448591717674,0.23734163782620304,0.25726851177276755,0.3535424829760323,0.2262692405999476,0.2626307016897109,0.2691417475639393,0.2620581950957117,0.2925398452039032,0.2728124936865295,0.3354535337188682,0.25267851406461694,0.26999900730101967,0.319830169899521,0.24047601024831322,0.22244424912228614,0.38459800393072224,0.27021601016832203,0.24635628081263758,0.2806773209841392,0.3348822455615531,0.24421946581109358,0.27907806042221106,0.2605098651233458
syn_Cd_0014,0.2843386093460981,0.38507457985302773,0.26829238448240356,0.3151750725553265,0.3214567986467893,0.27073961900449345,0.38463024402570556,0.2659747135977383,0.4053762877939943,0.3125607727157468,0.40472063463213903,0.2811574685756763,0.4025043781694959,0.0,0.3240298673908551,0.2624874563846081,0.3013492438440109,0.27357147841802754,0.350660337857987,0.280249899843073,0.38267366551820614,0.25229518958632063,0.2903223305802463,0.2575712524021387,0.2615873845721525,0.2734044232182805,0.317970948787738,0.3898493686291832,0.26291307401686276,0.36687516897007816,0.3418541067583937,0.37477488669089504,0.39103747842955194,0.4091527587830754,0.4221689243387872,0.4094976087630339,0.167862753110807,0.27589122332588933,0.36327695637632607,0.35061186805981154,0.35092373892765916,0.28817445853292456,0.13806608741112295,0.231563457750675,0.27736650369973426,0.2521640565499201,0.260458545837516,0.2718010542381884,0.3764341312251246,0.24361930223149492,0.3514034660397299,0.27269365776246146,0.3608611558471294,0.38400927816228386,0.2558584017329232,0.34413087185175245,0.36616088259781465,0.2878347698807819,0.2463628408794004,0.2631994080278247,0.3383048939957797,0.2693409204814314,0.24356868764670034,0.25419440860924103,0.2923159996095182,0.24556756472116695,0.26449975912710083,0.3321717374214586,0.24593664541838162,0.2615843413873683,0.35280448573999024,0.3518363785036566,0.16011777280878492,0.3065013769838482,0.3467124515162636,0.30772953247093304,0.2239189156207616,0.34067003269607,0.28757871703329757,0.26173980152029475
syn_Cd_0015,0.17175923235234472,0.26855956286580634,0.16828280769378354,0.09018158371782728,0.08367042039754057,0.15698232222162334,0.2846919336138302,0.19336569676435736,0.28585434531788684,0.08645356903693258,0.28103191004489336,0.17112988673380208,0.26776141033610185,0.3240298673908551,0.0,0.15086670424516843,0.10450581738415275,0.16322386489538723,0.32387963013460447,0.16269122478458553,0.2757145416989403,0.17438904780977815,0.10674802358391297,0.15596510473794947,0.1577123544152072,0.16063782694413192,0.09695191519255453,0.2822838741378568,0.16170662118753962,0.2656983215968745,0.10013338088550841,0.2860457193080456,0.28254858349625167,0.2845276361119042,0.29687739304149147,0.27315477981034175,0.2581933499479012,0.18002126789929757,0.2865594173396605,0.3187990381835595,0.23847144399185471,0.1613262612050426,0.33221025258397374,0.22786822723176342,0.19540446817331084,0.23012259184648653,0.22785196421826498,0.19059052443366126,0.24514601871309766,0.30589471961805825,0.22641224660338022,0.23388765816871926,0.23394500298713414,0.23138079851640495,0.21513619894444502,0.2346411841238933,0.22187542481691339,0.21360468858514853,0.23352437297236675,0.27539508907395394,0.23446044996986787,0.22051014147601253,0.22340011998500447,0.22236017939340572,0.17537926231534273,0.23492014500245517,0.2520794978151498,0.25097666950198855,0.21759900506343957,0.22237470156637595,0.22812492847143112,0.23164075784121305,0.32007725536241427,0.15348504462377516,0.23011954582366537,0.1530821247480233,0.28479721046459583,0.24429935866165506,0.16168617542568317,0.22344169890779936
syn_Cd_0016,0.09918036263180392,0.2862734245728956,0.0901840813730073,0.1632041075835059,0.16167638576910753,0.08983690891725353,0.2985419716301888,0.12200283522450125,0.2843017585483752,0.1705781157913869,0.2902685534615023,0.0868805667671307,0.27447748123912563,0.2624874563846081,0.15086670424516843,0.0,0.18031441248254568,0.07823312612138776,0.34082435650814213,0.07961889623921281,0.2864643211665454,0.08537347019570475,0.16723371040965163,0.07778326781049594,0.07653579146806773,0.07863299634472888,0.18403196028285104,0.29051107739346627,0.07469909676036428,0.2730155035229151,0.17524776054310368,0.2861026992464899,0.2872991196350293,0.29006969568504515,0.29580785431441226,0.27669648931505836,0.19892273733222937,0.0858204559809447,0.2909537123598418,0.33143942508928387,0.24527379216266398,0.17518990627796496,0.2788778941804325,0.17950609244011664,0.2049597230883174,0.17972440820309352,0.17720952706051715,0.21913896217910908,0.23872518964739267,0.2642110282179749,0.23721110511209362,0.1910213875550126,0.24486350156866618,0.25046901433806956,0.21967490340059645,0.2477745348795931,0.22034159207471368,0.16663533626150634,0.18572073297768418,0.2278538718023021,0.2507268465109365,0.1656479698858749,0.16548019977195177,0.16719748617669722,0.2066208165771599,0.17662662340307303,0.2471473325719099,0.2588337778293375,0.16724926906426146,0.23162010446404205,0.2395015266930633,0.24301990640204982,0.26615958581015026,0.19329465271453994,0.2387195462012867,0.20338889800340554,0.24704772565668479,0.26765910083584055,0.19681348072777038,0.16912821636233477
syn_Cd_0017,0.20415887793219684,0.2810203177844201,0.20106725397861283,0.08776803378398455,0.12376262888912694,0.17829861557769186,0.293646748696102,0.18365627000309803,0.3050687937995359,0.08862132213809716,0.29378821837918867,0.20569254458039476,0.2882832558382132,0.3013492438440109,0.10450581738415275,0.18031441248254568,0.0,0.19676219615568422,0.3058014591124742,0.19348052266044635,0.2876128187359316,0.18798569449320648,0.08516583792120035,0.1848360403903906,0.18386819957477257,0.19349796595966598,0.081124690638173,0.29172420992048054,0.1921919488309286,0.27637863468308865,0.15503638547525497,0.29039205399920837,0.294370077476874,0.3043187970698422,0.32269246240756666,0.3030565085405645,0.2553833457031016,0.2124688650326609,0.28596897903379087,0.3058157265788454,0.25834841420753485,0.15737861739831566,0.3056287625843177,0.22056659778763812,0.1789801192036184,0.22573284154734544,0.22384839990644448,0.16870459818063085,0.2900602407487721,0.27720203851713837,0.24603170912475655,0.23977956313069845,0.26037357233776764,0.272960740493138,0.1954239978021972,0.24399923662942036,0.26482301223776655,0.21902652116468732,0.23381446309294351,0.27970766999648233,0.24910663396801558,0.2196097349987676,0.2236206195551951,0.2189175570667166,0.16190910659887908,0.23314556920703397,0.2296590156261994,0.2610206017245608,0.21160739198336326,0.20044999111909986,0.2515288475854584,0.2544040279769244,0.2939352894461795,0.1624310969209274,0.2443862874797813,0.15094253388186088,0.25703116229611767,0.2578062986427502,0.15184726220194783,0.22839534063645336
syn_Cd_0018,0.09458396124244337,0.2908311398034936,0.08980938660458687,0.17990249756266627,0.16049044269488552,0.10421956513334923,0.305579443513417,0.1397352301977794,0.2840687443344138,0.17968185886004395,0.2889155800019365,0.08539395754729368,0.27469799146457147,0.27357147841802754,0.16322386489538723,0.07823312612138776,0.19676219615568422,0.0,0.3520261654045878,0.0840643401239988,0.28808108667035026,0.09828733394427716,0.1851019540829467,0.09039031793721158,0.08711128766810755,0.07347331296574061,0.19601853594422494,0.29382845072999586,0.08099727502391241,0.2796256899674718,0.16707428170805852,0.2916779611931563,0.2908735473969092,0.2905562556168359,0.2955505894328528,0.27963660359133424,0.1993979801871585,0.08039481215310283,0.30007257460860837,0.346148189048324,0.2509959808588319,0.19016026891676763,0.2849075967941345,0.19334455614803128,0.22019680497623836,0.18042316302509073,0.17993659562549494,0.23084054857252445,0.23116120825625652,0.2796811267260588,0.24282107712373016,0.1874556554954848,0.24849007122235275,0.24624630192969188,0.23373477336542045,0.2538974112314961,0.2195211268317265,0.15983344031612878,0.18406609272343002,0.23492276808945795,0.2519687243217117,0.17344403823433321,0.17027891882489413,0.17325616737795713,0.22100074577076084,0.18349856565828393,0.25593319937420556,0.26618847018817704,0.175586437120378,0.24599324674469863,0.24380384117482445,0.24340033739719813,0.2753809932703323,0.20253564616956088,0.24407604602470576,0.2161218990161681,0.2625787926054674,0.2777214650990764,0.2112117895313092,0.1707387536287867
syn_Cd_0019,0.369114350034023,0.20626431251859145,0.3644449606805339,0.31297496990843865,0.3295798204536281,0.3415994656555952,0.2020495442850981,0.3354284107743046,0.24634950592079227,0.31710233682662436,0.24067041775276804,0.3571433054756543,0.24666895847106624,0.350660337857987,0.32387963013460447,0.34082435650814213,0.3058014591124742,0.3520261654045878,0.0,0.3537875720897894,0.23818279944743312,0.3437184643047993,0.29185867325763865,0.3526692760090303,0.3390626196723885,0.3482161648446807,0.2952568621216938,0.21628828842356568,0.3472822398425267,0.1895049247507652,0.3434494953639636,0.18574546048859517,0.22948725190124494,0.2694896706779407,0.26990652903916384,0.25427179820949825,0.3709904052787582,0.36326614118680567,0.16997464213755845,0.07406587584263305,0.30092540795750683,0.2903774304701557,0.3474676242407302,0.29016668311453087,0.2702981146425099,0.30233239958920305,0.31626174736081203,0.2596159126456446,0.33632829319586177,0.23333724950808862,0.3008764963075485,0.3278122791746834,0.31815662894818325,0.3333927602108765,0.24937146633520013,0.29255090349632157,0.33094651860904506,0.3265592750819281,0.3054820944368661,0.3718555780859562,0.2935143590890346,0.33422967215421345,0.3180995734258884,0.29734521519769624,0.2843419053673249,0.3237819157131304,0.2440086004867459,0.29177894026991447,0.306474253784587,0.24856586177291748,0.30800860795701657,0.3098991116055968,0.35572679237431093,0.30610475216630334,0.29884983266963683,0.2875199323258158,0.2396042620601032,0.28497829654170487,0.27900565155914475,0.3236400101571863
syn_Cd_0020,0.09910182049450156,0.2995091962150618,0.09275022526297734,0.1736944777404304,0.17499576478083173,0.09677995751514114,0.31430591034036304,0.13124763045507795,0.2995567176288289,0.18372486339429145,0.30046077293867673,0.08376292115694967,0.2888593040591749,0.280249899843073,0.16269122478458553,0.07961889623921281,0.19348052266044635,0.0840643401239988,0.3537875720897894,0.0,0.30039782095004225,0.10032472585614466,0.17599666504670186,0.08460636927801465,0.08555606015603576,0.08112532885117656,0.19688986864971994,0.30346699458705995,0.08550222556964489,0.2860142854516651,0.17507094701977702,0.29965669159072644,0.3002263978063282,0.3022975182644577,0.3078366327253678,0.2912170685715491,0.20880721637809477,0.08018251901818572,0.30733899128864717,0.3496046594004072,0.25605242333627176,0.18433896384220608,0.28887082462427766,0.19902759934921643,0.21543410560651752,0.1976198539526424,0.19221748416154125,0.23459661631482856,0.23774891315174965,0.2759312251075778,0.24842978177623135,0.2043140408767547,0.24672958546725837,0.25487581772847806,0.22871369854059917,0.2520997283902179,0.22988822806767545,0.1789994456098311,0.1975447848881618,0.23781829503064184,0.25904219052881367,0.1810205118095587,0.18371961511700358,0.18358686203977959,0.21491241327011504,0.1950425933812097,0.2545410797796447,0.26609726995014293,0.1886067112636594,0.23924267200172755,0.24791979803464287,0.24972558944422876,0.2826526997462898,0.20669083822286782,0.24813756128567055,0.21078741195917317,0.2593416313706715,0.28021161260390004,0.20316848566173853,0.18880600481011367
syn_Cd_0021,0.32429219881093513,0.08660836482755302,0.31837904457332117,0.283894725294821,0.2622419279772908,0.31103964424537445,0.08457152034498319,0.3247007208062242,0.10464037197744007,0.27948715912713235,0.10388125457322359,0.29860796828376596,0.10682170820678161,0.38267366551820614,0.2757145416989403,0.2864643211665454,0.2876128187359316,0.28808108667035026,0.23818279944743312,0.30039782095004225,0.0,0.2818323282973703,0.2821711284018952,0.3014496740175149,0.2983440740163955,0.29564629759309186,0.2608777086079018,0.08064976860709602,0.3029965083826284,0.08607886037745544,0.2758898335454426,0.09477268867358801,0.07992711867110604,0.08887450147654821,0.1094925829682031,0.13131644041321613,0.3314117791431644,0.3070162711604675,0.11379460066206722,0.24313205091353135,0.20914109661009392,0.2631709412413251,0.37742380475361353,0.2587016431989267,0.2656095271174274,0.23438436442239433,0.23859483544605262,0.2726820327797153,0.229916389317301,0.3217213701424538,0.21148940907534536,0.24416450166382558,0.22549009137101403,0.22266154843141017,0.28277456175426724,0.22728387834993274,0.20942121253791696,0.2268780156242992,0.2363701428979039,0.3660025339515389,0.2074258821402109,0.24773855524678748,0.2468797248092658,0.24472143173552782,0.27235379975192775,0.2518344608598101,0.30996863177575845,0.23310577124396328,0.2563160493169733,0.2957373774229398,0.23593692064307187,0.22219226952109544,0.3684497258566478,0.2525649412033083,0.2355959077601606,0.26938719954321744,0.31043495974676844,0.22605896270534895,0.2603485860057577,0.24038553854126296
syn_Cd_0022,0.13295700184178916,0.28446628049744904,0.10910437583853838,0.1822701055206889,0.1748483015543837,0.11401963775681599,0.2991710017590901,0.12933219944971514,0.2874591084352015,0.17662282376326774,0.28773940935079634,0.10651059018483933,0.27807723860059796,0.25229518958632063,0.17438904780977815,0.08537347019570475,0.18798569449320648,0.09828733394427716,0.3437184643047993,0.10032472585614466,0.2818323282973703,0.0,0.17866022961195838,0.08801923424838398,0.09693558989501602,0.10264075862741624,0.18698303652138204,0.28827754722988946,0.1009632518097851,0.2735771959579648,0.18681762020112488,0.285710007069727,0.28482283886523224,0.2869764113672229,0.29779589241383825,0.285014902509141,0.17954170991798546,0.10660695083399442,0.2959285566286452,0.3339344457585488,0.24260418970511974,0.18201219459797427,0.2641573185439705,0.1680348425831321,0.2193105029926186,0.16500973612590375,0.16168996164096158,0.2263750829618859,0.2526457706931891,0.25723048968520984,0.23857253902325642,0.18144440969341682,0.23968120530813494,0.2549956770472575,0.2279972965989782,0.2472834014211793,0.23315401935677207,0.15818708531398043,0.1734195471188267,0.23714012216827818,0.24663356711468543,0.15758189443064138,0.15253651401134793,0.15867783474214334,0.21323467047054015,0.1613310148573253,0.24524089062397147,0.2551485169809988,0.16238184798145433,0.2371732658653109,0.24220367369357645,0.24336448810028516,0.2562583049713103,0.19896802809095618,0.2384523241881436,0.21066810660086355,0.24587150998430804,0.2668903068870626,0.2034024742533732,0.16021240482693885
syn_Cd_0023,0.19120181950951942,0.27582306581043803,0.18731865370837444,0.10256168910034222,0.1314619423642589,0.1549258600584338,0.28758833775881343,0.1714142287555114,0.2994689027568626,0.10636311138662795,0.28720187616550946,0.18542771846349612,0.2803090056918648,0.2903223305802463,0.10674802358391297,0.16723371040965163,0.08516583792120035,0.1851019540829467,0.29185867325763865,0.17599666504670186,0.2821711284018952,0.17866022961195838,0.0,0.17524074325226038,0.1687394072284065,0.17748878050396724,0.09020504799108076,0.28672708423875337,0.1730340846587891,0.2688088301905057,0.15318398025924448,0.28622551888264514,0.28988927317087526,0.29627815240745875,0.3166646718094152,0.29389067375212863,0.23825790634143826,0.19450846385626697,0.2766819199643547,0.29146456491077294,0.24439093600954415,0.1517040943267617,0.29750274753685274,0.20614032267034074,0.1556083428248689,0.21574920103960632,0.21524702044337657,0.17890341677505503,0.2706640323546723,0.26057832645004764,0.23091360721269624,0.2262534618177118,0.24313288912162204,0.25745481987937485,0.1858398212461976,0.22891475841671557,0.2430038729589184,0.2030397253846315,0.21979989364521638,0.271137012559949,0.23681695261200114,0.21189462554785363,0.21272686066059246,0.20433887516090027,0.1685771202401748,0.22237880100159213,0.2249013360169933,0.25036812881257314,0.2004549936217728,0.19359650160788924,0.23477299190564893,0.24058360302469436,0.28803932118829506,0.17254037728820995,0.23220705685996904,0.14728928687288648,0.24306696104132852,0.24254057633338555,0.15236953115840965,0.21514098509497584
syn_Cd_0024,0.10607096785157044,0.3017001577847002,0.08623047824673202,0.17244553514314723,0.1602802434565592,0.0986268707446142,0.3160529786844042,0.11576447174338601,0.3010583251600336,0.17330778055925425,0.3047362808600399,0.09816874974361384,0.2911458028185317,0.2575712524021387,0.15596510473794947,0.07778326781049594,0.1848360403903906,0.09039031793721158,0.3526692760090303,0.08460636927801465,0.3014496740175149,0.08801923424838398,0.17524074325226038,0.0,0.0802204308385158,0.07726198453747715,0.18791507713343303,0.3079789221890946,0.08075832342947876,0.29140694680279244,0.17007480980670298,0.3007612797163586,0.30426945627088836,0.3070825661756026,0.31193335302345665,0.2952256786931847,0.19039041537932094,0.0967866659585651,0.3094011515658253,0.3450890317772894,0.26210329838348934,0.18369560409997002,0.26628562674267614,0.191848168241102,0.21625643467686,0.19339516622452435,0.19166462061837766,0.22620213575129855,0.2501478441759066,0.2556492990014897,0.2527191920125941,0.1946932124515164,0.2544607245380008,0.25833734986184276,0.23040293040520105,0.25615270233088544,0.23094855344990398,0.17568985784761862,0.19682457545667303,0.21920646035636585,0.2625390679688842,0.17792490047518603,0.18059361089811585,0.18520493880454697,0.2112858618249098,0.18820931145315103,0.25153022780482537,0.27107437207862084,0.18086629355744446,0.24171638441943938,0.2515651103315755,0.2502746443356533,0.26020189462707205,0.20367228329400708,0.2487753647234019,0.21050739964794266,0.23983517977107102,0.2775235418662634,0.2025483069947454,0.18107130292150067
syn_Cd_0025,0.0986965154360753,0.2962112357596095,0.09355574915410489,0.16812463117654702,0.16790808849679678,0.08810604223475844,0.30954833608573934,0.1099347375022874,0.30108179343818287,0.17371426304397974,0.3027980984889895,0.08988501885671972,0.28935620277762547,0.2615873845721525,0.1577123544152072,0.07653579146806773,0.18386819957477257,0.08711128766810755,0.3390626196723885,0.08555606015603576,0.2983440740163955,0.09693558989501602,0.1687394072284065,0.0802204308385158,0.0,0.07609695611200705,0.1839739004452509,0.3026600918827462,0.07679874835466828,0.2840699608089367,0.18309443346097456,0.2923308800347608,0.30192105738658015,0.3044117671567714,0.30930510916457293,0.29243401685399983,0.19811360490862753,0.09082030399859246,0.30122958100987074,0.3339459446685672,0.2563432658803139,0.17599650730185992,0.2692455538852055,0.19246080554331307,0.20194555597059524,0.1923170444964478,0.19243695481520945,0.21876746181486842,0.252005480132354,0.2539079121038798,0.2501152419395431,0.20311918257846914,0.25271046620695353,0.25993808488655656,0.2172793148660913,0.2573226459324934,0.23366732065271492,0.1785570351632235,0.19778293578251468,0.22108579190298883,0.25850798370108335,0.18138366728442407,0.17760922018884384,0.18367333083203993,0.20260827441950918,0.19150211402732034,0.23754583656092718,0.2660446407217919,0.18756667038020491,0.22897747462141568,0.2505245064164129,0.25265426991267487,0.2631887062243499,0.19934112305441576,0.24456920794719533,0.20202030311138133,0.2414593679741544,0.27604226345585514,0.19559695099078273,0.18452137683446382
syn_Cd_0026,0.08390905533578902,0.29569234297625113,0.07970330549077659,0.1789397492619307,0.16046401457363985,0.08946481566205253,0.30729555672967607,0.11889773242472142,0.295007986538531,0.17690183374234006,0.2953561374180347,0.07790694318495009,0.28111166489102385,0.2734044232182805,0.16063782694413192,0.07863299634472888,0.19349796595966598,0.07347331296574061,0.3482161648446807,0.08112532885117656,0.29564629759309186,0.10264075862741624,0.17748878050396724,0.07726198453747715,0.07609695611200705,0.0,0.19510166570510415,0.3002690491532699,0.06559315018168706,0.2837749921766389,0.16069515068685308,0.29669861014025184,0.29946918850852605,0.2975328365973924,0.30324957139661723,0.286421230371154,0.2062578636961676,0.07359851867610144,0.30259728260033125,0.3417841566253384,0.2586145989924306,0.18373570873827044,0.28080104904918,0.20470613856879455,0.21649158603965454,0.2001683914308601,0.19901089521934207,0.22576598111093787,0.23841629036065762,0.2714221897697327,0.25160938370383007,0.20301675684226544,0.2535580471209619,0.2540381743447002,0.22939215164052143,0.25745324516997614,0.22888130382135455,0.1785138978392954,0.20306667158256667,0.22778267163654645,0.2618520963970355,0.18678472343039204,0.18320400934454975,0.1903550675584022,0.21219262044433942,0.2007641253661778,0.24949795702020314,0.2688863645750394,0.18769884808336135,0.24118683811738395,0.24968722618422182,0.24873672744757222,0.2744502238226332,0.2048119835138605,0.2493572383337071,0.21192979406639853,0.2544975313308969,0.28021246998534816,0.20254043948123662,0.19000249716233705
syn_Cd_0027,0.2090451360284646,0.2589501487715553,0.20307263263183023,0.0887602519164007,0.12443142492802918,0.1791158269567591,0.2662018837617892,0.1946517722977278,0.2798725708047994,0.08027466332819816,0.267831711382709,0.20818484442777904,0.2601371754476981,0.317970948787738,0.09695191519255453,0.18403196028285104,0.081124690638173,0.19601853594422494,0.2952568621216938,0.19688986864971994,0.2608777086079018,0.18698303652138204,0.09020504799108076,0.18791507713343303,0.1839739004452509,0.19510166570510415,0.0,0.2682577182658496,0.19462125337492084,0.25342977861684196,0.143331066988215,0.26854589214983127,0.2710751072886876,0.27921344215212635,0.29680099333560767,0.27499673662895063,0.26462796621569007,0.21604921863350535,0.2594262273450752,0.2871053587119102,0.24534301199286215,0.14896541711353145,0.31908210486210253,0.21693872904919045,0.17535699654708528,0.22223793433027014,0.2225123238761889,0.1698106357526539,0.2735795300740747,0.28099950717257033,0.23491853602889107,0.23565040113898542,0.24615857464805557,0.2615316506045944,0.19274530228974027,0.23366263275603635,0.24488082613543397,0.21074912109388333,0.2262288528472453,0.2816705878220124,0.240110462887914,0.21809187005894248,0.2210872893229783,0.2137784831462635,0.15642464684401516,0.229643942995783,0.22859552950583648,0.2550740497245895,0.20757102445354683,0.20093681948517927,0.24068527629906003,0.24587501078284582,0.30386531436654574,0.1495996444383729,0.23691375843389684,0.13642947307755407,0.264082564577777,0.2400517396651771,0.1405450779873846,0.22532412204687932
syn_Cd_0028,0.3295405530186018,0.05225002866752736,0.3219257394593282,0.28964472925412516,0.2675972379870693,0.3195223272944047,0.05481658486207319,0.33207032143325854,0.07553888177881637,0.2839740207546213,0.06861011982593045,0.30258695852714707,0.07247601027942567,0.3898493686291832,0.2822838741378568,0.29051107739346627,0.29172420992048054,0.29382845072999586,0.21628828842356568,0.30346699458705995,0.08064976860709602,0.28827754722988946,0.28672708423875337,0.3079789221890946,0.3026600918827462,0.3002690491532699,0.2682577182658496,0.0,0.3071253203659111,0.06503032179978092,0.27991025186941787,0.06878882042616129,0.06253841444256705,0.08716990814629655,0.09064525973687493,0.09122442748176039,0.33445419649320984,0.31229836031592495,0.08966260546781749,0.2185926367884807,0.21494930900886552,0.26726153334488656,0.38236601686970023,0.26243195871055647,0.2738965766772391,0.24205515977412845,0.25178952333999005,0.2827022566063444,0.23486221557140216,0.32483510796444937,0.2212308675316055,0.2545251493006265,0.23277516170182397,0.23757578425997095,0.2957939920450769,0.23983157933550792,0.22181483217991674,0.23902512099556292,0.2470964255786732,0.3684978362290016,0.21687453113194938,0.25533844010980533,0.2528516321293306,0.24565542841042642,0.28254535997066016,0.2612350479109101,0.32159239241953613,0.2416143488978792,0.2577956390022007,0.3090128833867472,0.24001557690028252,0.22577042147410525,0.3740943836990309,0.2596876897041495,0.24120538604010902,0.27288372355920565,0.31650289329291653,0.23160411233084555,0.2695662522309629,0.2484374847338544
syn_Cd_0029,0.08570498751671157,0.301767378445428,0.07960520672804099,0.17910027048161434,0.16873770034886984,0.0778098368307266,0.31297494232169815,0.11784054264061518,0.2997700387433704,0.1806056402420274,0.3003997583871134,0.08282591501043983,0.28639650821208157,0.26291307401686276,0.16170662118753962,0.07469909676036428,0.1921919488309286,0.08099727502391241,0.3472822398425267,0.08550222556964489,0.3029965083826284,0.1009632518097851,0.1730340846587891,0.08075832342947876,0.07679874835466828,0.06559315018168706,0.19462125337492084,0.3071253203659111,0.0,0.2886127210998048,0.17395021784998047,0.29943263285485877,0.30626734307279796,0.3049784669948121,0.3087085613270213,0.29101567883670043,0.19592059067472434,0.08269131485006018,0.30436842674144854,0.34262827411249247,0.2613190666016136,0.18770961245722004,0.2726945935758108,0.18961354212583612,0.21503291262379126,0.18965392342354917,0.19155214139483498,0.22597166152478357,0.24134762267395413,0.2605761756804667,0.2531335417231179,0.2011341664251337,0.258052886515702,0.25876586747016933,0.2306612815289094,0.26144358021813247,0.23420310847286419,0.17007539145519793,0.19658228182470647,0.2194781702186674,0.26297482090167235,0.17778294414800375,0.17742395920845525,0.18163482446502946,0.21970384526032008,0.19217002351742746,0.2483801479900947,0.2719557336210805,0.18121103312528553,0.23862351130384096,0.25545352499135726,0.2515932448864249,0.2626347012922961,0.21044702252890124,0.2498694240269122,0.21466005541241467,0.2430925127452156,0.27990234457469376,0.20913978359054244,0.184066935894981
syn_Cd_0030,0.3125047823789183,0.0576885887692607,0.3048322943326737,0.271880858592818,0.25579852210971693,0.2984433727736273,0.056770914571452606,0.30987110019621916,0.09406949204049889,0.27174071858449933,0.08738566846304148,0.28763578940268336,0.09065271553174048,0.36687516897007816,0.2656983215968745,0.2730155035229151,0.27637863468308865,0.2796256899674718,0.1895049247507652,0.2860142854516651,0.08607886037745544,0.2735771959579648,0.2688088301905057,0.29140694680279244,0.2840699608089367,0.2837749921766389,0.25342977861684196,0.06503032179978092,0.2886127210998048,0.0,0.2713938330738378,0.049286561594799085,0.07130172251266595,0.1033459714422356,0.10937049446765924,0.09717939317301129,0.3195129564912731,0.296668829991457,0.06425660696308025,0.19363170736887764,0.20287240185252287,0.2514042417001023,0.3624533314532008,0.2464670923029451,0.251953642244254,0.22718356959825567,0.23867101127163756,0.2599191339498707,0.23047731105257663,0.306777892309109,0.20741217070388165,0.2415751717815086,0.2219301741109511,0.22888762178930522,0.2696502908232021,0.22039306844879894,0.2150628554555691,0.23226350741565752,0.23159397777041363,0.3560354032925881,0.20152652045630065,0.24811462847671045,0.2386121827067087,0.2326074852541076,0.26164258607713553,0.24586553987776924,0.29554894995920483,0.22178308515806067,0.24295351740050652,0.28222475403957503,0.22610383163086897,0.2135070202469609,0.35148717768665544,0.24572652965839525,0.22438294102229275,0.25806714952006615,0.29179138467095483,0.21482401587513783,0.24754908462845937,0.2358792579489747
syn_Cd_0031,0.18260334625028943,0.27084908497356824,0.17787719949392997,0.13756414430122044,0.08657182930500265,0.18710276678775634,0.2865431308500754,0.22274184482331325,0.27889328186760004,0.12580015366536515,0.27185955886088364,0.17245386320574815,0.2599952968213309,0.3418541067583937,0.10013338088550841,0.17524776054310368,0.15503638547525497,0.16707428170805852,0.3434494953639636,0.17507094701977702,0.2758898335454426,0.18681762020112488,0.15318398025924448,0.17007480980670298,0.18309443346097456,0.16069515068685308,0.143331066988215,0.27991025186941787,0.17395021784998047,0.2713938330738378,0.0,0.2906533744183052,0.2805896029166977,0.27494154128770837,0.28626277549526546,0.27259996941444314,0.2731109033859718,0.17752642439353647,0.2957537072389469,0.33774543385983163,0.23750693715239327,0.2025755941916295,0.348862109793251,0.24421913710200505,0.23275375225667605,0.2379781887161726,0.23446664420173688,0.2296131017398405,0.21686577839956833,0.32295541341407863,0.22894612186176544,0.23346650171321237,0.2337865225527282,0.2212834707346628,0.2671509659149602,0.2471068631420653,0.2114283394619245,0.20805949290896253,0.24101026579434903,0.28648897537455353,0.2357981488471984,0.22581726108802633,0.2286907698863259,0.23340788323323364,0.21563176590038483,0.23779266877867544,0.2936431156031055,0.2589824812966687,0.23446086795626608,0.2684926463581795,0.2343859478947802,0.22868364294359148,0.3344023106493913,0.17609007834041285,0.24093632222162084,0.1924992171586483,0.30140286492693535,0.25490994361524977,0.20222230931920512,0.22736292551078371
syn_Cd_0032,0.31924082938735704,0.06352012421327048,0.3151964557482209,0.2888827197358573,0.2752789758990824,0.30822318063155385,0.05758290385483799,0.31933110293520134,0.08699546389673733,0.28926051144440706,0.08894520349592272,0.29841640704501465,0.09515083630690999,0.37477488669089504,0.2860457193080456,0.2861026992464899,0.29039205399920837,0.2916779611931563,0.18574546048859517,0.29965669159072644,0.09477268867358801,0.285710007069727,0.28622551888264514,0.3007612797163586,0.2923308800347608,0.29669861014025184,0.26854589214983127,0.06878882042616129,0.29943263285485877,0.049286561594799085,0.2906533744183052,0.0,0.0799015065171162,0.11176682434298786,0.1070247324984989,0.09652524528965217,0.32543363443014595,0.3054299384547393,0.0645589561820787,0.20067938529273902,0.20958769103943417,0.26572092522311397,0.3663425169107456,0.26213004377471644,0.2673695534962479,0.24348621837444584,0.2508861612893836,0.27419420295307845,0.24064380740694993,0.3183035266038676,0.2156631066659465,0.25932638106418454,0.22895194401489496,0.23404036659229638,0.2843128196547203,0.22912410225013718,0.22639548519582484,0.24614042327464253,0.24744544430754767,0.3580495769734979,0.21035734980352894,0.26015022238181096,0.25457302083013444,0.247951640271797,0.27642154207786235,0.2599643507719002,0.3109915640439458,0.23071313142508096,0.2571091935550825,0.2985953911096667,0.23658218928394867,0.22354347434837404,0.3548458552514981,0.2618177664065789,0.2331320211413205,0.2723500667356168,0.3062227378120729,0.22025720559505307,0.26316836017783374,0.25155249539733887
syn_Cd_0033,0.32661260223732436,0.06973641002536998,0.3189790533750937,0.2925781720616666,0.2685817424538415,0.31629165325017217,0.07144602294118736,0.3290581413847137,0.07927353695536685,0.2881704298804527,0.0766813579756907,0.3012516146136851,0.08524851600146785,0.39103747842955194,0.28254858349625167,0.2872991196350293,0.294370077476874,0.2908735473969092,0.22948725190124494,0.3002263978063282,0.07992711867110604,0.28482283886523224,0.28988927317087526,0.30426945627088836,0.30192105738658015,0.29946918850852605,0.2710751072886876,0.06253841444256705,0.30626734307279796,0.07130172251266595,0.2805896029166977,0.0799015065171162,0.0,0.07504021934680047,0.08417281964880421,0.10412192102729673,0.33296539853154644,0.309392634377801,0.1035533348372294,0.21995731518028913,0.2162297780690596,0.26591363780228766,0.3808843660527504,0.26645049258923403,0.27391422485904227,0.24107215105703816,0.2431937323852997,0.2824925957715342,0.2322230373639733,0.3297473185258876,0.21778714533799978,0.24709510809422316,0.23136513284944174,0.23349078180906,0.291236425499129,0.23990034865108825,0.217348143652741,0.23367618347485605,0.24167467453497604,0.36642692100029106,0.21592868699128775,0.2534408688634167,0.25627046576367885,0.248919769193565,0.2779775646301858,0.25435864141360154,0.3177096679807035,0.24238742902508778,0.2590926782494988,0.3042319083064821,0.24106455310186933,0.22611820376750394,0.3710429039580084,0.2574980786655517,0.24348500682266846,0.27350357561301636,0.3145107480367711,0.23268585854756277,0.26863718737473585,0.24444002814096538
syn_Cd_0034,0.32465834141702715,0.09697782190088508,0.31829619904641737,0.2941334908304867,0.26277894519676287,0.32067903748322424,0.10405268702711354,0.3329110075322961,0.07469454751884635,0.28891341432432427,0.07036938955690548,0.2978541821231131,0.07260700600592891,0.4091527587830754,0.2845276361119042,0.29006969568504515,0.3043187970698422,0.2905562556168359,0.2694896706779407,0.3022975182644577,0.08887450147654821,0.2869764113672229,0.29627815240745875,0.3070825661756026,0.3044117671567714,0.2975328365973924,0.27921344215212635,0.08716990814629655,0.3049784669948121,0.1033459714422356,0.27494154128770837,0.11176682434298786,0.07504021934680047,0.0,0.05777605597920894,0.08611500235379405,0.33518748758682687,0.3066557191519964,0.13517879728211163,0.2645478533577641,0.22935636954160726,0.28286152193921216,0.4016867645176085,0.28829802041820707,0.2976971577621469,0.26400340758984975,0.26281053645618446,0.30447046657977545,0.22024561147979174,0.35930362412441985,0.2310157913109595,0.26787355034209526,0.238458480379166,0.2262525348087246,0.31671605743679954,0.26356379841880073,0.21575211557121768,0.23670699460250802,0.2650859823770181,0.36585206805009995,0.23745110114305676,0.26725217947511065,0.2761114883692802,0.27194129333400796,0.3047042693552756,0.27697917266763844,0.34289015901760533,0.26459430247214566,0.28092077655011416,0.3283367133607519,0.2563326383097454,0.23633190027727097,0.39252212249520974,0.28208567755724534,0.2607746065422522,0.2927845191521073,0.3421758230657886,0.25381123402523154,0.290941235235593,0.26398073178453896
syn_Cd_0035,0.32852749859125663,0.1058609381554335,0.32079328066049473,0.3058684030238119,0.2726876858022813,0.3242878823489468,0.10348370442407885,0.34008412766852597,0.06658151085021043,0.30405438704831317,0.05951115720044266,0.3029536130483834,0.06336050014897436,0.4221689243387872,0.29687739304149147,0.29580785431441226,0.32269246240756666,0.2955505894328528,0.26990652903916384,0.3078366327253678,0.1094925829682031,0.29779589241383825,0.3166646718094152,0.31193335302345665,0.30930510916457293,0.30324957139661723,0.29680099333560767,0.09064525973687493,0.3087085613270213,0.10937049446765924,0.28626277549526546,0.1070247324984989,0.08417281964880421,0.05777605597920894,0.0,0.07053937314974666,0.3464677736091387,0.31005675058800686,0.1293728704038253,0.2580034629942092,0.24043002705131492,0.2991793002060917,0.414792746894289,0.3027955071166854,0.3147650754853797,0.2770138106124467,0.2804872202133515,0.32072452214206887,0.22651328228280046,0.37013436731149474,0.24307776869496742,0.28327137905242294,0.250287840458295,0.23010760549815992,0.33106899838474446,0.2741795723522706,0.21904324362155256,0.25395195243584123,0.2782613880063427,0.36854038416812174,0.24972978676607963,0.2840686312851835,0.28973323546795565,0.28495108179088247,0.32150738871543116,0.29026745279010174,0.35700919702463496,0.27735641942984096,0.29714938119154843,0.3437657523878695,0.2698657109267888,0.24971921036362618,0.4036242578201491,0.300554466809364,0.27092147464281413,0.31220915911102776,0.3554285432221763,0.2667369502018748,0.3088630989099352,0.27681445738664134
syn_Cd_0036,0.31190247388811004,0.094768344198665,0.3037752949892417,0.28417965744110285,0.258145934050074,0.3065845720640512,0.10028221724715139,0.3211151160347579,0.07566821669863323,0.28381343469083276,0.0671151628195654,0.28617075754104837,0.0581683068572562,0.4094976087630339,0.27315477981034175,0.27669648931505836,0.3030565085405645,0.27963660359133424,0.25427179820949825,0.2912170685715491,0.13131644041321613,0.285014902509141,0.29389067375212863,0.2952256786931847,0.29243401685399983,0.286421230371154,0.27499673662895063,0.09122442748176039,0.29101567883670043,0.09717939317301129,0.27259996941444314,0.09652524528965217,0.10412192102729673,0.08611500235379405,0.07053937314974666,0.0,0.3347470575849294,0.29287163576355085,0.10920911427134489,0.23173544308585756,0.22851033231858414,0.28258483103165905,0.4042184745739882,0.2893641315386496,0.2963406557648574,0.27304944775187256,0.27528066623338326,0.3055759029331601,0.21833173974856668,0.3586191952553093,0.22809577707131531,0.2828450687209492,0.24051161608694313,0.22189168023139869,0.315019534577943,0.2590822365210731,0.20915429051735573,0.2514252221382546,0.2754070949695898,0.3555770676689147,0.23878793301131385,0.27791912077189385,0.2832031316834829,0.2751531914554055,0.30370869414769824,0.285129448927148,0.34270501875791215,0.26164496604645754,0.28122310001233075,0.32627813769822067,0.2548759501131452,0.2342451611367194,0.39151902068408634,0.28153496211970347,0.2531990179972854,0.28870119368068703,0.34110830307293727,0.2501666390068825,0.2883975790056676,0.27482807320285596
syn_Cd_0037,0.21951584758848847,0.3305835297457253,0.20011773125914178,0.25931809931995586,0.24580159760153045,0.21431150882990693,0.343344738845966,0.222026504806047,0.32828683060159836,0.25400855801933386,0.3308290243297677,0.20558780992514025,0.32792377203881773,0.167862753110807,0.2581933499479012,0.19892273733222937,0.2553833457031016,0.1993979801871585,0.3709904052787582,0.20880721637809477,0.3314117791431644,0.17954170991798546,0.23825790634143826,0.19039041537932094,0.19811360490862753,0.2062578636961676,0.26462796621569007,0.33445419649320984,0.19592059067472434,0.3195129564912731,0.2731109033859718,0.32543363443014595,0.33296539853154644,0.33518748758682687,0.3464677736091387,0.3347470575849294,0.0,0.20446734884457501,0.3343343418824743,0.3712495859196672,0.2979030344120499,0.2519130985603929,0.1830700991239672,0.20061993855502624,0.25878692324510444,0.20080922203079288,0.1990457577328683,0.2821698105728738,0.3046622599144038,0.27944668215565127,0.2877363522500555,0.20899974554200682,0.29610910978510246,0.30630561144174917,0.2777600971536182,0.3066536094423284,0.2969372555018783,0.20249860937748568,0.19548450049080848,0.21002040852613243,0.29152209010582986,0.19973744388767736,0.18724175886540068,0.2014636607605467,0.27197756557991226,0.1895538713261662,0.2965609885413009,0.3001635457158399,0.18991887331743873,0.2881587131941821,0.29903505688465304,0.28340419820631624,0.16882738079175738,0.2712073691011055,0.29401027508177413,0.2743392084373971,0.25296848212424977,0.3083264991031436,0.26679147337192327,0.19591185832073327
syn_Cd_0038,0.08291410870979404,0.307186599018521,0.0866895723104977,0.19478782967588912,0.17834178946362458,0.09987879785060787,0.32019412798405894,0.13755781373263898,0.3001690757031498,0.19797480893368438,0.3048868980163422,0.0672063991251905,0.2902339736444303,0.27589122332588933,0.18002126789929757,0.0858204559809447,0.2124688650326609,0.08039481215310283,0.36326614118680567,0.08018251901818572,0.3070162711604675,0.10660695083399442,0.19450846385626697,0.0967866659585651,0.09082030399859246,0.07359851867610144,0.21604921863350535,0.31229836031592495,0.08269131485006018,0.296668829991457,0.17752642439353647,0.3054299384547393,0.309392634377801,0.3066557191519964,0.31005675058800686,0.29287163576355085,0.20446734884457501,0.0,0.3129981057387296,0.35886405305855346,0.2636985204858533,0.19727071221779058,0.28911611355615924,0.20999461769763034,0.22933570205281542,0.20648281275012095,0.20214133495480432,0.24685671802263562,0.2438711319676471,0.28737242327207446,0.2568315236404973,0.2103288323373444,0.2586811743656181,0.2607224463625062,0.2412226494505932,0.26665243028774577,0.23583154585284444,0.18394949685342082,0.2073600249588318,0.23278175041124446,0.26825439571314463,0.19250030565903364,0.19219975478293497,0.1922707984190249,0.23028643986955596,0.20145013180436558,0.2670128789935664,0.277077952259323,0.19835501375244852,0.25736774274772745,0.25734090108206037,0.2588175753489254,0.2819561879454547,0.22102680555820384,0.25828636720889697,0.22680683028324056,0.26953247089380666,0.289579182481992,0.22177271578183833,0.1923534249990005
syn_Cd_0039,0.3274176069412773,0.08865848397309795,0.3213264014143474,0.28240740784053586,0.28137687203906664,0.30942648857034616,0.07132429511948023,0.319140010393887,0.110566182425512,0.2848410081245086,0.1089371892525885,0.30493918177915497,0.10486891335086079,0.36327695637632607,0.2865594173396605,0.2909537123598418,0.28596897903379087,0.30007257460860837,0.16997464213755845,0.30733899128864717,0.11379460066206722,0.2959285566286452,0.2766819199643547,0.3094011515658253,0.30122958100987074,0.30259728260033125,0.2594262273450752,0.08966260546781749,0.30436842674144854,0.06425660696308025,0.2957537072389469,0.0645589561820787,0.1035533348372294,0.13517879728211163,0.1293728704038253,0.10920911427134489,0.3343343418824743,0.3129981057387296,0.0,0.17221481059188615,0.22361587123269694,0.2623101717291331,0.3560629779278376,0.24474860148450464,0.260112451423501,0.24235446639690378,0.25593053382432285,0.26145783055975674,0.2542409981586767,0.3001669935975533,0.229436257359918,0.263342499062787,0.2438389437008346,0.25015468678999964,0.26575904611822565,0.2331121416224015,0.24056645790015413,0.25563425385818667,0.2438061790934768,0.3683094764403169,0.22064869615835367,0.2695597401347952,0.25990441127635716,0.24242901035293343,0.2682313557373904,0.2595106201534502,0.29234858382163803,0.22914766827659105,0.2522614747306755,0.27838243602913326,0.24603125085863814,0.23956502670755345,0.3518337921567374,0.2586783041317523,0.24393914774943967,0.2652541543651714,0.28867335856723897,0.21745139766344085,0.25570952159193494,0.25801049505174334
syn_Cd_0040,0.36640048221538324,0.2133018222548197,0.35670310012036766,0.3104159337559958,0.32606928121875406,0.335481041271236,0.20528496894548673,0.33450046692090296,0.25458393094857135,0.3109047701833486,0.24026540985345088,0.3512363767548913,0.2419227230168111,0.35061186805981154,0.3187990381835595,0.33143942508928387,0.3058157265788454,0.346148189048324,0.07406587584263305,0.3496046594004072,0.24313205091353135,0.3339344457585488,0.29146456491077294,0.3450890317772894,0.3339459446685672,0.3417841566253384,0.2871053587119102,0.2185926367884807,0.34262827411249247,0.19363170736887764,0.33774543385983163,0.20067938529273902,0.21995731518028913,0.2645478533577641,0.2580034629942092,0.23173544308585756,0.3712495859196672,0.35886405305855346,0.17221481059188615,0.0,0.3127110762750083,0.2762071790382998,0.3500893122185184,0.2804154912679851,0.2577902683591919,0.291977860208568,0.30587727367688966,0.25272326722394056,0.3443257425467746,0.23502822351234154,0.31364898358319526,0.31780774047939486,0.3292288213077031,0.34427795138705536,0.23915313541349775,0.30526658433317627,0.3307684031554246,0.31569680497003344,0.2975145346024741,0.3763515852044703,0.3012337684072169,0.3241079924034765,0.3081752646598661,0.2895065407618292,0.27156431339716297,0.31300916587223765,0.236098143655516,0.3007026452250053,0.2968812093290686,0.2386410150946979,0.31796821055774693,0.32158786037528436,0.359846802010447,0.29447051471276453,0.3065593163335288,0.27491952391028746,0.23939982762178233,0.29226964506852887,0.2660609737684371,0.3129686870677692
syn_Ni_0001,0.284936212301139,0.20798117805686453,0.27801094687663536,0.24932063714550826,0.2331580638859585,0.26814313299585973,0.22092153641473922,0.28709149400836964,0.2253109272190761,0.25131952321150636,0.2219158075172578,0.2591911466266144,0.21772422257276416,0.35092373892765916,0.23847144399185471,0.24527379216266398,0.25834841420753485,0.2509959808588319,0.30092540795750683,0.25605242333627176,0.20914109661009392,0.24260418970511974,0.24439093600954415,0.26210329838348934,0.2563432658803139,0.2586145989924306,0.24534301199286215,0.21494930900886552,0.2613190666016136,0.20287240185252287,0.23750693715239327,0.20958769103943417,0.2162297780690596,0.22935636954160726,0.24043002705131492,0.22851033231858414,0.2979030344120499,0.2636985204858533,0.22361587123269694,0.3127110762750083,0.0,0.22570090938916354,0.35948818329184473,0.2634560146938206,0.24299356311051465,0.25458828909288683,0.2513415199713947,0.2539654466164088,0.10341482756713613,0.3370981584128114,0.056454661265665056,0.26134211111659994,0.05795005385712433,0.09614106664100365,0.276879545021996,0.08298112075995165,0.09049981373426198,0.2396623163177939,0.25248554768073267,0.3377777325865931,0.06747830471193283,0.24603575515576942,0.25369651596802234,0.24413872015181257,0.24888561074727808,0.25645531843526637,0.30639456223916156,0.07869756522819937,0.2550268467469967,0.28989484725462783,0.0736325223146017,0.07310433755456922,0.34503775972578987,0.2273919145995741,0.06816552301562305,0.22832428058341764,0.32076569293950297,0.09473434909694506,0.24152330126904067,0.24603639956727
syn_Ni_0002,0.19976976608700864,0.2602513743255629,0.1911241828149924,0.15133437532207997,0.1904018398071706,0.1634155733289338,0.27262718699156946,0.19390455700984519,0.28985576773500143,0.15476544280091908,0.27483934625933826,0.19517120022092121,0.27192232258140275,0.28817445853292456,0.1613262612050426,0.17518990627796496,0.15737861739831566,0.19016026891676763,0.2903774304701557,0.18433896384220608,0.2631709412413251,0.18201219459797427,0.1517040943267617,0.18369560409997002,0.17599650730185992,0.18373570873827044,0.14896541711353145,0.26726153334488656,0.18770961245722004,0.2514042417001023,0.2025755941916295,0.26572092522311397,0.26591363780228766,0.28286152193921216,0.2991793002060917,0.28258483103165905,0.2519130985603929,0.19727071221779058,0.2623101717291331,0.2762071790382998,0.22570090938916354,0.0,0.2998228533971514,0.20686020579588907,0.08443534331276005,0.2143708365242691,0.2146302489300653,0.10743861512950251,0.25711965440870627,0.26193073725028077,0.22650048075421433,0.22371662825488314,0.23487833510160472,0.26591170111783036,0.110747314129478,0.21926022326259298,0.23792138699471002,0.20732900510288446,0.20800274987831607,0.29522763938699137,0.22303341433233706,0.20727975647594657,0.20517140567833023,0.20046949987411614,0.07177466250615713,0.2140648556034487,0.1587999461698845,0.2279463075061579,0.19930795297427317,0.13059149954664356,0.2250449223722428,0.2342574407834008,0.2891346995896823,0.10149259723751776,0.21834944979167914,0.07907185856033473,0.2453983944582796,0.23046878233020582,0.06668996304922929,0.21034538826400256
syn_Ni_0003,0.2957687752123804,0.37796358524651874,0.28251912398233403,0.32448487155800865,0.3252628024046224,0.27929076359363614,0.3788674673451745,0.26514156388155147,0.4013427103573006,0.3168642863039818,0.3993663634335344,0.2924136281605859,0.3964458738406202,0.13806608741112295,0.33221025258397374,0.2788778941804325,0.3056287625843177,0.2849075967941345,0.3474676242407302,0.28887082462427766,0.37742380475361353,0.2641573185439705,0.29750274753685274,0.26628562674267614,0.2692455538852055,0.28080104904918,0.31908210486210253,0.38236601686970023,0.2726945935758108,0.3624533314532008,0.348862109793251,0.3663425169107456,0.3808843660527504,0.4016867645176085,0.414792746894289,0.4042184745739882,0.1830700991239672,0.28911611355615924,0.3560629779278376,0.3500893122185184,0.35948818329184473,0.2998228533971514,0.0,0.24241605184376086,0.2914363022323128,0.2622358644738759,0.26947218925098304,0.2838450617033952,0.3840303244826417,0.25276912413036184,0.3609604655704081,0.2789866621353495,0.36935010806847174,0.3897692705325281,0.27827048297320217,0.35178543049983163,0.3778789513559564,0.2936674394434844,0.25960753450408913,0.1771579292048086,0.35211578675168675,0.2800941001637057,0.255163604597742,0.2661644671795202,0.30172998158163367,0.2503264042635589,0.28749085357118603,0.3409524711548635,0.25658220835769835,0.2843163360443844,0.3632243628385762,0.35740829942449437,0.09833590634574273,0.3153538412117196,0.3509952443434523,0.31751180413679253,0.2294072620603785,0.34227002450839605,0.2972830964082354,0.27043117201390965
syn_Ni_0004,0.2344314347298019,0.2601984959816991,0.20863068583015518,0.22447249241886635,0.22631223187978453,0.20640033313961603,0.2582415908865536,0.222561575937075,0.2854758731314551,0.224814348746838,0.28393062432947314,0.2003737052664982,0.27965076790509696,0.231563457750675,0.22786822723176342,0.17950609244011664,0.22056659778763812,0.19334455614803128,0.29016668311453087,0.19902759934921643,0.2587016431989267,0.1680348425831321,0.20614032267034074,0.191848168241102,0.19246080554331307,0.20470613856879455,0.21693872904919045,0.26243195871055647,0.18961354212583612,0.2464670923029451,0.24421913710200505,0.26213004377471644,0.26645049258923403,0.28829802041820707,0.3027955071166854,0.2893641315386496,0.20061993855502624,0.20999461769763034,0.24474860148450464,0.2804154912679851,0.2634560146938206,0.20686020579588907,0.24241605184376086,0.0,0.20778726002168357,0.08553754455836961,0.09364513039551177,0.2099208725697295,0.2906409647919187,0.17506276721749217,0.25929585654406373,0.09816545783407761,0.27717035625129083,0.2917893254967319,0.2061955363211237,0.25125604038034566,0.28077439112643854,0.11967654071685721,0.08391875594847185,0.30717303497084586,0.25061490255684954,0.10127344142787513,0.08487776428431143,0.08076244329751124,0.2205618373139774,0.08176246803053301,0.22422593940216937,0.25337388351298534,0.07726978012789253,0.21571454057464204,0.2643777000689098,0.26773854875157554,0.24428985545349408,0.20953759568526356,0.2627384523680178,0.22807695649948323,0.15440367601238905,0.2465794968048337,0.20528157077796005,0.09819286243058321
syn_Ni_0005,0.2265161054881374,0.2621995114710346,0.22058446897461637,0.18019361697125913,0.22395441410671,0.18327587398261397,0.2711175084369321,0.2059692047797103,0.29984565269834723,0.18172953762250194,0.28876959233395655,0.22555745602302982,0.2886180452761032,0.27736650369973426,0.19540446817331084,0.2049597230883174,0.1789801192036184,0.22019680497623836,0.2702981146425099,0.21543410560651752,0.2656095271174274,0.2193105029926186,0.1556083428248689,0.21625643467686,0.20194555597059524,0.21649158603965454,0.17535699654708528,0.2738965766772391,0.21503291262379126,0.251953642244254,0.23275375225667605,0.2673695534962479,0.27391422485904227,0.2976971577621469,0.3147650754853797,0.2963406557648574,0.25878692324510444,0.22933570205281542,0.260112451423501,0.2577902683591919,0.24299356311051465,0.08443534331276005,0.2914363022323128,0.20778726002168357,0.0,0.2166977666235863,0.21883908115732784,0.10601972156886559,0.27347937167473985,0.24231657373981377,0.240953159803329,0.22587632247311043,0.2526155410693014,0.28348188573082783,0.10401071432289886,0.22973371997372333,0.25488619434028353,0.22489963954715683,0.21140990077399963,0.3032087927500809,0.22986561166347572,0.22231652702474375,0.21106880895767025,0.20584900439077114,0.07788202818394137,0.22121816420029897,0.14831797533096439,0.22532548501210073,0.20494313699606198,0.11529845127484252,0.24155370882399352,0.2551622080531634,0.2840925195844719,0.12283064931522067,0.2379522428218545,0.10518959314649684,0.22534492168418005,0.22799050448347855,0.08038693679611658,0.2166359208173309
syn_Ni_0006,0.22634670076939678,0.24147967080140265,0.2056847025052609,0.2361220616994006,0.21754721553655038,0.21142155110840521,0.24309108483819053,0.22811801167134585,0.2675739410893269,0.22891853142233298,0.2624240424760699,0.19406957212193174,0.26034489090447227,0.2521640565499201,0.23012259184648653,0.17972440820309352,0.22573284154734544,0.18042316302509073,0.30233239958920305,0.1976198539526424,0.23438436442239433,0.16500973612590375,0.21574920103960632,0.19339516622452435,0.1923170444964478,0.2001683914308601,0.22223793433027014,0.24205515977412845,0.18965392342354917,0.22718356959825567,0.2379781887161726,0.24348621837444584,0.24107215105703816,0.26400340758984975,0.2770138106124467,0.27304944775187256,0.20080922203079288,0.20648281275012095,0.24235446639690378,0.291977860208568,0.25458828909288683,0.2143708365242691,0.2622358644738759,0.08553754455836961,0.2166977666235863,0.0,0.06625607890479332,0.22528253287295075,0.2796501967314685,0.1956003044075285,0.24992101329668265,0.07991270724465134,0.26636991552654227,0.27719114407911355,0.22551397328430564,0.25256963235433605,0.26786201638634166,0.09552193394375909,0.06246733895859134,0.3026573859507948,0.23680890624418,0.08217431238167294,0.07060602474054067,0.07216311113013564,0.22799593037288512,0.07127939119196741,0.2428082594276577,0.25195046960030487,0.08740090481631002,0.2332074897795427,0.25737112331183065,0.2580703877941811,0.25904728181779174,0.21459887012203463,0.25723602904570825,0.23576150388871092,0.1802820689222096,0.2516758121788665,0.2154669390139848,0.06623356113016145
syn_Ni_0007,0.22906048696330183,0.24934060631802807,0.204767138957464,0.23399368431385964,0.2186248555852692,0.21092956878910704,0.2591323164359236,0.22939668672548674,0.2679864538724144,0.22876755625710363,0.2705257148601265,0.19151651548389326,0.2636980358261335,0.260458545837516,0.22785196421826498,0.17720952706051715,0.22384839990644448,0.17993659562549494,0.31626174736081203,0.19221748416154125,0.23859483544605262,0.16168996164096158,0.21524702044337657,0.19166462061837766,0.19243695481520945,0.19901089521934207,0.2225123238761889,0.25178952333999005,0.19155214139483498,0.23867101127163756,0.23446664420173688,0.2508861612893836,0.2431937323852997,0.26281053645618446,0.2804872202133515,0.27528066623338326,0.1990457577328683,0.20214133495480432,0.25593053382432285,0.30587727367688966,0.2513415199713947,0.2146302489300653,0.26947218925098304,0.09364513039551177,0.21883908115732784,0.06625607890479332,0.0,0.2332954799429853,0.27305084824366116,0.2144438407158493,0.2429154529740449,0.08032654157933185,0.26108982214628457,0.2696263948015864,0.22993129991145564,0.25186586846164766,0.26208031562868006,0.09036467400362731,0.06569718494317049,0.30171836602585217,0.2350690515646938,0.07665039569970095,0.07850610798226965,0.07496951005914153,0.2321510712077728,0.06451945042764169,0.2500396645364378,0.2528540367607633,0.07971525577233274,0.2411249285449766,0.2533657487674168,0.25916689835753015,0.2656347762669052,0.21292610073598564,0.25763727293133104,0.23607812225732244,0.20126094557257496,0.25121501141908,0.21902189254812335,0.07122018635251731
syn_Ni_0008,0.24860092562523806,0.2723381472413269,0.2368554403964963,0.17759604478796434,0.21138819504002676,0.2160752770524619,0.2747531742911995,0.22362807494301742,0.31347981906635103,0.17731700229173483,0.29427503795951,0.2469338853930813,0.2956924728747659,0.2718010542381884,0.19059052443366126,0.21913896217910908,0.16870459818063085,0.23084054857252445,0.2596159126456446,0.23459661631482856,0.2726820327797153,0.2263750829618859,0.17890341677505503,0.22620213575129855,0.21876746181486842,0.22576598111093787,0.1698106357526539,0.2827022566063444,0.22597166152478357,0.2599191339498707,0.2296131017398405,0.27419420295307845,0.2824925957715342,0.30447046657977545,0.32072452214206887,0.3055759029331601,0.2821698105728738,0.24685671802263562,0.26145783055975674,0.25272326722394056,0.2539654466164088,0.10743861512950251,0.2838450617033952,0.2099208725697295,0.10601972156886559,0.22528253287295075,0.2332954799429853,0.0,0.29397469930657866,0.23221114255085626,0.25215941684706333,0.23418145257308925,0.26493020739747786,0.2954028128077333,0.10404013857339871,0.23990037677473894,0.27280228489799097,0.24066608812116502,0.21691545764811324,0.31391850441583635,0.239434668284516,0.23350253994708667,0.22553728940197554,0.2246064084679119,0.09528121900798112,0.2364470313910413,0.135678241061061,0.2381756964323496,0.22296902937234617,0.11096867527562011,0.2526688620906551,0.26163559055491387,0.28825537574471366,0.11271800681523522,0.2477780440509464,0.11582284188198698,0.21498224888998133,0.2355343938328065,0.09465496749455629,0.23608632960217388
syn_Ni_0009,0.26254661961006903,0.23099504547916738,0.2542515344768826,0.2645414484031542,0.2259613770591121,0.2600087883182488,0.2504484890612359,0.29359959708966527,0.22250909376590222,0.2716262814357557,0.22461413906235456,0.23852579815084607,0.2138705945200943,0.3764341312251246,0.24514601871309766,0.23872518964739267,0.2900602407487721,0.23116120825625652,0.33632829319586177,0.23774891315174965,0.229916389317301,0.2526457706931891,0.2706640323546723,0.2501478441759066,0.252005480132354,0.23841629036065762,0.2735795300740747,0.23486221557140216,0.24134762267395413,0.23047731105257663,0.21686577839956833,0.24064380740694993,0.2322230373639733,0.22024561147979174,0.22651328228280046,0.21833173974856668,0.3046622599144038,0.2438711319676471,0.2542409981586767,0.3443257425467746,0.10341482756713613,0.25711965440870627,0.3840303244826417,0.2906409647919187,0.27347937167473985,0.2796501967314685,0.27305084824366116,0.29397469930657866,0.0,0.36736368132385366,0.09740226935009666,0.27889840162286317,0.09118784208525685,0.09900158599592031,0.3068441317091953,0.13797314063589555,0.08826880864224383,0.24218620815739322,0.27551396046627274,0.3252500785048229,0.11182736402667269,0.2661935641180447,0.27616645204340856,0.26978427940031496,0.2805107347650551,0.27823051552098854,0.33352164087800573,0.1209596455651496,0.28378673900633733,0.31969843274757526,0.10719715805128203,0.0950109330879931,0.3701500662510562,0.25546811754046816,0.11340691069180624,0.2659900688130504,0.35175387552139425,0.12507712151819686,0.27697124378996335,0.2668644005593658
syn_Ni_0010,0.2973481243150615,0.3223557090813141,0.2743314304713718,0.29489929494272943,0.3082509439928622,0.25850234750633194,0.3228134565700982,0.239198463701794,0.35326883767712947,0.29603698871098577,0.3513447961485448,0.2865732823374986,0.3495540692467087,0.24361930223149492,0.30589471961805825,0.2642110282179749,0.27720203851713837,0.2796811267260588,0.23333724950808862,0.2759312251075778,0.3217213701424538,0.25723048968520984,0.26057832645004764,0.2556492990014897,0.2539079121038798,0.2714221897697327,0.28099950717257033,0.32483510796444937,0.2605761756804667,0.306777892309109,0.32295541341407863,0.3183035266038676,0.3297473185258876,0.35930362412441985,0.37013436731149474,0.3586191952553093,0.27944668215565127,0.28737242327207446,0.3001669935975533,0.23502822351234154,0.3370981584128114,0.26193073725028077,0.25276912413036184,0.17506276721749217,0.24231657373981377,0.1956003044075285,0.2144438407158493,0.23221114255085626,0.36736368132385366,0.0,0.337151976417271,0.21163720968445235,0.35099875589726803,0.37183250526516953,0.21625349412768435,0.32615647832062267,0.35113070201093965,0.2395480575544029,0.1933406450972924,0.31936242257160924,0.3276933025675884,0.22266001136604852,0.1930308359219963,0.187873337623776,0.24943658278554443,0.20608481381835048,0.2009605745538189,0.3228171328694241,0.19246183598162983,0.20826124632594564,0.341223771145816,0.34098413896724933,0.2640286409018621,0.2866908776276192,0.33426572067926813,0.2737965865886347,0.0781211185967799,0.3227737833898737,0.24739537410860024,0.21235311732414494
syn_Ni_0011,0.2785019666627565,0.2115923370957966,0.2707302456795138,0.23838808264531416,0.22203081458535648,0.26413128469381364,0.22781049174108786,0.2807426001719784,0.2237206515392431,0.2412256327805062,0.2210819041232464,0.251621699721802,0.21898313997584123,0.3514034660397299,0.22641224660338022,0.23721110511209362,0.24603170912475655,0.24282107712373016,0.3008764963075485,0.24842978177623135,0.21148940907534536,0.23857253902325642,0.23091360721269624,0.2527191920125941,0.2501152419395431,0.25160938370383007,0.23491853602889107,0.2212308675316055,0.2531335417231179,0.20741217070388165,0.22894612186176544,0.2156631066659465,0.21778714533799978,0.2310157913109595,0.24307776869496742,0.22809577707131531,0.2877363522500555,0.2568315236404973,0.229436257359918,0.31364898358319526,0.056454661265665056,0.22650048075421433,0.3609604655704081,0.25929585654406373,0.240953159803329,0.24992101329668265,0.2429154529740449,0.25215941684706333,0.09740226935009666,0.337151976417271,0.0,0.2560308461031666,0.05261471639038312,0.09297270490447944,0.271869808500137,0.083135644927393,0.09197098762942908,0.23130853390021427,0.2471964110571486,0.3285499950010527,0.06307306361319388,0.2385403976388256,0.2506640943256175,0.24131475451630455,0.248183702827253,0.2502762542075987,0.3034932774108141,0.08517147568857845,0.25089842718437044,0.28713645305256447,0.06753685930009218,0.06688153680197081,0.3444435376663719,0.22593537238793204,0.0722019832242146,0.226447823855498,0.3207181283690845,0.09135034320833699,0.2401246174567519,0.24133194086073675
syn_Ni_0012,0.2380701664248386,0.25360578395456396,0.209988887415491,0.24691544876251306,0.21596398185899038,0.2228643518548778,0.2544917413196405,0.24139844788024384,0.27591853630109836,0.23835489986344294,0.2663327177044375,0.2021395247719147,0.26669650761061175,0.27269365776246146,0.23388765816871926,0.1910213875550126,0.23977956313069845,0.1874556554954848,0.3278122791746834,0.2043140408767547,0.24416450166382558,0.18144440969341682,0.2262534618177118,0.1946932124515164,0.20311918257846914,0.20301675684226544,0.23565040113898542,0.2545251493006265,0.2011341664251337,0.2415751717815086,0.23346650171321237,0.25932638106418454,0.24709510809422316,0.26787355034209526,0.28327137905242294,0.2828450687209492,0.20899974554200682,0.2103288323373444,0.263342499062787,0.31780774047939486,0.26134211111659994,0.22371662825488314,0.2789866621353495,0.09816545783407761,0.22587632247311043,0.07991270724465134,0.08032654157933185,0.23418145257308925,0.27889840162286317,0.21163720968445235,0.2560308461031666,0.0,0.2732762247321488,0.2751362305460493,0.2383631276215977,0.26189162649437947,0.26527339156554475,0.08566645299917909,0.07301056632711253,0.31396384445024367,0.24893287654205287,0.07988776630396117,0.08141022347887815,0.09598829717695749,0.23573523100593538,0.08204175326297869,0.2545170156254166,0.26691534348084656,0.09533824281941777,0.24832814450381283,0.2687671139740893,0.26192698170792933,0.2743141922635127,0.21813708467054213,0.268155478959325,0.24611973689896088,0.1954930410768135,0.26313378762981526,0.2226886735001455,0.0735873427649783
syn_Ni_0013,0.2802913303076138,0.2240472951234216,0.2719363347886439,0.24940068670300794,0.23108257645726246,0.26647081269364536,0.24101620482719524,0.28511693553323153,0.23311869855891312,0.25100644556424706,0.23233558655365524,0.25467699456512977,0.2299590083896929,0.3608611558471294,0.23394500298713414,0.24486350156866618,0.26037357233776764,0.24849007122235275,0.31815662894818325,0.24672958546725837,0.22549009137101403,0.23968120530813494,0.24313288912162204,0.2544607245380008,0.25271046620695353,0.2535580471209619,0.24615857464805557,0.23277516170182397,0.258052886515702,0.2219301741109511,0.2337865225527282,0.22895194401489496,0.23136513284944174,0.238458480379166,0.250287840458295,0.24051161608694313,0.29610910978510246,0.2586811743656181,0.2438389437008346,0.3292288213077031,0.05795005385712433,0.23487833510160472,0.36935010806847174,0.27717035625129083,0.2526155410693014,0.26636991552654227,0.26108982214628457,0.26493020739747786,0.09118784208525685,0.35099875589726803,0.05261471639038312,0.2732762247321488,0.0,0.09470878075655625,0.2847578653246795,0.08507899405458809,0.09718708306619943,0.24162463522502572,0.2647062200749886,0.3383259591493868,0.06882394815666745,0.2545607838552636,0.26294427905145024,0.25834736756244214,0.2552942813936987,0.26675308577551854,0.3137363231721376,0.08491834331202784,0.2685070966151096,0.29643677636521326,0.06306546472788394,0.0679092203340838,0.3540653801135117,0.23266321539198426,0.07782109150688073,0.23801361589648076,0.33641531858343776,0.09265553112505842,0.25133188390162786,0.25693914522460154
syn_Ni_0014,0.27837095060182493,0.2288255205806043,0.2737090979763871,0.25072736004760265,0.21841097868059461,0.2742741623030414,0.24692451945988245,0.29720210929816887,0.224263416752897,0.2574701217515655,0.22532497630636192,0.2539463697111207,0.21487972366242739,0.38400927816228386,0.23138079851640495,0.25046901433806956,0.272960740493138,0.24624630192969188,0.3333927602108765,0.25487581772847806,0.22266154843141017,0.2549956770472575,0.25745481987937485,0.25833734986184276,0.25993808488655656,0.2540381743447002,0.2615316506045944,0.23757578425997095,0.25876586747016933,0.22888762178930522,0.2212834707346628,0.23404036659229638,0.23349078180906,0.2262525348087246,0.23010760549815992,0.22189168023139869,0.30630561144174917,0.2607224463625062,0.25015468678999964,0.34427795138705536,0.09614106664100365,0.26591170111783036,0.3897692705325281,0.2917893254967319,0.28348188573082783,0.27719114407911355,0.2696263948015864,0.2954028128077333,0.09900158599592031,0.37183250526516953,0.09297270490447944,0.2751362305460493,0.09470878075655625,0.0,0.3202361034101945,0.10997185064915202,0.10011379331172582,0.24334406013188273,0.27238144132733216,0.3365662941263916,0.09981949221594587,0.2639143446307575,0.27773456790735473,0.27349794727789517,0.2893257152511803,0.2792078627410051,0.3473814013658973,0.12560640218057323,0.2818527320205524,0.33110797331967756,0.10384433484894777,0.09568730199161915,0.37526706835907825,0.2635154020792038,0.10562388535656891,0.2626030849189408,0.3537279600292094,0.12306300533496772,0.2782516515082535,0.2660928899168298
syn_Ni_0015,0.24363747599618488,0.28508628381257733,0.23776087981455293,0.20056914044003815,0.24786410129768055,0.20898937361814995,0.28753366026798716,0.22499949751568996,0.31702385674927436,0.20294127950496957,0.30782463792411985,0.2400982199079243,0.30795350186488946,0.2558584017329232,0.21513619894444502,0.21967490340059645,0.1954239978021972,0.23373477336542045,0.24937146633520013,0.22871369854059917,0.28277456175426724,0.2279972965989782,0.1858398212461976,0.23040293040520105,0.2172793148660913,0.22939215164052143,0.19274530228974027,0.2957939920450769,0.2306612815289094,0.2696502908232021,0.2671509659149602,0.2843128196547203,0.291236425499129,0.31671605743679954,0.33106899838474446,0.315019534577943,0.2777600971536182,0.2412226494505932,0.26575904611822565,0.23915313541349775,0.276879545021996,0.110747314129478,0.27827048297320217,0.2061955363211237,0.10401071432289886,0.22551397328430564,0.22993129991145564,0.10404013857339871,0.3068441317091953,0.21625349412768435,0.271869808500137,0.2383631276215977,0.2847578653246795,0.3202361034101945,0.0,0.2627571326591163,0.2901898994440303,0.24124587403934256,0.21766760379445857,0.3095141868017834,0.26095728510023813,0.23655445512241471,0.2227852283075869,0.21645501296856443,0.10698589627224629,0.23548688726888123,0.08216923961273295,0.2575567745700664,0.21981144994396995,0.055737311956482904,0.2722119022555842,0.2855284182384369,0.2879548027907433,0.14198870869065452,0.27021387853200035,0.1371276530572034,0.2019094092171678,0.25513456152121416,0.11396361257122421,0.23198750297216902
syn_Ni_0016,0.2829345494010228,0.2292665835872225,0.27762121952707725,0.241118591322953,0.23442581456393644,0.2636794849390047,0.2393463825203172,0.28131047084120875,0.255972414870942,0.2438109052187887,0.2515469652491409,0.2628955796433643,0.24596846470648057,0.34413087185175245,0.2346411841238933,0.2477745348795931,0.24399923662942036,0.2538974112314961,0.29255090349632157,0.2520997283902179,0.22728387834993274,0.2472834014211793,0.22891475841671557,0.25615270233088544,0.2573226459324934,0.25745324516997614,0.23366263275603635,0.23983157933550792,0.26144358021813247,0.22039306844879894,0.2471068631420653,0.22912410225013718,0.23990034865108825,0.26356379841880073,0.2741795723522706,0.2590822365210731,0.3066536094423284,0.26665243028774577,0.2331121416224015,0.30526658433317627,0.08298112075995165,0.21926022326259298,0.35178543049983163,0.25125604038034566,0.22973371997372333,0.25256963235433605,0.25186586846164766,0.23990037677473894,0.13797314063589555,0.32615647832062267,0.083135644927393,0.26189162649437947,0.08507899405458809,0.10997185064915202,0.2627571326591163,0.0,0.12127652532373003,0.2547276572419645,0.24733606226304883,0.34520745926691243,0.07893602061899643,0.25252396990524756,0.25180456321804595,0.2360558559885874,0.23577151636905216,0.2558064259182137,0.288246489651447,0.07884591365366748,0.24744171386537867,0.27481221196420985,0.07377762138395358,0.0897110110025083,0.33487459780521983,0.21941466351263061,0.0739775029945698,0.22024734919575575,0.3083717015044105,0.08965332990864978,0.2227269219303086,0.25061843519289484
syn_Ni_0017,0.25454747319413396,0.21783186016255174,0.24568822884125052,0.23847644748503485,0.21173466072326266,0.24609903644381764,0.23317279447271896,0.27059291481951747,0.21048418639142433,0.2447650408351707,0.21502181219634156,0.22930410489076458,0.2018448591717674,0.36616088259781465,0.22187542481691339,0.22034159207471368,0.26482301223776655,0.2195211268317265,0.33094651860904506,0.22988822806767545,0.20942121253791696,0.23315401935677207,0.2430038729589184,0.23094855344990398,0.23366732065271492,0.22888130382135455,0.24488082613543397,0.22181483217991674,0.23420310847286419,0.2150628554555691,0.2114283394619245,0.22639548519582484,0.217348143652741,0.21575211557121768,0.21904324362155256,0.20915429051735573,0.2969372555018783,0.23583154585284444,0.24056645790015413,0.3307684031554246,0.09049981373426198,0.23792138699471002,0.3778789513559564,0.28077439112643854,0.25488619434028353,0.26786201638634166,0.26208031562868006,0.27280228489799097,0.08826880864224383,0.35113070201093965,0.09197098762942908,0.26527339156554475,0.09718708306619943,0.10011379331172582,0.2901898994440303,0.12127652532373003,0.0,0.232716519809891,0.2629954369119892,0.3226691539476338,0.11048387987858903,0.2500309591881092,0.26573534567763757,0.2578408950958358,0.2625209389875964,0.2667012873067886,0.3183257056069975,0.13414773920473566,0.2674993548455022,0.30385846494718627,0.11459054948554227,0.10440124670104259,0.3609211926103098,0.23984109516586097,0.11057688590004497,0.23972932654561366,0.3362584103668463,0.14426706255908797,0.25279767895877775,0.2535002576045475
syn_Ni_0018,0.21122920442119153,0.24059299941157108,0.1861687141338771,0.22662061612423198,0.1878516532148303,0.1969082146337594,0.2503166395069651,0.21866481452044123,0.24205237937879537,0.21724218972972087,0.24271913728421965,0.17534129748428393,0.23734163782620304,0.2878347698807819,0.21360468858514853,0.16663533626150634,0.21902652116468732,0.15983344031612878,0.3265592750819281,0.1789994456098311,0.2268780156242992,0.15818708531398043,0.2030397253846315,0.17568985784761862,0.1785570351632235,0.1785138978392954,0.21074912109388333,0.23902512099556292,0.17007539145519793,0.23226350741565752,0.20805949290896253,0.24614042327464253,0.23367618347485605,0.23670699460250802,0.25395195243584123,0.2514252221382546,0.20249860937748568,0.18394949685342082,0.25563425385818667,0.31569680497003344,0.2396623163177939,0.20732900510288446,0.2936674394434844,0.11967654071685721,0.22489963954715683,0.09552193394375909,0.09036467400362731,0.24066608812116502,0.24218620815739322,0.2395480575544029,0.23130853390021427,0.08566645299917909,0.24162463522502572,0.24334406013188273,0.24124587403934256,0.2547276572419645,0.232716519809891,0.0,0.09903478402009429,0.28815958642076644,0.23532324386741563,0.0815400896985701,0.10297648046680488,0.10729891162048365,0.23572278433427088,0.09662486634559074,0.2578110819947163,0.26069347994963016,0.11669519905596946,0.2496448178271824,0.24686203340885848,0.2354871666880744,0.2906249890896977,0.21642667447141714,0.2477662864819076,0.2329751641134674,0.22456029585435858,0.25693363778300793,0.21731843516284774,0.08372852077749598
syn_Ni_0019,0.2312140976739085,0.2452821202385914,0.20511998471593998,0.23979235232526447,0.22113326398067612,0.21263014210721373,0.24963303959461233,0.2318233840182342,0.26807618563351493,0.23292314592504035,0.2660193383774068,0.1970535065638641,0.25726851177276755,0.2463628408794004,0.23352437297236675,0.18572073297768418,0.23381446309294351,0.18406609272343002,0.3054820944368661,0.1975447848881618,0.2363701428979039,0.1734195471188267,0.21979989364521638,0.19682457545667303,0.19778293578251468,0.20306667158256667,0.2262288528472453,0.2470964255786732,0.19658228182470647,0.23159397777041363,0.24101026579434903,0.24744544430754767,0.24167467453497604,0.2650859823770181,0.2782613880063427,0.2754070949695898,0.19548450049080848,0.2073600249588318,0.2438061790934768,0.2975145346024741,0.25248554768073267,0.20800274987831607,0.25960753450408913,0.08391875594847185,0.21140990077399963,0.06246733895859134,0.06569718494317049,0.21691545764811324,0.27551396046627274,0.1933406450972924,0.2471964110571486,0.07301056632711253,0.2647062200749886,0.27238144132733216,0.21766760379445857,0.24733606226304883,0.2629954369119892,0.09903478402009429,0.0,0.3105122541741594,0.23474801245542726,0.07979198378396743,0.070797334883659,0.07259955051075659,0.2217572107063465,0.06595504678771413,0.23803576011789265,0.2487333169621391,0.07728879130913971,0.22623259134939638,0.25295407208634374,0.2574807384226319,0.2519091801823721,0.20957336469537186,0.25788307272199407,0.23485571670381958,0.17527101661784814,0.24499019282476675,0.2103360651127281,0.06978983272834077
syn_Ni_0020,0.23595809873972742,0.3676849802983863,0.2287489736366331,0.2769097202070305,0.26780966230183145,0.22774288820574048,0.3755179170546789,0.232536339035075,0.36168269672341824,0.28031668071770327,0.36164844085446207,0.23842066642948018,0.3535424829760323,0.2631994080278247,0.27539508907395394,0.2278538718023021,0.27970766999648233,0.23492276808945795,0.3718555780859562,0.23781829503064184,0.3660025339515389,0.23714012216827818,0.271137012559949,0.21920646035636585,0.22108579190298883,0.22778267163654645,0.2816705878220124,0.3684978362290016,0.2194781702186674,0.3560354032925881,0.28648897537455353,0.3580495769734979,0.36642692100029106,0.36585206805009995,0.36854038416812174,0.3555770676689147,0.21002040852613243,0.23278175041124446,0.3683094764403169,0.3763515852044703,0.3377777325865931,0.29522763938699137,0.1771579292048086,0.30717303497084586,0.3032087927500809,0.3026573859507948,0.30171836602585217,0.31391850441583635,0.3252500785048229,0.31936242257160924,0.3285499950010527,0.31396384445024367,0.3383259591493868,0.3365662941263916,0.3095141868017834,0.34520745926691243,0.3226691539476338,0.28815958642076644,0.3105122541741594,0.0,0.33813562456785057,0.29452091556235416,0.2924524965188376,0.29757408929839907,0.3065560141822211,0.2979645853636746,0.3323065545050385,0.3471689538702156,0.30268810748189773,0.32119766944591754,0.33915796267174175,0.3261962158918863,0.16483917849686897,0.31261658378028906,0.32804261597271356,0.30528106187813153,0.3048178579513131,0.3444645261059387,0.3038766532377018,0.29773004219492366
syn_Ni_0021,0.2893344575869314,0.2082369065550751,0.2814181672061797,0.24474330946665593,0.2269985616581514,0.27196795506059535,0.22217988950639714,0.28775380334618467,0.23344899216125886,0.24619600001615766,0.2290686818087653,0.2618847948492683,0.2262692405999476,0.3383048939957797,0.23446044996986787,0.2507268465109365,0.24910663396801558,0.2519687243217117,0.2935143590890346,0.25904219052881367,0.2074258821402109,0.24663356711468543,0.23681695261200114,0.2625390679688842,0.25850798370108335,0.2618520963970355,0.240110462887914,0.21687453113194938,0.26297482090167235,0.20152652045630065,0.2357981488471984,0.21035734980352894,0.21592868699128775,0.23745110114305676,0.24972978676607963,0.23878793301131385,0.29152209010582986,0.26825439571314463,0.22064869615835367,0.3012337684072169,0.06747830471193283,0.22303341433233706,0.35211578675168675,0.25061490255684954,0.22986561166347572,0.23680890624418,0.2350690515646938,0.239434668284516,0.11182736402667269,0.3276933025675884,0.06307306361319388,0.24893287654205287,0.06882394815666745,0.09981949221594587,0.26095728510023813,0.07893602061899643,0.11048387987858903,0.23532324386741563,0.23474801245542726,0.33813562456785057,0.0,0.23517321975929517,0.24220125656149158,0.2312928891052357,0.23524649468628975,0.23964958578221204,0.28896018114280625,0.0753526073209543,0.2420589830378585,0.2742624707046728,0.06737745817543199,0.08288507593070825,0.3342407764169712,0.21268312276827178,0.07885078925665681,0.22179203506077025,0.31144281122106054,0.0792762440300296,0.2303866982290118,0.2348214463826485
syn_Ni_0022,0.2182081437944917,0.2546070322013003,0.19367969018687523,0.22470960077471178,0.2054881450780995,0.20075764496928594,0.26607734939381644,0.22246868087585495,0.26829541195307666,0.22230644070060343,0.2685825916746443,0.1818440506667798,0.2626307016897109,0.2693409204814314,0.22051014147601253,0.1656479698858749,0.2196097349987676,0.17344403823433321,0.33422967215421345,0.1810205118095587,0.24773855524678748,0.15758189443064138,0.21189462554785363,0.17792490047518603,0.18138366728442407,0.18678472343039204,0.21809187005894248,0.25533844010980533,0.17778294414800375,0.24811462847671045,0.22581726108802633,0.26015022238181096,0.2534408688634167,0.26725217947511065,0.2840686312851835,0.27791912077189385,0.19973744388767736,0.19250030565903364,0.2695597401347952,0.3241079924034765,0.24603575515576942,0.20727975647594657,0.2800941001637057,0.10127344142787513,0.22231652702474375,0.08217431238167294,0.07665039569970095,0.23350253994708667,0.2661935641180447,0.22266001136604852,0.2385403976388256,0.07988776630396117,0.2545607838552636,0.2639143446307575,0.23655445512241471,0.25252396990524756,0.2500309591881092,0.0815400896985701,0.07979198378396743,0.29452091556235416,0.23517321975929517,0.0,0.08270058511802526,0.0864507394749427,0.23206774636739,0.08014259585883277,0.25153964085932656,0.26216192952630285,0.09708587569315189,0.24678841284580874,0.24958109491677213,0.24781138685840953,0.2686269339418772,0.21008052233588956,0.2516435000280076,0.23041608082096213,0.20873084511205145,0.255829125834237,0.2123096314066203,0.06823470660912133
syn_Ni_0023,0.213736748980953,0.24988070246285193,0.19525132742707813,0.23121291577031905,0.2044363057722221,0.19927526352502473,0.2543342422471498,0.22146773327794486,0.2765306913236951,0.22522942692974451,0.26949511668095444,0.18327739677211383,0.2691417475639393,0.24356868764670034,0.22340011998500447,0.16548019977195177,0.2236206195551951,0.17027891882489413,0.3180995734258884,0.18371961511700358,0.2468797248092658,0.15253651401134793,0.21272686066059246,0.18059361089811585,0.17760922018884384,0.18320400934454975,0.2210872893229783,0.2528516321293306,0.17742395920845525,0.2386121827067087,0.2286907698863259,0.25457302083013444,0.25627046576367885,0.2761114883692802,0.28973323546795565,0.2832031316834829,0.18724175886540068,0.19219975478293497,0.25990441127635716,0.3081752646598661,0.25369651596802234,0.20517140567833023,0.255163604597742,0.08487776428431143,0.21106880895767025,0.07060602474054067,0.07850610798226965,0.22553728940197554,0.27616645204340856,0.1930308359219963,0.2506640943256175,0.08141022347887815,0.26294427905145024,0.27773456790735473,0.2227852283075869,0.25180456321804595,0.26573534567763757,0.10297648046680488,0.070797334883659,0.2924524965188376,0.24220125656149158,0.08270058511802526,0.0,0.07521548146020066,0.22231943873402937,0.07001989612498843,0.24298047064925057,0.2525486015976911,0.07981715938300037,0.23717518734694687,0.2573930679466368,0.25373757643753725,0.245695661967009,0.20945666205886412,0.2571498287323603,0.2326472625489146,0.1793964467950401,0.2542026651561522,0.20945704387716,0.06746912440862232
syn_Ni_0024,0.21519093739181958,0.24663351022775679,0.196401800832101,0.22542456387982016,0.21755540672847348,0.20133618056667552,0.2532745079448941,0.21797107081262712,0.26886667504721656,0.22416542300420303,0.2690388218978569,0.1824109265104754,0.2620581950957117,0.25419440860924103,0.22236017939340572,0.16719748617669722,0.2189175570667166,0.17325616737795713,0.29734521519769624,0.18358686203977959,0.24472143173552782,0.15867783474214334,0.20433887516090027,0.18520493880454697,0.18367333083203993,0.1903550675584022,0.2137784831462635,0.24565542841042642,0.18163482446502946,0.2326074852541076,0.23340788323323364,0.247951640271797,0.248919769193565,0.27194129333400796,0.28495108179088247,0.2751531914554055,0.2014636607605467,0.1922707984190249,0.24242901035293343,0.2895065407618292,0.24413872015181257,0.20046949987411614,0.2661644671795202,0.08076244329751124,0.20584900439077114,0.07216311113013564,0.07496951005914153,0.2246064084679119,0.26978427940031496,0.187873337623776,0.24131475451630455,0.09598829717695749,0.25834736756244214,0.27349794727789517,0.21645501296856443,0.2360558559885874,0.2578408950958358,0.10729891162048365,0.07259955051075659,0.29757408929839907,0.2312928891052357,0.0864507394749427,0.07521548146020066,0.0,0.21965070685574525,0.07581432752792551,0.23527048532681497,0.23965021666444564,0.07479538814499713,0.23010508445795672,0.24338504487923246,0.2514863238198522,0.2550756252414478,0.20810931740995228,0.2461070251383113,0.22456248937267928,0.17331752873101836,0.2403343942769776,0.2033362297500107,0.07299187079079476
syn_Ni_0025,0.22802010259741815,0.2725625745438966,0.22115907459746875,0.1565654896884067,0.2078138924399649,0.19063236450367765,0.28107155532066674,0.2016497168362231,0.30788069774102134,0.16132441337977305,0.2944452404907811,0.2264992973764676,0.2925398452039032,0.2923159996095182,0.17537926231534273,0.2066208165771599,0.16190910659887908,0.22100074577076084,0.2843419053673249,0.21491241327011504,0.27235379975192775,0.21323467047054015,0.1685771202401748,0.2112858618249098,0.20260827441950918,0.21219262044433942,0.15642464684401516,0.28254535997066016,0.21970384526032008,0.26164258607713553,0.21563176590038483,0.27642154207786235,0.2779775646301858,0.3047042693552756,0.32150738871543116,0.30370869414769824,0.27197756557991226,0.23028643986955596,0.2682313557373904,0.27156431339716297,0.24888561074727808,0.07177466250615713,0.30172998158163367,0.2205618373139774,0.07788202818394137,0.22799593037288512,0.2321510712077728,0.09528121900798112,0.2805107347650551,0.24943658278554443,0.248183702827253,0.23573523100593538,0.2552942813936987,0.2893257152511803,0.10698589627224629,0.23577151636905216,0.2625209389875964,0.23572278433427088,0.2217572107063465,0.3065560141822211,0.23524649468628975,0.23206774636739,0.22231943873402937,0.21965070685574525,0.0,0.23173339223191644,0.14970069605075798,0.2361247804356132,0.22025479610418333,0.11890923477920651,0.24509111960558005,0.2589497636052218,0.288069126499301,0.10030128404521842,0.2450725089150218,0.08051898589405938,0.23073628489128403,0.23661991898781684,0.06307203892630033,0.23038835089023987
syn_Ni_0026,0.2253943916374755,0.2587708872817879,0.20311108560976898,0.23993721368356494,0.22053446252644704,0.21052187650047455,0.2666924771736964,0.23129405703049086,0.2782359442719593,0.23738809936831018,0.27950843916073576,0.19124220240474007,0.2728124936865295,0.24556756472116695,0.23492014500245517,0.17662662340307303,0.23314556920703397,0.18349856565828393,0.3237819157131304,0.1950425933812097,0.2518344608598101,0.1613310148573253,0.22237880100159213,0.18820931145315103,0.19150211402732034,0.2007641253661778,0.229643942995783,0.2612350479109101,0.19217002351742746,0.24586553987776924,0.23779266877867544,0.2599643507719002,0.25435864141360154,0.27697917266763844,0.29026745279010174,0.285129448927148,0.1895538713261662,0.20145013180436558,0.2595106201534502,0.31300916587223765,0.25645531843526637,0.2140648556034487,0.2503264042635589,0.08176246803053301,0.22121816420029897,0.07127939119196741,0.06451945042764169,0.2364470313910413,0.27823051552098854,0.20608481381835048,0.2502762542075987,0.08204175326297869,0.26675308577551854,0.2792078627410051,0.23548688726888123,0.2558064259182137,0.2667012873067886,0.09662486634559074,0.06595504678771413,0.2979645853636746,0.23964958578221204,0.08014259585883277,0.07001989612498843,0.07581432752792551,0.23173339223191644,0.0,0.25110879093327104,0.25755033777190406,0.07792401146672678,0.2450500651762729,0.25872754828519745,0.2643918819034821,0.24569753385424944,0.2155873998373956,0.2628412839742714,0.2423408578569366,0.18906728690127544,0.25513228297353263,0.21765538770447443,0.07198811559122598
syn_Ni_0027,0.2738174432866324,0.30981794076091934,0.26018638252251824,0.24292016717166912,0.27442809094857695,0.2420280146139488,0.31510403994062747,0.24838970305268526,0.3447188490893091,0.2411348215515248,0.3358897746485705,0.2705250737195166,0.3354535337188682,0.26449975912710083,0.2520794978151498,0.2471473325719099,0.2296590156261994,0.25593319937420556,0.2440086004867459,0.2545410797796447,0.30996863177575845,0.24524089062397147,0.2249013360169933,0.25153022780482537,0.23754583656092718,0.24949795702020314,0.22859552950583648,0.32159239241953613,0.2483801479900947,0.29554894995920483,0.2936431156031055,0.3109915640439458,0.3177096679807035,0.34289015901760533,0.35700919702463496,0.34270501875791215,0.2965609885413009,0.2670128789935664,0.29234858382163803,0.236098143655516,0.30639456223916156,0.1587999461698845,0.28749085357118603,0.22422593940216937,0.14831797533096439,0.2428082594276577,0.2500396645364378,0.135678241061061,0.33352164087800573,0.2009605745538189,0.3034932774108141,0.2545170156254166,0.3137363231721376,0.3473814013658973,0.08216923961273295,0.288246489651447,0.3183257056069975,0.2578110819947163,0.23803576011789265,0.3323065545050385,0.28896018114280625,0.25153964085932656,0.24298047064925057,0.23527048532681497,0.14970069605075798,0.25110879093327104,0.0,0.2795426871318468,0.2384191757849558,0.07059393340010858,0.3005657900119358,0.3133964545574247,0.2973490502801524,0.17253142932028762,0.30057076690287504,0.18114351908339146,0.19716199834657672,0.2771319350399535,0.15387999644378048,0.2508091318093414
syn_Ni_0028,0.2960788567755779,0.23054194542754258,0.2883442191453683,0.2555111681730705,0.24417355981202288,0.27959060551286347,0.2381807758110839,0.2914136294180373,0.25906324321920854,0.25985900358638103,0.25627132445355366,0.27432791798077893,0.25267851406461694,0.3321717374214586,0.25097666950198855,0.2588337778293375,0.2610206017245608,0.26618847018817704,0.29177894026991447,0.26609726995014293,0.23310577124396328,0.2551485169809988,0.25036812881257314,0.27107437207862084,0.2660446407217919,0.2688863645750394,0.2550740497245895,0.2416143488978792,0.2719557336210805,0.22178308515806067,0.2589824812966687,0.23071313142508096,0.24238742902508778,0.26459430247214566,0.27735641942984096,0.26164496604645754,0.3001635457158399,0.277077952259323,0.22914766827659105,0.3007026452250053,0.07869756522819937,0.2279463075061579,0.3409524711548635,0.25337388351298534,0.22532548501210073,0.25195046960030487,0.2528540367607633,0.2381756964323496,0.1209596455651496,0.3228171328694241,0.08517147568857845,0.26691534348084656,0.08491834331202784,0.12560640218057323,0.2575567745700664,0.07884591365366748,0.13414773920473566,0.26069347994963016,0.2487333169621391,0.3471689538702156,0.0753526073209543,0.26216192952630285,0.2525486015976911,0.23965021666444564,0.2361247804356132,0.25755033777190406,0.2795426871318468,0.0,0.25111480626643695,0.2692421381901006,0.07947752451662402,0.08744222473960936,0.3300999326833171,0.22022486706378994,0.07915471797767645,0.23168687551271033,0.30745778997188455,0.06690974584301607,0.23258098181931233,0.2565269674609401
syn_Ni_0029,0.21712117166262826,0.25667952592791393,0.18984641809415667,0.22119047667683456,0.21455177523091723,0.199523381198316,0.26530670774607057,0.21199786001008308,0.2777690469925758,0.2145308087560232,0.27952090371138744,0.18794555652704373,0.26999900730101967,0.24593664541838162,0.21759900506343957,0.16724926906426146,0.21160739198336326,0.175586437120378,0.306474253784587,0.1886067112636594,0.2563160493169733,0.16238184798145433,0.2004549936217728,0.18086629355744446,0.18756667038020491,0.18769884808336135,0.20757102445354683,0.2577956390022007,0.18121103312528553,0.24295351740050652,0.23446086795626608,0.2571091935550825,0.2590926782494988,0.28092077655011416,0.29714938119154843,0.28122310001233075,0.18991887331743873,0.19835501375244852,0.2522614747306755,0.2968812093290686,0.2550268467469967,0.19930795297427317,0.25658220835769835,0.07726978012789253,0.20494313699606198,0.08740090481631002,0.07971525577233274,0.22296902937234617,0.28378673900633733,0.19246183598162983,0.25089842718437044,0.09533824281941777,0.2685070966151096,0.2818527320205524,0.21981144994396995,0.24744171386537867,0.2674993548455022,0.11669519905596946,0.07728879130913971,0.30268810748189773,0.2420589830378585,0.09708587569315189,0.07981715938300037,0.07479538814499713,0.22025479610418333,0.07792401146672678,0.2384191757849558,0.25111480626643695,0.0,0.22858326942862622,0.2525726949455788,0.2614229804982067,0.24242089672824932,0.20631323171420687,0.2550841974822233,0.22477882160111837,0.16600153930769737,0.24844468405873515,0.202354234548635,0.08989966074369392
syn_Ni_0030,0.2558698706960945,0.2962515733070068,0.24757804348638907,0.21331390457449817,0.2552748863962576,0.2184046265616625,0.29826627837115893,0.22967374703791676,0.3304128138497086,0.2109396854121078,0.32134993095405906,0.2564225356338825,0.319830169899521,0.2615843413873683,0.22237470156637595,0.23162010446404205,0.20044999111909986,0.24599324674469863,0.24856586177291748,0.23924267200172755,0.2957373774229398,0.2371732658653109,0.19359650160788924,0.24171638441943938,0.22897747462141568,0.24118683811738395,0.20093681948517927,0.3090128833867472,0.23862351130384096,0.28222475403957503,0.2684926463581795,0.2985953911096667,0.3042319083064821,0.3283367133607519,0.3437657523878695,0.32627813769822067,0.2881587131941821,0.25736774274772745,0.27838243602913326,0.2386410150946979,0.28989484725462783,0.13059149954664356,0.2843163360443844,0.21571454057464204,0.11529845127484252,0.2332074897795427,0.2411249285449766,0.11096867527562011,0.31969843274757526,0.20826124632594564,0.28713645305256447,0.24832814450381283,0.29643677636521326,0.33110797331967756,0.055737311956482904,0.27481221196420985,0.30385846494718627,0.2496448178271824,0.22623259134939638,0.32119766944591754,0.2742624707046728,0.24678841284580874,0.23717518734694687,0.23010508445795672,0.11890923477920651,0.2450500651762729,0.07059393340010858,0.2692421381901006,0.22858326942862622,0.0,0.28427820640492235,0.2964087770015983,0.2901480162078771,0.15077122042676716,0.28275035484913186,0.14749308525759022,0.1943757360627891,0.26503917763930446,0.12297247059457382,0.2455464264193574
syn_Ni_0031,0.2769282913387344,0.23196036301919778,0.26684131174527226,0.24249743736592777,0.2283166233792526,0.2636983709029755,0.24827929899720405,0.2814741314087313,0.25255295488552626,0.24523890850825564,0.2506444041291042,0.25422469430129835,0.24047601024831322,0.35280448573999024,0.22812492847143112,0.2395015266930633,0.2515288475854584,0.24380384117482445,0.30800860795701657,0.24791979803464287,0.23593692064307187,0.24220367369357645,0.23477299190564893,0.2515651103315755,0.2505245064164129,0.24968722618422182,0.24068527629906003,0.24001557690028252,0.25545352499135726,0.22610383163086897,0.2343859478947802,0.23658218928394867,0.24106455310186933,0.2563326383097454,0.2698657109267888,0.2548759501131452,0.29903505688465304,0.25734090108206037,0.24603125085863814,0.31796821055774693,0.0736325223146017,0.2250449223722428,0.3632243628385762,0.2643777000689098,0.24155370882399352,0.25737112331183065,0.2533657487674168,0.2526688620906551,0.10719715805128203,0.341223771145816,0.06753685930009218,0.2687671139740893,0.06306546472788394,0.10384433484894777,0.2722119022555842,0.07377762138395358,0.11459054948554227,0.24686203340885848,0.25295407208634374,0.33915796267174175,0.06737745817543199,0.24958109491677213,0.2573930679466368,0.24338504487923246,0.24509111960558005,0.25872754828519745,0.3005657900119358,0.07947752451662402,0.2525726949455788,0.28427820640492235,0.0,0.0754181032492094,0.34675522836866635,0.22009754754375016,0.06460533644418333,0.22792223894301988,0.32486295226661327,0.08412103431110333,0.24064187833175718,0.2502185605188311
syn_Ni_0032,0.27610829361074835,0.216320532842767,0.26771058887006816,0.24358321667372257,0.2158863727738868,0.26498579140843637,0.23384291665994544,0.28354358638345795,0.23256860110986677,0.2463541320237017,0.22465603707083673,0.2519155027661778,0.22244424912228614,0.3518363785036566,0.23164075784121305,0.24301990640204982,0.2544040279769244,0.24340033739719813,0.3098991116055968,0.24972558944422876,0.22219226952109544,0.24336448810028516,0.24058360302469436,0.2502746443356533,0.25265426991267487,0.24873672744757222,0.24587501078284582,0.22577042147410525,0.2515932448864249,0.2135070202469609,0.22868364294359148,0.22354347434837404,0.22611820376750394,0.23633190027727097,0.24971921036362618,0.2342451611367194,0.28340419820631624,0.2588175753489254,0.23956502670755345,0.32158786037528436,0.07310433755456922,0.2342574407834008,0.35740829942449437,0.26773854875157554,0.2551622080531634,0.2580703877941811,0.25916689835753015,0.26163559055491387,0.0950109330879931,0.34098413896724933,0.06688153680197081,0.26192698170792933,0.0679092203340838,0.09568730199161915,0.2855284182384369,0.0897110110025083,0.10440124670104259,0.2354871666880744,0.2574807384226319,0.3261962158918863,0.08288507593070825,0.24781138685840953,0.25373757643753725,0.2514863238198522,0.2589497636052218,0.2643918819034821,0.3133964545574247,0.08744222473960936,0.2614229804982067,0.2964087770015983,0.0754181032492094,0.0,0.3431759383367145,0.2348157804789768,0.0734580292632669,0.23679451623734965,0.32539221448518507,0.09191375687177714,0.24994249443051758,0.24881354870737854
syn_Ni_0033,0.2864119267125853,0.366595699021161,0.27131869880037024,0.30750318314994646,0.3154165294827911,0.27024279863058215,0.3670689637069636,0.2528244616070252,0.38859406754823306,0.30238460531160144,0.38909819524607203,0.2840596034133961,0.38459800393072224,0.16011777280878492,0.32007725536241427,0.26615958581015026,0.2939352894461795,0.2753809932703323,0.35572679237431093,0.2826526997462898,0.3684497258566478,0.2562583049713103,0.28803932118829506,0.26020189462707205,0.2631887062243499,0.2744502238226332,0.30386531436654574,0.3740943836990309,0.2626347012922961,0.35148717768665544,0.3344023106493913,0.3548458552514981,0.3710429039580084,0.39252212249520974,0.4036242578201491,0.39151902068408634,0.16882738079175738,0.2819561879454547,0.3518337921567374,0.359846802010447,0.34503775972578987,0.2891346995896823,0.09833590634574273,0.24428985545349408,0.2840925195844719,0.25904728181779174,0.2656347762669052,0.28825537574471366,0.3701500662510562,0.2640286409018621,0.3444435376663719,0.2743141922635127,0.3540653801135117,0.37526706835907825,0.2879548027907433,0.33487459780521983,0.3609211926103098,0.2906249890896977,0.2519091801823721,0.16483917849686897,0.3342407764169712,0.2686269339418772,0.245695661967009,0.2550756252414478,0.288069126499301,0.24569753385424944,0.2973490502801524,0.3300999326833171,0.24242089672824932,0.2901480162078771,0.34675522836866635,0.3431759383367145,0.0,0.3061673712986626,0.33660082843730066,0.30604913501421566,0.23577517722793306,0.32781180959032596,0.287105661905438,0.26354205539333153
syn_Ni_0034,0.22621248859090196,0.25335253291771653,0.2155518102624637,0.15577541452471774,0.17466523300995124,0.20233155075900336,0.2619073134904248,0.22735364520349538,0.2881331618444092,0.14987745965476523,0.27351397286582285,0.21952689776369716,0.27021601016832203,0.3065013769838482,0.15348504462377516,0.19329465271453994,0.1624310969209274,0.20253564616956088,0.30610475216630334,0.20669083822286782,0.2525649412033083,0.19896802809095618,0.17254037728820995,0.20367228329400708,0.19934112305441576,0.2048119835138605,0.1495996444383729,0.2596876897041495,0.21044702252890124,0.24572652965839525,0.17609007834041285,0.2618177664065789,0.2574980786655517,0.28208567755724534,0.300554466809364,0.28153496211970347,0.2712073691011055,0.22102680555820384,0.2586783041317523,0.29447051471276453,0.2273919145995741,0.10149259723751776,0.3153538412117196,0.20953759568526356,0.12283064931522067,0.21459887012203463,0.21292610073598564,0.11271800681523522,0.25546811754046816,0.2866908776276192,0.22593537238793204,0.21813708467054213,0.23266321539198426,0.2635154020792038,0.14198870869065452,0.21941466351263061,0.23984109516586097,0.21642667447141714,0.20957336469537186,0.31261658378028906,0.21268312276827178,0.21008052233588956,0.20945666205886412,0.20810931740995228,0.10030128404521842,0.2155873998373956,0.17253142932028762,0.22022486706378994,0.20631323171420687,0.15077122042676716,0.22009754754375016,0.2348157804789768,0.3061673712986626,0.0,0.22331517142482202,0.11024805951249494,0.26977279469512233,0.22205358608426462,0.10418209458033056,0.21411985041704623
syn_Ni_0035,0.27552421284839335,0.23364977033120346,0.268110104701822,0.2395222175388481,0.23103287015841686,0.2593046360228241,0.24558742391460936,0.2749383214566751,0.2551419043716735,0.2434266370398712,0.2488133548261358,0.2533894901428001,0.24635628081263758,0.3467124515162636,0.23011954582366537,0.2387195462012867,0.2443862874797813,0.24407604602470576,0.29884983266963683,0.24813756128567055,0.2355959077601606,0.2384523241881436,0.23220705685996904,0.2487753647234019,0.24456920794719533,0.2493572383337071,0.23691375843389684,0.24120538604010902,0.2498694240269122,0.22438294102229275,0.24093632222162084,0.2331320211413205,0.24348500682266846,0.2607746065422522,0.27092147464281413,0.2531990179972854,0.29401027508177413,0.25828636720889697,0.24393914774943967,0.3065593163335288,0.06816552301562305,0.21834944979167914,0.3509952443434523,0.2627384523680178,0.2379522428218545,0.25723602904570825,0.25763727293133104,0.2477780440509464,0.11340691069180624,0.33426572067926813,0.0722019832242146,0.268155478959325,0.07782109150688073,0.10562388535656891,0.27021387853200035,0.0739775029945698,0.11057688590004497,0.2477662864819076,0.25788307272199407,0.32804261597271356,0.07885078925665681,0.2516435000280076,0.2571498287323603,0.2461070251383113,0.2450725089150218,0.2628412839742714,0.30057076690287504,0.07915471797767645,0.2550841974822233,0.28275035484913186,0.06460533644418333,0.0734580292632669,0.33660082843730066,0.22331517142482202,0.0,0.22176269370388396,0.31731447170146454,0.09404030973900805,0.23563959301273202,0.2530471545726721
syn_Ni_0036,0.22954228040050786,0.2642795425305505,0.22436287746502975,0.1340465449827572,0.1853560795338931,0.18973261483194512,0.27654234389283183,0.2113951520915563,0.2986701534402851,0.14205447485253803,0.28298116411604807,0.225814291700075,0.2806773209841392,0.30772953247093304,0.1530821247480233,0.20338889800340554,0.15094253388186088,0.2161218990161681,0.2875199323258158,0.21078741195917317,0.26938719954321744,0.21066810660086355,0.14728928687288648,0.21050739964794266,0.20202030311138133,0.21192979406639853,0.13642947307755407,0.27288372355920565,0.21466005541241467,0.25806714952006615,0.1924992171586483,0.2723500667356168,0.27350357561301636,0.2927845191521073,0.31220915911102776,0.28870119368068703,0.2743392084373971,0.22680683028324056,0.2652541543651714,0.27491952391028746,0.22832428058341764,0.07907185856033473,0.31751180413679253,0.22807695649948323,0.10518959314649684,0.23576150388871092,0.23607812225732244,0.11582284188198698,0.2659900688130504,0.2737965865886347,0.226447823855498,0.24611973689896088,0.23801361589648076,0.2626030849189408,0.1371276530572034,0.22024734919575575,0.23972932654561366,0.2329751641134674,0.23485571670381958,0.30528106187813153,0.22179203506077025,0.23041608082096213,0.2326472625489146,0.22456248937267928,0.08051898589405938,0.2423408578569366,0.18114351908339146,0.23168687551271033,0.22477882160111837,0.14749308525759022,0.22792223894301988,0.23679451623734965,0.30604913501421566,0.11024805951249494,0.22176269370388396,0.0,0.25428604494650164,0.23140345533516887,0.07640002374453483,0.2337225133423321
syn_Ni_0037,0.27986231702018194,0.31012749347672935,0.25929622085921367,0.27568782989878793,0.28848673880212944,0.2425433685947739,0.3090048164598185,0.22361635259956078,0.3414318344570889,0.2765287335276655,0.3347958754995192,0.2692125994006194,0.3348822455615531,0.2239189156207616,0.28479721046459583,0.24704772565668479,0.25703116229611767,0.2625787926054674,0.2396042620601032,0.2593416313706715,0.31043495974676844,0.24587150998430804,0.24306696104132852,0.23983517977107102,0.2414593679741544,0.2544975313308969,0.264082564577777,0.31650289329291653,0.2430925127452156,0.29179138467095483,0.30140286492693535,0.3062227378120729,0.3145107480367711,0.3421758230657886,0.3554285432221763,0.34110830307293727,0.25296848212424977,0.26953247089380666,0.28867335856723897,0.23939982762178233,0.32076569293950297,0.2453983944582796,0.2294072620603785,0.15440367601238905,0.22534492168418005,0.1802820689222096,0.20126094557257496,0.21498224888998133,0.35175387552139425,0.0781211185967799,0.3207181283690845,0.1954930410768135,0.33641531858343776,0.3537279600292094,0.2019094092171678,0.3083717015044105,0.3362584103668463,0.22456029585435858,0.17527101661784814,0.3048178579513131,0.31144281122106054,0.20873084511205145,0.1793964467950401,0.17331752873101836,0.23073628489128403,0.18906728690127544,0.19716199834657672,0.30745778997188455,0.16600153930769737,0.1943757360627891,0.32486295226661327,0.32539221448518507,0.23577517722793306,0.26977279469512233,0.31731447170146454,0.25428604494650164,0.0,0.3053892650058559,0.22989926611137307,0.1947618177917856
syn_Ni_0038,0.3066563997322242,0.21611856002453297,0.297408010614082,0.25221954936159735,0.2442670663681844,0.28630463304935116,0.22657656824089725,0.3010581947449403,0.2493616225889754,0.25241885039858436,0.24760889987263138,0.2847430758835623,0.24421946581109358,0.34067003269607,0.24429935866165506,0.26765910083584055,0.2578062986427502,0.2777214650990764,0.28497829654170487,0.28021161260390004,0.22605896270534895,0.2668903068870626,0.24254057633338555,0.2775235418662634,0.27604226345585514,0.28021246998534816,0.2400517396651771,0.23160411233084555,0.27990234457469376,0.21482401587513783,0.25490994361524977,0.22025720559505307,0.23268585854756277,0.25381123402523154,0.2667369502018748,0.2501666390068825,0.3083264991031436,0.289579182481992,0.21745139766344085,0.29226964506852887,0.09473434909694506,0.23046878233020582,0.34227002450839605,0.2465794968048337,0.22799050448347855,0.2516758121788665,0.25121501141908,0.2355343938328065,0.12507712151819686,0.3227737833898737,0.09135034320833699,0.26313378762981526,0.09265553112505842,0.12306300533496772,0.25513456152121416,0.08965332990864978,0.14426706255908797,0.25693363778300793,0.24499019282476675,0.3444645261059387,0.0792762440300296,0.255829125834237,0.2542026651561522,0.2403343942769776,0.23661991898781684,0.25513228297353263,0.2771319350399535,0.06690974584301607,0.24844468405873515,0.26503917763930446,0.08412103431110333,0.09191375687177714,0.32781180959032596,0.22205358608426462,0.09404030973900805,0.23140345533516887,0.3053892650058559,0.0,0.2308911352641519,0.2544811083630418
syn_Ni_0039,0.2199848517838932,0.25805216648092616,0.21388776732369438,0.15043907739529055,0.18932533728116993,0.1798810443945082,0.2665365105958106,0.20274120867705492,0.2952645780282666,0.14940039004840483,0.2838422203179511,0.21738306279399222,0.27907806042221106,0.28757871703329757,0.16168617542568317,0.19681348072777038,0.15184726220194783,0.2112117895313092,0.27900565155914475,0.20316848566173853,0.2603485860057577,0.2034024742533732,0.15236953115840965,0.2025483069947454,0.19559695099078273,0.20254043948123662,0.1405450779873846,0.2695662522309629,0.20913978359054244,0.24754908462845937,0.20222230931920512,0.26316836017783374,0.26863718737473585,0.290941235235593,0.3088630989099352,0.2883975790056676,0.26679147337192327,0.22177271578183833,0.25570952159193494,0.2660609737684371,0.24152330126904067,0.06668996304922929,0.2972830964082354,0.20528157077796005,0.08038693679611658,0.2154669390139848,0.21902189254812335,0.09465496749455629,0.27697124378996335,0.24739537410860024,0.2401246174567519,0.2226886735001455,0.25133188390162786,0.2782516515082535,0.11396361257122421,0.2227269219303086,0.25279767895877775,0.21731843516284774,0.2103360651127281,0.3038766532377018,0.2303866982290118,0.2123096314066203,0.20945704387716,0.2033362297500107,0.06307203892630033,0.21765538770447443,0.15387999644378048,0.23258098181931233,0.202354234548635,0.12297247059457382,0.24064187833175718,0.24994249443051758,0.287105661905438,0.10418209458033056,0.23563959301273202,0.07640002374453483,0.22989926611137307,0.2308911352641519,0.0,0.21770348491831332
syn_Ni_0040,0.219644266221745,0.24748722138299228,0.19470032665080084,0.23162796910369743,0.20659399515368176,0.20342853036832365,0.2548023221828126,0.22428600029262466,0.2655262345930024,0.22892809969674388,0.2647443242995835,0.18272672011681482,0.2605098651233458,0.26173980152029475,0.22344169890779936,0.16912821636233477,0.22839534063645336,0.1707387536287867,0.3236400101571863,0.18880600481011367,0.24038553854126296,0.16021240482693885,0.21514098509497584,0.18107130292150067,0.18452137683446382,0.19000249716233705,0.22532412204687932,0.2484374847338544,0.184066935894981,0.2358792579489747,0.22736292551078371,0.25155249539733887,0.24444002814096538,0.26398073178453896,0.27681445738664134,0.27482807320285596,0.19591185832073327,0.1923534249990005,0.25801049505174334,0.3129686870677692,0.24603639956727,0.21034538826400256,0.27043117201390965,0.09819286243058321,0.2166359208173309,0.06623356113016145,0.07122018635251731,0.23608632960217388,0.2668644005593658,0.21235311732414494,0.24133194086073675,0.0735873427649783,0.25693914522460154,0.2660928899168298,0.23198750297216902,0.25061843519289484,0.2535002576045475,0.08372852077749598,0.06978983272834077,0.29773004219492366,0.2348214463826485,0.06823470660912133,0.06746912440862232,0.07299187079079476,0.23038835089023987,0.07198811559122598,0.2508091318093414,0.2565269674609401,0.08989966074369392,0.2455464264193574,0.2502185605188311,0.24881354870737854,0.26354205539333153,0.21411985041704623,0.2530471545726721,0.2337225133423321,0.1947618177917856,0.2544811083630418,0.21770348491831332,0.0
