,syn_Cd_0001,syn_Cd_0002,syn_Cd_0003,syn_Cd_0004,syn_Cd_0005,syn_Cd_0006,syn_Cd_0007,syn_Cd_0008,syn_Cd_0009,syn_Cd_0010,syn_Cd_0011,syn_Cd_0012,syn_Cd_0013,syn_Cd_0014,syn_Cd_0015,syn_Cd_0016,syn_Cd_0017,syn_Cd_0018,syn_Cd_0019,syn_Cd_0020,syn_Cd_0021,syn_Cd_0022,syn_Cd_0023,syn_Cd_0024,syn_Cd_0025,syn_Cd_0026,syn_Cd_0027,syn_Cd_0028,syn_Cd_0029,syn_Cd_0030,syn_Cd_0031,syn_Cd_0032,syn_Cd_0033,syn_Cd_0034,syn_Cd_0035,syn_Cd_0036,syn_Cd_0037,syn_Cd_0038,syn_Cd_0039,syn_Cd_0040,syn_Ni_0001,syn_Ni_0002,syn_Ni_0003,syn_Ni_0004,syn_Ni_0005,syn_Ni_0006,syn_Ni_0007,syn_Ni_0008,syn_Ni_0009,syn_Ni_0010,syn_Ni_0011,syn_Ni_0012,syn_Ni_0013,syn_Ni_0014,syn_Ni_0015,syn_Ni_0016,syn_Ni_0017,syn_Ni_0018,syn_Ni_0019,syn_Ni_0020,syn_Ni_0021,syn_Ni_0022,syn_Ni_0023,syn_Ni_0024,syn_Ni_0025,syn_Ni_0026,syn_Ni_0027,syn_Ni_0028,syn_Ni_0029,syn_Ni_0030,syn_Ni_0031,syn_Ni_0032,syn_Ni_0033,syn_Ni_0034,syn_Ni_0035,syn_Ni_0036,syn_Ni_0037,syn_Ni_0038,syn_Ni_0039,syn_Ni_0040
syn_Cd_0001,0.0,0.33265685574712994,0.1885897193395848,0.19242518441787296,0.186828595530479,0.34190838474189206,0.22158533166336195,0.20431273547296405,0.32988542580098706,0.08666478504356721,0.09374603077163966,0.39075643363091916,0.0950258957569706,0.08611901350342095,0.08826392635337664,0.33301783078540326,0.09596050219336205,0.11183235320346703,0.34164506032034025,0.3784399259564676,0.33786607380420514,0.20308571528786587,0.18447968018067895,0.2928742646407864,0.3750525972349047,0.1773267661989342,0.07914207397262937,0.3408135672132703,0.26338092555001824,0.1980224363363538,0.10330851563961273,0.2572192807915906,0.34564230527304113,0.11770909822767073,0.2949125515623283,0.33854190795336747,0.20548193721485583,0.07708505549400348,0.2761568945591605,0.10154781118259738,0.23739127704073626,0.28772646929809964,0.33879605718791733,0.3416382685206654,0.3036598179046003,0.2359580138313779,0.3211541816551859,0.2881762358310727,0.36000633606065124,0.29725509167635517,0.2649258759035463,0.2802825599717255,0.2434978111075308,0.2624826802927577,0.32350669380213365,0.28349136126107966,0.2604379950914797,0.2855035431807927,0.24667869470622922,0.3296965304968496,0.34681169305323745,0.28109569998164646,0.32169488112579675,0.29792227760094014,0.33677556210657145,0.26607504239185015,0.23354603557039144,0.28976675870253277,0.33380488877903197,0.2723255118992441,0.31348753625068493,0.31335260789302,0.2833682470591706,0.3643844545273327,0.35106632169165647,0.219366603286544,0.3102521078052784,0.2917323315018137,0.29775435104748466,0.3671786593200832
syn_Cd_0002,0.33265685574712994,0.0,0.3353704754561966,0.3239946685343527,0.2845343121236369,0.10278451055456306,0.2859013923939325,0.2745722466940785,0.08443675667650397,0.3201060927180801,0.3123786200971509,0.18111207447114908,0.3227300856744896,0.31624256033682213,0.33689980632421423,0.1112901769549789,0.3198773469908004,0.312487585016212,0.05524975075090343,0.15778410208399443,0.06001910000861015,0.2798308610026191,0.28253881725165886,0.3750355111949339,0.14859317501275446,0.3197247964895359,0.32267688169760245,0.11144001395230019,0.3587172755802461,0.28390137059369974,0.3075122867903376,0.35239663866567283,0.10749957035738877,0.29628543560856546,0.37960777474470714,0.06175748931989205,0.2818047029828769,0.3332954601877303,0.36008597752680394,0.3084697625399925,0.2708161424384382,0.27691752085535015,0.24674212014745056,0.2578611219633878,0.3805933031108721,0.28034530452480444,0.26781443633132496,0.2860669288334378,0.2848958934916458,0.3094023441825277,0.28873403377354,0.29661190389459097,0.2924562489144093,0.2887078496527158,0.39191106206571086,0.2898526158065386,0.30575297914919947,0.28959485467089585,0.3019290413683647,0.3376697757498713,0.26561478793694326,0.2754135845979324,0.38908993686266136,0.2940407226555415,0.403318239207527,0.2958543494678941,0.2847352614432931,0.286183824912099,0.2643363309809168,0.3233483422069515,0.39480147133742377,0.28253770039387194,0.3632135721116178,0.3152806362312967,0.25819006142680545,0.36659989733771764,0.310029125699783,0.28944012034884636,0.3048227490023428,0.2550897398965152
syn_Cd_0003,0.1885897193395848,0.3353704754561966,0.0,0.1600831860735471,0.14818344954247975,0.3489803013864186,0.1675413664165702,0.17820257393377376,0.3339343028387487,0.1880888001741756,0.20157271092445112,0.38390481492827855,0.17530747172909283,0.1881060583746598,0.19400526140939503,0.3384360740430014,0.1882951081989935,0.1884484406918538,0.3397235153810116,0.36943745163982483,0.34330672659923767,0.15383736673481171,0.15781415841833307,0.3321233368703722,0.37177676897117706,0.12772807853819024,0.19324270797593882,0.3328988049767637,0.308365466046688,0.15588983532396386,0.20255422495028877,0.3017507975428937,0.34467050722952486,0.19432868241819057,0.3383181385054647,0.33903380071057215,0.16787352730916075,0.18122900771966544,0.3155716072327479,0.1944094404620341,0.2597551632379628,0.31220340325506835,0.342715664876574,0.34354780035660565,0.34006357874122073,0.2573319905856644,0.3207795438892574,0.30398361670566243,0.35726453756048726,0.3241150979104048,0.29567848911728933,0.3054688688359996,0.2677058964586047,0.2675976277152438,0.3555083506842461,0.31850266102647606,0.2986593056911168,0.3075630394364126,0.2642087114012352,0.32911513786523544,0.3513489691469573,0.3092308506249387,0.3564228989586855,0.3073744382500613,0.3743224199270494,0.2985548923835295,0.2568770960434046,0.3200632635606908,0.33550501810251854,0.3033925830939407,0.35263125810670026,0.32103033976456175,0.32075868146202513,0.36124282487877385,0.34838654398573593,0.2541286507204809,0.31510811709605935,0.31915228772042703,0.3158558187387483,0.36819414854368815
syn_Cd_0004,0.19242518441787296,0.3239946685343527,0.1600831860735471,0.0,0.13277504602308285,0.3261670988529781,0.18070555086819565,0.1428746636332889,0.31077611850365544,0.1992858603875156,0.21457777556624683,0.40990546463840094,0.20150995880793912,0.19923153438693214,0.1857961827239659,0.3150430261508875,0.21706942601411455,0.21550653436826156,0.3299008317392289,0.38965971756641965,0.32802808108810916,0.1609675913688071,0.15106151349745917,0.36615984166701077,0.38283443214827034,0.08944635403199092,0.2143779860576841,0.30682552953524334,0.34273048323338434,0.15114296790193638,0.22374859486458198,0.3350718001806328,0.3474318720576007,0.22929319273489282,0.36793587509253617,0.3323788989531445,0.1380006520027068,0.17769885275868863,0.3465170097752469,0.22386853474944782,0.2397336775747215,0.29183225483020736,0.34222417126974986,0.3215322327448119,0.36999702852348304,0.2580285429024073,0.2959920059622091,0.3036484771498885,0.3531386097876632,0.2925301532170347,0.26918220980417434,0.2782922724578766,0.2757823907384627,0.28484464523609043,0.38640994950090646,0.28753384948854704,0.26212912816370754,0.2887839609408081,0.28031910672679394,0.3590535865009445,0.32507042526417057,0.28664476164326286,0.38425673910903074,0.3146838881081964,0.40296028093614894,0.2647047647879843,0.24864254204524633,0.29505752393011675,0.31085445556034386,0.26449358447435967,0.38386701357337677,0.2832960315871594,0.35508442202161794,0.3757909558757796,0.3304257279962692,0.2876255279162959,0.3251707736205531,0.2914689800828903,0.3235931707417045,0.34396522449011835
syn_Cd_0005,0.186828595530479,0.2845343121236369,0.14818344954247975,0.13277504602308285,0.0,0.3053253080474298,0.1124506518776739,0.079268211029757,0.2830091059012213,0.1793251764209166,0.17996187432228697,0.33984059903612773,0.17325536856197374,0.17407745745463427,0.20099059401290756,0.28476250836379235,0.17804617303312442,0.17333012574602083,0.28945360878082976,0.32447823510214285,0.296652521310988,0.08552389054571158,0.07446587485212607,0.3393076869148128,0.32738962355814877,0.12184249294696872,0.18523804464519403,0.3000978973157461,0.3149223430790637,0.07654911520779306,0.1815836947016459,0.30691300004594413,0.29257020356232527,0.17877753785804168,0.34079763155285375,0.2896242914840483,0.06592980229475172,0.17803936331542056,0.32199300792354757,0.17570075715252342,0.22482955987828773,0.29315859820816975,0.2999726924841895,0.2996456460433386,0.3451366478643179,0.22921426884350093,0.28626907145751807,0.28042422688209073,0.3158493267361866,0.3063638723150992,0.2830019850926203,0.28655725624228645,0.2472887956599487,0.2457545538100145,0.3626096001163855,0.3004579177155996,0.29072576348647067,0.2911423856030331,0.24379537251972935,0.3252062721875345,0.30925597505248376,0.2920137264234855,0.36110520218970815,0.28938044009792663,0.3822865138641009,0.28193850568715945,0.23099562570500756,0.30002470294867944,0.29733151009762615,0.3004966212471142,0.35783998713964804,0.28744960247669726,0.32959785884167575,0.32837181757798123,0.3040483322329467,0.28480113574250393,0.29848901606743256,0.29808505567397137,0.29586803331510425,0.32153799602735705
syn_Cd_0006,0.34190838474189206,0.10278451055456306,0.3489803013864186,0.3261670988529781,0.3053253080474298,0.0,0.3297030801732344,0.2981365550936771,0.09569593771607464,0.3293698191008276,0.32466763129513826,0.22744659115529905,0.3354562146277173,0.32915248563703325,0.33933366047379027,0.16064776417496132,0.33794641811874415,0.3304999969610188,0.11616286919178027,0.21252245562136668,0.09227287353701118,0.3046437434693694,0.30511404398771796,0.3983982792872332,0.1971510476933179,0.322565908920437,0.3388545949080217,0.12027827543362964,0.3915161867251176,0.30894710863380104,0.327647001521787,0.3829741732250014,0.17736956283158123,0.316926087594368,0.4104358207343037,0.10508587231013204,0.30438397034093984,0.3358520664472398,0.38753120491494536,0.3286600994321571,0.28998054088607916,0.29760442444683594,0.2833749856505469,0.29573660068045454,0.409654660583441,0.3027011117900167,0.2673902164423727,0.3248818389283032,0.32017124985762996,0.28661933058963396,0.27702892103633303,0.28485578642331344,0.32099519002406723,0.3253264219591532,0.42021914540260047,0.27456151885019864,0.2871085505052298,0.2960956722351242,0.31920689793714574,0.37577325218697066,0.2904260189554453,0.28126394069792265,0.41592241523731516,0.331949335003247,0.4341529301179931,0.27958447623935107,0.3015181240500427,0.2865995790070398,0.2706389145263911,0.29551694671477663,0.42386271963694705,0.2764971181445302,0.3897052689452734,0.35489297547220605,0.28971736378097557,0.36988269418204683,0.34444333475565203,0.2729091617085975,0.34072723180763315,0.2869531068506548
syn_Cd_0007,0.22158533166336195,0.2859013923939325,0.1675413664165702,0.18070555086819565,0.1124506518776739,0.3297030801732344,0.0,0.09608483195382125,0.3005942525868582,0.21194642945245945,0.2020698895489915,0.3244244182575035,0.20305004645451874,0.20307325809532623,0.2343595470463801,0.2823789792126512,0.19714413585961466,0.19548219366434463,0.284727218984375,0.30724020073655084,0.30004846936758256,0.08566650795884759,0.09512845810747947,0.31301876006415574,0.3102695280325552,0.16326759582075634,0.2150844707849477,0.32229732507566616,0.2877635715610225,0.08617653279823165,0.1974809198991437,0.28762836382580587,0.2822244375967618,0.18698724543469783,0.3122349034888267,0.28740080055382766,0.11319320853430716,0.2176705903336425,0.30071194802069334,0.19161063913686077,0.2299283527289575,0.28827564748633555,0.2822206003456298,0.2916584667121822,0.32258466426017135,0.22705691970006336,0.31620784824436277,0.25918067449347176,0.29105240227532536,0.3337695365646646,0.30925788503706936,0.3129986024884468,0.23074373726919029,0.22497043821597626,0.3367730801301364,0.31822177622359404,0.3244739674697346,0.30277167545020656,0.23801167008722923,0.29609785114631376,0.31355585463591934,0.2986861504041943,0.3340945566317433,0.2691062034815985,0.35110772685517155,0.31443497826279354,0.240189547583003,0.3115941658959722,0.31618302600321746,0.33448688644703467,0.33422751189840144,0.32861629733909686,0.3105590439685749,0.305568776140908,0.2994701369195547,0.31374312908324575,0.2743810136488151,0.32174979053352804,0.26712314180245367,0.3097724978231292
syn_Cd_0008,0.20431273547296405,0.2745722466940785,0.17820257393377376,0.1428746636332889,0.079268211029757,0.2981365550936771,0.09608483195382125,0.0,0.27510317490642605,0.19553236600303128,0.1877811394532152,0.33624018179572684,0.19268972340323548,0.1879780471355695,0.20708637683275435,0.2746567286766724,0.19315284547244851,0.19153970845121057,0.27923513791275606,0.3186775987517412,0.28949252790920615,0.07927084898385553,0.07030913889177715,0.3307964431983579,0.3192731276131599,0.13092767993189805,0.19693297608271082,0.2888673328240704,0.3089894354250151,0.0752804947632266,0.18656529698914512,0.2987823001142845,0.28099873325387814,0.18223924546934012,0.33204492251160506,0.2821078120646835,0.07013821009581475,0.19836269389848243,0.31201923077192284,0.18543049897623687,0.20964966072833877,0.2733337987471436,0.2898580133005016,0.2783780430350828,0.3387273880389499,0.21580674507988032,0.28195339961277927,0.26341927359342654,0.2989670686396572,0.29677176702581975,0.27218210640811163,0.2776854458266148,0.23044372148428402,0.23785318886686038,0.3521864041311587,0.2814385942049435,0.2850904937293516,0.27205067738375105,0.23272947172546007,0.31353448642808845,0.29276398843594503,0.27174907764372885,0.34976230048532864,0.27536519929237024,0.36733747812986545,0.2783370893639938,0.21763255197935708,0.28450252386944036,0.2837621619264932,0.29808380787231875,0.3504265534534917,0.2892746911305379,0.3202042726730856,0.31804516936980143,0.2831152282862531,0.3010626149565618,0.28894758390500164,0.28431662056996565,0.28159740911408926,0.2999571662196697
syn_Cd_0009,0.32988542580098706,0.08443675667650397,0.3339343028387487,0.31077611850365544,0.2830091059012213,0.09569593771607464,0.3005942525868582,0.27510317490642605,0.0,0.3154498972454124,0.30986854109192846,0.22785682511528896,0.3206780157667307,0.31478436602102794,0.3295842379525507,0.09791248747565946,0.3217613933812449,0.3146893508831147,0.09492754023201537,0.20508795906390684,0.07102273604440795,0.28540363593739276,0.2840663351461686,0.3889591521173203,0.1972549367853507,0.3082340517251989,0.3223610843120714,0.0728309341307813,0.3729376702970703,0.28541822023445323,0.3145808478526281,0.36530416554329875,0.13082758290413674,0.3000887099605083,0.3955964150272607,0.10858877136846519,0.28141640983450517,0.326927423617804,0.37167663690988356,0.31030048263843407,0.264189244413281,0.2746049044432477,0.2600082716922389,0.26106552358528795,0.393760665947476,0.2756950712959868,0.2486444788737039,0.2977532992291611,0.2961824233586005,0.28589084304373774,0.27111745340544036,0.2737904895280387,0.29213639296346106,0.3008056805628356,0.40325068437391975,0.27059330578071467,0.28140610960013956,0.27424010587479936,0.2957010275236535,0.3539219303220167,0.25663787217932577,0.26124828170646136,0.40245775336872225,0.30432286192893543,0.4168761304140692,0.27375340405240267,0.27851403406499275,0.270322138502171,0.24746731529490068,0.29787561965097503,0.4091921670910702,0.2625646932006492,0.3720588365598417,0.3321018852417929,0.2618672869718555,0.3641707895904329,0.320955229571229,0.26932865153604557,0.3177173731210233,0.2624958250781601
syn_Cd_0010,0.08666478504356721,0.3201060927180801,0.1880888001741756,0.1992858603875156,0.1793251764209166,0.3293698191008276,0.21194642945245945,0.19553236600303128,0.3154498972454124,0.0,0.08322717612582863,0.378966706437771,0.07643857843063495,0.06928972395157919,0.07901362465650252,0.32081068804222557,0.09172237753284215,0.09099108243669404,0.32657581474524794,0.3632637688407753,0.32575620776777775,0.18982242027470664,0.1738780731382229,0.27679091617050977,0.36286732909915775,0.186791469016254,0.07645970241417172,0.32987362306724527,0.2481173356437371,0.18838425315092638,0.08400761115624607,0.2390290306307202,0.3311695977946441,0.10029232091553165,0.2814317014147073,0.32593066587222264,0.1966841378877232,0.09061985668417823,0.2631515387081085,0.09275961216612358,0.2198188568747616,0.27116105467179524,0.32306810108138506,0.32198161347890264,0.28968701722522694,0.22657524604001597,0.305185507534835,0.26984087025917236,0.3413469491020414,0.2819561173579892,0.24613177494207103,0.265185254082261,0.2337270713266388,0.2504749915424181,0.3075594450452761,0.27429028030734104,0.24735591067170892,0.2706221620220133,0.2372261454494377,0.3093576250189269,0.32676354601612045,0.2653059555278312,0.30673421142935786,0.27775551687596595,0.3262987833565567,0.2492355049988383,0.22715326373470351,0.2766922126768427,0.3135954658437339,0.2576987396337214,0.30083163377402156,0.30132194491181047,0.2729557559135746,0.3444013897210011,0.3328850411222559,0.22423549331659465,0.29225322656952074,0.2792652088405428,0.27842000772708514,0.34863959605909967
syn_Cd_0011,0.09374603077163966,0.3123786200971509,0.20157271092445112,0.21457777556624683,0.17996187432228697,0.32466763129513826,0.2020698895489915,0.1877811394532152,0.30986854109192846,0.08322717612582863,0.0,0.3685396825891868,0.08803899568106958,0.07690341546411689,0.09725316979442376,0.31364765181482446,0.08488327547006412,0.07710316685439984,0.3169219642796279,0.3563752787932708,0.316868472333557,0.18767871383358722,0.1687897601981273,0.2667843156340955,0.3536461360826182,0.20366472675599412,0.08394561504263427,0.3229632700223979,0.24210299599986476,0.18388819121050273,0.08036731780446525,0.23204774547846033,0.322275553639557,0.09018101994300964,0.27189237538270633,0.3178412717763559,0.18647019281836955,0.10625011859391245,0.24751828515581756,0.08223219379112577,0.2246724604950443,0.26523528217220277,0.31083898358782436,0.3174021405875764,0.2821226768793854,0.2316134644523568,0.3029277452353689,0.2692771412218656,0.33373354155802326,0.28176665316472804,0.2399440002415824,0.2629901207136076,0.23567886110903674,0.25361787381917156,0.30072957262317407,0.2701978816552035,0.25613333817277334,0.2667057208729248,0.23740600842624995,0.30459650575781155,0.3256413449481265,0.25812757375546147,0.2956313695649896,0.275102950701746,0.31273664117724853,0.25209704889540785,0.23092315559174942,0.27455846777706017,0.31338667105234597,0.27496332044948557,0.29129632980549425,0.3108646926060752,0.2595818070924439,0.33569580232569735,0.3260523270753537,0.2253555684728064,0.28492565797958574,0.2740175606224454,0.2743820691416833,0.3425966608319513
syn_Cd_0012,0.39075643363091916,0.18111207447114908,0.38390481492827855,0.40990546463840094,0.33984059903612773,0.22744659115529905,0.3244244182575035,0.33624018179572684,0.22785682511528896,0.378966706437771,0.3685396825891868,0.0,0.3773990563221598,0.3772234339258017,0.40744251557915934,0.19791533381565393,0.37020731897274894,0.36594875688057166,0.17386588871256237,0.06563379430334476,0.19981075979625212,0.33069544958323444,0.3373044993534829,0.38210479736636394,0.0851144146912237,0.3932957058412451,0.3822552534258801,0.23616784793564377,0.38223055974326064,0.3335962789677415,0.36149165253039,0.3880694858786742,0.13096906854393647,0.34679213735013503,0.3820288241442635,0.15952208122987788,0.34140730347011095,0.39520924633727544,0.3956414301466015,0.35828989835619957,0.3519169191329442,0.35678662709949605,0.33384139188559975,0.350452670597006,0.4078095868351809,0.3455781889192731,0.37343960429150536,0.30859941497036325,0.340468901733555,0.4005493699175538,0.38517846801936245,0.389643583425804,0.34984490352436176,0.3368243189702958,0.4039491609017076,0.385007630012138,0.4025558958498805,0.37414701554488083,0.3637782930019242,0.2925558170064912,0.38049132260141283,0.3658703606806678,0.40110818513825386,0.3008474964746542,0.4026725565060684,0.38684432076322534,0.3628141399482581,0.38001502833816775,0.38026190306229474,0.4182208703426776,0.40473779285082073,0.39354434914181774,0.3993880544616801,0.2963482691558027,0.36122957621765556,0.4013246196041352,0.3052861718129227,0.37873765855585023,0.2928709109611776,0.3445418102017194
syn_Cd_0013,0.0950258957569706,0.3227300856744896,0.17530747172909283,0.20150995880793912,0.17325536856197374,0.3354562146277173,0.20305004645451874,0.19268972340323548,0.3206780157667307,0.07643857843063495,0.08803899568106958,0.3773990563221598,0.0,0.08086565474607259,0.1013586663959443,0.3242459227009876,0.08233307739304704,0.09126901007762053,0.3317072990307488,0.36570876443361827,0.328987259570268,0.18553070598070986,0.17008147471756213,0.29086184564579204,0.36659322199309663,0.1828290502120152,0.09382716104783692,0.331568401170756,0.2594693479999517,0.1794257904213905,0.10122970926840112,0.2520341031879874,0.3325937989985704,0.10218014074791318,0.2959389521202453,0.3264465702657077,0.19346591325048837,0.09600793982258024,0.2704843807624396,0.0927020049158745,0.23024916022012973,0.282338655755941,0.317712612287953,0.3207041968255494,0.29800077801860186,0.2296184664537905,0.3089810509470818,0.2827897353865399,0.3417477545938877,0.29702331521860187,0.26271455696924945,0.27808520558600847,0.23420674201485067,0.2503916728663431,0.31429227923961445,0.288148632369526,0.26366491838401745,0.2832709839642702,0.23427934323688437,0.3145109824382494,0.3271627474990951,0.2753894036583454,0.315992214488066,0.29016582329225776,0.3314920731353019,0.26377187464317187,0.2272712916964512,0.2944572979086736,0.3172979495103315,0.2722890227961184,0.3050733283289931,0.303091391016652,0.2794211594786585,0.3444219052712576,0.33387565710356204,0.22070259371981685,0.30008512313341773,0.29421770611923453,0.2879914329532506,0.351020448195417
syn_Cd_0014,0.08611901350342095,0.31624256033682213,0.1881060583746598,0.19923153438693214,0.17407745745463427,0.32915248563703325,0.20307325809532623,0.1879780471355695,0.31478436602102794,0.06928972395157919,0.07690341546411689,0.3772234339258017,0.08086565474607259,0.0,0.0898430243706074,0.31958243687337895,0.08610182464033435,0.07978951054014373,0.32420063903126356,0.3631043032154563,0.3235603148964495,0.18310541875720418,0.1682654931129357,0.2806501422018358,0.3643110325556971,0.18763312287483624,0.07626795766377512,0.32282721199567005,0.2518097282181342,0.18186130319297453,0.07842292196305568,0.2435853648342137,0.32724727321596314,0.09171264577402212,0.28491423075299527,0.3221471023220503,0.1894501734273452,0.0952639216228276,0.2635439065643957,0.08987101140289076,0.21654462987220569,0.2666240706584092,0.32356471030765155,0.32263371982009365,0.2913360316120216,0.2223538314925662,0.3072027859206133,0.2672394486962258,0.3426106323276968,0.283716618142885,0.2448192952230712,0.26386219551197176,0.229480195370496,0.24578968209954483,0.31098143304442377,0.27282619479413717,0.2477160303015115,0.2666209636832147,0.2294450716248791,0.30600994921217756,0.3270989474645714,0.2619031517755801,0.3053971195968539,0.2761210379893601,0.32182708453383607,0.2515277947406142,0.22280927599159042,0.2766761434582239,0.31615106211504157,0.2681015238474263,0.3019243325989939,0.30694745861879963,0.27133681129792886,0.346707804861485,0.3365271896411375,0.22386299172140778,0.28692863895135673,0.2794646122545577,0.27511514459700154,0.34889669225941966
syn_Cd_0015,0.08826392635337664,0.33689980632421423,0.19400526140939503,0.1857961827239659,0.20099059401290756,0.33933366047379027,0.2343595470463801,0.20708637683275435,0.3295842379525507,0.07901362465650252,0.09725316979442376,0.40744251557915934,0.1013586663959443,0.0898430243706074,0.0,0.33517674162997124,0.11033741884373391,0.11065223407043077,0.3446111928646497,0.3879864882061801,0.34255254805341984,0.2187686142152619,0.19360828557021556,0.28925642224491394,0.3855014863086441,0.17328777792135355,0.09664577623590954,0.3302639843838851,0.2610702092759691,0.2085763923686911,0.10677899942030931,0.2518841866614359,0.35153964749217015,0.11822766955188498,0.29425454055550126,0.34665850833645045,0.2107911435556838,0.08242670545122634,0.2698582687030423,0.11594936525297073,0.22572972351568768,0.2639815834528082,0.33438182238359754,0.3310873344314993,0.3008421838823424,0.23813154621070104,0.3118542661997204,0.27253135830139835,0.35334033423787553,0.2714460077261495,0.23282517258256827,0.2576773372246017,0.24458230563542308,0.2635172673184587,0.318345998353377,0.26280391170906336,0.23768563566889286,0.263084456767892,0.24654489927462345,0.32036548532867953,0.336086134954429,0.2576797232062953,0.3140523512211023,0.2851294733607875,0.3355703608564175,0.2375825413698141,0.23149845144429146,0.26886074133207144,0.3218133204954452,0.24377531793642035,0.3122821683218206,0.3020111164519649,0.2810945745494908,0.3576692162573959,0.3426892323752104,0.2257223179157889,0.30185584593827597,0.2708609136142232,0.29085026977366385,0.3538488989572994
syn_Cd_0016,0.33301783078540326,0.1112901769549789,0.3384360740430014,0.3150430261508875,0.28476250836379235,0.16064776417496132,0.2823789792126512,0.2746567286766724,0.09791248747565946,0.32081068804222557,0.31364765181482446,0.19791533381565393,0.3242459227009876,0.31958243687337895,0.33517674162997124,0.0,0.31406585731412895,0.31537486796992475,0.1010671849129848,0.17485387365072563,0.11210277964860954,0.28146273117094567,0.28502490486094345,0.35582261640727786,0.16761613326158847,0.3125201223268816,0.32617676749723373,0.11442036953705909,0.3544789694467206,0.28151006891041463,0.3105175327060519,0.35522825129893126,0.1067330460497882,0.29619235561856133,0.3590067619097042,0.12477654182906084,0.2843518609858792,0.3326686614254933,0.36314457579138315,0.3045504253588417,0.26345459730104565,0.2702561055157567,0.22999173182355503,0.2488697012447675,0.37653253666393216,0.26938776206979637,0.2679911193638501,0.2548661577981155,0.2608141929129774,0.3145917605633121,0.29576609898624606,0.3017952095800697,0.2798891172959617,0.2776620614305555,0.37471668074781667,0.29544310664043316,0.3105782887252698,0.290395466143596,0.29149144473272826,0.30971004376595385,0.269667662370424,0.2800444154114671,0.3688168412469193,0.260916165769512,0.38013018876751764,0.30047606169317487,0.2756501232842136,0.2893648767085562,0.2676339843687022,0.33018118181550454,0.3811275812788315,0.28382050728529185,0.3637698381545371,0.29150942185178597,0.2588310293052798,0.3709061375433977,0.27690565340613965,0.2940320821287708,0.275592103710738,0.23832944972499934
syn_Cd_0017,0.09596050219336205,0.3198773469908004,0.1882951081989935,0.21706942601411455,0.17804617303312442,0.33794641811874415,0.19714413585961466,0.19315284547244851,0.3217613933812449,0.09172237753284215,0.08488327547006412,0.37020731897274894,0.08233307739304704,0.08610182464033435,0.11033741884373391,0.31406585731412895,0.0,0.07868802003605321,0.32415562137879167,0.35806014106175016,0.3289532389361476,0.18225244523272213,0.17376684525060554,0.27038080976568246,0.3565819066425002,0.19501782037014445,0.09106995181336794,0.32993847054287523,0.23799079526756797,0.17566152387641915,0.08003555630168287,0.23640770939107664,0.32445961363892517,0.08735178522333299,0.27437219742699237,0.32284084485586184,0.19543405290433044,0.10835887528076783,0.2519808133207191,0.0713871499456891,0.2176595944363885,0.26627022548035867,0.3121363684957082,0.3226398550410153,0.2834575879211256,0.21084117176867095,0.31110851657786337,0.2627122162507725,0.3357976951429289,0.2850852164583161,0.2477530954684228,0.26543245646332025,0.21601120663485823,0.23259739900178608,0.30171086098818883,0.27418330715296907,0.2573719469999821,0.2748052809728799,0.21912028092421718,0.3008918016608909,0.3352559590633799,0.2641700688086117,0.29949053440009754,0.27159927697695313,0.3150342660238012,0.256898474691798,0.21277150039427292,0.2798575177370905,0.3241776568230816,0.27520359265376065,0.2915276150153184,0.31724741380820765,0.26343046519621643,0.3383303377749317,0.3351434074986733,0.23025561894092322,0.2819047278905551,0.2810017900449673,0.27428566492409373,0.345688914318674
syn_Cd_0018,0.11183235320346703,0.312487585016212,0.1884484406918538,0.21550653436826156,0.17333012574602083,0.3304999969610188,0.19548219366434463,0.19153970845121057,0.3146893508831147,0.09099108243669404,0.07710316685439984,0.36594875688057166,0.09126901007762053,0.07978951054014373,0.11065223407043077,0.31537486796992475,0.07868802003605321,0.0,0.3210839666171621,0.3522876671048773,0.32206173054066856,0.1827074409922163,0.1701669659040951,0.25486838760790254,0.35157098187703356,0.1965779546795618,0.09709050799286717,0.3222497534184147,0.23282026280695933,0.1766446829158098,0.07477466647063835,0.22622994895027737,0.322326426730497,0.08003231685951427,0.2639626749492768,0.3151174842966919,0.19118874623313412,0.1117168860404095,0.2446605591208536,0.07293068200517992,0.21408030354139312,0.25903367738268057,0.3111937386525868,0.32126813835708123,0.269828113406584,0.22251315492776833,0.3055981770871822,0.2594950733355752,0.3370430420936678,0.27956856794248786,0.237988043062721,0.26213654741958214,0.2275380360909649,0.24332084574954085,0.28498584109665154,0.26647988347786955,0.2583497078624338,0.2660485117816375,0.23270957789667693,0.2922013252349744,0.3316863043128538,0.25976539806482907,0.28573178999571924,0.2705780273365281,0.3020696179432046,0.25301910713831444,0.2239841807294216,0.2730861275934688,0.32061433589744115,0.274433848273191,0.2805303435676847,0.31907070750261646,0.24611137908546257,0.3376689481633745,0.33274182446059136,0.21899800938988098,0.2825650779937919,0.27496339438437184,0.2691149432674056,0.34477825959367936
syn_Cd_0019,0.34164506032034025,0.05524975075090343,0.3397235153810116,0.3299008317392289,0.28945360878082976,0.11616286919178027,0.284727218984375,0.27923513791275606,0.09492754023201537,0.32657581474524794,0.3169219642796279,0.17386588871256237,0.3317072990307488,0.32420063903126356,0.3446111928646497,0.1010671849129848,0.32415562137879167,0.3210839666171621,0.0,0.15023915400104762,0.06499317369791202,0.28305979201229947,0.2886204127191758,0.36074874635222676,0.145822989823953,0.3250184903589057,0.3312712618556063,0.11434061494225582,0.3580078055225418,0.2865263873401912,0.31444238605043473,0.35611529852536306,0.09590424196956554,0.3016252748157605,0.3697291900683812,0.06703175284000978,0.28973847886407944,0.3408123083591713,0.36005724342086426,0.3129127948287114,0.27688922034595753,0.27674559804070614,0.24122358521725887,0.26056929143083457,0.38011026381926083,0.284012756640533,0.2819454837875956,0.2799887509716732,0.278993031080762,0.3166910689429531,0.29739589798712107,0.30365393673180946,0.29626391764296106,0.2869019385331906,0.38112080804325665,0.30172802927030934,0.3135732997884647,0.2969097960634674,0.303611182416026,0.33286423569747753,0.2768674794314889,0.2814969971552564,0.37766193792477676,0.28471357513818024,0.392720923847502,0.3038150507765908,0.29085276966544216,0.29370898734508083,0.2736713339495472,0.3304353203513905,0.38716165352774373,0.2934827508037544,0.36659456887297015,0.310895505322938,0.26647339589492036,0.37438786195775514,0.30184495981657705,0.2982400894721849,0.2945333542328863,0.25062489567711294
syn_Cd_0020,0.3784399259564676,0.15778410208399443,0.36943745163982483,0.38965971756641965,0.32447823510214285,0.21252245562136668,0.30724020073655084,0.3186775987517412,0.20508795906390684,0.3632637688407753,0.3563752787932708,0.06563379430334476,0.36570876443361827,0.3631043032154563,0.3879864882061801,0.17485387365072563,0.35806014106175016,0.3522876671048773,0.15023915400104762,0.0,0.17554391788417031,0.3147295342780097,0.3219032268618569,0.36818564408746596,0.059112551656193106,0.3730526504651315,0.36964170271235836,0.22229523263991097,0.37112267910570934,0.31994581027398866,0.3495717299476497,0.37644078542747705,0.10775699844542899,0.33659361593849185,0.3720339221656094,0.1387821579536486,0.32508682969769215,0.3791468928621108,0.38590423420747527,0.3451531282480425,0.32833505000622276,0.33697115412986633,0.31661832510215543,0.3283941436370891,0.3953110892162025,0.32974455614553705,0.3487646602059616,0.29172200817342797,0.32000282207553804,0.3807866036521112,0.36328871476157265,0.36994659590008266,0.33545969039540396,0.32061039769978034,0.3911367719391307,0.3648781125762991,0.37983860004728837,0.3563750675952911,0.34895021126646375,0.30652842915069234,0.35639396208312085,0.3466113226490476,0.38849340636066,0.2846151755486362,0.39095755080354566,0.3681724955910781,0.3420871737030946,0.3586395280877736,0.3555790251342213,0.3954398906933867,0.39555608327727854,0.37054942576136873,0.3886591186794381,0.2896236449114003,0.3370992984010785,0.39383160707255943,0.29393571205327845,0.36087872539104704,0.28154858970299707,0.32519914712771825
syn_Cd_0021,0.33786607380420514,0.06001910000861015,0.34330672659923767,0.32802808108810916,0.296652521310988,0.09227287353701118,0.30004846936758256,0.28949252790920615,0.07102273604440795,0.32575620776777775,0.316868472333557,0.19981075979625212,0.328987259570268,0.3235603148964495,0.34255254805341984,0.11210277964860954,0.3289532389361476,0.32206173054066856,0.06499317369791202,0.17554391788417031,0.0,0.29879401711368186,0.29949711379134597,0.37646531261706784,0.16588455756561618,0.32466679127828185,0.331428652729442,0.09677611760898186,0.3663468972799445,0.2997867740377905,0.31946216193233024,0.3582303327587229,0.12095912872287366,0.30907696182024946,0.38666686135886846,0.08037112436817981,0.2931965254637149,0.3371579967790527,0.3651112606033176,0.31763968342630017,0.2821385840114386,0.2735441294207539,0.24947078626497565,0.26124012452848483,0.3845501684327702,0.2881192584593511,0.26323090355102263,0.2993288770982438,0.2887445345785913,0.3031318945000992,0.28503278793510933,0.2919193752080108,0.3012061121890904,0.3008650830781482,0.39695286007498776,0.28818910930160013,0.2998144265049119,0.28705749404807596,0.3080006672445245,0.3519413811359869,0.26056312731210907,0.273327938476833,0.3918349924538159,0.3056859138754803,0.4086611147445636,0.2923163119249676,0.29563793758184653,0.2820378870932383,0.25641648978285436,0.3167376788354382,0.3984871080589906,0.27665902016185706,0.36606924722745293,0.32183720860280224,0.2578559477842978,0.3694704405478033,0.32203561532978575,0.2819986204433516,0.31612705660226015,0.2628641727965435
syn_Cd_0022,0.20308571528786587,0.2798308610026191,0.15383736673481171,0.1609675913688071,0.08552389054571158,0.3046437434693694,0.08566650795884759,0.07927084898385553,0.28540363593739276,0.18982242027470664,0.18767871383358722,0.33069544958323444,0.18553070598070986,0.18310541875720418,0.2187686142152619,0.28146273117094567,0.18225244523272213,0.1827074409922163,0.28305979201229947,0.3147295342780097,0.29879401711368186,0.0,0.07343819771531161,0.33315810428917814,0.3182069115943679,0.13699242265838651,0.19727830244179784,0.3036861430863782,0.3035039277410127,0.06338238010083075,0.1831785656716585,0.2974939777323974,0.28484259167598946,0.17314486169428592,0.3304495135328112,0.28776061062736985,0.0842358424120588,0.19707318192267706,0.31387271784430304,0.1782582621576373,0.22069918677072878,0.29372798998910493,0.29237686187767814,0.2878076449767907,0.33704136592979067,0.2242204620645112,0.292019185079911,0.27139742134434586,0.2981468797700909,0.31531121255534855,0.28937034000446055,0.29435806073357734,0.2365519678485181,0.23899360947914142,0.3517715617657334,0.30048317691475673,0.303994812229407,0.2892057590708211,0.23534501160236235,0.31559424693966104,0.30386771785555405,0.2915013293744176,0.35195748677058436,0.28292177669724905,0.3692375138272975,0.29432954437860454,0.22597182239208774,0.30129198188514267,0.2966975904782755,0.31652358921103757,0.34919883584025885,0.3019117237469381,0.3243632227056183,0.3124100126298082,0.292998122718206,0.30038939576092655,0.28981979855431844,0.3038114364635814,0.2849299805814312,0.3095736458048583
syn_Cd_0023,0.18447968018067895,0.28253881725165886,0.15781415841833307,0.15106151349745917,0.07446587485212607,0.30511404398771796,0.09512845810747947,0.07030913889177715,0.2840663351461686,0.1738780731382229,0.1687897601981273,0.3373044993534829,0.17008147471756213,0.1682654931129357,0.19360828557021556,0.28502490486094345,0.17376684525060554,0.1701669659040951,0.2886204127191758,0.3219032268618569,0.29949711379134597,0.07343819771531161,0.0,0.3211670321742872,0.31962064483478214,0.13797762824122975,0.17814433594889406,0.3004554166002314,0.29741048966359473,0.06622927773356152,0.16703250351481355,0.28741702177666206,0.2902590663756939,0.16368194453269558,0.32224886002146064,0.2885168010520972,0.07004663919049395,0.18089589632231293,0.30252002420061497,0.16624230098692572,0.2143120480255273,0.27634766530379146,0.2943258530778143,0.28701530976368145,0.329890183127147,0.221600225500129,0.2860226997529856,0.26394137978379034,0.3021344467388454,0.29713721674066235,0.2732289397455511,0.2768082182658112,0.23633706634139845,0.23661233303278367,0.34598164114296326,0.2856811691307432,0.2874899071940776,0.2762695484128039,0.23651365186723378,0.31297382711761157,0.2977917115520245,0.27721204949361855,0.3428524460400133,0.2755202912755013,0.36196307243920467,0.2775006974934961,0.2209075720874135,0.2891738822512526,0.28666975627449304,0.3006539730166989,0.34185804226430117,0.29259819871609105,0.31275004172504706,0.3159258204484674,0.2934578639524761,0.29092091535863823,0.2855307049791462,0.28666073669978787,0.28110722662014537,0.3091077562347485
syn_Cd_0024,0.2928742646407864,0.3750355111949339,0.3321233368703722,0.36615984166701077,0.3393076869148128,0.3983982792872332,0.31301876006415574,0.3307964431983579,0.3889591521173203,0.27679091617050977,0.2667843156340955,0.38210479736636394,0.29086184564579204,0.2806501422018358,0.28925642224491394,0.35582261640727786,0.27038080976568246,0.25486838760790254,0.36074874635222676,0.36818564408746596,0.37646531261706784,0.33315810428917814,0.3211670321742872,0.0,0.3574595361992475,0.3611981432996882,0.2842215416842711,0.39643859910686924,0.1125929955050661,0.32315712005138597,0.26025544653974875,0.11978843272982036,0.35505381958973203,0.26202365781609516,0.10380225448322035,0.36318349293937835,0.3473021185946743,0.30203282264802966,0.1237333400311748,0.2677528127437105,0.3084009022095108,0.27000271210563487,0.34919721478242294,0.3616101003846471,0.14414381720793437,0.30117852471585094,0.3912529180068276,0.2799083448627743,0.354171312059334,0.32615153932358687,0.31640547949449205,0.30914777787457065,0.2879382001055696,0.29996788378578654,0.1408389562476495,0.3114933260285864,0.33179886238972434,0.29654724783649383,0.29582870204221207,0.29668145728970136,0.3919346878281175,0.2989034297445152,0.14033460627448355,0.28499544566136326,0.1531124657459832,0.32722675566018194,0.31137784760667714,0.29769324134925246,0.3861152566243122,0.3403091768559467,0.14295687512479024,0.4150501262474949,0.15605162398863093,0.3583283394131357,0.3740092247966072,0.25461167940149065,0.28736991100936027,0.3335185272798012,0.2793600269907398,0.3574880640063148
syn_Cd_0025,0.3750525972349047,0.14859317501275446,0.37177676897117706,0.38283443214827034,0.32738962355814877,0.1971510476933179,0.3102695280325552,0.3192731276131599,0.1972549367853507,0.36286732909915775,0.3536461360826182,0.0851144146912237,0.36659322199309663,0.3643110325556971,0.3855014863086441,0.16761613326158847,0.3565819066425002,0.35157098187703356,0.145822989823953,0.059112551656193106,0.16588455756561618,0.3182069115943679,0.31962064483478214,0.3574595361992475,0.0,0.36974099270196986,0.37025182887978975,0.2197714275417456,0.36816682517567084,0.32009474714489655,0.3466452542605098,0.370512172495708,0.10755562379190882,0.3359657256907154,0.3648578297210482,0.12906657984024122,0.32552609865132626,0.3794985409024287,0.3753867108930199,0.3447747242920018,0.3305749519290327,0.32510968593080225,0.3144488755892978,0.315954776350602,0.3913954791861366,0.33597669177492584,0.34111083975442646,0.29943787491578566,0.3122394677655159,0.3647631569420842,0.35026285411550273,0.3605257588178385,0.33904168447204863,0.33314505716675447,0.3863475697745931,0.3505852648364306,0.36605747251612786,0.3443896492945303,0.3579086240987802,0.3203086762283933,0.34483708156775317,0.33438586199148623,0.3777950985070865,0.2965955938876808,0.38827036618813965,0.3555898996101483,0.3425699610221132,0.346238993927086,0.3475982812952951,0.383224441353924,0.392980492879792,0.3644810804136533,0.38010311869161195,0.2985765975308152,0.32572693765033034,0.38766694195060936,0.3048977059286161,0.34665624516740795,0.2962774195289782,0.3079743037220476
syn_Cd_0026,0.1773267661989342,0.3197247964895359,0.12772807853819024,0.08944635403199092,0.12184249294696872,0.322565908920437,0.16326759582075634,0.13092767993189805,0.3082340517251989,0.186791469016254,0.20366472675599412,0.3932957058412451,0.1828290502120152,0.18763312287483624,0.17328777792135355,0.3125201223268816,0.19501782037014445,0.1965779546795618,0.3250184903589057,0.3730526504651315,0.32466679127828185,0.13699242265838651,0.13797762824122975,0.3611981432996882,0.36974099270196986,0.0,0.19044241828396874,0.3044804529165329,0.33706706342299936,0.13370158676109134,0.20608956011454863,0.32854415719591545,0.33298516061728395,0.203386892093009,0.3596439527316875,0.32663803972746897,0.13206652320507334,0.157338134286953,0.34007342013934966,0.19953841815991094,0.23471023850828532,0.2982545066342157,0.34345432090606204,0.32387574732620267,0.3695556155266951,0.2429316216725061,0.2978294255513953,0.29876494097012213,0.34885281297572723,0.3037079947919867,0.27388912825837775,0.28658144190808477,0.2600263254492559,0.26825255996846215,0.3820270940180974,0.29305255102191125,0.27708977707239957,0.2933065256264202,0.26153948022450185,0.35166274667771136,0.32980062557479256,0.293208352529816,0.38088519148493244,0.3096656688823744,0.3993641699514027,0.27541054875560234,0.23991790168009522,0.3025349579172375,0.31171137430114043,0.27934973567749877,0.38068830857218316,0.2884234148083915,0.3493690891881029,0.3669732672568302,0.3283355378137715,0.2811098807870725,0.32452535693319,0.2993658949170044,0.3184282024668744,0.348028527267392
syn_Cd_0027,0.07914207397262937,0.32267688169760245,0.19324270797593882,0.2143779860576841,0.18523804464519403,0.3388545949080217,0.2150844707849477,0.19693297608271082,0.3223610843120714,0.07645970241417172,0.08394561504263427,0.3822552534258801,0.09382716104783692,0.07626795766377512,0.09664577623590954,0.32617676749723373,0.09106995181336794,0.09709050799286717,0.3312712618556063,0.36964170271235836,0.331428652729442,0.19727830244179784,0.17814433594889406,0.2842215416842711,0.37025182887978975,0.19044241828396874,0.0,0.3316507277484849,0.25499916954925705,0.1924042114981914,0.08906453560341224,0.2449773996713144,0.3352771841988944,0.10450592792105917,0.28483194904694414,0.3290646745432571,0.19690709842915372,0.09712552434554517,0.2666326124335537,0.09385151023668453,0.22100129460292087,0.27232099092972073,0.3317033495539465,0.33197509827765853,0.2932805362348517,0.22599598471478968,0.31543652866581134,0.27343590175996113,0.351688321529231,0.2840072475132286,0.24887445232245625,0.2682269055321317,0.23284790123805535,0.2496913118173687,0.31538300452675955,0.2768825319812941,0.25256832514862854,0.2706797062542624,0.23365043647497777,0.31268239549230037,0.33645712168122666,0.2654098579731018,0.30867402335192656,0.28210809909766654,0.32813063915329904,0.2591564387886966,0.22596367617627242,0.2808245473345198,0.32569158005666793,0.26617088655534055,0.3046562274300181,0.3109705506232048,0.27445177367297235,0.35458786269934284,0.3432850003110557,0.2257902505296222,0.2963465809448299,0.2813021841847406,0.28179996448930106,0.3577362393935889
syn_Cd_0028,0.3408135672132703,0.11144001395230019,0.3328988049767637,0.30682552953524334,0.3000978973157461,0.12027827543362964,0.32229732507566616,0.2888673328240704,0.0728309341307813,0.32987362306724527,0.3229632700223979,0.23616784793564377,0.331568401170756,0.32282721199567005,0.3302639843838851,0.11442036953705909,0.32993847054287523,0.3222497534184147,0.11434061494225582,0.22229523263991097,0.09677611760898186,0.3036861430863782,0.3004554166002314,0.39643859910686924,0.2197714275417456,0.3044804529165329,0.3316507277484849,0.0,0.3805791196033255,0.30363064549935137,0.3245825830529183,0.3735942706217742,0.14471465902763841,0.3103701152585104,0.4020017806465753,0.13213720214749447,0.2980010078463151,0.33485821319677334,0.3779087887948308,0.323583255057008,0.25628468789329817,0.2674083203880851,0.2731228957465691,0.27808302567397974,0.39551354875227956,0.272158794641803,0.25920858826589643,0.29171555513340464,0.3097360806141721,0.28138581816288266,0.2655314149473976,0.27035328072293924,0.2931543759247682,0.2979466591947266,0.4073290340001315,0.26546006270919736,0.2793929542471421,0.2680225328504465,0.2947978837321549,0.3532130006078378,0.27221468756042094,0.25235561663427786,0.40523810922872594,0.2987440168592187,0.4173337032074223,0.27043907005603507,0.2697450305439207,0.2651900310027312,0.2571971596933582,0.29564803321760563,0.4064602939344094,0.2731266045595109,0.37558569318162394,0.3437493311641192,0.27662927078922717,0.36726979436223234,0.31642563815998365,0.25990153407271316,0.31692882898647196,0.27664018464033285
syn_Cd_0029,0.26338092555001824,0.3587172755802461,0.308365466046688,0.34273048323338434,0.3149223430790637,0.3915161867251176,0.2877635715610225,0.3089894354250151,0.3729376702970703,0.2481173356437371,0.24210299599986476,0.38223055974326064,0.2594693479999517,0.2518097282181342,0.2610702092759691,0.3544789694467206,0.23799079526756797,0.23282026280695933,0.3580078055225418,0.37112267910570934,0.3663468972799445,0.3035039277410127,0.29741048966359473,0.1125929955050661,0.36816682517567084,0.33706706342299936,0.25499916954925705,0.3805791196033255,0.0,0.29837293662382564,0.2332010489488993,0.09523631589207211,0.359623499706128,0.23827951311178266,0.11942724359093342,0.35717901624535875,0.31577417596199975,0.271097850413076,0.1036391804230674,0.2368251853509905,0.2878351725267585,0.2652111433295778,0.3393708181337991,0.3539092978614837,0.14307414130459975,0.2817581843074416,0.3714077870960648,0.27981861078014053,0.3618171595991003,0.3204660227213968,0.31187030090062484,0.2956429181998343,0.26831003662125746,0.2835590004018985,0.15389482533595897,0.31097373273348966,0.3263941824378691,0.2839798887922013,0.275353419353273,0.3002264342393185,0.37560537860836396,0.2913452823112708,0.15908444918159412,0.2866816296821272,0.16481242816830327,0.31762715483155424,0.29003809031095346,0.29314556978195444,0.37101216488642724,0.33415580142573875,0.13699694750384248,0.39354866619105267,0.1439067341658869,0.35910343775427217,0.3633809039915448,0.2366525707180833,0.29106382337636416,0.32420826964248833,0.28464484331458534,0.37421229020513913
syn_Cd_0030,0.1980224363363538,0.28390137059369974,0.15588983532396386,0.15114296790193638,0.07654911520779306,0.30894710863380104,0.08617653279823165,0.0752804947632266,0.28541822023445323,0.18838425315092638,0.18388819121050273,0.3335962789677415,0.1794257904213905,0.18186130319297453,0.2085763923686911,0.28151006891041463,0.17566152387641915,0.1766446829158098,0.2865263873401912,0.31994581027398866,0.2997867740377905,0.06338238010083075,0.06622927773356152,0.32315712005138597,0.32009474714489655,0.13370158676109134,0.1924042114981914,0.30363064549935137,0.29837293662382564,0.0,0.17240200165389524,0.2875502061654408,0.2875702138926684,0.16430091873222472,0.31936707953571314,0.2883259656489849,0.07969496103432334,0.19324991313825987,0.30801881991937174,0.17026868869498954,0.2145694683723789,0.2870231460623225,0.2877876394147108,0.2852456161749099,0.33041023551075754,0.2182818954814341,0.2899682972244329,0.26618431499566453,0.29731147548961673,0.31160319731795344,0.28586531823418343,0.29125762044903547,0.23116068497288214,0.23275223200121095,0.344603095047582,0.2949872919055382,0.302354485589492,0.2849867223136345,0.2297997540282195,0.30763491430536977,0.300426330004898,0.28569359820624124,0.3450917173958547,0.2773612653292996,0.36624253782364313,0.29108642446157446,0.2204831713630177,0.29618257618307875,0.2923780312043765,0.3119473284580874,0.3443789169264784,0.3008812788172667,0.3157204945052019,0.31217123823834003,0.2919988976642812,0.2952561559559427,0.2860984458190886,0.30138784495866994,0.28110110147754014,0.30803668250634486
syn_Cd_0031,0.10330851563961273,0.3075122867903376,0.20255422495028877,0.22374859486458198,0.1815836947016459,0.327647001521787,0.1974809198991437,0.18656529698914512,0.3145808478526281,0.08400761115624607,0.08036731780446525,0.36149165253039,0.10122970926840112,0.07842292196305568,0.10677899942030931,0.3105175327060519,0.08003555630168287,0.07477466647063835,0.31444238605043473,0.3495717299476497,0.31946216193233024,0.1831785656716585,0.16703250351481355,0.26025544653974875,0.3466452542605098,0.20608956011454863,0.08906453560341224,0.3245825830529183,0.2332010489488993,0.17240200165389524,0.0,0.2218051706053434,0.3177491308792975,0.07691544669962244,0.2635599034289647,0.3107174495717559,0.19038645613471045,0.11362748501247028,0.24866469209311876,0.07120110135183545,0.21268051751799547,0.25721316141307776,0.3121480485687804,0.3171660243685505,0.2718482378704919,0.21535824359465816,0.30617246519709496,0.25394394965786116,0.33154872928938256,0.27406757373779567,0.2375625093148687,0.2603278885675381,0.21992712996963268,0.2370255381610845,0.29449243870614206,0.261656801419378,0.2577667150799377,0.2635288394722683,0.22559272551320608,0.29234242615614464,0.32687886111258385,0.25565369986170666,0.2851366333681566,0.26559591418967404,0.30943196061536915,0.250318625116609,0.215682905467477,0.26620882928546313,0.3152980899914687,0.27152014875937797,0.28633717141552517,0.32006531715648956,0.25386361440463245,0.33416457193420945,0.32772144559843114,0.2324074652757916,0.27654938960557013,0.2731036606883102,0.26356528961646497,0.3384472189230272
syn_Cd_0032,0.2572192807915906,0.35239663866567283,0.3017507975428937,0.3350718001806328,0.30691300004594413,0.3829741732250014,0.28762836382580587,0.2987823001142845,0.36530416554329875,0.2390290306307202,0.23204774547846033,0.3880694858786742,0.2520341031879874,0.2435853648342137,0.2518841866614359,0.35522825129893126,0.23640770939107664,0.22622994895027737,0.35611529852536306,0.37644078542747705,0.3582303327587229,0.2974939777323974,0.28741702177666206,0.11978843272982036,0.370512172495708,0.32854415719591545,0.2449773996713144,0.3735942706217742,0.09523631589207211,0.2875502061654408,0.2218051706053434,0.0,0.3606780306514141,0.2296019630236514,0.09569397569359168,0.35567377830624924,0.31186534625348156,0.26258327823718247,0.07670774436304582,0.232054804875521,0.2794459982370162,0.25039052994050714,0.33494751166760217,0.34326317937876294,0.12392700980224891,0.2732899711066422,0.35945237007403047,0.2790742355142295,0.3538130118239416,0.30508502123778924,0.2932999531342949,0.2828047967280499,0.2620459093331755,0.28131282871487245,0.13843329512780092,0.29504698081708486,0.3102757770468875,0.26828307356802844,0.2712513683748718,0.29820798181165104,0.3603367752420194,0.2742915897614837,0.13990079199293823,0.28682613168535176,0.16092444426885547,0.3001132198255327,0.2837117621204641,0.2765791021098957,0.3572864271086993,0.31813241736228226,0.13145493589874538,0.380195440994851,0.10993109767142434,0.35522485265206705,0.35129300878874026,0.20483617913395388,0.2958059469591282,0.307891416001465,0.2851519304425525,0.3688697888683568
syn_Cd_0033,0.34564230527304113,0.10749957035738877,0.34467050722952486,0.3474318720576007,0.29257020356232527,0.17736956283158123,0.2822244375967618,0.28099873325387814,0.13082758290413674,0.3311695977946441,0.322275553639557,0.13096906854393647,0.3325937989985704,0.32724727321596314,0.35153964749217015,0.1067330460497882,0.32445961363892517,0.322326426730497,0.09590424196956554,0.10775699844542899,0.12095912872287366,0.28484259167598946,0.2902590663756939,0.35505381958973203,0.10755562379190882,0.33298516061728395,0.3352771841988944,0.14471465902763841,0.359623499706128,0.2875702138926684,0.3177491308792975,0.3606780306514141,0.0,0.30415746719815395,0.35653259774540114,0.10272899209941808,0.29270387729408265,0.34589713831666347,0.3669448659879442,0.31629022572521626,0.287548197602257,0.30310709287207155,0.25079254749681434,0.27660202963470987,0.38479234910589244,0.2837960596313972,0.29593243474152964,0.2596877723537349,0.26784414570065956,0.34620191773534503,0.3234647683785537,0.33311318414045105,0.29550823855182273,0.2833191658869789,0.3799038904402796,0.32826670064608476,0.3420655110868256,0.3198076210161215,0.3074650131255913,0.2912980800786322,0.29964759472955926,0.30974918950572283,0.3724410450082323,0.25536479995351236,0.38382725937755213,0.3309561365589139,0.2989701705714184,0.3230825602773787,0.2917785101616051,0.36012307809093813,0.3852703826381736,0.3124052869332424,0.3718907681688224,0.27519517791368,0.2841042488877474,0.3818340472697361,0.26340318924888223,0.3249179416216957,0.2582636360938939,0.2592405061873365
syn_Cd_0034,0.11770909822767073,0.29628543560856546,0.19432868241819057,0.22929319273489282,0.17877753785804168,0.316926087594368,0.18698724543469783,0.18223924546934012,0.3000887099605083,0.10029232091553165,0.09018101994300964,0.34679213735013503,0.10218014074791318,0.09171264577402212,0.11822766955188498,0.29619235561856133,0.08735178522333299,0.08003231685951427,0.3016252748157605,0.33659361593849185,0.30907696182024946,0.17314486169428592,0.16368194453269558,0.26202365781609516,0.3359657256907154,0.203386892093009,0.10450592792105917,0.3103701152585104,0.23827951311178266,0.16430091873222472,0.07691544669962244,0.2296019630236514,0.30415746719815395,0.0,0.2659238632623993,0.30260892064567707,0.19542922155665932,0.12234399265052762,0.24855020199186645,0.06828080034467011,0.20354967794080908,0.24629606825664566,0.2948309477793,0.3063364244270003,0.2765869900042247,0.20426297972050778,0.298328091012984,0.24775865874434563,0.32227973546614713,0.27085629086922547,0.23748236129718553,0.25587338684807,0.209326689830547,0.2253254038288766,0.2937541166111853,0.2528929577227795,0.2562276003532828,0.25578575300356,0.21756851187471385,0.2837727070251338,0.32184218410381016,0.24761439334438182,0.2905813861910759,0.2576307599134619,0.3130865097426829,0.25029522921466923,0.20658839208205906,0.26082208978535204,0.3091037588818982,0.2715422439171361,0.286715936295301,0.31737449014166064,0.2514922910132284,0.31996152332871997,0.3190966062007296,0.23240116589612775,0.2685041778458435,0.26626634500848884,0.2526793343053866,0.32686240743474776
syn_Cd_0035,0.2949125515623283,0.37960777474470714,0.3383181385054647,0.36793587509253617,0.34079763155285375,0.4104358207343037,0.3122349034888267,0.33204492251160506,0.3955964150272607,0.2814317014147073,0.27189237538270633,0.3820288241442635,0.2959389521202453,0.28491423075299527,0.29425454055550126,0.3590067619097042,0.27437219742699237,0.2639626749492768,0.3697291900683812,0.3720339221656094,0.38666686135886846,0.3304495135328112,0.32224886002146064,0.10380225448322035,0.3648578297210482,0.3596439527316875,0.28483194904694414,0.4020017806465753,0.11942724359093342,0.31936707953571314,0.2635599034289647,0.09569397569359168,0.35653259774540114,0.2659238632623993,0.0,0.3762577987858183,0.3437334079786949,0.30481294720376323,0.10001304972245792,0.26951842275210364,0.30579098979103625,0.2747853167322289,0.3472611502136476,0.36296523446275547,0.11861230897601907,0.29887169994056506,0.3903372497300062,0.2724250088711876,0.3522295020617274,0.3295210037625516,0.3240454617813034,0.3075637756213052,0.2838022928443316,0.2951438722882864,0.10946404195897416,0.31723193890942664,0.33651250340961264,0.2928664343813054,0.2952435864976338,0.29126803614822333,0.39121546048089717,0.29963755965619204,0.10472250625064847,0.28064103996921397,0.11848972202008473,0.3268583172619852,0.3103243237712386,0.301967591190707,0.3860383326320113,0.3451097392122399,0.1059179752287084,0.4106390538365221,0.14000575193119566,0.35161399049814995,0.3738196366733914,0.24677274630166093,0.2856784387825449,0.3340807158015912,0.2780321010707561,0.37130071684905924
syn_Cd_0036,0.33854190795336747,0.06175748931989205,0.33903380071057215,0.3323788989531445,0.2896242914840483,0.10508587231013204,0.28740080055382766,0.2821078120646835,0.10858877136846519,0.32593066587222264,0.3178412717763559,0.15952208122987788,0.3264465702657077,0.3221471023220503,0.34665850833645045,0.12477654182906084,0.32284084485586184,0.3151174842966919,0.06703175284000978,0.1387821579536486,0.08037112436817981,0.28776061062736985,0.2885168010520972,0.36318349293937835,0.12906657984024122,0.32663803972746897,0.3290646745432571,0.13213720214749447,0.35717901624535875,0.2883259656489849,0.3107174495717559,0.35567377830624924,0.10272899209941808,0.30260892064567707,0.3762577987858183,0.0,0.2908923546110352,0.339563471654728,0.35963775312313734,0.31057680298941237,0.27837814405635547,0.27964336551477104,0.25627991757705915,0.2618275162266832,0.3772466304372126,0.2858837447689848,0.275916410057114,0.2856633312545176,0.2874663641853989,0.31521833698608764,0.29726559964562815,0.30161527557830836,0.2988798157389689,0.29173793128599046,0.3869143506204569,0.29708662032501004,0.31208148783975415,0.29727005875432,0.30691551904269465,0.33624298353024645,0.27634827192781525,0.28149693622173627,0.3825734082201113,0.29350084173987906,0.396800021236976,0.3009760027425179,0.29179344314996103,0.29183076427712473,0.2745758528001492,0.32882804209415717,0.3889923790817533,0.29191920171356683,0.36297083244811373,0.31828827910595714,0.2644986855756359,0.37196181260860967,0.3074215278058855,0.2960499591142284,0.3030496920051034,0.259845746584255
syn_Cd_0037,0.20548193721485583,0.2818047029828769,0.16787352730916075,0.1380006520027068,0.06592980229475172,0.30438397034093984,0.11319320853430716,0.07013821009581475,0.28141640983450517,0.1966841378877232,0.18647019281836955,0.34140730347011095,0.19346591325048837,0.1894501734273452,0.2107911435556838,0.2843518609858792,0.19543405290433044,0.19118874623313412,0.28973847886407944,0.32508682969769215,0.2931965254637149,0.0842358424120588,0.07004663919049395,0.3473021185946743,0.32552609865132626,0.13206652320507334,0.19690709842915372,0.2980010078463151,0.31577417596199975,0.07969496103432334,0.19038645613471045,0.31186534625348156,0.29270387729408265,0.19542922155665932,0.3437334079786949,0.2908923546110352,0.0,0.19661635314989437,0.3246478709579391,0.1919797029534611,0.23372039187081434,0.29360058247220383,0.29908334787698015,0.2912236869722321,0.351156201378544,0.2404124886132225,0.28377034935723744,0.2830832636139574,0.30986959012565973,0.3063897612336457,0.27971028784156493,0.28731177602465835,0.2574897815327457,0.2589118033089668,0.36960384089749043,0.29744070959486213,0.29702842095824167,0.2876002952473388,0.25833915751584724,0.33404100778556595,0.2984316274696447,0.2889711958116755,0.3645617836573141,0.29340306098005514,0.38398098383346846,0.2883568523790041,0.24129977062312485,0.3008849659310066,0.2909218226543438,0.3070611934125921,0.36331740057100637,0.28826158703146443,0.33616722538227656,0.32688939239428144,0.2947246243877726,0.30038629597887995,0.30752606501848456,0.29757769969984976,0.30055940426653216,0.3158677939949804
syn_Cd_0038,0.07708505549400348,0.3332954601877303,0.18122900771966544,0.17769885275868863,0.17803936331542056,0.3358520664472398,0.2176705903336425,0.19836269389848243,0.326927423617804,0.09061985668417823,0.10625011859391245,0.39520924633727544,0.09600793982258024,0.0952639216228276,0.08242670545122634,0.3326686614254933,0.10835887528076783,0.1117168860404095,0.3408123083591713,0.3791468928621108,0.3371579967790527,0.19707318192267706,0.18089589632231293,0.30203282264802966,0.3794985409024287,0.157338134286953,0.09712552434554517,0.33485821319677334,0.271097850413076,0.19324991313825987,0.11362748501247028,0.26258327823718247,0.34589713831666347,0.12234399265052762,0.30481294720376323,0.339563471654728,0.19661635314989437,0.0,0.28161851688402983,0.11001878844078732,0.22427823892784307,0.27714526284165597,0.3346002192109935,0.33646078479496555,0.30604757570741675,0.22956445060198097,0.3157266494063768,0.27734999655817966,0.35199974036070897,0.28465002234141346,0.2517159254005869,0.2706712112873725,0.23832107923793822,0.2515742522960268,0.3240004670715944,0.2753070617638085,0.24990386470245352,0.27541390906323143,0.23763047819280947,0.3169803728774191,0.3430048610153811,0.2708808876531371,0.3232053794134628,0.28900073802543447,0.34076423723962884,0.2544280850341008,0.2263548167847731,0.282819635532533,0.3259163492138548,0.2602536580233653,0.31490792650539684,0.3049735546259877,0.284538535796048,0.358243647270351,0.34564677344021527,0.2271133051989105,0.3023236485918986,0.28361691382449744,0.290043503602777,0.3589903736575995
syn_Cd_0039,0.2761568945591605,0.36008597752680394,0.3155716072327479,0.3465170097752469,0.32199300792354757,0.38753120491494536,0.30071194802069334,0.31201923077192284,0.37167663690988356,0.2631515387081085,0.24751828515581756,0.3956414301466015,0.2704843807624396,0.2635439065643957,0.2698582687030423,0.36314457579138315,0.2519808133207191,0.2446605591208536,0.36005724342086426,0.38590423420747527,0.3651112606033176,0.31387271784430304,0.30252002420061497,0.1237333400311748,0.3753867108930199,0.34007342013934966,0.2666326124335537,0.3779087887948308,0.1036391804230674,0.30801881991937174,0.24866469209311876,0.07670774436304582,0.3669448659879442,0.24855020199186645,0.10001304972245792,0.35963775312313734,0.3246478709579391,0.28161851688402983,0.0,0.2529551470850147,0.28687874322490237,0.2510504200327976,0.339028180050837,0.34323852804350996,0.11678272559530652,0.28288652688999366,0.3621349135996811,0.28474591988151327,0.3548283203548335,0.30940279308739355,0.2974398616157366,0.28714421587913297,0.2717497370340985,0.2892966896303188,0.12716359489751997,0.29797348395413875,0.313729174044811,0.27166222852628563,0.2773576497845321,0.3103179009798563,0.36017628253822254,0.2773509546733509,0.11750996601744265,0.29065717862021717,0.14479263162825662,0.305960560345062,0.2918027868712545,0.28078585152362995,0.35766803223070676,0.32217038690209215,0.12424168363324528,0.3837311905770389,0.11814240751128668,0.35956202046726127,0.3502272394489262,0.20585549328042346,0.2934664905632402,0.3113498301708617,0.29027403500691107,0.3688660182282817
syn_Cd_0040,0.10154781118259738,0.3084697625399925,0.1944094404620341,0.22386853474944782,0.17570075715252342,0.3286600994321571,0.19161063913686077,0.18543049897623687,0.31030048263843407,0.09275961216612358,0.08223219379112577,0.35828989835619957,0.0927020049158745,0.08987101140289076,0.11594936525297073,0.3045504253588417,0.0713871499456891,0.07293068200517992,0.3129127948287114,0.3451531282480425,0.31763968342630017,0.1782582621576373,0.16624230098692572,0.2677528127437105,0.3447747242920018,0.19953841815991094,0.09385151023668453,0.323583255057008,0.2368251853509905,0.17026868869498954,0.07120110135183545,0.232054804875521,0.31629022572521626,0.06828080034467011,0.26951842275210364,0.31057680298941237,0.1919797029534611,0.11001878844078732,0.2529551470850147,0.0,0.21894255947264968,0.26565191890202366,0.30742410647176055,0.3174625190285383,0.28282750390540934,0.22015323992510152,0.3041531214660267,0.2629196932044803,0.33080284646859054,0.2846207835862618,0.2501205586861206,0.2700699477602207,0.2219825766338292,0.24137201279650253,0.29847731071770583,0.2728493097216545,0.26733588226313293,0.2769740453589816,0.22704925969401996,0.2980525799562444,0.32964387812320894,0.26851143510384,0.2953871244439402,0.2736408950889231,0.3131874090889709,0.26067876009430496,0.21897615525203698,0.27788648575164193,0.31841137858021046,0.28300128981321726,0.29053611953329067,0.31835733663533117,0.2594211719240626,0.33225506933683285,0.3296489269636656,0.2312121484531822,0.28509881633970857,0.2836653532490016,0.27230494116697407,0.3387396538137243
syn_Ni_0001,0.23739127704073626,0.2708161424384382,0.2597551632379628,0.2397336775747215,0.22482955987828773,0.28998054088607916,0.2299283527289575,0.20964966072833877,0.264189244413281,0.2198188568747616,0.2246724604950443,0.3519169191329442,0.23024916022012973,0.21654462987220569,0.22572972351568768,0.26345459730104565,0.2176595944363885,0.21408030354139312,0.27688922034595753,0.32833505000622276,0.2821385840114386,0.22069918677072878,0.2143120480255273,0.3084009022095108,0.3305749519290327,0.23471023850828532,0.22100129460292087,0.25628468789329817,0.2878351725267585,0.2145694683723789,0.21268051751799547,0.2794459982370162,0.287548197602257,0.20354967794080908,0.30579098979103625,0.27837814405635547,0.23372039187081434,0.22427823892784307,0.28687874322490237,0.21894255947264968,0.0,0.18273559703745682,0.25718072922211893,0.24112769726490232,0.29053052945975105,0.07054547181900492,0.2310663810022719,0.12088813624251295,0.27262899615566644,0.21006621738457867,0.18390073169807003,0.1968266962883855,0.09210862445966889,0.09403728809374289,0.3128112930860959,0.19978384006279584,0.1936974082995558,0.18105078025531562,0.1016933118202299,0.19311001124159669,0.2513627152513149,0.1788967679706837,0.3053429492460929,0.1343747142323474,0.32277659464057173,0.19137020679740574,0.054002303989540215,0.18355450583368804,0.2398223081619527,0.20891898337921733,0.31421103814919765,0.2658383471954324,0.2776453366817499,0.28119982357894174,0.2504141946520938,0.2935927691486532,0.15236719219743924,0.20202953112352148,0.14179340812228497,0.25735019355547617
syn_Ni_0002,0.28772646929809964,0.27691752085535015,0.31220340325506835,0.29183225483020736,0.29315859820816975,0.29760442444683594,0.28827564748633555,0.2733337987471436,0.2746049044432477,0.27116105467179524,0.26523528217220277,0.35678662709949605,0.282338655755941,0.2666240706584092,0.2639815834528082,0.2702561055157567,0.26627022548035867,0.25903367738268057,0.27674559804070614,0.33697115412986633,0.2735441294207539,0.29372798998910493,0.27634766530379146,0.27000271210563487,0.32510968593080225,0.2982545066342157,0.27232099092972073,0.2674083203880851,0.2652111433295778,0.2870231460623225,0.25721316141307776,0.25039052994050714,0.30310709287207155,0.24629606825664566,0.2747853167322289,0.27964336551477104,0.29360058247220383,0.27714526284165597,0.2510504200327976,0.26565191890202366,0.18273559703745682,0.0,0.29694263517894337,0.2724568467471021,0.2657036116098544,0.20718435307042554,0.2886350607791662,0.19238014631126643,0.30710860905638526,0.10866246133055052,0.09843580867567636,0.09688660561497035,0.20288494205237714,0.21778197757582915,0.2841371889107601,0.09049546910352299,0.11810165834732093,0.07182282389605525,0.21590269332992648,0.24887497881260806,0.2821194183968247,0.07111811948430619,0.2697021265539001,0.19684395519777764,0.29534013020509303,0.10642033168772781,0.19323631321462464,0.07182146491042835,0.28188189075227266,0.12641289761792543,0.2818279775837443,0.2985065857058336,0.24290650295444308,0.31936953145450075,0.27780551583890734,0.3150317104723557,0.21461049092027204,0.10396697246144533,0.21138883749171694,0.2778356470903453
syn_Ni_0003,0.33879605718791733,0.24674212014745056,0.342715664876574,0.34222417126974986,0.2999726924841895,0.2833749856505469,0.2822206003456298,0.2898580133005016,0.2600082716922389,0.32306810108138506,0.31083898358782436,0.33384139188559975,0.317712612287953,0.32356471030765155,0.33438182238359754,0.22999173182355503,0.3121363684957082,0.3111937386525868,0.24122358521725887,0.31661832510215543,0.24947078626497565,0.29237686187767814,0.2943258530778143,0.34919721478242294,0.3144488755892978,0.34345432090606204,0.3317033495539465,0.2731228957465691,0.3393708181337991,0.2877876394147108,0.3121480485687804,0.33494751166760217,0.25079254749681434,0.2948309477793,0.3472611502136476,0.25627991757705915,0.29908334787698015,0.3346002192109935,0.339028180050837,0.30742410647176055,0.25718072922211893,0.29694263517894337,0.0,0.12209803416413413,0.34054382436967817,0.2566432811650725,0.13619071378390887,0.26789435035625825,0.08720513287026549,0.337538252518584,0.3184023549123024,0.3203321065715098,0.2646296441736261,0.2601389600872244,0.34437654431549325,0.32464354996689787,0.3297838966424901,0.3128129784002219,0.27219263254242576,0.31882693880110335,0.14666659168671853,0.30815608919306964,0.34335851700839004,0.27553728221321966,0.3566843267643825,0.31803806007495583,0.2656596072668006,0.3150195559543292,0.13723691642137367,0.33906627935016886,0.34916086076089786,0.16330955626543678,0.3377476651212562,0.161482126513903,0.1259544099775213,0.34940812916544145,0.2825894286571542,0.3272868241161892,0.2788956430830819,0.14015306563084198
syn_Ni_0004,0.3416382685206654,0.2578611219633878,0.34354780035660565,0.3215322327448119,0.2996456460433386,0.29573660068045454,0.2916584667121822,0.2783780430350828,0.26106552358528795,0.32198161347890264,0.3174021405875764,0.350452670597006,0.3207041968255494,0.32263371982009365,0.3310873344314993,0.2488697012447675,0.3226398550410153,0.32126813835708123,0.26056929143083457,0.3283941436370891,0.26124012452848483,0.2878076449767907,0.28701530976368145,0.3616101003846471,0.315954776350602,0.32387574732620267,0.33197509827765853,0.27808302567397974,0.3539092978614837,0.2852456161749099,0.3171660243685505,0.34326317937876294,0.27660202963470987,0.3063364244270003,0.36296523446275547,0.2618275162266832,0.2912236869722321,0.33646078479496555,0.34323852804350996,0.3174625190285383,0.24112769726490232,0.2724568467471021,0.12209803416413413,0.0,0.34923592775511514,0.2520844867788551,0.10832426675073915,0.26450401747885943,0.09254324543692267,0.310567324334357,0.28901915545717005,0.29095822781939046,0.265868258293415,0.25325170212239917,0.3605201309826203,0.2944537164847482,0.2967564331935346,0.2852530250237613,0.2754450144737458,0.32463915372305624,0.06233851595911827,0.28228325330621257,0.35328289200327173,0.2772046856671888,0.3735902679043501,0.2912373618449638,0.2508514035210897,0.2883918324831181,0.09471985170941855,0.31106434129270666,0.36593546818544265,0.12163471847525355,0.34652956747297264,0.13207015970653407,0.06091660777695605,0.36318334290457394,0.2846097600079079,0.2974003748611253,0.28373520621958304,0.11393986113075989
syn_Ni_0005,0.3036598179046003,0.3805933031108721,0.34006357874122073,0.36999702852348304,0.3451366478643179,0.409654660583441,0.32258466426017135,0.3387273880389499,0.393760665947476,0.28968701722522694,0.2821226768793854,0.4078095868351809,0.29800077801860186,0.2913360316120216,0.3008421838823424,0.37653253666393216,0.2834575879211256,0.269828113406584,0.38011026381926083,0.3953110892162025,0.3845501684327702,0.33704136592979067,0.329890183127147,0.14414381720793437,0.3913954791861366,0.3695556155266951,0.2932805362348517,0.39551354875227956,0.14307414130459975,0.33041023551075754,0.2718482378704919,0.12392700980224891,0.38479234910589244,0.2765869900042247,0.11861230897601907,0.3772466304372126,0.351156201378544,0.30604757570741675,0.11678272559530652,0.28282750390540934,0.29053052945975105,0.2657036116098544,0.34054382436967817,0.34923592775511514,0.0,0.2865658546042453,0.36925866398455864,0.2854573211284546,0.3588169089687263,0.32104596933871904,0.3147172725480607,0.3000893761984117,0.277878514550946,0.2880259174348168,0.08146565227065002,0.3095286446709473,0.3226950499390772,0.282695690954829,0.2818990694145878,0.30682003731125346,0.3709107596538013,0.29252602256699534,0.08202480496473658,0.29068856237702434,0.09257108896667002,0.3158991474738084,0.295223032564828,0.29350627342116126,0.3645110889707191,0.3328094209808936,0.07427362947322202,0.3895128619242599,0.0882528573466318,0.3615346114879514,0.3580853142335384,0.20103417660552997,0.3006137878173566,0.3253554297894181,0.2926289350467421,0.38003928963503997
syn_Ni_0006,0.2359580138313779,0.28034530452480444,0.2573319905856644,0.2580285429024073,0.22921426884350093,0.3027011117900167,0.22705691970006336,0.21580674507988032,0.2756950712959868,0.22657524604001597,0.2316134644523568,0.3455781889192731,0.2296184664537905,0.2223538314925662,0.23813154621070104,0.26938776206979637,0.21084117176867095,0.22251315492776833,0.284012756640533,0.32974455614553705,0.2881192584593511,0.2242204620645112,0.221600225500129,0.30117852471585094,0.33597669177492584,0.2429316216725061,0.22599598471478968,0.272158794641803,0.2817581843074416,0.2182818954814341,0.21535824359465816,0.2732899711066422,0.2837960596313972,0.20426297972050778,0.29887169994056506,0.2858837447689848,0.2404124886132225,0.22956445060198097,0.28288652688999366,0.22015323992510152,0.07054547181900492,0.20718435307042554,0.2566432811650725,0.2520844867788551,0.2865658546042453,0.0,0.24667886205421224,0.11955997602983286,0.27145653729296426,0.24005721661176713,0.21288647320968387,0.2229687004388087,0.06689551716439598,0.07041584620899972,0.3097722595456251,0.22959889037638598,0.21859921775993418,0.2088516595310951,0.07995373179825746,0.17919826611450415,0.2667998280706338,0.20526760834366178,0.30006703952633035,0.12418039000595323,0.3153730924128531,0.22049444565961884,0.06457053902253938,0.21216013741004447,0.2513436646940124,0.23839622470523897,0.3052597996586404,0.2849402291737034,0.27342857983126245,0.2792831170494597,0.26129378835376316,0.2958582209841404,0.1426903810912529,0.23082711367856468,0.13506448225531287,0.2707451851577219
syn_Ni_0007,0.3211541816551859,0.26781443633132496,0.3207795438892574,0.2959920059622091,0.28626907145751807,0.2673902164423727,0.31620784824436277,0.28195339961277927,0.2486444788737039,0.305185507534835,0.3029277452353689,0.37343960429150536,0.3089810509470818,0.3072027859206133,0.3118542661997204,0.2679911193638501,0.31110851657786337,0.3055981770871822,0.2819454837875956,0.3487646602059616,0.26323090355102263,0.292019185079911,0.2860226997529856,0.3912529180068276,0.34111083975442646,0.2978294255513953,0.31543652866581134,0.25920858826589643,0.3714077870960648,0.2899682972244329,0.30617246519709496,0.35945237007403047,0.29593243474152964,0.298328091012984,0.3903372497300062,0.275916410057114,0.28377034935723744,0.3157266494063768,0.3621349135996811,0.3041531214660267,0.2310663810022719,0.2886350607791662,0.13619071378390887,0.10832426675073915,0.36925866398455864,0.24667886205421224,0.0,0.2917453385200743,0.1300348753961017,0.286954838888941,0.2708432610593396,0.2720017914710866,0.2697613963089313,0.27111604592517136,0.3849141599148625,0.27779173587933137,0.27379627055252465,0.28281883084573495,0.2686024684304375,0.35904687566693033,0.10416168152570039,0.2775388445322195,0.3836492805601951,0.29800812198380705,0.3968011162615788,0.26823998512270647,0.23568981123173355,0.28184616625524916,0.09447159556236036,0.28612367330952954,0.38855801222583103,0.08720865762264385,0.35501782178390634,0.1975986320124985,0.09828900393274655,0.3330924906484002,0.31551039499488126,0.27752900907955097,0.3104808011902201,0.16240290200935872
syn_Ni_0008,0.2881762358310727,0.2860669288334378,0.30398361670566243,0.3036484771498885,0.28042422688209073,0.3248818389283032,0.25918067449347176,0.26341927359342654,0.2977532992291611,0.26984087025917236,0.2692771412218656,0.30859941497036325,0.2827897353865399,0.2672394486962258,0.27253135830139835,0.2548661577981155,0.2627122162507725,0.2594950733355752,0.2799887509716732,0.29172200817342797,0.2993288770982438,0.27139742134434586,0.26394137978379034,0.2799083448627743,0.29943787491578566,0.29876494097012213,0.27343590175996113,0.29171555513340464,0.27981861078014053,0.26618431499566453,0.25394394965786116,0.2790742355142295,0.2596877723537349,0.24775865874434563,0.2724250088711876,0.2856633312545176,0.2830832636139574,0.27734999655817966,0.28474591988151327,0.2629196932044803,0.12088813624251295,0.19238014631126643,0.26789435035625825,0.26450401747885943,0.2854573211284546,0.11955997602983286,0.2917453385200743,0.0,0.2665801147650564,0.23487238115407874,0.2218499086136722,0.22722279990339694,0.10936880079969681,0.09926581914400533,0.28993768945748133,0.22797590998177053,0.23314599693628466,0.2088457237678996,0.13800252176140435,0.12018387160775226,0.29325483398556734,0.20521260923674808,0.27641334098536385,0.07239442294477076,0.29290713321911754,0.23167568515289702,0.1239537123180017,0.20821405437569626,0.28771428455946396,0.24875068670978923,0.29198057531011773,0.3274925510464831,0.2814999855470686,0.25804338432438434,0.2763973958618597,0.3264067679688546,0.08110105137949854,0.22662782479412452,0.08390137789775493,0.27347572345585053
syn_Ni_0009,0.36000633606065124,0.2848958934916458,0.35726453756048726,0.3531386097876632,0.3158493267361866,0.32017124985762996,0.29105240227532536,0.2989670686396572,0.2961824233586005,0.3413469491020414,0.33373354155802326,0.340468901733555,0.3417477545938877,0.3426106323276968,0.35334033423787553,0.2608141929129774,0.3357976951429289,0.3370430420936678,0.278993031080762,0.32000282207553804,0.2887445345785913,0.2981468797700909,0.3021344467388454,0.354171312059334,0.3122394677655159,0.34885281297572723,0.351688321529231,0.3097360806141721,0.3618171595991003,0.29731147548961673,0.33154872928938256,0.3538130118239416,0.26784414570065956,0.32227973546614713,0.3522295020617274,0.2874663641853989,0.30986959012565973,0.35199974036070897,0.3548283203548335,0.33080284646859054,0.27262899615566644,0.30710860905638526,0.08720513287026549,0.09254324543692267,0.3588169089687263,0.27145653729296426,0.1300348753961017,0.2665801147650564,0.0,0.3491233369575232,0.3266947028010073,0.33161632574387223,0.28025148328153154,0.26912486527130736,0.3563514706222981,0.33355408113176105,0.3379599136860887,0.3240183762832288,0.2865919494036445,0.3181147923916879,0.12140938790476871,0.3195589497979128,0.3468538482787556,0.2739762710370082,0.36532281495657526,0.3290015088421397,0.2811934844943069,0.3244822774466776,0.1197653352318776,0.3493297734503458,0.36913708167672965,0.1535926690021932,0.35602122171563405,0.12192889835775483,0.09593670107808097,0.3738996169649104,0.27680141617123616,0.33919164173644367,0.2749479324346255,0.1157979874913886
syn_Ni_0010,0.29725509167635517,0.3094023441825277,0.3241150979104048,0.2925301532170347,0.3063638723150992,0.28661933058963396,0.3337695365646646,0.29677176702581975,0.28589084304373774,0.2819561173579892,0.28176665316472804,0.4005493699175538,0.29702331521860187,0.283716618142885,0.2714460077261495,0.3145917605633121,0.2850852164583161,0.27956856794248786,0.3166910689429531,0.3807866036521112,0.3031318945000992,0.31531121255534855,0.29713721674066235,0.32615153932358687,0.3647631569420842,0.3037079947919867,0.2840072475132286,0.28138581816288266,0.3204660227213968,0.31160319731795344,0.27406757373779567,0.30508502123778924,0.34620191773534503,0.27085629086922547,0.3295210037625516,0.31521833698608764,0.3063897612336457,0.28465002234141346,0.30940279308739355,0.2846207835862618,0.21006621738457867,0.10866246133055052,0.337538252518584,0.310567324334357,0.32104596933871904,0.24005721661176713,0.286954838888941,0.23487238115407874,0.3491233369575232,0.0,0.09504412555964693,0.06616967899262555,0.23999652329908158,0.26169083658325354,0.33950617122401605,0.06912687792369174,0.0868242601816896,0.09575197817726183,0.24647816613942725,0.29560541364200016,0.3073822658256941,0.08807783137315506,0.3253890060263264,0.242350762269591,0.3481744684720721,0.08055458552570666,0.21400867210980362,0.07486450090601003,0.29231484659513407,0.07570400224076548,0.3354695872768076,0.2872143543547797,0.29819739146033675,0.3589038203481362,0.3123125321750079,0.3241870975204,0.2636790075369286,0.06054841523950825,0.25889958179412104,0.308964143364496
syn_Ni_0011,0.2649258759035463,0.28873403377354,0.29567848911728933,0.26918220980417434,0.2830019850926203,0.27702892103633303,0.30925788503706936,0.27218210640811163,0.27111745340544036,0.24613177494207103,0.2399440002415824,0.38517846801936245,0.26271455696924945,0.2448192952230712,0.23282517258256827,0.29576609898624606,0.2477530954684228,0.237988043062721,0.29739589798712107,0.36328871476157265,0.28503278793510933,0.28937034000446055,0.2732289397455511,0.31640547949449205,0.35026285411550273,0.27388912825837775,0.24887445232245625,0.2655314149473976,0.31187030090062484,0.28586531823418343,0.2375625093148687,0.2932999531342949,0.3234647683785537,0.23748236129718553,0.3240454617813034,0.29726559964562815,0.27971028784156493,0.2517159254005869,0.2974398616157366,0.2501205586861206,0.18390073169807003,0.09843580867567636,0.3184023549123024,0.28901915545717005,0.3147172725480607,0.21288647320968387,0.2708432610593396,0.2218499086136722,0.3266947028010073,0.09504412555964693,0.0,0.09687627510580313,0.22218992979575047,0.24161517920926012,0.32979229525797743,0.07558250233485822,0.07127111779162743,0.09346121962578266,0.2327386967802172,0.2846673826840962,0.2932144337588473,0.07550011977822939,0.31754662813863155,0.22719825959359893,0.3403849365211926,0.07138686583078865,0.19189925727581686,0.08610777085787057,0.27936994958606487,0.09398233997978496,0.3306213593366527,0.2725659599847498,0.2896182906389447,0.34171342809377325,0.2962467125153708,0.29429306562878704,0.24942888963830295,0.08060304037172222,0.2412114302579792,0.2940524572486028
syn_Ni_0012,0.2802825599717255,0.29661190389459097,0.3054688688359996,0.2782922724578766,0.28655725624228645,0.28485578642331344,0.3129986024884468,0.2776854458266148,0.2737904895280387,0.265185254082261,0.2629901207136076,0.389643583425804,0.27808520558600847,0.26386219551197176,0.2576773372246017,0.3017952095800697,0.26543245646332025,0.26213654741958214,0.30365393673180946,0.36994659590008266,0.2919193752080108,0.29435806073357734,0.2768082182658112,0.30914777787457065,0.3605257588178385,0.28658144190808477,0.2682269055321317,0.27035328072293924,0.2956429181998343,0.29125762044903547,0.2603278885675381,0.2828047967280499,0.33311318414045105,0.25587338684807,0.3075637756213052,0.30161527557830836,0.28731177602465835,0.2706712112873725,0.28714421587913297,0.2700699477602207,0.1968266962883855,0.09688660561497035,0.3203321065715098,0.29095822781939046,0.3000893761984117,0.2229687004388087,0.2720017914710866,0.22722279990339694,0.33161632574387223,0.06616967899262555,0.09687627510580313,0.0,0.22293219194251193,0.24844730789437106,0.3166993762926265,0.0754450441661115,0.08828730090014274,0.08466300945191735,0.22607123652073893,0.28366567336169346,0.29076533528342396,0.09034089615681319,0.30718768536183544,0.22889323945956164,0.32757250368820157,0.08217351165927429,0.19979537373507192,0.07067797920434016,0.2757446577774392,0.08532453547622204,0.31405006337515823,0.27552033622972655,0.2793200899651604,0.34136652608255674,0.2969232093353401,0.3091388527006244,0.24986176503922045,0.06811612170211623,0.2503816356481351,0.3026838006682361
syn_Ni_0013,0.2434978111075308,0.2924562489144093,0.2677058964586047,0.2757823907384627,0.2472887956599487,0.32099519002406723,0.23074373726919029,0.23044372148428402,0.29213639296346106,0.2337270713266388,0.23567886110903674,0.34984490352436176,0.23420674201485067,0.229480195370496,0.24458230563542308,0.2798891172959617,0.21601120663485823,0.2275380360909649,0.29626391764296106,0.33545969039540396,0.3012061121890904,0.2365519678485181,0.23633706634139845,0.2879382001055696,0.33904168447204863,0.2600263254492559,0.23284790123805535,0.2931543759247682,0.26831003662125746,0.23116068497288214,0.21992712996963268,0.2620459093331755,0.29550823855182273,0.209326689830547,0.2838022928443316,0.2988798157389689,0.2574897815327457,0.23832107923793822,0.2717497370340985,0.2219825766338292,0.09210862445966889,0.20288494205237714,0.2646296441736261,0.265868258293415,0.277878514550946,0.06689551716439598,0.2697613963089313,0.10936880079969681,0.28025148328153154,0.23999652329908158,0.22218992979575047,0.22293219194251193,0.0,0.07590701872620487,0.30015421749419985,0.22606076937966788,0.22892280532188616,0.21155295302109553,0.07753475981672123,0.15700066820280195,0.27892947017954833,0.2064643097981578,0.2892091846677017,0.11423529181088253,0.3035729032780086,0.2307368145339728,0.07780326377900336,0.21287150630564966,0.2759066411843426,0.23915904297414714,0.29562112502988297,0.30773633752881513,0.2629990680778075,0.2835935726341363,0.2730091991282558,0.30475997277994665,0.12295145864563058,0.2328529347031373,0.12350792088809799,0.2865509691241183
syn_Ni_0014,0.2624826802927577,0.2887078496527158,0.2675976277152438,0.28484464523609043,0.2457545538100145,0.3253264219591532,0.22497043821597626,0.23785318886686038,0.3008056805628356,0.2504749915424181,0.25361787381917156,0.3368243189702958,0.2503916728663431,0.24578968209954483,0.2635172673184587,0.2776620614305555,0.23259739900178608,0.24332084574954085,0.2869019385331906,0.32061039769978034,0.3008650830781482,0.23899360947914142,0.23661233303278367,0.29996788378578654,0.33314505716675447,0.26825255996846215,0.2496913118173687,0.2979466591947266,0.2835590004018985,0.23275223200121095,0.2370255381610845,0.28131282871487245,0.2833191658869789,0.2253254038288766,0.2951438722882864,0.29173793128599046,0.2589118033089668,0.2515742522960268,0.2892966896303188,0.24137201279650253,0.09403728809374289,0.21778197757582915,0.2601389600872244,0.25325170212239917,0.2880259174348168,0.07041584620899972,0.27111604592517136,0.09926581914400533,0.26912486527130736,0.26169083658325354,0.24161517920926012,0.24844730789437106,0.07590701872620487,0.0,0.3063915483988963,0.25592178095377927,0.24931118899864002,0.22691906278524698,0.09508982753971243,0.15333968351097083,0.2792536449315018,0.22771956999175516,0.29950912254832335,0.10995082669329408,0.3140871113504916,0.24615071047417983,0.09003845922811418,0.23657264479698348,0.2735624721222926,0.26860682771011096,0.3035556406301443,0.30889405753318466,0.28322652395072606,0.2681563186420716,0.2642794065995154,0.31917038755861316,0.11800503372456649,0.2511827877450778,0.11392444562468605,0.2758033680541666
syn_Ni_0015,0.32350669380213365,0.39191106206571086,0.3555083506842461,0.38640994950090646,0.3626096001163855,0.42021914540260047,0.3367730801301364,0.3521864041311587,0.40325068437391975,0.3075594450452761,0.30072957262317407,0.4039491609017076,0.31429227923961445,0.31098143304442377,0.318345998353377,0.37471668074781667,0.30171086098818883,0.28498584109665154,0.38112080804325665,0.3911367719391307,0.39695286007498776,0.3517715617657334,0.34598164114296326,0.1408389562476495,0.3863475697745931,0.3820270940180974,0.31538300452675955,0.4073290340001315,0.15389482533595897,0.344603095047582,0.29449243870614206,0.13843329512780092,0.3799038904402796,0.2937541166111853,0.10946404195897416,0.3869143506204569,0.36960384089749043,0.3240004670715944,0.12716359489751997,0.29847731071770583,0.3128112930860959,0.2841371889107601,0.34437654431549325,0.3605201309826203,0.08146565227065002,0.3097722595456251,0.3849141599148625,0.28993768945748133,0.3563514706222981,0.33950617122401605,0.32979229525797743,0.3166993762926265,0.30015421749419985,0.3063915483988963,0.0,0.32944458933454246,0.341784734393883,0.2982106534223906,0.30397854859262347,0.3114427096241401,0.3881541511456125,0.31010416794571855,0.07569479945200094,0.2984525888255017,0.08022373548791376,0.33109115890840835,0.3170064848485073,0.31002745257951014,0.380359211102571,0.351989371109366,0.07097809730984087,0.4091083974180772,0.11121243051434118,0.3630908259648851,0.3720958283737735,0.21412116633256353,0.3035146124477819,0.3401231066683177,0.29849599222357814,0.3829326549685383
syn_Ni_0016,0.28349136126107966,0.2898526158065386,0.31850266102647606,0.28753384948854704,0.3004579177155996,0.27456151885019864,0.31822177622359404,0.2814385942049435,0.27059330578071467,0.27429028030734104,0.2701978816552035,0.385007630012138,0.288148632369526,0.27282619479413717,0.26280391170906336,0.29544310664043316,0.27418330715296907,0.26647988347786955,0.30172802927030934,0.3648781125762991,0.28818910930160013,0.30048317691475673,0.2856811691307432,0.3114933260285864,0.3505852648364306,0.29305255102191125,0.2768825319812941,0.26546006270919736,0.31097373273348966,0.2949872919055382,0.261656801419378,0.29504698081708486,0.32826670064608476,0.2528929577227795,0.31723193890942664,0.29708662032501004,0.29744070959486213,0.2753070617638085,0.29797348395413875,0.2728493097216545,0.19978384006279584,0.09049546910352299,0.32464354996689787,0.2944537164847482,0.3095286446709473,0.22959889037638598,0.27779173587933137,0.22797590998177053,0.33355408113176105,0.06912687792369174,0.07558250233485822,0.0754450441661115,0.22606076937966788,0.25592178095377927,0.32944458933454246,0.0,0.08500710692629268,0.08403975916746709,0.23549145176268685,0.2838544717429266,0.2956389559667882,0.06920872101847203,0.31452118486305597,0.2330277107800414,0.3404082332912652,0.07554336089087321,0.2037788138061915,0.06388323587158759,0.2804545930869138,0.0873837810291349,0.328265773738946,0.28277269691689183,0.28691963760509037,0.3471922386288968,0.2970479959814865,0.3197071079866059,0.25515023817950827,0.06518891767728713,0.24534938337881956,0.29638338844062884
syn_Ni_0017,0.2604379950914797,0.30575297914919947,0.2986593056911168,0.26212912816370754,0.29072576348647067,0.2871085505052298,0.3244739674697346,0.2850904937293516,0.28140610960013956,0.24735591067170892,0.25613333817277334,0.4025558958498805,0.26366491838401745,0.2477160303015115,0.23768563566889286,0.3105782887252698,0.2573719469999821,0.2583497078624338,0.3135732997884647,0.37983860004728837,0.2998144265049119,0.303994812229407,0.2874899071940776,0.33179886238972434,0.36605747251612786,0.27708977707239957,0.25256832514862854,0.2793929542471421,0.3263941824378691,0.302354485589492,0.2577667150799377,0.3102757770468875,0.3420655110868256,0.2562276003532828,0.33651250340961264,0.31208148783975415,0.29702842095824167,0.24990386470245352,0.313729174044811,0.26733588226313293,0.1936974082995558,0.11810165834732093,0.3297838966424901,0.2967564331935346,0.3226950499390772,0.21859921775993418,0.27379627055252465,0.23314599693628466,0.3379599136860887,0.0868242601816896,0.07127111779162743,0.08828730090014274,0.22892280532188616,0.24931118899864002,0.341784734393883,0.08500710692629268,0.0,0.10206149488298694,0.24197365609946192,0.2952436992894216,0.29623803584643144,0.09618934329086967,0.3300299296231981,0.23663033409218806,0.3509174833838654,0.06554858927297146,0.1987872825307386,0.09144289285397433,0.28146045707594736,0.06980808806282734,0.34154306638599147,0.25847482329315136,0.29968241143383745,0.348954161892169,0.299687110329406,0.29409185622560763,0.26001159622470166,0.08156815354954483,0.2543823777300601,0.3016346974985532
syn_Ni_0018,0.2855035431807927,0.28959485467089585,0.3075630394364126,0.2887839609408081,0.2911423856030331,0.2960956722351242,0.30277167545020656,0.27205067738375105,0.27424010587479936,0.2706221620220133,0.2667057208729248,0.37414701554488083,0.2832709839642702,0.2666209636832147,0.263084456767892,0.290395466143596,0.2748052809728799,0.2660485117816375,0.2969097960634674,0.3563750675952911,0.28705749404807596,0.2892057590708211,0.2762695484128039,0.29654724783649383,0.3443896492945303,0.2933065256264202,0.2706797062542624,0.2680225328504465,0.2839798887922013,0.2849867223136345,0.2635288394722683,0.26828307356802844,0.3198076210161215,0.25578575300356,0.2928664343813054,0.29727005875432,0.2876002952473388,0.27541390906323143,0.27166222852628563,0.2769740453589816,0.18105078025531562,0.07182282389605525,0.3128129784002219,0.2852530250237613,0.282695690954829,0.2088516595310951,0.28281883084573495,0.2088457237678996,0.3240183762832288,0.09575197817726183,0.09346121962578266,0.08466300945191735,0.21155295302109553,0.22691906278524698,0.2982106534223906,0.08403975916746709,0.10206149488298694,0.0,0.21179838727751907,0.2656571915481886,0.28583320181894323,0.0649872833381897,0.2889231550659457,0.21554458380227418,0.31080572519155003,0.08983891461314643,0.1940873115702691,0.05990055089141125,0.2730761820766119,0.11347603228131149,0.2981914495771121,0.29232571139952335,0.2628903233796327,0.3351618843235018,0.29218362703521783,0.31625768573886354,0.2343037617192018,0.0852714166355026,0.23020880366137678,0.2950668433621171
syn_Ni_0019,0.24667869470622922,0.3019290413683647,0.2642087114012352,0.28031910672679394,0.24379537251972935,0.31920689793714574,0.23801167008722923,0.23272947172546007,0.2957010275236535,0.2372261454494377,0.23740600842624995,0.3637782930019242,0.23427934323688437,0.2294450716248791,0.24654489927462345,0.29149144473272826,0.21912028092421718,0.23270957789667693,0.303611182416026,0.34895021126646375,0.3080006672445245,0.23534501160236235,0.23651365186723378,0.29582870204221207,0.3579086240987802,0.26153948022450185,0.23365043647497777,0.2947978837321549,0.275353419353273,0.2297997540282195,0.22559272551320608,0.2712513683748718,0.3074650131255913,0.21756851187471385,0.2952435864976338,0.30691551904269465,0.25833915751584724,0.23763047819280947,0.2773576497845321,0.22704925969401996,0.1016933118202299,0.21590269332992648,0.27219263254242576,0.2754450144737458,0.2818990694145878,0.07995373179825746,0.2686024684304375,0.13800252176140435,0.2865919494036445,0.24647816613942725,0.2327386967802172,0.22607123652073893,0.07753475981672123,0.09508982753971243,0.30397854859262347,0.23549145176268685,0.24197365609946192,0.21179838727751907,0.0,0.1800894396467213,0.2869779792235033,0.2123314382989965,0.2970896774308072,0.13997750431339423,0.3092037031209539,0.2383011630139941,0.09602041448937924,0.22059919632610697,0.27555269267620985,0.24926041397557486,0.30081282479546306,0.30256792061478166,0.27523257248442856,0.3014614211515164,0.28393131042484987,0.3061608028668705,0.14383956186626112,0.24317157938333694,0.14325099680150838,0.29530748676282476
syn_Ni_0020,0.3296965304968496,0.3376697757498713,0.32911513786523544,0.3590535865009445,0.3252062721875345,0.37577325218697066,0.29609785114631376,0.31353448642808845,0.3539219303220167,0.3093576250189269,0.30459650575781155,0.2925558170064912,0.3145109824382494,0.30600994921217756,0.32036548532867953,0.30971004376595385,0.3008918016608909,0.2922013252349744,0.33286423569747753,0.30652842915069234,0.3519413811359869,0.31559424693966104,0.31297382711761157,0.29668145728970136,0.3203086762283933,0.35166274667771136,0.31268239549230037,0.3532130006078378,0.3002264342393185,0.30763491430536977,0.29234242615614464,0.29820798181165104,0.2912980800786322,0.2837727070251338,0.29126803614822333,0.33624298353024645,0.33404100778556595,0.3169803728774191,0.3103179009798563,0.2980525799562444,0.19311001124159669,0.24887497881260806,0.31882693880110335,0.32463915372305624,0.30682003731125346,0.17919826611450415,0.35904687566693033,0.12018387160775226,0.3181147923916879,0.29560541364200016,0.2846673826840962,0.28366567336169346,0.15700066820280195,0.15333968351097083,0.3114427096241401,0.2838544717429266,0.2952436992894216,0.2656571915481886,0.1800894396467213,0.0,0.35479215951947835,0.26077319372816127,0.298367361269527,0.1042660923577567,0.3130400373255361,0.29189864718557273,0.19359864777904073,0.2661823303005791,0.3482808920231238,0.3089879336487421,0.3117421951576961,0.3932322135131623,0.3051968038224977,0.26343467711193264,0.3387409084133947,0.3602146508989637,0.09777322060852202,0.2870788839813826,0.10045696831423578,0.3284591728578327
syn_Ni_0021,0.34681169305323745,0.26561478793694326,0.3513489691469573,0.32507042526417057,0.30925597505248376,0.2904260189554453,0.31355585463591934,0.29276398843594503,0.25663787217932577,0.32676354601612045,0.3256413449481265,0.38049132260141283,0.3271627474990951,0.3270989474645714,0.336086134954429,0.269667662370424,0.3352559590633799,0.3316863043128538,0.2768674794314889,0.35639396208312085,0.26056312731210907,0.30386771785555405,0.2977917115520245,0.3919346878281175,0.34483708156775317,0.32980062557479256,0.33645712168122666,0.27221468756042094,0.37560537860836396,0.300426330004898,0.32687886111258385,0.3603367752420194,0.29964759472955926,0.32184218410381016,0.39121546048089717,0.27634827192781525,0.2984316274696447,0.3430048610153811,0.36017628253822254,0.32964387812320894,0.2513627152513149,0.2821194183968247,0.14666659168671853,0.06233851595911827,0.3709107596538013,0.2667998280706338,0.10416168152570039,0.29325483398556734,0.12140938790476871,0.3073822658256941,0.2932144337588473,0.29076533528342396,0.27892947017954833,0.2792536449315018,0.3881541511456125,0.2956389559667882,0.29623803584643144,0.28583320181894323,0.2869779792235033,0.35479215951947835,0.0,0.28303295305030357,0.37968866977902854,0.30782657400681185,0.3976087719084035,0.2896227167869446,0.2614259076074789,0.2886432304286523,0.08751110016494512,0.30886167385651825,0.3901103871617054,0.10854874510935968,0.36052004805763194,0.15551906295624385,0.07713816485492751,0.36912935267771046,0.3129296983617917,0.29746353968824657,0.3150546491006627,0.13194730626598702
syn_Ni_0022,0.28109569998164646,0.2754135845979324,0.3092308506249387,0.28664476164326286,0.2920137264234855,0.28126394069792265,0.2986861504041943,0.27174907764372885,0.26124828170646136,0.2653059555278312,0.25812757375546147,0.3658703606806678,0.2753894036583454,0.2619031517755801,0.2576797232062953,0.2800444154114671,0.2641700688086117,0.25976539806482907,0.2814969971552564,0.3466113226490476,0.273327938476833,0.2915013293744176,0.27721204949361855,0.2989034297445152,0.33438586199148623,0.293208352529816,0.2654098579731018,0.25235561663427786,0.2913452823112708,0.28569359820624124,0.25565369986170666,0.2742915897614837,0.30974918950572283,0.24761439334438182,0.29963755965619204,0.28149693622173627,0.2889711958116755,0.2708808876531371,0.2773509546733509,0.26851143510384,0.1788967679706837,0.07111811948430619,0.30815608919306964,0.28228325330621257,0.29252602256699534,0.20526760834366178,0.2775388445322195,0.20521260923674808,0.3195589497979128,0.08807783137315506,0.07550011977822939,0.09034089615681319,0.2064643097981578,0.22771956999175516,0.31010416794571855,0.06920872101847203,0.09618934329086967,0.0649872833381897,0.2123314382989965,0.26077319372816127,0.28303295305030357,0.0,0.2955228010426444,0.20632258660081254,0.31794452192032646,0.08995283383252417,0.18928375024817104,0.06399703899519779,0.271246156867114,0.10570708807771453,0.3089349664238642,0.28752741622436784,0.2679443474453873,0.32919332488603653,0.2841957801760127,0.31226382221568977,0.23035576932308818,0.08225566054857918,0.22281274313250687,0.2833982939299992
syn_Ni_0023,0.32169488112579675,0.38908993686266136,0.3564228989586855,0.38425673910903074,0.36110520218970815,0.41592241523731516,0.3340945566317433,0.34976230048532864,0.40245775336872225,0.30673421142935786,0.2956313695649896,0.40110818513825386,0.315992214488066,0.3053971195968539,0.3140523512211023,0.3688168412469193,0.29949053440009754,0.28573178999571924,0.37766193792477676,0.38849340636066,0.3918349924538159,0.35195748677058436,0.3428524460400133,0.14033460627448355,0.3777950985070865,0.38088519148493244,0.30867402335192656,0.40523810922872594,0.15908444918159412,0.3450917173958547,0.2851366333681566,0.13990079199293823,0.3724410450082323,0.2905813861910759,0.10472250625064847,0.3825734082201113,0.3645617836573141,0.3232053794134628,0.11750996601744265,0.2953871244439402,0.3053429492460929,0.2697021265539001,0.34335851700839004,0.35328289200327173,0.08202480496473658,0.30006703952633035,0.3836492805601951,0.27641334098536385,0.3468538482787556,0.3253890060263264,0.31754662813863155,0.30718768536183544,0.2892091846677017,0.29950912254832335,0.07569479945200094,0.31452118486305597,0.3300299296231981,0.2889231550659457,0.2970896774308072,0.298367361269527,0.37968866977902854,0.2955228010426444,0.0,0.2822289599426284,0.08726075676518323,0.3219085921062966,0.30843326699428075,0.2958567108844819,0.37345191063634936,0.3392896818913447,0.07953656745623203,0.40573168063237647,0.11197515753049021,0.3535327335027237,0.3649086969947582,0.22621959930148744,0.2899323115645712,0.3288284367553895,0.28095408554395496,0.368949623774392
syn_Ni_0024,0.29792227760094014,0.2940407226555415,0.3073744382500613,0.3146838881081964,0.28938044009792663,0.331949335003247,0.2691062034815985,0.27536519929237024,0.30432286192893543,0.27775551687596595,0.275102950701746,0.3008474964746542,0.29016582329225776,0.2761210379893601,0.2851294733607875,0.260916165769512,0.27159927697695313,0.2705780273365281,0.28471357513818024,0.2846151755486362,0.3056859138754803,0.28292177669724905,0.2755202912755013,0.28499544566136326,0.2965955938876808,0.3096656688823744,0.28210809909766654,0.2987440168592187,0.2866816296821272,0.2773612653292996,0.26559591418967404,0.28682613168535176,0.25536479995351236,0.2576307599134619,0.28064103996921397,0.29350084173987906,0.29340306098005514,0.28900073802543447,0.29065717862021717,0.2736408950889231,0.1343747142323474,0.19684395519777764,0.27553728221321966,0.2772046856671888,0.29068856237702434,0.12418039000595323,0.29800812198380705,0.07239442294477076,0.2739762710370082,0.242350762269591,0.22719825959359893,0.22889323945956164,0.11423529181088253,0.10995082669329408,0.2984525888255017,0.2330277107800414,0.23663033409218806,0.21554458380227418,0.13997750431339423,0.1042660923577567,0.30782657400681185,0.20632258660081254,0.2822289599426284,0.0,0.2976240094258495,0.23851577257707302,0.13918338682851736,0.214004352318461,0.2999718360878532,0.2538980761490041,0.2977204116240334,0.33419029646959114,0.2859596154938152,0.25732295491126456,0.290805532316687,0.3323737885632161,0.07118296251610982,0.22937882056834663,0.07147942019299068,0.2716954279558621
syn_Ni_0025,0.33677556210657145,0.403318239207527,0.3743224199270494,0.40296028093614894,0.3822865138641009,0.4341529301179931,0.35110772685517155,0.36733747812986545,0.4168761304140692,0.3262987833565567,0.31273664117724853,0.4026725565060684,0.3314920731353019,0.32182708453383607,0.3355703608564175,0.38013018876751764,0.3150342660238012,0.3020696179432046,0.392720923847502,0.39095755080354566,0.4086611147445636,0.3692375138272975,0.36196307243920467,0.1531124657459832,0.38827036618813965,0.3993641699514027,0.32813063915329904,0.4173337032074223,0.16481242816830327,0.36624253782364313,0.30943196061536915,0.16092444426885547,0.38382725937755213,0.3130865097426829,0.11848972202008473,0.396800021236976,0.38398098383346846,0.34076423723962884,0.14479263162825662,0.3131874090889709,0.32277659464057173,0.29534013020509303,0.3566843267643825,0.3735902679043501,0.09257108896667002,0.3153730924128531,0.3968011162615788,0.29290713321911754,0.36532281495657526,0.3481744684720721,0.3403849365211926,0.32757250368820157,0.3035729032780086,0.3140871113504916,0.08022373548791376,0.3404082332912652,0.3509174833838654,0.31080572519155003,0.3092037031209539,0.3130400373255361,0.3976087719084035,0.31794452192032646,0.08726075676518323,0.2976240094258495,0.0,0.34669251823939706,0.324696947682902,0.3195014566192002,0.39806011543177494,0.36585468193813075,0.07141854405346902,0.4200210790158018,0.11895447723470559,0.3654402642046702,0.38675062128494136,0.2372607452191756,0.30606086691816264,0.35057825529550807,0.29788062677830146,0.3904182158635388
syn_Ni_0026,0.26607504239185015,0.2958543494678941,0.2985548923835295,0.2647047647879843,0.28193850568715945,0.27958447623935107,0.31443497826279354,0.2783370893639938,0.27375340405240267,0.2492355049988383,0.25209704889540785,0.38684432076322534,0.26377187464317187,0.2515277947406142,0.2375825413698141,0.30047606169317487,0.256898474691798,0.25301910713831444,0.3038150507765908,0.3681724955910781,0.2923163119249676,0.29432954437860454,0.2775006974934961,0.32722675566018194,0.3555898996101483,0.27541054875560234,0.2591564387886966,0.27043907005603507,0.31762715483155424,0.29108642446157446,0.250318625116609,0.3001132198255327,0.3309561365589139,0.25029522921466923,0.3268583172619852,0.3009760027425179,0.2883568523790041,0.2544280850341008,0.305960560345062,0.26067876009430496,0.19137020679740574,0.10642033168772781,0.31803806007495583,0.2912373618449638,0.3158991474738084,0.22049444565961884,0.26823998512270647,0.23167568515289702,0.3290015088421397,0.08055458552570666,0.07138686583078865,0.08217351165927429,0.2307368145339728,0.24615071047417983,0.33109115890840835,0.07554336089087321,0.06554858927297146,0.08983891461314643,0.2383011630139941,0.29189864718557273,0.2896227167869446,0.08995283383252417,0.3219085921062966,0.23851577257707302,0.34669251823939706,0.0,0.196907250503086,0.08122469410100058,0.2755543769407975,0.0762548628441511,0.3333947493111404,0.2634667246213678,0.29433141801738494,0.3403204143078553,0.29183535671015054,0.2940629101577285,0.2583571108988481,0.07713551432990925,0.2544294696661856,0.3000602507110637
syn_Ni_0027,0.23354603557039144,0.2847352614432931,0.2568770960434046,0.24864254204524633,0.23099562570500756,0.3015181240500427,0.240189547583003,0.21763255197935708,0.27851403406499275,0.22715326373470351,0.23092315559174942,0.3628141399482581,0.2272712916964512,0.22280927599159042,0.23149845144429146,0.2756501232842136,0.21277150039427292,0.2239841807294216,0.29085276966544216,0.3420871737030946,0.29563793758184653,0.22597182239208774,0.2209075720874135,0.31137784760667714,0.3425699610221132,0.23991790168009522,0.22596367617627242,0.2697450305439207,0.29003809031095346,0.2204831713630177,0.215682905467477,0.2837117621204641,0.2989701705714184,0.20658839208205906,0.3103243237712386,0.29179344314996103,0.24129977062312485,0.2263548167847731,0.2918027868712545,0.21897615525203698,0.054002303989540215,0.19323631321462464,0.2656596072668006,0.2508514035210897,0.295223032564828,0.06457053902253938,0.23568981123173355,0.1239537123180017,0.2811934844943069,0.21400867210980362,0.19189925727581686,0.19979537373507192,0.07780326377900336,0.09003845922811418,0.3170064848485073,0.2037788138061915,0.1987872825307386,0.1940873115702691,0.09602041448937924,0.19359864777904073,0.2614259076074789,0.18928375024817104,0.30843326699428075,0.13918338682851736,0.324696947682902,0.196907250503086,0.0,0.19392580848566268,0.24937618130446726,0.21639712713650364,0.31370198883634554,0.273223620029927,0.28137928211629465,0.28899510659507965,0.26014163100503196,0.29765819969128465,0.15655971163712804,0.2071398014335356,0.14521923716162619,0.26926788441901406
syn_Ni_0028,0.28976675870253277,0.286183824912099,0.3200632635606908,0.29505752393011675,0.30002470294867944,0.2865995790070398,0.3115941658959722,0.28450252386944036,0.270322138502171,0.2766922126768427,0.27455846777706017,0.38001502833816775,0.2944572979086736,0.2766761434582239,0.26886074133207144,0.2893648767085562,0.2798575177370905,0.2730861275934688,0.29370898734508083,0.3586395280877736,0.2820378870932383,0.30129198188514267,0.2891738822512526,0.29769324134925246,0.346238993927086,0.3025349579172375,0.2808245473345198,0.2651900310027312,0.29314556978195444,0.29618257618307875,0.26620882928546313,0.2765791021098957,0.3230825602773787,0.26082208978535204,0.301967591190707,0.29183076427712473,0.3008849659310066,0.282819635532533,0.28078585152362995,0.27788648575164193,0.18355450583368804,0.07182146491042835,0.3150195559543292,0.2883918324831181,0.29350627342116126,0.21216013741004447,0.28184616625524916,0.20821405437569626,0.3244822774466776,0.07486450090601003,0.08610777085787057,0.07067797920434016,0.21287150630564966,0.23657264479698348,0.31002745257951014,0.06388323587158759,0.09144289285397433,0.05990055089141125,0.22059919632610697,0.2661823303005791,0.2886432304286523,0.06399703899519779,0.2958567108844819,0.214004352318461,0.3195014566192002,0.08122469410100058,0.19392580848566268,0.0,0.27585353936031987,0.0957370731321389,0.3071490614068883,0.29093685186180707,0.2691712711627029,0.33621402436133524,0.29211964845384825,0.320664331444198,0.23447929211904067,0.0675632787732585,0.22964761152399527,0.29122752571881694
syn_Ni_0029,0.33380488877903197,0.2643363309809168,0.33550501810251854,0.31085445556034386,0.29733151009762615,0.2706389145263911,0.31618302600321746,0.2837621619264932,0.24746731529490068,0.3135954658437339,0.31338667105234597,0.38026190306229474,0.3172979495103315,0.31615106211504157,0.3218133204954452,0.2676339843687022,0.3241776568230816,0.32061433589744115,0.2736713339495472,0.3555790251342213,0.25641648978285436,0.2966975904782755,0.28666975627449304,0.3861152566243122,0.3475982812952951,0.31171137430114043,0.32569158005666793,0.2571971596933582,0.37101216488642724,0.2923780312043765,0.3152980899914687,0.3572864271086993,0.2917785101616051,0.3091037588818982,0.3860383326320113,0.2745758528001492,0.2909218226543438,0.3259163492138548,0.35766803223070676,0.31841137858021046,0.2398223081619527,0.28188189075227266,0.13723691642137367,0.09471985170941855,0.3645110889707191,0.2513436646940124,0.09447159556236036,0.28771428455946396,0.1197653352318776,0.29231484659513407,0.27936994958606487,0.2757446577774392,0.2759066411843426,0.2735624721222926,0.380359211102571,0.2804545930869138,0.28146045707594736,0.2730761820766119,0.27555269267620985,0.3482808920231238,0.08751110016494512,0.271246156867114,0.37345191063634936,0.2999718360878532,0.39806011543177494,0.2755543769407975,0.24937618130446726,0.27585353936031987,0.0,0.2937101401839207,0.3839438460908557,0.11600702860457306,0.35779388336442464,0.18235372921976203,0.08299319965434031,0.353419423241957,0.30809708797657276,0.2842401040642341,0.3060414486186111,0.15346382596838118
syn_Ni_0030,0.2723255118992441,0.3233483422069515,0.3033925830939407,0.26449358447435967,0.3004966212471142,0.29551694671477663,0.33448688644703467,0.29808380787231875,0.29787561965097503,0.2576987396337214,0.27496332044948557,0.4182208703426776,0.2722890227961184,0.2681015238474263,0.24377531793642035,0.33018118181550454,0.27520359265376065,0.274433848273191,0.3304353203513905,0.3954398906933867,0.3167376788354382,0.31652358921103757,0.3006539730166989,0.3403091768559467,0.383224441353924,0.27934973567749877,0.26617088655534055,0.29564803321760563,0.33415580142573875,0.3119473284580874,0.27152014875937797,0.31813241736228226,0.36012307809093813,0.2715422439171361,0.3451097392122399,0.32882804209415717,0.3070611934125921,0.2602536580233653,0.32217038690209215,0.28300128981321726,0.20891898337921733,0.12641289761792543,0.33906627935016886,0.31106434129270666,0.3328094209808936,0.23839622470523897,0.28612367330952954,0.24875068670978923,0.3493297734503458,0.07570400224076548,0.09398233997978496,0.08532453547622204,0.23915904297414714,0.26860682771011096,0.351989371109366,0.0873837810291349,0.06980808806282734,0.11347603228131149,0.24926041397557486,0.3089879336487421,0.30886167385651825,0.10570708807771453,0.3392896818913447,0.2538980761490041,0.36585468193813075,0.0762548628441511,0.21639712713650364,0.0957370731321389,0.2937101401839207,0.0,0.3526897331307475,0.2648162770148719,0.3119904093819326,0.3612613075863627,0.31228020966271536,0.30675179452465934,0.27826539396324024,0.08152302946751483,0.2696213505643394,0.3157898241742945
syn_Ni_0031,0.31348753625068493,0.39480147133742377,0.35263125810670026,0.38386701357337677,0.35783998713964804,0.42386271963694705,0.33422751189840144,0.3504265534534917,0.4091921670910702,0.30083163377402156,0.29129632980549425,0.40473779285082073,0.3050733283289931,0.3019243325989939,0.3122821683218206,0.3811275812788315,0.2915276150153184,0.2805303435676847,0.38716165352774373,0.39555608327727854,0.3984871080589906,0.34919883584025885,0.34185804226430117,0.14295687512479024,0.392980492879792,0.38068830857218316,0.3046562274300181,0.4064602939344094,0.13699694750384248,0.3443789169264784,0.28633717141552517,0.13145493589874538,0.3852703826381736,0.286715936295301,0.1059179752287084,0.3889923790817533,0.36331740057100637,0.31490792650539684,0.12424168363324528,0.29053611953329067,0.31421103814919765,0.2818279775837443,0.34916086076089786,0.36593546818544265,0.07427362947322202,0.3052597996586404,0.38855801222583103,0.29198057531011773,0.36913708167672965,0.3354695872768076,0.3306213593366527,0.31405006337515823,0.29562112502988297,0.3035556406301443,0.07097809730984087,0.328265773738946,0.34154306638599147,0.2981914495771121,0.30081282479546306,0.3117421951576961,0.3901103871617054,0.3089349664238642,0.07953656745623203,0.2977204116240334,0.07141854405346902,0.3333947493111404,0.31370198883634554,0.3071490614068883,0.3839438460908557,0.3526897331307475,0.0,0.4082955229542069,0.10686094543221812,0.3681365463454094,0.37857125931400004,0.21423547660680486,0.3061004182652777,0.3396804391364147,0.3003158850193198,0.3912539571320183
syn_Ni_0032,0.31335260789302,0.28253770039387194,0.32103033976456175,0.2832960315871594,0.28744960247669726,0.2764971181445302,0.32861629733909686,0.2892746911305379,0.2625646932006492,0.30132194491181047,0.3108646926060752,0.39354434914181774,0.303091391016652,0.30694745861879963,0.3020111164519649,0.28382050728529185,0.31724741380820765,0.31907070750261646,0.2934827508037544,0.37054942576136873,0.27665902016185706,0.3019117237469381,0.29259819871609105,0.4150501262474949,0.3644810804136533,0.2884234148083915,0.3109705506232048,0.2731266045595109,0.39354866619105267,0.3008812788172667,0.32006531715648956,0.380195440994851,0.3124052869332424,0.31737449014166064,0.4106390538365221,0.29191920171356683,0.28826158703146443,0.3049735546259877,0.3837311905770389,0.31835733663533117,0.2658383471954324,0.2985065857058336,0.16330955626543678,0.12163471847525355,0.3895128619242599,0.2849402291737034,0.08720865762264385,0.3274925510464831,0.1535926690021932,0.2872143543547797,0.2725659599847498,0.27552033622972655,0.30773633752881513,0.30889405753318466,0.4091083974180772,0.28277269691689183,0.25847482329315136,0.29232571139952335,0.30256792061478166,0.3932322135131623,0.10854874510935968,0.28752741622436784,0.40573168063237647,0.33419029646959114,0.4200210790158018,0.2634667246213678,0.273223620029927,0.29093685186180707,0.11600702860457306,0.2648162770148719,0.4082955229542069,0.0,0.37962200600779056,0.21575887228901058,0.11758404780668931,0.33221975582241225,0.3508237108617412,0.28511351540985524,0.34743683145178633,0.17007719676076738
syn_Ni_0033,0.2833682470591706,0.3632135721116178,0.32075868146202513,0.35508442202161794,0.32959785884167575,0.3897052689452734,0.3105590439685749,0.3202042726730856,0.3720588365598417,0.2729557559135746,0.2595818070924439,0.3993880544616801,0.2794211594786585,0.27133681129792886,0.2810945745494908,0.3637698381545371,0.26343046519621643,0.24611137908546257,0.36659456887297015,0.3886591186794381,0.36606924722745293,0.3243632227056183,0.31275004172504706,0.15605162398863093,0.38010311869161195,0.3493690891881029,0.27445177367297235,0.37558569318162394,0.1439067341658869,0.3157204945052019,0.25386361440463245,0.10993109767142434,0.3718907681688224,0.2514922910132284,0.14000575193119566,0.36297083244811373,0.33616722538227656,0.284538535796048,0.11814240751128668,0.2594211719240626,0.2776453366817499,0.24290650295444308,0.3377476651212562,0.34652956747297264,0.0882528573466318,0.27342857983126245,0.35501782178390634,0.2814999855470686,0.35602122171563405,0.29819739146033675,0.2896182906389447,0.2793200899651604,0.2629990680778075,0.28322652395072606,0.11121243051434118,0.28691963760509037,0.29968241143383745,0.2628903233796327,0.27523257248442856,0.3051968038224977,0.36052004805763194,0.2679443474453873,0.11197515753049021,0.2859596154938152,0.11895447723470559,0.29433141801738494,0.28137928211629465,0.2691712711627029,0.35779388336442464,0.3119904093819326,0.10686094543221812,0.37962200600779056,0.0,0.35776184554093515,0.35165809085789285,0.17853433628186344,0.2944260372288826,0.30142474570912003,0.28731405892750317,0.37399491845040983
syn_Ni_0034,0.3643844545273327,0.3152806362312967,0.36124282487877385,0.3757909558757796,0.32837181757798123,0.35489297547220605,0.305568776140908,0.31804516936980143,0.3321018852417929,0.3444013897210011,0.33569580232569735,0.2963482691558027,0.3444219052712576,0.346707804861485,0.3576692162573959,0.29150942185178597,0.3383303377749317,0.3376689481633745,0.310895505322938,0.2896236449114003,0.32183720860280224,0.3124100126298082,0.3159258204484674,0.3583283394131357,0.2985765975308152,0.3669732672568302,0.35458786269934284,0.3437493311641192,0.35910343775427217,0.31217123823834003,0.33416457193420945,0.35522485265206705,0.27519517791368,0.31996152332871997,0.35161399049814995,0.31828827910595714,0.32688939239428144,0.358243647270351,0.35956202046726127,0.33225506933683285,0.28119982357894174,0.31936953145450075,0.161482126513903,0.13207015970653407,0.3615346114879514,0.2792831170494597,0.1975986320124985,0.25804338432438434,0.12192889835775483,0.3589038203481362,0.34171342809377325,0.34136652608255674,0.2835935726341363,0.2681563186420716,0.3630908259648851,0.3471922386288968,0.348954161892169,0.3351618843235018,0.3014614211515164,0.26343467711193264,0.15551906295624385,0.32919332488603653,0.3535327335027237,0.25732295491126456,0.3654402642046702,0.3403204143078553,0.28899510659507965,0.33621402436133524,0.18235372921976203,0.3612613075863627,0.3681365463454094,0.21575887228901058,0.35776184554093515,0.0,0.14976573887708206,0.3777960123146863,0.24498103073875596,0.3488119915842473,0.24369707608037294,0.15009265146408868
syn_Ni_0035,0.35106632169165647,0.25819006142680545,0.34838654398573593,0.3304257279962692,0.3040483322329467,0.28971736378097557,0.2994701369195547,0.2831152282862531,0.2618672869718555,0.3328850411222559,0.3260523270753537,0.36122957621765556,0.33387565710356204,0.3365271896411375,0.3426892323752104,0.2588310293052798,0.3351434074986733,0.33274182446059136,0.26647339589492036,0.3370992984010785,0.2578559477842978,0.292998122718206,0.2934578639524761,0.3740092247966072,0.32572693765033034,0.3283355378137715,0.3432850003110557,0.27662927078922717,0.3633809039915448,0.2919988976642812,0.32772144559843114,0.35129300878874026,0.2841042488877474,0.3190966062007296,0.3738196366733914,0.2644986855756359,0.2947246243877726,0.34564677344021527,0.3502272394489262,0.3296489269636656,0.2504141946520938,0.27780551583890734,0.1259544099775213,0.06091660777695605,0.3580853142335384,0.26129378835376316,0.09828900393274655,0.2763973958618597,0.09593670107808097,0.3123125321750079,0.2962467125153708,0.2969232093353401,0.2730091991282558,0.2642794065995154,0.3720958283737735,0.2970479959814865,0.299687110329406,0.29218362703521783,0.28393131042484987,0.3387409084133947,0.07713816485492751,0.2841957801760127,0.3649086969947582,0.290805532316687,0.38675062128494136,0.29183535671015054,0.26014163100503196,0.29211964845384825,0.08299319965434031,0.31228020966271536,0.37857125931400004,0.11758404780668931,0.35165809085789285,0.14976573887708206,0.0,0.3665935227426167,0.2972124351060763,0.3016298451147902,0.29566855749550164,0.13207782911828625
syn_Ni_0036,0.219366603286544,0.36659989733771764,0.2541286507204809,0.2876255279162959,0.28480113574250393,0.36988269418204683,0.31374312908324575,0.3010626149565618,0.3641707895904329,0.22423549331659465,0.2253555684728064,0.4013246196041352,0.22070259371981685,0.22386299172140778,0.2257223179157889,0.3709061375433977,0.23025561894092322,0.21899800938988098,0.37438786195775514,0.39383160707255943,0.3694704405478033,0.30038939576092655,0.29092091535863823,0.25461167940149065,0.38766694195060936,0.2811098807870725,0.2257902505296222,0.36726979436223234,0.2366525707180833,0.2952561559559427,0.2324074652757916,0.20483617913395388,0.3818340472697361,0.23240116589612775,0.24677274630166093,0.37196181260860967,0.30038629597887995,0.2271133051989105,0.20585549328042346,0.2312121484531822,0.2935927691486532,0.3150317104723557,0.34940812916544145,0.36318334290457394,0.20103417660552997,0.2958582209841404,0.3330924906484002,0.3264067679688546,0.3738996169649104,0.3241870975204,0.29429306562878704,0.3091388527006244,0.30475997277994665,0.31917038755861316,0.21412116633256353,0.3197071079866059,0.29409185622560763,0.31625768573886354,0.3061608028668705,0.3602146508989637,0.36912935267771046,0.31226382221568977,0.22621959930148744,0.3323737885632161,0.2372607452191756,0.2940629101577285,0.29765819969128465,0.320664331444198,0.353419423241957,0.30675179452465934,0.21423547660680486,0.33221975582241225,0.17853433628186344,0.3777960123146863,0.3665935227426167,0.0,0.34220616332221904,0.3226362978177485,0.33694903882014476,0.3918034177842435
syn_Ni_0037,0.3102521078052784,0.310029125699783,0.31510811709605935,0.3251707736205531,0.29848901606743256,0.34444333475565203,0.2743810136488151,0.28894758390500164,0.320955229571229,0.29225322656952074,0.28492565797958574,0.3052861718129227,0.30008512313341773,0.28692863895135673,0.30185584593827597,0.27690565340613965,0.2819047278905551,0.2825650779937919,0.30184495981657705,0.29393571205327845,0.32203561532978575,0.28981979855431844,0.2855307049791462,0.28736991100936027,0.3048977059286161,0.32452535693319,0.2963465809448299,0.31642563815998365,0.29106382337636416,0.2860984458190886,0.27654938960557013,0.2958059469591282,0.26340318924888223,0.2685041778458435,0.2856784387825449,0.3074215278058855,0.30752606501848456,0.3023236485918986,0.2934664905632402,0.28509881633970857,0.15236719219743924,0.21461049092027204,0.2825894286571542,0.2846097600079079,0.3006137878173566,0.1426903810912529,0.31551039499488126,0.08110105137949854,0.27680141617123616,0.2636790075369286,0.24942888963830295,0.24986176503922045,0.12295145864563058,0.11800503372456649,0.3035146124477819,0.25515023817950827,0.26001159622470166,0.2343037617192018,0.14383956186626112,0.09777322060852202,0.3129296983617917,0.23035576932308818,0.2899323115645712,0.07118296251610982,0.30606086691816264,0.2583571108988481,0.15655971163712804,0.23447929211904067,0.30809708797657276,0.27826539396324024,0.3061004182652777,0.3508237108617412,0.2944260372288826,0.24498103073875596,0.2972124351060763,0.34220616332221904,0.0,0.25351386013555083,0.06663521751929351,0.287917641349606
syn_Ni_0038,0.2917323315018137,0.28944012034884636,0.31915228772042703,0.2914689800828903,0.29808505567397137,0.2729091617085975,0.32174979053352804,0.28431662056996565,0.26932865153604557,0.2792652088405428,0.2740175606224454,0.37873765855585023,0.29421770611923453,0.2794646122545577,0.2708609136142232,0.2940320821287708,0.2810017900449673,0.27496339438437184,0.2982400894721849,0.36087872539104704,0.2819986204433516,0.3038114364635814,0.28666073669978787,0.3335185272798012,0.34665624516740795,0.2993658949170044,0.2813021841847406,0.25990153407271316,0.32420826964248833,0.30138784495866994,0.2731036606883102,0.307891416001465,0.3249179416216957,0.26626634500848884,0.3340807158015912,0.2960499591142284,0.29757769969984976,0.28361691382449744,0.3113498301708617,0.2836653532490016,0.20202953112352148,0.10396697246144533,0.3272868241161892,0.2974003748611253,0.3253554297894181,0.23082711367856468,0.27752900907955097,0.22662782479412452,0.33919164173644367,0.06054841523950825,0.08060304037172222,0.06811612170211623,0.2328529347031373,0.2511827877450778,0.3401231066683177,0.06518891767728713,0.08156815354954483,0.0852714166355026,0.24317157938333694,0.2870788839813826,0.29746353968824657,0.08225566054857918,0.3288284367553895,0.22937882056834663,0.35057825529550807,0.07713551432990925,0.2071398014335356,0.0675632787732585,0.2842401040642341,0.08152302946751483,0.3396804391364147,0.28511351540985524,0.30142474570912003,0.3488119915842473,0.3016298451147902,0.3226362978177485,0.25351386013555083,0.0,0.2527971515409675,0.3046491843988934
syn_Ni_0039,0.29775435104748466,0.3048227490023428,0.3158558187387483,0.3235931707417045,0.29586803331510425,0.34072723180763315,0.26712314180245367,0.28159740911408926,0.3177173731210233,0.27842000772708514,0.2743820691416833,0.2928709109611776,0.2879914329532506,0.27511514459700154,0.29085026977366385,0.275592103710738,0.27428566492409373,0.2691149432674056,0.2945333542328863,0.28154858970299707,0.31612705660226015,0.2849299805814312,0.28110722662014537,0.2793600269907398,0.2962774195289782,0.3184282024668744,0.28179996448930106,0.31692882898647196,0.28464484331458534,0.28110110147754014,0.26356528961646497,0.2851519304425525,0.2582636360938939,0.2526793343053866,0.2780321010707561,0.3030496920051034,0.30055940426653216,0.290043503602777,0.29027403500691107,0.27230494116697407,0.14179340812228497,0.21138883749171694,0.2788956430830819,0.28373520621958304,0.2926289350467421,0.13506448225531287,0.3104808011902201,0.08390137789775493,0.2749479324346255,0.25889958179412104,0.2412114302579792,0.2503816356481351,0.12350792088809799,0.11392444562468605,0.29849599222357814,0.24534938337881956,0.2543823777300601,0.23020880366137678,0.14325099680150838,0.10045696831423578,0.3150546491006627,0.22281274313250687,0.28095408554395496,0.07147942019299068,0.29788062677830146,0.2544294696661856,0.14521923716162619,0.22964761152399527,0.3060414486186111,0.2696213505643394,0.3003158850193198,0.34743683145178633,0.28731405892750317,0.24369707608037294,0.29566855749550164,0.33694903882014476,0.06663521751929351,0.2527971515409675,0.0,0.28274065215981636
syn_Ni_0040,0.3671786593200832,0.2550897398965152,0.36819414854368815,0.34396522449011835,0.32153799602735705,0.2869531068506548,0.3097724978231292,0.2999571662196697,0.2624958250781601,0.34863959605909967,0.3425966608319513,0.3445418102017194,0.351020448195417,0.34889669225941966,0.3538488989572994,0.23832944972499934,0.345688914318674,0.34477825959367936,0.25062489567711294,0.32519914712771825,0.2628641727965435,0.3095736458048583,0.3091077562347485,0.3574880640063148,0.3079743037220476,0.348028527267392,0.3577362393935889,0.27664018464033285,0.37421229020513913,0.30803668250634486,0.3384472189230272,0.3688697888683568,0.2592405061873365,0.32686240743474776,0.37130071684905924,0.259845746584255,0.3158677939949804,0.3589903736575995,0.3688660182282817,0.3387396538137243,0.25735019355547617,0.2778356470903453,0.14015306563084198,0.11393986113075989,0.38003928963503997,0.2707451851577219,0.16240290200935872,0.27347572345585053,0.1157979874913886,0.308964143364496,0.2940524572486028,0.3026838006682361,0.2865509691241183,0.2758033680541666,0.3829326549685383,0.29638338844062884,0.3016346974985532,0.2950668433621171,0.29530748676282476,0.3284591728578327,0.13194730626598702,0.2833982939299992,0.368949623774392,0.2716954279558621,0.3904182158635388,0.3000602507110637,0.26926788441901406,0.29122752571881694,0.15346382596838118,0.3157898241742945,0.3912539571320183,0.17007719676076738,0.37399491845040983,0.15009265146408868,0.13207782911828625,0.3918034177842435,0.287917641349606,0.3046491843988934,0.28274065215981636,0.0
