,syn_Cd_0001,syn_Cd_0002,syn_Cd_0003,syn_Cd_0004,syn_Cd_0005,syn_Cd_0006,syn_Cd_0007,syn_Cd_0008,syn_Cd_0009,syn_Cd_0010,syn_Cd_0011,syn_Cd_0012,syn_Cd_0013,syn_Cd_0014,syn_Cd_0015,syn_Cd_0016,syn_Cd_0017,syn_Cd_0018,syn_Cd_0019,syn_Cd_0020,syn_Cd_0021,syn_Cd_0022,syn_Cd_0023,syn_Cd_0024,syn_Cd_0025,syn_Cd_0026,syn_Cd_0027,syn_Cd_0028,syn_Cd_0029,syn_Cd_0030,syn_Cd_0031,syn_Cd_0032,syn_Cd_0033,syn_Cd_0034,syn_Cd_0035,syn_Cd_0036,syn_Cd_0037,syn_Cd_0038,syn_Cd_0039,syn_Cd_0040,syn_Ni_0001,syn_Ni_0002,syn_Ni_0003,syn_Ni_0004,syn_Ni_0005,syn_Ni_0006,syn_Ni_0007,syn_Ni_0008,syn_Ni_0009,syn_Ni_0010,syn_Ni_0011,syn_Ni_0012,syn_Ni_0013,syn_Ni_0014,syn_Ni_0015,syn_Ni_0016,syn_Ni_0017,syn_Ni_0018,syn_Ni_0019,syn_Ni_0020,syn_Ni_0021,syn_Ni_0022,syn_Ni_0023,syn_Ni_0024,syn_Ni_0025,syn_Ni_0026,syn_Ni_0027,syn_Ni_0028,syn_Ni_0029,syn_Ni_0030,syn_Ni_0031,syn_Ni_0032,syn_Ni_0033,syn_Ni_0034,syn_Ni_0035,syn_Ni_0036,syn_Ni_0037,syn_Ni_0038,syn_Ni_0039,syn_Ni_0040
syn_Cd_0001,0.0,0.3166912718650035,0.1871544220441027,0.10003245521695989,0.3215425114597117,0.19803773480132242,0.19991253692782446,0.18776122957719243,0.10812179806262315,0.09622009438004522,0.18363435365797656,0.32463348681235227,0.10145755645251504,0.19308929919833637,0.20345497006227325,0.20389249288950884,0.1874811968614126,0.19738759372848247,0.34469326759202495,0.14004865320659643,0.10976898951959799,0.16947575211163307,0.09007763009093588,0.07529518544807877,0.17645746326091508,0.19816150327027277,0.09799954066886327,0.31632447874581,0.320302890554396,0.17248411122462054,0.3219390339666181,0.2582907354133337,0.20479490174564452,0.32715893483331593,0.3198212242597422,0.24022182463290329,0.31637539717007673,0.08738875561434885,0.17460976136432832,0.08943818422230941,0.30711730746482074,0.22840316588172113,0.2341530341252166,0.2014857006597748,0.29215779609960224,0.3078657406844199,0.20424984263135895,0.227000305244233,0.26617261457836144,0.22076746916430742,0.21580506510664413,0.29274828221715954,0.24966895920803955,0.31264085472360503,0.19801724081586314,0.28349049451489455,0.21465401404926648,0.26173427216613726,0.22312549946789897,0.2159200098933578,0.28128908033093186,0.3115764875608086,0.2902349548676989,0.18657385318648248,0.2898609255912709,0.2771194521968652,0.22301298620918653,0.3042673254491558,0.24455203381156074,0.20748202877854147,0.21700306069428044,0.33188392743846945,0.20209445832909598,0.2201524333503988,0.2183565178805077,0.3083182047557029,0.31722890764096645,0.24562677678121228,0.28920573564549645,0.27896327902670764
syn_Cd_0002,0.3166912718650035,0.0,0.2972516464677048,0.29630952646627307,0.07161523450073162,0.2764071175068344,0.27463251508394837,0.2678164023525438,0.2977913502731183,0.3124828796031766,0.27519113785169225,0.1471201065054207,0.2878024348528048,0.277547060092706,0.2720551968150376,0.2698312331065912,0.27295169034713973,0.27589641259965786,0.09800392671067061,0.33044346600034036,0.3025222466298049,0.26981292514037025,0.3107622872180556,0.33043027468257374,0.2704959627071609,0.27250783977050774,0.30839968048067395,0.09502308915173385,0.06448378885265414,0.25919268007844076,0.11328798756919724,0.3495370680664868,0.27697636205091175,0.0919881159427639,0.11288216058222043,0.2647766312480117,0.0787080679965144,0.3105308334227867,0.26969005470811813,0.3027297480889193,0.390075609300296,0.2529108788448376,0.24444423473599936,0.27744310725183785,0.3702401947910523,0.2279994080171217,0.2551305912789773,0.2572844288436242,0.3042031689357833,0.24845534273406802,0.25603737054244174,0.2394291891554818,0.2974494701923642,0.23014018749559662,0.25434532469927484,0.23570137095669155,0.2726269911282761,0.28484631755600365,0.2513528703625681,0.26382670814062864,0.2465378458175847,0.2633424726951089,0.24139293134360246,0.26780412191185055,0.22976050920503638,0.36266943393415296,0.25454782184699043,0.2806664857765272,0.25970458496012677,0.2542515052368748,0.2569116528370008,0.28687221156600307,0.25483123010305364,0.24943532688143796,0.24903267201499743,0.2767804120652944,0.23740622837791617,0.25347879327954415,0.21422138113658434,0.36855478919206364
syn_Cd_0003,0.1871544220441027,0.2972516464677048,0.0,0.18996187423344962,0.31930599401850435,0.09954911652064678,0.10707311872845807,0.10372757822127245,0.1755275916370208,0.1677659127317322,0.09909316733921715,0.34403665474934514,0.17768561042651346,0.08618204299850968,0.11058903110229867,0.10230409029964445,0.08335035742328897,0.10459464123130076,0.32089662812113523,0.1926304480063356,0.1689791578127569,0.0972505529430408,0.16983831923573456,0.18987685726550813,0.10938602172537541,0.10604527271500738,0.1721191193124195,0.31940112323383885,0.2989600220360562,0.10435498857429946,0.2997664895917523,0.2870935908796709,0.10510906390595226,0.31116718411879113,0.3178657193188433,0.15869905080592525,0.29746601512793236,0.16752464184614205,0.09420166459855665,0.17673080431823787,0.33976664470237816,0.2561609511208417,0.25569106177892387,0.1940492773853241,0.32968674202717013,0.28689557373797325,0.19471931172480395,0.2641039599178856,0.2758129095419713,0.25803217479668217,0.25227395462683333,0.2793312086384241,0.22002691496974616,0.2868446000515854,0.1942146711123845,0.2661900595542923,0.24756950739444009,0.2499422970102316,0.2549938028740276,0.24737074279764396,0.2685830729479675,0.2819719754861188,0.2871372855900924,0.1911389080481741,0.2739603651630448,0.31430294726074437,0.2608017660459444,0.28015033170348874,0.26968638419841523,0.18154547268368404,0.2510866674799419,0.30890051824165277,0.18553911034129872,0.2593946815719922,0.24557080011919294,0.2783014925019035,0.29039664480097516,0.2655284716816408,0.28479977371841175,0.30900616308227274
syn_Cd_0004,0.10003245521695989,0.29630952646627307,0.18996187423344962,0.0,0.29988997394199807,0.18891496801077087,0.20186658979484096,0.18407481198926479,0.08899835106279476,0.10150263963278545,0.17706559067553887,0.3251778467373309,0.07583002368540062,0.18527500427874433,0.197532189080471,0.193579484646569,0.1853741343671757,0.19134181628930597,0.3242967046884426,0.13341774578932336,0.10493464596301431,0.1785687478432715,0.08777330733486542,0.09899014300305217,0.1733860337667348,0.18914691506318404,0.0867033356272991,0.29524906099215575,0.2980514702634186,0.16402509321374611,0.30420272266488874,0.25076751880914383,0.19716639051882226,0.3067481894993322,0.29669226376007773,0.21353632940446313,0.29755710873834285,0.08476838766835768,0.16933126910724092,0.09457882313091963,0.2998964453900512,0.20175469004118793,0.21067158626923482,0.2004936416993406,0.2726969531346041,0.2930825957876977,0.2029356890100523,0.2042486939478873,0.24271133003267947,0.19933984091056833,0.19655236505434545,0.2796218288776684,0.2502623639352464,0.2955825153231066,0.19641688687781175,0.2774458121397593,0.18775455596284563,0.2539141912498161,0.20331822341088052,0.19178308088245594,0.27425353581229395,0.3121345618918717,0.2754105438011512,0.18882475984910577,0.28286004658522346,0.26647350864331626,0.1992972722519833,0.30129908005452205,0.21014096971288887,0.2030009059142075,0.19483868756503794,0.33072544265302856,0.19562776329620743,0.20052085236127354,0.19620460542415835,0.3047171870312594,0.30256878533311876,0.21360464473763968,0.2723362298519061,0.2683525377911689
syn_Cd_0005,0.3215425114597117,0.07161523450073162,0.31930599401850435,0.29988997394199807,0.0,0.30062928979144854,0.29575020268483315,0.28823432036990465,0.30745017173718986,0.3223273021020776,0.2962704212810105,0.136583014511812,0.29190124105774673,0.3007847721131862,0.29487837448669435,0.29513475126802596,0.29473443941816235,0.29804011056290647,0.11576594919285334,0.34176212550006946,0.31194594206308024,0.28875014887649075,0.3209865376418282,0.336026282821272,0.28944097363155674,0.2946420226029132,0.3179067306662542,0.06845689989145308,0.09203253329566237,0.2776253188672865,0.12484027566377888,0.3647373465721967,0.3002795932659797,0.09232844386140437,0.0759485901900174,0.2913322200987015,0.10189444039201803,0.3166290585214719,0.2889057559383512,0.3111928397187295,0.40282655731354305,0.2601870421141974,0.26228122833062256,0.2852978136963666,0.3785247481651903,0.24358772363497613,0.2637204786978742,0.25917946076783105,0.3244156125584776,0.2418138439885419,0.2601675920649727,0.2378275300426657,0.32243021087423607,0.24498928963912728,0.2701781577033633,0.2395250456885348,0.27180669388716944,0.3088959798571284,0.25663214014433433,0.2595621136222047,0.24560452202462316,0.2832677146067224,0.23675859309149697,0.2739195089844373,0.2371603392074217,0.3771692354800125,0.2490690986154126,0.3046829005457616,0.2725694793497372,0.26774238042759035,0.2563714909177116,0.305167872024827,0.26639795819963624,0.2506273532936668,0.26320017458943684,0.3003339920353738,0.2553369982661414,0.26469296535896036,0.21345596931088928,0.3852243367489944
syn_Cd_0006,0.19803773480132242,0.2764071175068344,0.09954911652064678,0.18891496801077087,0.30062928979144854,0.0,0.08085603207928624,0.07516027639238393,0.17467700627499794,0.17428407976678992,0.06788543770034963,0.3443969193321089,0.18609255137979677,0.08403681340430097,0.06199506596618127,0.07033696033498991,0.08093710526054561,0.07732630462470033,0.29706042828236373,0.18513180944708044,0.16586606340697863,0.10170656734602017,0.1872419222433154,0.20412526373405976,0.10725711695741696,0.06032207464500593,0.18253112781444758,0.30637578657894937,0.28305706031579386,0.09269126748715788,0.2790912526453819,0.29025392443041836,0.06799835542872097,0.2929453110860136,0.29791538135436346,0.12086348674597241,0.2801070420551983,0.18177720443648163,0.08800026037281469,0.18649771112890545,0.33228618629178147,0.25000822392256683,0.2518863751150527,0.1595835830158001,0.32391651705217467,0.27883105817796777,0.16128163934871526,0.257635708217914,0.2741694904604428,0.2541919754016167,0.24679726770349292,0.2698859569187541,0.1972300305833341,0.2776664572122946,0.16633987276882908,0.26098808973631654,0.24843910068985608,0.2338760962243378,0.24809126974894968,0.25482657810761106,0.2689255522135723,0.2708839122465977,0.2918820998971826,0.17256216460665053,0.2630659738723377,0.30879923688325495,0.2548280060777519,0.27198398752498026,0.2646045057500464,0.1577839919996112,0.24859631848634367,0.2986183447002955,0.15402183863353175,0.24995204032263343,0.24367206581461848,0.27041460674099504,0.27572831162415223,0.2574400404252652,0.2727145852242904,0.30558416911983644
syn_Cd_0007,0.19991253692782446,0.27463251508394837,0.10707311872845807,0.20186658979484096,0.29575020268483315,0.08085603207928624,0.0,0.09243718330650583,0.18547386048552728,0.1804831868955549,0.09243810464310219,0.3444885293642398,0.192536977095128,0.07629529024840928,0.07260321128001047,0.08512710358983945,0.0777707260730776,0.0762971975626445,0.2950567432354878,0.19093205283757256,0.17619875092916235,0.09947746135638424,0.19061932720637434,0.2098288797157929,0.10697127394792884,0.08693705434558549,0.190659417139661,0.3097038766309052,0.2745794394172906,0.09401514306262765,0.27096267066732427,0.2890338957462966,0.08246499290157835,0.28942641848349426,0.30202621925107326,0.12693480575356186,0.2744443860042375,0.190167822182946,0.09932882579789368,0.19576250438884654,0.32419774084187214,0.25185588587569596,0.2550207079895295,0.16559822106956656,0.3194379868937874,0.27178803571207283,0.16547183505826926,0.25887883799322026,0.2628501264260529,0.2567175715424396,0.24533481660104237,0.26716454772282505,0.2014354784119851,0.26893519635889485,0.17112238833751617,0.25998026081322,0.2584088661728318,0.2342476715224515,0.25119628545721967,0.26519314505347,0.2663708587426969,0.25276896788913117,0.2929996410788072,0.18451629957018686,0.25596575330532123,0.30492005303956643,0.25817709256040217,0.25736645388896673,0.2688400592847874,0.15862847764067117,0.25526650846052323,0.2792266404421065,0.161144315339797,0.2538082742309338,0.24619209116034116,0.2549467004536237,0.26677054086543484,0.2611736674337324,0.2680644003856305,0.29910117337438263
syn_Cd_0008,0.18776122957719243,0.2678164023525438,0.10372757822127245,0.18407481198926479,0.28823432036990465,0.07516027639238393,0.09243718330650583,0.0,0.1713773751727301,0.1739224867386142,0.06580530857490187,0.33182629766968874,0.17778644557863246,0.08353694896220162,0.07592480644383763,0.06986587836134495,0.08485540802329579,0.08885433497420614,0.2903905309426869,0.19170461825266713,0.16560554337716166,0.09556695199159705,0.17603024189799713,0.199000906976154,0.09659377594130916,0.07096564023461767,0.17289123524168482,0.2899242722259201,0.2718478630027025,0.08101998972918051,0.26835384616848834,0.29172033938349246,0.08304537867879593,0.2842606018644532,0.2850339200884371,0.1273439490260965,0.2702935224220667,0.17601395673123252,0.07800695420594288,0.17749169192466763,0.3358187336180947,0.2421312320384304,0.24261327778710381,0.15826319340591846,0.32240484684764215,0.2765570749078206,0.15497583888803895,0.24878943863717146,0.28079955036894605,0.2453029231956706,0.23402080865981265,0.2706573811241533,0.2113319598505823,0.27797717089768087,0.1677659986538645,0.2562094133822224,0.2387348567296409,0.23970963198311507,0.23957399949722782,0.24592680600763012,0.2636928103493065,0.2743403915034237,0.2861289450156566,0.1717364621577797,0.26076542150953214,0.306949131918369,0.24431856149262254,0.27535427227531073,0.25770520361420013,0.15841569603758804,0.23938521236702376,0.3017601000190455,0.1598698061312865,0.24533530572820603,0.23454754550235068,0.27652668255647145,0.2767925264665115,0.2503628618212059,0.26912074411222087,0.3024998871206494
syn_Cd_0009,0.10812179806262315,0.2977913502731183,0.1755275916370208,0.08899835106279476,0.30745017173718986,0.17467700627499794,0.18547386048552728,0.1713773751727301,0.0,0.0858652832774088,0.16340150323444502,0.3356406454704832,0.09040109279425779,0.17163852828428272,0.18212232698290423,0.18347935725732167,0.17070627208035505,0.17545628601856128,0.32550984816522965,0.12508717976444814,0.08346353373516188,0.1669055582891727,0.07793977887212025,0.1031426612175213,0.1604413708142106,0.17737596360691288,0.08579789657206563,0.3069186903110367,0.30002281221491633,0.15664807732120598,0.30511794908164347,0.24461748646202341,0.1822512451710666,0.309678175842286,0.30675963815015356,0.22241934076916023,0.3000623465206303,0.090697545274602,0.15800319229430165,0.0928400674781857,0.2888869554596391,0.19625904324905552,0.20904834418365648,0.1822594980450574,0.2720733825873723,0.28481828863997904,0.19114440366852997,0.19939241180063202,0.23682496639182612,0.1946739864188605,0.19317984933166038,0.2765094815153879,0.23124054785035056,0.2899014560317043,0.17755151503047228,0.2671099964677278,0.19291439329918353,0.23654119878253851,0.19547724041331838,0.19165420855197576,0.2667549762554364,0.29156279969537485,0.28139484753317834,0.17968962770559507,0.27170939185331594,0.25808047880997814,0.19958807575632978,0.28224930961097416,0.21634260325167598,0.1920323610302989,0.196227919462446,0.31243973473302544,0.1848772798828761,0.20338543345393803,0.18762811204372454,0.28604644540679075,0.2968005898104156,0.2161217979927448,0.27545061056831754,0.2615252636130281
syn_Cd_0010,0.09622009438004522,0.3124828796031766,0.1677659127317322,0.10150263963278545,0.3223273021020776,0.17428407976678992,0.1804831868955549,0.1739224867386142,0.0858652832774088,0.0,0.1647624413043632,0.3378076496545573,0.10517134128536168,0.1726970004506081,0.18390845142656878,0.1812206084736528,0.16841454153358973,0.17662486768008798,0.3382385582927439,0.12315235283815301,0.08052339459262257,0.16109016951902352,0.07869018796371119,0.09463732960636059,0.16455891319978444,0.17552107063483277,0.08491936853191738,0.32095724559357797,0.3134467041682823,0.1611653502233413,0.31861433184205795,0.24863872208803234,0.18196937400279822,0.3225074487904527,0.3223434044423729,0.22747979606826182,0.3088900751549568,0.08379741168168599,0.1638951340957727,0.09563158311012035,0.29612215636428624,0.2256350600308998,0.23134033151437647,0.18724843787347734,0.28355163646391734,0.29597436846116865,0.19324285702268088,0.2289376567077191,0.24840211014816158,0.22168225292599494,0.21667984807661553,0.2865306699781771,0.2345014296233882,0.3026028653670442,0.1915632432553057,0.27749307452119,0.21716840835843484,0.2504939852488493,0.22475688929039603,0.220693625730902,0.2758858612289669,0.2939390876173347,0.28910737850870694,0.17968260061743754,0.2813125979198513,0.26820417528953333,0.22744556328936097,0.29476112487263767,0.2436494006230501,0.19458260297227578,0.22703385886973576,0.3133842496624136,0.1895024119084475,0.22070680266710158,0.21308826833657732,0.2938307231082556,0.30718982113965415,0.23493061344533184,0.28551977840702614,0.26670251154781865
syn_Cd_0011,0.18363435365797656,0.27519113785169225,0.09909316733921715,0.17706559067553887,0.2962704212810105,0.06788543770034963,0.09243810464310219,0.06580530857490187,0.16340150323444502,0.1647624413043632,0.0,0.3346966414031569,0.1717030130411043,0.0816888546573026,0.07798190286131684,0.0720787089010752,0.08206381716232856,0.08896169758820296,0.30019082926501056,0.19439054439909054,0.16156507117826005,0.090743034440241,0.16780188009245525,0.18928129185600204,0.08238830040457201,0.0685344779307441,0.16632256777501672,0.2960247320016537,0.28220083754941866,0.07739860155554354,0.2796265631379806,0.2896502604281175,0.08545231806438504,0.2876943767595882,0.294761294715338,0.12442051946284491,0.2776405201102348,0.16633452321329054,0.07343415297619504,0.17232140492269424,0.33816326447671247,0.24389455670873653,0.2419738016412225,0.17240664476777914,0.32511800264463747,0.27165048985966,0.15948203624204646,0.25005684914308474,0.2806828405330423,0.24542107105567434,0.2394184202792467,0.26333170033413483,0.22165938609850833,0.2728083887822989,0.16878706117120523,0.2531071839484042,0.233428595028284,0.2445942598901384,0.2405499195632238,0.24365712611107482,0.25467423205825457,0.27543375395600855,0.27668776784132526,0.16092284925840064,0.257469755709292,0.3079795349668711,0.24391525327598146,0.27362719639637634,0.2559628872886868,0.1665991818669377,0.24014785055180007,0.30458350769489784,0.16945155379647273,0.24248179206051867,0.23466340624455317,0.27620010503801184,0.2742249837936273,0.2522662829426177,0.26590941630289366,0.3054781875062327
syn_Cd_0012,0.32463348681235227,0.1471201065054207,0.34403665474934514,0.3251778467373309,0.136583014511812,0.3443969193321089,0.3444885293642398,0.33182629766968874,0.3356406454704832,0.3378076496545573,0.3346966414031569,0.0,0.3217709583199481,0.33778638342519857,0.34567181562858845,0.33772505172178285,0.3271909111460862,0.34546050477966245,0.20077590299920406,0.3752293086744848,0.337716994705526,0.314008189991211,0.3423862827357749,0.34252460673102547,0.33091677382566886,0.33804218266767166,0.34370363479271276,0.10834373058615952,0.15838036720321919,0.31381526547292543,0.22714194129269688,0.41305304150369276,0.34867759037774065,0.19653204504235988,0.15623268737770976,0.3430065501964526,0.1804584997883127,0.3358783631227608,0.3216393830642845,0.33385184985555677,0.45461804678405426,0.3198234510206586,0.32631835689184807,0.33789625679654806,0.430549396829644,0.30116456996160845,0.3210039092375046,0.3204135786386089,0.38500848318222064,0.30837311043765264,0.3229824028676684,0.2894629912040006,0.37589863098668624,0.3035570875993672,0.3275529403149735,0.28389773451907896,0.3149752641974842,0.36859952032443155,0.320227542579592,0.2886421319259314,0.2863792209885138,0.33351870328511457,0.260457753502427,0.31990455615705476,0.29575494629393445,0.42712387682841785,0.30530409888823995,0.35772544778692106,0.33404484147332275,0.3202028776945271,0.3044939763899371,0.35554463150848725,0.32098198952155893,0.30893906608032845,0.3255517465957273,0.34975198288958115,0.31279210743933017,0.33083594640684755,0.2673225761958615,0.43337718105451994
syn_Cd_0013,0.10145755645251504,0.2878024348528048,0.17768561042651346,0.07583002368540062,0.29190124105774673,0.18609255137979677,0.192536977095128,0.17778644557863246,0.09040109279425779,0.10517134128536168,0.1717030130411043,0.3217709583199481,0.0,0.18352059765985498,0.19343315271324077,0.19081896285345856,0.17658710995774834,0.18727300654986712,0.311723665832642,0.13793003355709904,0.10856685425925049,0.16851873951586963,0.09153436716998849,0.09863393080916436,0.16750167511707928,0.18650203876431287,0.08513923172757742,0.2903711262317214,0.29393363563820996,0.15623400332687182,0.2979039631710117,0.23952847356008888,0.19435315224964592,0.29751095659688437,0.29127994241601657,0.21251827637210635,0.2891386661101237,0.07579989121026895,0.16642460550939342,0.08679670595329596,0.2945073866144263,0.18206983029934035,0.19310274664563448,0.19416970895547916,0.2769410788568497,0.2749606278433719,0.19390667960086905,0.18547404608041934,0.2327407796537232,0.18352605183564952,0.1818319324563615,0.26080216613362717,0.243317980606684,0.2797013724784773,0.18028391680923933,0.25514124473753874,0.17084088194699848,0.24383716150646054,0.18490082465188326,0.17544288926800589,0.25256825290718654,0.2951025155567622,0.2620770392829586,0.1815938741110842,0.2615432637733643,0.26041197345304545,0.17926206927712712,0.28023789126995524,0.20519660589232322,0.19798215907390113,0.18046663561186777,0.31551636512711023,0.19329826946360273,0.18363717644752373,0.17624656048988527,0.2859338564906329,0.2841892175739418,0.19756174765278348,0.25735993620747194,0.2615667031756212
syn_Cd_0014,0.19308929919833637,0.277547060092706,0.08618204299850968,0.18527500427874433,0.3007847721131862,0.08403681340430097,0.07629529024840928,0.08353694896220162,0.17163852828428272,0.1726970004506081,0.0816888546573026,0.33778638342519857,0.18352059765985498,0.0,0.09063510001220276,0.08507777916965745,0.062890721227227,0.09357719567061012,0.30415726120096076,0.19404400010094996,0.17288412886117277,0.08837464968348961,0.18148637026104955,0.19554938425445514,0.08753082183411975,0.09075924457157654,0.17742587797529977,0.30221270112544596,0.28310749343217545,0.08882374066858349,0.2827676548548226,0.2914612546820259,0.08995134197596712,0.2948013452748294,0.29724308230425156,0.1389309003211222,0.2793509944496962,0.1775406903873302,0.07946745739948322,0.1834878541761969,0.34107135913302555,0.2528861507608187,0.25454062856737325,0.17982246278225056,0.3297955344684043,0.2774061935705223,0.18471380115383426,0.2589571307322129,0.2784902116930305,0.257928101235541,0.24720435227073073,0.2681095682341311,0.21607723393978703,0.2733141249118195,0.1798098115887461,0.2579939873966392,0.24929801757623807,0.24841771557708878,0.2520203709008656,0.2527449173978142,0.2598548873323331,0.27315538798783834,0.2840701674837983,0.17966461812095233,0.2604694614338109,0.31649211698756663,0.2539831498434903,0.2728904432608462,0.26744909325004895,0.17139262814385228,0.24865789382912487,0.29830313457675905,0.1749702990526086,0.25617197132087355,0.24499117640099413,0.269158013129652,0.2732458157728272,0.26394553868150217,0.2725044765858436,0.31235957820661786
syn_Cd_0015,0.20345497006227325,0.2720551968150376,0.11058903110229867,0.197532189080471,0.29487837448669435,0.06199506596618127,0.07260321128001047,0.07592480644383763,0.18212232698290423,0.18390845142656878,0.07798190286131684,0.34567181562858845,0.19343315271324077,0.09063510001220276,0.0,0.07301695619149212,0.0862997600990915,0.07355346460227054,0.2923570442062687,0.19410758544358236,0.17564179270825048,0.10890193850885967,0.19516465091595878,0.21352980141714964,0.10923041052286056,0.06809225552403825,0.19033354454592993,0.30843259772931336,0.2755861908622153,0.09916787881139322,0.2725034263075038,0.28625642248782646,0.05903371645162018,0.28766781341974695,0.2986888589278957,0.11659957234275652,0.27515113947648856,0.1906476262228974,0.0969333289545385,0.19535487731197235,0.3247115028212278,0.24615603101430933,0.24623234703729746,0.16019070307791083,0.3166268016089646,0.2778026758524414,0.1548013880802104,0.25510338672678917,0.2706883415296693,0.25355642117192456,0.24111552218608787,0.27354196128759833,0.19560633193117227,0.2742683301078914,0.16623149795931863,0.263645125309594,0.2538232029090186,0.22638883419734038,0.24680144845750368,0.25927422967695246,0.2746357195764545,0.26407106408402614,0.2942618280268766,0.18101248712364293,0.2591339022279273,0.3023443146912483,0.2510538965189201,0.26530090656980587,0.26007244180461897,0.1545236332297347,0.24946534896653588,0.28986000693835057,0.1524658656001774,0.24657510401010715,0.24035966489635108,0.2642320833117616,0.2726832662678926,0.2547089598336835,0.2716057127896996,0.29843314646509667
syn_Cd_0016,0.20389249288950884,0.2698312331065912,0.10230409029964445,0.193579484646569,0.29513475126802596,0.07033696033498991,0.08512710358983945,0.06986587836134495,0.18347935725732167,0.1812206084736528,0.0720787089010752,0.33772505172178285,0.19081896285345856,0.08507777916965745,0.07301695619149212,0.0,0.09074272179684524,0.08636187435767022,0.29258517310681886,0.18774485981610242,0.17519944738934565,0.11170967041950994,0.1919331513942086,0.20647388041836542,0.11180308214260892,0.05976390163871415,0.18606789326561599,0.3042522758021711,0.27568298064108543,0.09829432643684229,0.27244526325616086,0.28926180120902123,0.0804179680660713,0.2855671922979791,0.29435481957498805,0.11836565025331615,0.2742046592113652,0.18764547202888865,0.09902162641293484,0.19260059025300952,0.3295295246002912,0.2504815010942655,0.24623857388551554,0.17109035126617475,0.3176980469069296,0.27686904275633534,0.16415291102618595,0.2566624940878422,0.26690794965247916,0.25219927494511735,0.24545440719605544,0.2736431295453124,0.21136639506349525,0.2807360342458772,0.1779168091779725,0.26046299260145256,0.24775505692378214,0.23162517728812135,0.24952603515950228,0.2573605442562355,0.2712616003341066,0.26927224306211284,0.289110330632298,0.18644973843565835,0.2647980818516245,0.30752397529276204,0.2522196546552598,0.2726904737912562,0.26325537522431214,0.1648014576483248,0.2509150599950853,0.29544481935821343,0.1659060992275494,0.24856923591272187,0.23858562043835846,0.2710065011724862,0.2788476641730562,0.25381685286929945,0.27116284985214717,0.3031004957601755
syn_Cd_0017,0.1874811968614126,0.27295169034713973,0.08335035742328897,0.1853741343671757,0.29473443941816235,0.08093710526054561,0.0777707260730776,0.08485540802329579,0.17070627208035505,0.16841454153358973,0.08206381716232856,0.3271909111460862,0.17658710995774834,0.062890721227227,0.0862997600990915,0.09074272179684524,0.0,0.09662379951134499,0.29941093944101516,0.19453952342734196,0.16702164082605808,0.07981494660424569,0.18015927876870633,0.19371301195380466,0.08652157377209829,0.09262485186779598,0.17733252368733782,0.2930139295127378,0.27794540205108786,0.08212287365911133,0.2791757705455795,0.2966348956962125,0.09214122886764949,0.28879966305056803,0.291181028121057,0.13509129538916306,0.2747659463480304,0.17305354824712543,0.08020484313430092,0.181799947423311,0.3427522782837525,0.2511229685377954,0.25471017645974886,0.1760407189494973,0.3343250948703673,0.27292559592641324,0.1785306846737159,0.2576698039032398,0.27958523356761383,0.2539579269129187,0.2450803833541415,0.262443276134537,0.21541052354957702,0.26982047617217236,0.17500536094116617,0.25204388399363026,0.2472079444771715,0.24655508881272148,0.2514531420866085,0.24514113573329202,0.2551969896744597,0.2729041964697048,0.27452345329391054,0.1715780621762018,0.25617550002020983,0.31823207196259573,0.2558142739376618,0.2701641153173217,0.2671579053941246,0.16484499970565866,0.24606171488689632,0.30122058660466633,0.16828822096183424,0.25306451504541466,0.24253803605864976,0.26886916835381186,0.27211922623757884,0.2615067055866849,0.2663577178555471,0.3165441689538171
syn_Cd_0018,0.19738759372848247,0.27589641259965786,0.10459464123130076,0.19134181628930597,0.29804011056290647,0.07732630462470033,0.0762971975626445,0.08885433497420614,0.17545628601856128,0.17662486768008798,0.08896169758820296,0.34546050477966245,0.18727300654986712,0.09357719567061012,0.07355346460227054,0.08636187435767022,0.09662379951134499,0.0,0.29378381825367966,0.1835827196129384,0.16935866093208218,0.11785984860164977,0.18515150979580564,0.20669335831456973,0.1062542399080045,0.07584049892283132,0.1819995960603647,0.3110423887663283,0.2761610263713853,0.10680019788216359,0.27166319667930205,0.2900359321376324,0.07204632570557185,0.2910283825034719,0.30243662484887784,0.13506513067480522,0.275431276121348,0.1835080027172421,0.10406121365449207,0.1911946049535907,0.31800230339498364,0.2475446421241115,0.24510978924869378,0.1609970395445481,0.31299692259849693,0.2770986742578135,0.15993540558460276,0.25291779317096563,0.26195530498631625,0.2553379777701082,0.2403645026904607,0.2754947585258126,0.19311212651742893,0.2784149002787615,0.1686212579655482,0.26633952296374713,0.25441995197188155,0.2304657464795232,0.2453951969930397,0.2591916282929347,0.27447105677120265,0.2591160436302228,0.29874825054708914,0.18255492134622517,0.26270343502068016,0.29548270212027344,0.2508611154850617,0.26416009971088167,0.25930799025011614,0.15080786127354168,0.24745857006249397,0.28586636538078003,0.1571558787168079,0.24745021490990268,0.2388250951151827,0.26242516090879253,0.27764137394887,0.2558774411479763,0.274653946354634,0.2947224327361518
syn_Cd_0019,0.34469326759202495,0.09800392671067061,0.32089662812113523,0.3242967046884426,0.11576594919285334,0.29706042828236373,0.2950567432354878,0.2903905309426869,0.32550984816522965,0.3382385582927439,0.30019082926501056,0.20077590299920406,0.311723665832642,0.30415726120096076,0.2923570442062687,0.29258517310681886,0.29941093944101516,0.29378381825367966,0.0,0.3487432814972782,0.324842861622788,0.30036580543648195,0.3356230568185331,0.35747535955354054,0.2992286061045813,0.29329609350739294,0.3306184065732936,0.14080680846504748,0.08689514351416416,0.2889323017356253,0.08357454582432293,0.3600666570732913,0.2961832899898456,0.110389514816294,0.14099512353851137,0.2838332345949185,0.08808448886235426,0.33653596939895114,0.2972915507411297,0.3289210660472767,0.3747613581125107,0.2784116514645013,0.2579018399254679,0.29160768562222605,0.38096400230467886,0.2519304136157653,0.2678850873634824,0.27576569606546253,0.2746500932027945,0.27187209453994915,0.2779413930985241,0.27712499960146353,0.2960989083289085,0.25515001516522395,0.2687540703052737,0.2661952643046063,0.30291665364404935,0.2590375694954149,0.2736863897933877,0.2961356205697317,0.2797362528345988,0.2531228781386308,0.27608345973753395,0.29006109911170813,0.26120234120537167,0.36869196083472644,0.2829022282592591,0.2734018999789172,0.2767620300458138,0.26779374266376815,0.28542609852571715,0.27041870494881615,0.2702041842316586,0.2802896989423334,0.2602505791649639,0.2750530085420088,0.24682265792911512,0.24781285008252538,0.248568230659538,0.3708221535050743
syn_Cd_0020,0.14004865320659643,0.33044346600034036,0.1926304480063356,0.13341774578932336,0.34176212550006946,0.18513180944708044,0.19093205283757256,0.19170461825266713,0.12508717976444814,0.12315235283815301,0.19439054439909054,0.3752293086744848,0.13793003355709904,0.19404400010094996,0.19410758544358236,0.18774485981610242,0.19453952342734196,0.1835827196129384,0.3487432814972782,0.0,0.11025916317664794,0.21196486452374103,0.11730034548772592,0.12954157830899243,0.1994701355468922,0.18305561668989279,0.12272772348402528,0.3432043879436262,0.33051478246881255,0.20362039883729152,0.3262073817880648,0.25886912464004735,0.18938768841199005,0.33887762607690913,0.3416304107466982,0.23818605086701342,0.3256919096297192,0.13144678492202913,0.20309246936327685,0.12905470268086405,0.2816045957778049,0.2479372493616933,0.2457087810685594,0.19394695734968073,0.27895563921463384,0.32122448444228324,0.2086343724346466,0.249289051020048,0.23385055777993113,0.24684683727307863,0.23948823487873025,0.3164233030470414,0.2328336592233207,0.3242068949035473,0.20630934281559798,0.3023863713149254,0.23823128816825234,0.25169592252914746,0.24557823286923403,0.25001397999306324,0.3066398688508571,0.29736173438476393,0.3282098863189913,0.2128767400947674,0.3065961737602533,0.2553668038142175,0.24570721248258637,0.3056625948592296,0.2638528147793432,0.20505710207149855,0.24260683000738115,0.3122341508482178,0.20084644874341032,0.24518334474627593,0.22728573433863256,0.3054025629319504,0.32885275398652636,0.25021413013270544,0.310428770639996,0.2585308301341853
syn_Cd_0021,0.10976898951959799,0.3025222466298049,0.1689791578127569,0.10493464596301431,0.31194594206308024,0.16586606340697863,0.17619875092916235,0.16560554337716166,0.08346353373516188,0.08052339459262257,0.16156507117826005,0.337716994705526,0.10856685425925049,0.17288412886117277,0.17564179270825048,0.17519944738934565,0.16702164082605808,0.16935866093208218,0.324842861622788,0.11025916317664794,0.0,0.1725840907600695,0.08689614332443633,0.10563741315339521,0.1650962829824868,0.16653259332876874,0.08693977590568261,0.309433559223682,0.3007757294376199,0.16006269537270895,0.3020020265677553,0.24307635935843533,0.1760155007375364,0.30970400559931843,0.3145775031579996,0.22605892108935913,0.2976236094816631,0.0937006549874734,0.16418461786998165,0.10222658362564938,0.2844524552181121,0.21178077676403034,0.21628380691807086,0.1691348695339236,0.27298446979134494,0.28671722547173484,0.1777467518255768,0.21646518794152717,0.24079860767770675,0.21024996015451328,0.2073885039311517,0.2812794079988541,0.2188688810737631,0.29142470382799385,0.17523334328494702,0.2694883977188089,0.20440813836024568,0.23157983840284715,0.20824879038466973,0.20395375460859885,0.27071274082262287,0.2861888440397964,0.2851154583197789,0.17493990713085517,0.27128029961247424,0.25691353399593175,0.21589343219326512,0.27887182088555734,0.2329082290047637,0.17409700487797417,0.2101552603407451,0.3041540391745968,0.1746316001514601,0.21045400477727555,0.19818831581488788,0.2811969702417885,0.29562169277893124,0.22253028916343354,0.27886203541123794,0.2574581204266563
syn_Cd_0022,0.16947575211163307,0.26981292514037025,0.0972505529430408,0.1785687478432715,0.28875014887649075,0.10170656734602017,0.09947746135638424,0.09556695199159705,0.1669055582891727,0.16109016951902352,0.090743034440241,0.314008189991211,0.16851873951586963,0.08837464968348961,0.10890193850885967,0.11170967041950994,0.07981494660424569,0.11785984860164977,0.30036580543648195,0.21196486452374103,0.1725840907600695,0.0,0.16613671445253553,0.18145970396395494,0.09149848163730616,0.110608758437954,0.17570761770957916,0.2870967332655618,0.28379948054352416,0.0669668442761348,0.28198162005460936,0.3082734137948502,0.10981158481306333,0.2882845076014679,0.28578604043423045,0.15508002715173208,0.27925419760613795,0.15509633218680233,0.06725222311919721,0.16203592159543548,0.3574513281297852,0.24155835728298958,0.25096980560523097,0.18333829044662062,0.3416276226438773,0.2658233120908442,0.1774596420738681,0.24980386454567574,0.29662349627832585,0.24629241129776447,0.23872419661254432,0.25226526065734,0.2330207309133225,0.26777962772129155,0.17987199529173784,0.24350264072811054,0.23787832027045477,0.2631773489952747,0.24189135602552453,0.2326594791841135,0.2424108915740447,0.2879646975080787,0.25521670429799354,0.16700641309468764,0.25054752547213,0.33185589819765837,0.24425135520884486,0.2813482487604927,0.2566209858937975,0.17580622883280583,0.23637215086324737,0.31309534934181216,0.17780972616975432,0.24503459567772373,0.24283579529316782,0.27870571854889864,0.2701749348214907,0.26042935931815475,0.25722183510802343,0.327752539380922
syn_Cd_0023,0.09007763009093588,0.3107622872180556,0.16983831923573456,0.08777330733486542,0.3209865376418282,0.1872419222433154,0.19061932720637434,0.17603024189799713,0.07793977887212025,0.07869018796371119,0.16780188009245525,0.3423862827357749,0.09153436716998849,0.18148637026104955,0.19516465091595878,0.1919331513942086,0.18015927876870633,0.18515150979580564,0.3356230568185331,0.11730034548772592,0.08689614332443633,0.16613671445253553,0.0,0.0803777654312485,0.16654122610970887,0.1852668384443747,0.07426354850320095,0.31728673029065985,0.31093575218927666,0.163709367836911,0.3153102717840155,0.23796088812207722,0.19442758021057815,0.32045182338440104,0.3219870776824759,0.2282865028372548,0.3085614156739793,0.07113572387882659,0.16506220090702572,0.07974678264709584,0.28693964377469505,0.2088463442959479,0.21409966649362377,0.18515098265090857,0.2733261481101464,0.2943185272363211,0.19397287328107576,0.212500005956837,0.2339184800196488,0.20747667476069787,0.19993640156535636,0.2816608071386188,0.23445914777940016,0.2998908449844401,0.18350891620027626,0.2731608300010919,0.19790029218036004,0.24442075013995224,0.2076955441341373,0.2044062698979414,0.27257482173773806,0.2960349581935466,0.2860564288987784,0.1748503004845904,0.27852326031111124,0.2541650797732926,0.20899646907678007,0.28938604566082815,0.22325456603713942,0.19314541498918805,0.20585825188083018,0.31774167280359916,0.1914186624937049,0.2078715667447606,0.1982107312779733,0.29163113767950366,0.3055588233742597,0.2217701192114909,0.28019221265185207,0.2593085563623214
syn_Cd_0024,0.07529518544807877,0.33043027468257374,0.18987685726550813,0.09899014300305217,0.336026282821272,0.20412526373405976,0.2098288797157929,0.199000906976154,0.1031426612175213,0.09463732960636059,0.18928129185600204,0.34252460673102547,0.09863393080916436,0.19554938425445514,0.21352980141714964,0.20647388041836542,0.19371301195380466,0.20669335831456973,0.35747535955354054,0.12954157830899243,0.10563741315339521,0.18145970396395494,0.0803777654312485,0.0,0.1881058500511942,0.20386582947269138,0.09175278036701401,0.3317742225393279,0.33229949845883927,0.17928598313068836,0.3346130657094739,0.25291550890490344,0.21070004402826767,0.34108069101715177,0.33613145466849303,0.24829999219764826,0.33171940712367054,0.07594123526910956,0.1843631963915157,0.08173846593591369,0.3045196112176697,0.2229743220026249,0.22882984863151956,0.2083541394741415,0.2901619673619058,0.3149425518417222,0.21758551721304376,0.22646128818776007,0.26102319943682084,0.223967358383686,0.21605420250981297,0.2996281267205978,0.25164730116493755,0.3206689372520627,0.20600097196610134,0.2924988175736853,0.20917836505090198,0.26683226917946307,0.22395021949181276,0.21828066557262954,0.2905046849305982,0.31602303485811256,0.30029768785734656,0.20097508250050086,0.29837638443940545,0.2751791023178436,0.2212051300652571,0.31125605422834507,0.23654943329422737,0.21773895099279789,0.21705185985540293,0.33613408782567,0.21465724193537503,0.2197353684949101,0.21796311571471186,0.3138132617015291,0.3255841826130319,0.2436460834844029,0.29838176512818,0.27616896403113156
syn_Cd_0025,0.17645746326091508,0.2704959627071609,0.10938602172537541,0.1733860337667348,0.28944097363155674,0.10725711695741696,0.10697127394792884,0.09659377594130916,0.1604413708142106,0.16455891319978444,0.08238830040457201,0.33091677382566886,0.16750167511707928,0.08753082183411975,0.10923041052286056,0.11180308214260892,0.08652157377209829,0.1062542399080045,0.2992286061045813,0.1994701355468922,0.1650962829824868,0.09149848163730616,0.16654122610970887,0.1881058500511942,0.0,0.10686896480782986,0.1702647520715461,0.29051788222664243,0.2821448988094883,0.07905083079825638,0.2765392798987945,0.2867937949041778,0.11163570397519891,0.2814622466702796,0.2877753043213609,0.14228903291566536,0.2734955365692952,0.16300960087075222,0.07884544287273401,0.17102588751654507,0.33505620467997926,0.23847536064011443,0.23790339361236412,0.18373653214183203,0.32301343928155624,0.2541991528391038,0.17821095555566285,0.24487249211244655,0.28526959548895325,0.24027887936819164,0.2335670498197245,0.24369193982573267,0.23771844463206604,0.25556535553833837,0.17668893230526714,0.23517173654675827,0.22954495323759574,0.2539637825426637,0.23729989061661846,0.2377228673619226,0.23445082873907075,0.27126483513707905,0.25724430766403056,0.15902690369024522,0.2385402192009634,0.3060465506041832,0.2392373499816109,0.26110877799997084,0.2528982729718924,0.176237526515604,0.23649714083485257,0.2976006917511464,0.181754919217807,0.23719576583537957,0.23222981298396686,0.2613895638997035,0.2550308341952971,0.24946349835501325,0.24916711925456853,0.30595579829384467
syn_Cd_0026,0.19816150327027277,0.27250783977050774,0.10604527271500738,0.18914691506318404,0.2946420226029132,0.06032207464500593,0.08693705434558549,0.07096564023461767,0.17737596360691288,0.17552107063483277,0.0685344779307441,0.33804218266767166,0.18650203876431287,0.09075924457157654,0.06809225552403825,0.05976390163871415,0.09262485186779598,0.07584049892283132,0.29329609350739294,0.18305561668989279,0.16653259332876874,0.110608758437954,0.1852668384443747,0.20386582947269138,0.10686896480782986,0.0,0.18117298904110868,0.3035009370971538,0.2757199712528068,0.09296243158711091,0.2726185526327208,0.28902462414354363,0.07146844650229109,0.2875236539174827,0.2937343025003229,0.12048443001565734,0.27362129778762073,0.1838866670684241,0.09118122147270015,0.1861058008169542,0.3292130623039399,0.24633072271092193,0.24489790730600366,0.16128894624699655,0.3209071341383092,0.27425612614569783,0.15916721355343375,0.25284686246137683,0.266280838218265,0.24744645179935315,0.24250105982838535,0.2712131815274683,0.20261627540037067,0.2782438193355446,0.17172419105645023,0.2578812230274197,0.24293008074835012,0.23186079097707155,0.2451211941238363,0.2511422213865485,0.2676375659007839,0.2678349703411825,0.28756882883586793,0.18114810818760096,0.26138097289749157,0.3062481425285626,0.2500268970979022,0.2697100464474218,0.2594499125917054,0.15982054933060513,0.24494674131333113,0.2943615387388133,0.1574759881129161,0.24750108950967933,0.23810719120772525,0.26827659814775007,0.27563736785196674,0.252361326434992,0.26839596961982093,0.3017547538882947
syn_Cd_0027,0.09799954066886327,0.30839968048067395,0.1721191193124195,0.0867033356272991,0.3179067306662542,0.18253112781444758,0.190659417139661,0.17289123524168482,0.08579789657206563,0.08491936853191738,0.16632256777501672,0.34370363479271276,0.08513923172757742,0.17742587797529977,0.19033354454592993,0.18606789326561599,0.17733252368733782,0.1819995960603647,0.3306184065732936,0.12272772348402528,0.08693977590568261,0.17570761770957916,0.07426354850320095,0.09175278036701401,0.1702647520715461,0.18117298904110868,0.0,0.3138613907788385,0.30807006005736837,0.16342875782133406,0.31200060383701766,0.23660926752753364,0.18767074920335122,0.31663789889576194,0.31897178103378543,0.23158906804656354,0.3059771594241379,0.07842327930190132,0.16867797241688706,0.08282905026003824,0.29438545671745797,0.2068666547986349,0.21231739107612987,0.18083181993777478,0.28151011423371075,0.2903216260152019,0.18676010439809065,0.21263442380414294,0.24112634987874307,0.20947765903992124,0.20252248092141503,0.28449464868147883,0.2311904535012322,0.29361801088629963,0.17814864224720517,0.27071202918842263,0.19953351699783617,0.2403320854301275,0.20550222049036737,0.20508259571547716,0.2730412865674039,0.28943076609734986,0.2856998986029782,0.1755470246209543,0.2736310230928064,0.2631532335954216,0.20708362740781655,0.28359853845537186,0.22440500056088108,0.1890901800853035,0.2048312095010652,0.31095345715367717,0.18591404185668844,0.2057423109434841,0.19577389628511238,0.2864652709689361,0.3005212545103287,0.2206640681458903,0.28068597705484527,0.2622503972805364
syn_Cd_0028,0.31632447874581,0.09502308915173385,0.31940112323383885,0.29524906099215575,0.06845689989145308,0.30637578657894937,0.3097038766309052,0.2899242722259201,0.3069186903110367,0.32095724559357797,0.2960247320016537,0.10834373058615952,0.2903711262317214,0.30221270112544596,0.30843259772931336,0.3042522758021711,0.2930139295127378,0.3110423887663283,0.14080680846504748,0.3432043879436262,0.309433559223682,0.2870967332655618,0.31728673029065985,0.3317742225393279,0.29051788222664243,0.3035009370971538,0.3138613907788385,0.0,0.11017026955850741,0.2796529107696943,0.15340633303093054,0.3804554463357127,0.31171728757439515,0.12372497202859561,0.08628433799050927,0.31179792386525157,0.12998714272357345,0.3164392453774427,0.2871620512046708,0.30502879608130196,0.42223121969829136,0.27643465350955043,0.2813261863921562,0.2987987726080476,0.3983339769507576,0.2638460376077579,0.2763190539397934,0.27760020899641846,0.34502000706003744,0.26009785709478983,0.27882628630432993,0.2505012331138043,0.3390315118368371,0.2647229172961781,0.28630054894131024,0.24816688340697593,0.2715364876185725,0.3279533802540146,0.2741324982128112,0.25347031318203445,0.24834247245597954,0.30149625431912236,0.23258772575395972,0.27399826602876554,0.2584096423728835,0.39540522974280023,0.26269887556930105,0.3261661996912443,0.29270376560298383,0.28108615201001835,0.25962011635390836,0.3249455688852384,0.2797364881495715,0.2663199979855547,0.2839990552274185,0.3198344743156326,0.2750141345227772,0.2841423946806163,0.2285241001580711,0.4016037821896842
syn_Cd_0029,0.320302890554396,0.06448378885265414,0.2989600220360562,0.2980514702634186,0.09203253329566237,0.28305706031579386,0.2745794394172906,0.2718478630027025,0.30002281221491633,0.3134467041682823,0.28220083754941866,0.15838036720321919,0.29393363563820996,0.28310749343217545,0.2755861908622153,0.27568298064108543,0.27794540205108786,0.2761610263713853,0.08689514351416416,0.33051478246881255,0.3007757294376199,0.28379948054352416,0.31093575218927666,0.33229949845883927,0.2821448988094883,0.2757199712528068,0.30807006005736837,0.11017026955850741,0.0,0.27267839280494466,0.10463534523656998,0.3425196948297256,0.28133319520273076,0.09780364078714339,0.1274042452069538,0.26822034509395226,0.059749796894883245,0.3142637338480564,0.28084161142184644,0.30484490822921667,0.37404411028186246,0.2622947800756504,0.248473752823266,0.27475458391656,0.361253502358774,0.23412232013494155,0.2576822011196972,0.2665844342511048,0.2869856390035589,0.25932670526373186,0.2655694798739082,0.25664311221352265,0.2815611259217146,0.232142742771684,0.2608589333667816,0.2500058695114408,0.284853709561794,0.2694569091873365,0.2612662445381079,0.2823710739361492,0.2582443631313808,0.24774520382093101,0.257698651250083,0.2725638086023617,0.24179336495624562,0.3508201390349197,0.26979155647489095,0.2754659408563588,0.2667658034657186,0.2543907194539525,0.26742066078428406,0.26961560067350726,0.25790036013688633,0.2627025595601183,0.2505594863765927,0.2684314962870093,0.23435734280667356,0.24870374473528764,0.22881742941370325,0.3547229528803179
syn_Cd_0030,0.17248411122462054,0.25919268007844076,0.10435498857429946,0.16402509321374611,0.2776253188672865,0.09269126748715788,0.09401514306262765,0.08101998972918051,0.15664807732120598,0.1611653502233413,0.07739860155554354,0.31381526547292543,0.15623400332687182,0.08882374066858349,0.09916787881139322,0.09829432643684229,0.08212287365911133,0.10680019788216359,0.2889323017356253,0.20362039883729152,0.16006269537270895,0.0669668442761348,0.163709367836911,0.17928598313068836,0.07905083079825638,0.09296243158711091,0.16342875782133406,0.2796529107696943,0.27267839280494466,0.0,0.26883085700725834,0.29465240043651675,0.10542314870556789,0.2739586143572818,0.275978531569768,0.13948196208085165,0.2672866264769896,0.1562836346565939,0.060650807578372996,0.1607905600293226,0.34421271662001773,0.23052543833223493,0.23532263247755777,0.17116503268592556,0.32881878450850605,0.25715515747555956,0.15877293466318956,0.2387404645548263,0.2855878339444046,0.23317713629768275,0.22555494197725026,0.24756933112829937,0.2260800929084763,0.26134047757924167,0.16989371723589547,0.23557781467978917,0.2282655436901027,0.24818197042498313,0.23064066989015758,0.2236113967257858,0.2367017700650604,0.2774329048387093,0.25289487472245203,0.15506930052248194,0.24294327783024466,0.31634239116494933,0.2343411818826937,0.27059341651957924,0.24569285418745365,0.16176380518316505,0.22601452355070412,0.3046743011400117,0.168698151416633,0.23357295110091156,0.22925277918393763,0.2717022407617903,0.2627403297532882,0.24891298126920186,0.24791018478329438,0.3141727195289678
syn_Cd_0031,0.3219390339666181,0.11328798756919724,0.2997664895917523,0.30420272266488874,0.12484027566377888,0.2790912526453819,0.27096267066732427,0.26835384616848834,0.30511794908164347,0.31861433184205795,0.2796265631379806,0.22714194129269688,0.2979039631710117,0.2827676548548226,0.2725034263075038,0.27244526325616086,0.2791757705455795,0.27166319667930205,0.08357454582432293,0.3262073817880648,0.3020020265677553,0.28198162005460936,0.3153102717840155,0.3346130657094739,0.2765392798987945,0.2726185526327208,0.31200060383701766,0.15340633303093054,0.10463534523656998,0.26883085700725834,0.0,0.35039160805908864,0.2760319803407489,0.08532906607091563,0.14770460356867077,0.2773630195702145,0.10129570302878549,0.3161720391167398,0.2768586571594531,0.3075772916503909,0.3592993108634812,0.27306262054143304,0.2535016568485598,0.2725774163995387,0.3695100274373564,0.23878069088119827,0.24832309441311937,0.27442346854627797,0.2655402224072356,0.2676995825597344,0.26998473903085196,0.2589279904808664,0.27316879459922727,0.23988376418050159,0.2540174238766821,0.2538107236304861,0.2941572781849799,0.2427481310683723,0.26743271340477054,0.29216127684785476,0.26366968979974953,0.22533109001871246,0.2634394420714761,0.2647806573303573,0.24203205442713355,0.3564480904172681,0.2782994755524696,0.2474299558399518,0.27276830930164636,0.24846330416391765,0.27834927687592137,0.24508558995349009,0.24992352221561243,0.27173027647688885,0.25008726750434934,0.2472770978990875,0.23505792360928082,0.2387240969143211,0.23723738089852614,0.3570300440583053
syn_Cd_0032,0.2582907354133337,0.3495370680664868,0.2870935908796709,0.25076751880914383,0.3647373465721967,0.29025392443041836,0.2890338957462966,0.29172033938349246,0.24461748646202341,0.24863872208803234,0.2896502604281175,0.41305304150369276,0.23952847356008888,0.2914612546820259,0.28625642248782646,0.28926180120902123,0.2966348956962125,0.2900359321376324,0.3600666570732913,0.25886912464004735,0.24307635935843533,0.3082734137948502,0.23796088812207722,0.25291550890490344,0.2867937949041778,0.28902462414354363,0.23660926752753364,0.3804554463357127,0.3425196948297256,0.29465240043651675,0.35039160805908864,0.0,0.2938353578319996,0.35148190127431345,0.3755952388651405,0.2926458342831115,0.3351646237551508,0.24802795883125403,0.3034583056757987,0.2400939033567156,0.13977193460849652,0.22648037067012783,0.22992093728084909,0.28464679053641473,0.1327441176468352,0.32072952374527736,0.28943777334089543,0.23577830187500934,0.23359197620899794,0.255614258428082,0.22415250818423246,0.3314969578281676,0.28925697753576757,0.3239206648785398,0.26459367036996856,0.3419595154265166,0.24739681052454304,0.2802901549701527,0.22847913625347205,0.26408911411747193,0.33973329531617397,0.3216554399561152,0.3483213023188301,0.28440397896582,0.3256255434586653,0.11326962832174457,0.24284085166105665,0.31955463534041556,0.23500182831388383,0.28970166139489345,0.24808121435652802,0.33541953419241693,0.2870123555571383,0.2447954208672565,0.21584875691849806,0.32579408781929486,0.32204283231338654,0.23289334569867723,0.32851224267907786,0.11788981614532985
syn_Cd_0033,0.20479490174564452,0.27697636205091175,0.10510906390595226,0.19716639051882226,0.3002795932659797,0.06799835542872097,0.08246499290157835,0.08304537867879593,0.1822512451710666,0.18196937400279822,0.08545231806438504,0.34867759037774065,0.19435315224964592,0.08995134197596712,0.05903371645162018,0.0804179680660713,0.09214122886764949,0.07204632570557185,0.2961832899898456,0.18938768841199005,0.1760155007375364,0.10981158481306333,0.19442758021057815,0.21070004402826767,0.11163570397519891,0.07146844650229109,0.18767074920335122,0.31171728757439515,0.28133319520273076,0.10542314870556789,0.2760319803407489,0.2938353578319996,0.0,0.2944369246982724,0.30315722216862007,0.12096231748676553,0.28045261876564714,0.1913885198705485,0.09782235820776349,0.19466964857946684,0.33420244223312195,0.24725284401907419,0.24603617818015552,0.16581402639748283,0.32526152260062563,0.2831833727218095,0.165815068276262,0.2560508140239716,0.27043480029043976,0.2524198520737552,0.24276871320575766,0.2812128363240195,0.1973016112571295,0.2830601845608824,0.17148821482586663,0.2697387583973983,0.25291954019888735,0.23157624476806077,0.2475763201605396,0.2587314610780474,0.2777724290763904,0.2668150238472406,0.3011235779509533,0.18809908705704081,0.26626220308120635,0.30572036081186377,0.25303236799671364,0.272214528426639,0.2586803818335581,0.15982076453362837,0.2497046716845182,0.29356163443139544,0.15902322890642928,0.2503940279241707,0.24214392706876656,0.2707991389248913,0.27994437556978624,0.25634883018837906,0.2765533411923519,0.3054992072542081
syn_Cd_0034,0.32715893483331593,0.0919881159427639,0.31116718411879113,0.3067481894993322,0.09232844386140437,0.2929453110860136,0.28942641848349426,0.2842606018644532,0.309678175842286,0.3225074487904527,0.2876943767595882,0.19653204504235988,0.29751095659688437,0.2948013452748294,0.28766781341974695,0.2855671922979791,0.28879966305056803,0.2910283825034719,0.110389514816294,0.33887762607690913,0.30970400559931843,0.2882845076014679,0.32045182338440104,0.34108069101715177,0.2814622466702796,0.2875236539174827,0.31663789889576194,0.12372497202859561,0.09780364078714339,0.2739586143572818,0.08532906607091563,0.35148190127431345,0.2944369246982724,0.0,0.10301870494009809,0.2794304068178783,0.09501319045304223,0.32028492320433666,0.285269976295216,0.3123212192811911,0.3856959321830752,0.2567029305395049,0.24726408460951213,0.2890828728496224,0.3680838344193336,0.22268049765289902,0.2622884544074808,0.25936768922555314,0.30303000310685635,0.2514884540142126,0.262668550897842,0.23656323841072496,0.3015609042363938,0.2147718632603763,0.26550337624202747,0.23632940912652156,0.27208329480806354,0.2810888811603325,0.2540147158836179,0.2677025873204534,0.24093512739752213,0.2608751333091028,0.2381745449775563,0.26922951900581654,0.22841546197595775,0.35942038745190535,0.2567680688088921,0.2784768464096273,0.2641667649543852,0.26786442588045434,0.25916426148676874,0.28486200471346074,0.2683290785123405,0.25176822104211577,0.2514386566180635,0.2734977714314545,0.23095218376787946,0.2475191870689251,0.21049681907325482,0.3666567306012978
syn_Cd_0035,0.3198212242597422,0.11288216058222043,0.3178657193188433,0.29669226376007773,0.0759485901900174,0.29791538135436346,0.30202621925107326,0.2850339200884371,0.30675963815015356,0.3223434044423729,0.294761294715338,0.15623268737770976,0.29127994241601657,0.29724308230425156,0.2986888589278957,0.29435481957498805,0.291181028121057,0.30243662484887784,0.14099512353851137,0.3416304107466982,0.3145775031579996,0.28578604043423045,0.3219870776824759,0.33613145466849303,0.2877753043213609,0.2937343025003229,0.31897178103378543,0.08628433799050927,0.1274042452069538,0.275978531569768,0.14770460356867077,0.3755952388651405,0.30315722216862007,0.10301870494009809,0.0,0.29572337065992027,0.1353021380133102,0.31776144290203273,0.28604086187930955,0.3094912309012505,0.4145000293328425,0.25971195353807586,0.2654400552119481,0.29303836576427095,0.3857926052342917,0.2534456707419502,0.26637867353823597,0.25723720275318424,0.3327527527476848,0.24370776532736024,0.26527267221059103,0.23865388444811,0.3300942060827759,0.2528510398598948,0.27685810949515377,0.24398772396500346,0.2571053086198739,0.31701425332182426,0.2589346768404254,0.24102266307934145,0.24227849134856846,0.2955029644893973,0.22767248226438272,0.2725051266070432,0.24810936835534647,0.3887520039884631,0.24091108196683206,0.31918969167756894,0.2729570583019902,0.27166755990312436,0.24298569945430895,0.31744982256223647,0.27302851051420357,0.24761458587214163,0.2727167795656199,0.31551508314463317,0.26478644976598303,0.270696385486055,0.2186796957452163,0.39420392332367327
syn_Cd_0036,0.24022182463290329,0.2647766312480117,0.15869905080592525,0.21353632940446313,0.2913322200987015,0.12086348674597241,0.12693480575356186,0.1273439490260965,0.22241934076916023,0.22747979606826182,0.12442051946284491,0.3430065501964526,0.21251827637210635,0.1389309003211222,0.11659957234275652,0.11836565025331615,0.13509129538916306,0.13506513067480522,0.2838332345949185,0.23818605086701342,0.22605892108935913,0.15508002715173208,0.2282865028372548,0.24829999219764826,0.14228903291566536,0.12048443001565734,0.23158906804656354,0.31179792386525157,0.26822034509395226,0.13948196208085165,0.2773630195702145,0.2926458342831115,0.12096231748676553,0.2794304068178783,0.29572337065992027,0.0,0.2658952704549001,0.2233043919650571,0.13705620373250982,0.23360338952525775,0.3359597979726937,0.25809428179651844,0.2489317982475578,0.2204142532245834,0.30126222235392053,0.26877516956136793,0.215516520356042,0.25282292835269504,0.263986398879922,0.26505533697601724,0.25529673263367003,0.2837898466100328,0.24014735417772368,0.2721498540720411,0.21834508789349932,0.27411023088744285,0.26724275467624536,0.25830584937756995,0.25422933944715054,0.27030251622674106,0.28554702014012334,0.2743912775124735,0.3031911550071035,0.23348016198403423,0.27163381729879477,0.30537071786208897,0.2628804630961145,0.270174961959166,0.24621361609718473,0.21592340851513964,0.2667970427935567,0.29741066050005166,0.21789976616676174,0.2586316368853781,0.24244573459678823,0.2703539088396615,0.26782983687057293,0.255052651352433,0.27751575378656296,0.3071356859532042
syn_Cd_0037,0.31637539717007673,0.0787080679965144,0.29746601512793236,0.29755710873834285,0.10189444039201803,0.2801070420551983,0.2744443860042375,0.2702935224220667,0.3000623465206303,0.3088900751549568,0.2776405201102348,0.1804584997883127,0.2891386661101237,0.2793509944496962,0.27515113947648856,0.2742046592113652,0.2747659463480304,0.275431276121348,0.08808448886235426,0.3256919096297192,0.2976236094816631,0.27925419760613795,0.3085614156739793,0.33171940712367054,0.2734955365692952,0.27362129778762073,0.3059771594241379,0.12998714272357345,0.059749796894883245,0.2672866264769896,0.10129570302878549,0.3351646237551508,0.28045261876564714,0.09501319045304223,0.1353021380133102,0.2658952704549001,0.0,0.31094860673271796,0.2751858430187304,0.30530434309518567,0.3665144441845276,0.25960812037023556,0.2455453016339843,0.2730071056618485,0.35578300100004634,0.21601211689298036,0.2537655832657186,0.26259088368985495,0.282757779919771,0.2536432587852244,0.2612558941408403,0.23824442598800413,0.28187670095195594,0.2145023414326979,0.2533692142154798,0.2327269487430359,0.2828197711679898,0.2644651266326529,0.25773597812058874,0.2806813525074832,0.24007569057269645,0.23602170724143864,0.23751606185638746,0.2652582085394261,0.2213805557953195,0.3439407249539499,0.2646875238325022,0.25658683886763123,0.26590555780403463,0.2522352323162045,0.26843246154359074,0.25859233235213835,0.2536076031212428,0.26084288695078134,0.24536185856205112,0.24898561953939768,0.21639044342922456,0.24213413127659783,0.20906274775808667,0.34736985326016273
syn_Cd_0038,0.08738875561434885,0.3105308334227867,0.16752464184614205,0.08476838766835768,0.3166290585214719,0.18177720443648163,0.190167822182946,0.17601395673123252,0.090697545274602,0.08379741168168599,0.16633452321329054,0.3358783631227608,0.07579989121026895,0.1775406903873302,0.1906476262228974,0.18764547202888865,0.17305354824712543,0.1835080027172421,0.33653596939895114,0.13144678492202913,0.0937006549874734,0.15509633218680233,0.07113572387882659,0.07594123526910956,0.16300960087075222,0.1838866670684241,0.07842327930190132,0.3164392453774427,0.3142637338480564,0.1562836346565939,0.3161720391167398,0.24802795883125403,0.1913885198705485,0.32028492320433666,0.31776144290203273,0.2233043919650571,0.31094860673271796,0.0,0.15949266642675314,0.07847615020929016,0.3020505520739679,0.2010682433256028,0.2117793944597459,0.19032081945139923,0.2863045093281804,0.29431349412490077,0.19399617396895852,0.20771898724223561,0.2424252126736332,0.20162205466204558,0.19902380086750024,0.27713611200837185,0.238955995307516,0.2977089422368738,0.1819597254329433,0.2720528038391313,0.18959693543071976,0.24329957155806928,0.20257339178498351,0.1932968909179282,0.27004017900538485,0.3024519494911485,0.2794844076244149,0.17632763520640668,0.27939104024143724,0.27111576553260436,0.20125472913902898,0.29357785425188854,0.2194207384715625,0.19252253871216782,0.19993786261807725,0.32617089397431204,0.19145288084100068,0.19978704159740746,0.19589590257924638,0.2970719606944058,0.30257549384575505,0.2174482722791018,0.2760141532402625,0.27145109401172157
syn_Cd_0039,0.17460976136432832,0.26969005470811813,0.09420166459855665,0.16933126910724092,0.2889057559383512,0.08800026037281469,0.09932882579789368,0.07800695420594288,0.15800319229430165,0.1638951340957727,0.07343415297619504,0.3216393830642845,0.16642460550939342,0.07946745739948322,0.0969333289545385,0.09902162641293484,0.08020484313430092,0.10406121365449207,0.2972915507411297,0.20309246936327685,0.16418461786998165,0.06725222311919721,0.16506220090702572,0.1843631963915157,0.07884544287273401,0.09118122147270015,0.16867797241688706,0.2871620512046708,0.28084161142184644,0.060650807578372996,0.2768586571594531,0.3034583056757987,0.09782235820776349,0.285269976295216,0.28604086187930955,0.13705620373250982,0.2751858430187304,0.15949266642675314,0.0,0.16282694876674372,0.35268952121012076,0.2417371728875492,0.24772326499982011,0.17675922114373693,0.33725733958259885,0.26705551596388355,0.16880404111059702,0.24940531878303832,0.2864083227689111,0.24345220430020462,0.2369476595797443,0.2563880399282197,0.22604420729932434,0.27255738028557036,0.173752557301539,0.24579148582281568,0.23652054571535425,0.2549531963343379,0.23969641216532023,0.234258674479685,0.24887777342036893,0.28122985979470233,0.26214921862309304,0.16395357521528595,0.25184812916562416,0.32437712786947465,0.24536625905542064,0.2791338922920529,0.2558314677836354,0.16884002630453002,0.24020530761789524,0.3077935188420612,0.172574828499461,0.24747761484521,0.24116988228278768,0.278783975845517,0.2711618905835085,0.2586765837937462,0.2597001352022192,0.3205249578471952
syn_Cd_0040,0.08943818422230941,0.3027297480889193,0.17673080431823787,0.09457882313091963,0.3111928397187295,0.18649771112890545,0.19576250438884654,0.17749169192466763,0.0928400674781857,0.09563158311012035,0.17232140492269424,0.33385184985555677,0.08679670595329596,0.1834878541761969,0.19535487731197235,0.19260059025300952,0.181799947423311,0.1911946049535907,0.3289210660472767,0.12905470268086405,0.10222658362564938,0.16203592159543548,0.07974678264709584,0.08173846593591369,0.17102588751654507,0.1861058008169542,0.08282905026003824,0.30502879608130196,0.30484490822921667,0.1607905600293226,0.3075772916503909,0.2400939033567156,0.19466964857946684,0.3123212192811911,0.3094912309012505,0.23360338952525775,0.30530434309518567,0.07847615020929016,0.16282694876674372,0.0,0.2970394371049614,0.1923870519949126,0.20961985573298267,0.18425789491230665,0.2795396934103046,0.29069084162278025,0.18836678164280665,0.20238711461119532,0.24497103174300325,0.2001286009494017,0.1897189003750274,0.2777010713137197,0.22791126765412556,0.2956350825450845,0.1749921557552514,0.26711843748550873,0.18625043973077204,0.2346563290948694,0.197062220096718,0.19332775269991034,0.2667542828006203,0.29711596260581247,0.2780235906126448,0.17402788221221616,0.2734202616942709,0.2659045939588543,0.19478935877015055,0.290463002204168,0.211092969090025,0.19366088781242655,0.19139366357850993,0.31962037052352826,0.18461692954913334,0.19627137709806136,0.1922656470560195,0.29353245998350774,0.2990055866298625,0.21331155227466042,0.27416552790256665,0.25991568285120265
syn_Ni_0001,0.30711730746482074,0.390075609300296,0.33976664470237816,0.2998964453900512,0.40282655731354305,0.33228618629178147,0.32419774084187214,0.3358187336180947,0.2888869554596391,0.29612215636428624,0.33816326447671247,0.45461804678405426,0.2945073866144263,0.34107135913302555,0.3247115028212278,0.3295295246002912,0.3427522782837525,0.31800230339498364,0.3747613581125107,0.2816045957778049,0.2844524552181121,0.3574513281297852,0.28693964377469505,0.3045196112176697,0.33505620467997926,0.3292130623039399,0.29438545671745797,0.42223121969829136,0.37404411028186246,0.34421271662001773,0.3592993108634812,0.13977193460849652,0.33420244223312195,0.3856959321830752,0.4145000293328425,0.3359597979726937,0.3665144441845276,0.3020505520739679,0.35268952121012076,0.2970394371049614,0.0,0.28831342706653484,0.2869939541758815,0.31611099255870956,0.10859749188610873,0.3690872610597223,0.32811017484366856,0.29085696717362564,0.23774121221086666,0.3132293776722131,0.28492897696163033,0.37995873478968506,0.3098745742018968,0.37190427595601794,0.3045965564148392,0.38487106943942084,0.30983234163022566,0.2909270477939838,0.2873023937632876,0.32389486551781543,0.38691258388064376,0.3326267624192284,0.39596478183574324,0.33317187094351136,0.3736175721378877,0.08891409021902041,0.30641998765592743,0.3342931689978883,0.29645555313230726,0.32382510473617093,0.305165218393778,0.34562258855563477,0.32140104115170276,0.30409717824089516,0.2739048098201413,0.3391485079659189,0.3629828814514381,0.2748805198008775,0.37742607554543417,0.09265026394004135
syn_Ni_0002,0.22840316588172113,0.2529108788448376,0.2561609511208417,0.20175469004118793,0.2601870421141974,0.25000822392256683,0.25185588587569596,0.2421312320384304,0.19625904324905552,0.2256350600308998,0.24389455670873653,0.3198234510206586,0.18206983029934035,0.2528861507608187,0.24615603101430933,0.2504815010942655,0.2511229685377954,0.2475446421241115,0.2784116514645013,0.2479372493616933,0.21178077676403034,0.24155835728298958,0.2088463442959479,0.2229743220026249,0.23847536064011443,0.24633072271092193,0.2068666547986349,0.27643465350955043,0.2622947800756504,0.23052543833223493,0.27306262054143304,0.22648037067012783,0.24725284401907419,0.2567029305395049,0.25971195353807586,0.25809428179651844,0.25960812037023556,0.2010682433256028,0.2417371728875492,0.1923870519949126,0.28831342706653484,0.0,0.08168822953374376,0.2223710680145088,0.26733039521500224,0.2574481940627083,0.20424551912323538,0.06628144883858082,0.18876175445985166,0.07653984766606699,0.06410259317234256,0.25101977044639956,0.25074961189665995,0.2569428039298221,0.18733866845808733,0.26722872912566203,0.08048438434386154,0.23017377121598884,0.05166204646551024,0.09016332203731676,0.25577646497340295,0.3014647635743827,0.26969550593555647,0.21467731776673316,0.2531541986571929,0.26352318119329415,0.06362725336870587,0.2809124500055274,0.06405496643666535,0.21784045983326047,0.06814146398620412,0.327258157425816,0.21074391869794312,0.07346146707196315,0.08081085559187004,0.28941986053314417,0.2722657949646157,0.07698107905545505,0.2509623674182317,0.26327178984173033
syn_Ni_0003,0.2341530341252166,0.24444423473599936,0.25569106177892387,0.21067158626923482,0.26228122833062256,0.2518863751150527,0.2550207079895295,0.24261327778710381,0.20904834418365648,0.23134033151437647,0.2419738016412225,0.32631835689184807,0.19310274664563448,0.25454062856737325,0.24623234703729746,0.24623857388551554,0.25471017645974886,0.24510978924869378,0.2579018399254679,0.2457087810685594,0.21628380691807086,0.25096980560523097,0.21409966649362377,0.22882984863151956,0.23790339361236412,0.24489790730600366,0.21231739107612987,0.2813261863921562,0.248473752823266,0.23532263247755777,0.2535016568485598,0.22992093728084909,0.24603617818015552,0.24726408460951213,0.2654400552119481,0.2489317982475578,0.2455453016339843,0.2117793944597459,0.24772326499982011,0.20961985573298267,0.2869939541758815,0.08168822953374376,0.0,0.22701495071405167,0.2694944209741303,0.2549502382959969,0.2075401492720003,0.07233807325521682,0.17431649409289487,0.08529806250026584,0.07247876806267585,0.27009342989602936,0.2446356958956286,0.257724168774347,0.1943698148211468,0.27673626531704426,0.0985377657252306,0.2120627095426789,0.06928890352548485,0.11677903647541141,0.2705556864730755,0.2937545988387527,0.2850037468400521,0.2176034978286662,0.2620173314058153,0.2573245009114102,0.08162186773756416,0.2738926917187497,0.074232168613287,0.21805703602668391,0.09072150145107849,0.3163205659856277,0.2192510556325772,0.08123924373966535,0.0701476870576037,0.2847413601264149,0.264790725980735,0.06763028685591745,0.26551553636236735,0.26271481329898827
syn_Ni_0004,0.2014857006597748,0.27744310725183785,0.1940492773853241,0.2004936416993406,0.2852978136963666,0.1595835830158001,0.16559822106956656,0.15826319340591846,0.1822594980450574,0.18724843787347734,0.17240664476777914,0.33789625679654806,0.19416970895547916,0.17982246278225056,0.16019070307791083,0.17109035126617475,0.1760407189494973,0.1609970395445481,0.29160768562222605,0.19394695734968073,0.1691348695339236,0.18333829044662062,0.18515098265090857,0.2083541394741415,0.18373653214183203,0.16128894624699655,0.18083181993777478,0.2987987726080476,0.27475458391656,0.17116503268592556,0.2725774163995387,0.28464679053641473,0.16581402639748283,0.2890828728496224,0.29303836576427095,0.2204142532245834,0.2730071056618485,0.19032081945139923,0.17675922114373693,0.18425789491230665,0.31611099255870956,0.2223710680145088,0.22701495071405167,0.0,0.31305157189918137,0.26320576907632537,0.0754039402111274,0.2251300697380941,0.24053521950505882,0.21938909004063054,0.21739070615795952,0.2650577844927257,0.11258927153103124,0.272393285598839,0.08375083827381728,0.2507285779498091,0.2236099649664858,0.1546542159322592,0.21424516648664652,0.2373212947820265,0.2626237165183803,0.2538864587698278,0.27752523309059446,0.09977346652506745,0.24850507823244897,0.29883430630794866,0.22844646934419383,0.25871151329258113,0.2349852914117035,0.06780938743757509,0.22596139066066268,0.27651834023705124,0.07070743746804123,0.22289806489954364,0.21601029772126049,0.25654563451337403,0.274128554898322,0.23381138325969936,0.25827389903671844,0.2955570674709648
syn_Ni_0005,0.29215779609960224,0.3702401947910523,0.32968674202717013,0.2726969531346041,0.3785247481651903,0.32391651705217467,0.3194379868937874,0.32240484684764215,0.2720733825873723,0.28355163646391734,0.32511800264463747,0.430549396829644,0.2769410788568497,0.3297955344684043,0.3166268016089646,0.3176980469069296,0.3343250948703673,0.31299692259849693,0.38096400230467886,0.27895563921463384,0.27298446979134494,0.3416276226438773,0.2733261481101464,0.2901619673619058,0.32301343928155624,0.3209071341383092,0.28151011423371075,0.3983339769507576,0.361253502358774,0.32881878450850605,0.3695100274373564,0.1327441176468352,0.32526152260062563,0.3680838344193336,0.3857926052342917,0.30126222235392053,0.35578300100004634,0.2863045093281804,0.33725733958259885,0.2795396934103046,0.10859749188610873,0.26733039521500224,0.2694944209741303,0.31305157189918137,0.0,0.3606422670262671,0.32463296353497345,0.26363936927918474,0.25451628177183516,0.29030165531649127,0.26466110373184243,0.36834652484574454,0.3187781870804996,0.3664499592042506,0.2987944477113671,0.37326525091725626,0.28975786546683413,0.30546704223641286,0.268624186383903,0.2995337707113483,0.3779371482949687,0.35295269471257956,0.38294606846711454,0.32239017366812656,0.3632000004330222,0.08217061717546396,0.27985851850165394,0.3538099525192365,0.2620904615849255,0.3218080832571944,0.2846743502331788,0.3620022171132341,0.31355786941746794,0.2838901606966908,0.25897761891261606,0.3547625817853418,0.3641401350185585,0.2705519248505544,0.36172542319271483,0.09959077965178162
syn_Ni_0006,0.3078657406844199,0.2279994080171217,0.28689557373797325,0.2930825957876977,0.24358772363497613,0.27883105817796777,0.27178803571207283,0.2765570749078206,0.28481828863997904,0.29597436846116865,0.27165048985966,0.30116456996160845,0.2749606278433719,0.2774061935705223,0.2778026758524414,0.27686904275633534,0.27292559592641324,0.2770986742578135,0.2519304136157653,0.32122448444228324,0.28671722547173484,0.2658233120908442,0.2943185272363211,0.3149425518417222,0.2541991528391038,0.27425612614569783,0.2903216260152019,0.2638460376077579,0.23412232013494155,0.25715515747555956,0.23878069088119827,0.32072952374527736,0.2831833727218095,0.22268049765289902,0.2534456707419502,0.26877516956136793,0.21601211689298036,0.29431349412490077,0.26705551596388355,0.29069084162278025,0.3690872610597223,0.2574481940627083,0.2549502382959969,0.26320576907632537,0.3606422670262671,0.0,0.23452791272864684,0.25896717176573103,0.3096005635308264,0.26338124817770775,0.262557641828298,0.07568562870816228,0.27762100799770684,0.06768799424030499,0.22955574939701417,0.08943881529387944,0.26509084123299054,0.29130617862679886,0.25247786051774124,0.2719660471060814,0.08597469042529636,0.1370731751290766,0.1067076456830146,0.2323123098272993,0.062108761793238126,0.3452221766942379,0.26035712770774133,0.11968458664614758,0.2702701286888054,0.25006816801647797,0.2626452779665127,0.15010896692870976,0.24292717881755174,0.258909051839779,0.24988948732372016,0.11153309656078683,0.07312780097957093,0.26332246377034896,0.088482053219291,0.345507554284828
syn_Ni_0007,0.20424984263135895,0.2551305912789773,0.19471931172480395,0.2029356890100523,0.2637204786978742,0.16128163934871526,0.16547183505826926,0.15497583888803895,0.19114440366852997,0.19324285702268088,0.15948203624204646,0.3210039092375046,0.19390667960086905,0.18471380115383426,0.1548013880802104,0.16415291102618595,0.1785306846737159,0.15993540558460276,0.2678850873634824,0.2086343724346466,0.1777467518255768,0.1774596420738681,0.19397287328107576,0.21758551721304376,0.17821095555566285,0.15916721355343375,0.18676010439809065,0.2763190539397934,0.2576822011196972,0.15877293466318956,0.24832309441311937,0.28943777334089543,0.165815068276262,0.2622884544074808,0.26637867353823597,0.215516520356042,0.2537655832657186,0.19399617396895852,0.16880404111059702,0.18836678164280665,0.32811017484366856,0.20424551912323538,0.2075401492720003,0.0754039402111274,0.32463296353497345,0.23452791272864684,0.0,0.20794416101913912,0.2474041296648314,0.20436460668115253,0.2001202644199028,0.23879900544550203,0.1263892084853307,0.24266854104777724,0.0767714704774684,0.22516726534388393,0.20749087450490056,0.16212350479911586,0.19733099747967597,0.2187486352825713,0.2356805423182262,0.23920933195064104,0.2512188332943495,0.08466502193259332,0.22408932068914092,0.31092311699689534,0.20950567513419177,0.24420898307321529,0.21882888301733985,0.06916407462701973,0.207091156253584,0.2704078016089781,0.06850291468877066,0.2042882918647525,0.1975317365538699,0.24596231830582974,0.24491784243820508,0.21510586635195966,0.23067122615744476,0.3084529964179732
syn_Ni_0008,0.227000305244233,0.2572844288436242,0.2641039599178856,0.2042486939478873,0.25917946076783105,0.257635708217914,0.25887883799322026,0.24878943863717146,0.19939241180063202,0.2289376567077191,0.25005684914308474,0.3204135786386089,0.18547404608041934,0.2589571307322129,0.25510338672678917,0.2566624940878422,0.2576698039032398,0.25291779317096563,0.27576569606546253,0.249289051020048,0.21646518794152717,0.24980386454567574,0.212500005956837,0.22646128818776007,0.24487249211244655,0.25284686246137683,0.21263442380414294,0.27760020899641846,0.2665844342511048,0.2387404645548263,0.27442346854627797,0.23577830187500934,0.2560508140239716,0.25936768922555314,0.25723720275318424,0.25282292835269504,0.26259088368985495,0.20771898724223561,0.24940531878303832,0.20238711461119532,0.29085696717362564,0.06628144883858082,0.07233807325521682,0.2251300697380941,0.26363936927918474,0.25896717176573103,0.20794416101913912,0.0,0.18381249372236844,0.07951209722969131,0.06320956672581439,0.25713512510677167,0.25449826291047584,0.26425756595264394,0.18944114620742897,0.2692673268476409,0.08720946114621628,0.22561591842711656,0.05132177529481754,0.09956492230070318,0.2611227712984952,0.3067005005934642,0.2754516595898099,0.21611847815459398,0.26044300859092845,0.26378011119506384,0.07478219066110506,0.285725630712,0.07331618369423296,0.21887087066092642,0.08242794623110905,0.33126650564168114,0.21642476456985615,0.07936027834886752,0.07842470041052191,0.2956542902701151,0.2777127390073382,0.08029521390375455,0.256904202149895,0.2671075568922912
syn_Ni_0009,0.26617261457836144,0.3042031689357833,0.2758129095419713,0.24271133003267947,0.3244156125584776,0.2741694904604428,0.2628501264260529,0.28079955036894605,0.23682496639182612,0.24840211014816158,0.2806828405330423,0.38500848318222064,0.2327407796537232,0.2784902116930305,0.2706883415296693,0.26690794965247916,0.27958523356761383,0.26195530498631625,0.2746500932027945,0.23385055777993113,0.24079860767770675,0.29662349627832585,0.2339184800196488,0.26102319943682084,0.28526959548895325,0.266280838218265,0.24112634987874307,0.34502000706003744,0.2869856390035589,0.2855878339444046,0.2655402224072356,0.23359197620899794,0.27043480029043976,0.30303000310685635,0.3327527527476848,0.263986398879922,0.282757779919771,0.2424252126736332,0.2864083227689111,0.24497103174300325,0.23774121221086666,0.18876175445985166,0.17431649409289487,0.24053521950505882,0.25451628177183516,0.3096005635308264,0.2474041296648314,0.18381249372236844,0.0,0.19709591843915822,0.18863258973744956,0.33180678466387176,0.22489815071781982,0.3147835358712767,0.22867647958019136,0.32611478737796207,0.20503388280456072,0.17685126413682487,0.17720939529965474,0.23095810944561937,0.33623092384258313,0.27477344534320536,0.34955841219660244,0.2740573914138667,0.3176585234636867,0.23517921054420524,0.20650797315644417,0.27481451438958376,0.1787321928057993,0.24400667536564405,0.2137064868864707,0.2734238788047111,0.23713089749966074,0.2074534414636482,0.164141242470459,0.28425178476355584,0.3065540924681419,0.1596934185418664,0.3214203088967254,0.23403740277272328
syn_Ni_0010,0.22076746916430742,0.24845534273406802,0.25803217479668217,0.19933984091056833,0.2418138439885419,0.2541919754016167,0.2567175715424396,0.2453029231956706,0.1946739864188605,0.22168225292599494,0.24542107105567434,0.30837311043765264,0.18352605183564952,0.257928101235541,0.25355642117192456,0.25219927494511735,0.2539579269129187,0.2553379777701082,0.27187209453994915,0.24684683727307863,0.21024996015451328,0.24629241129776447,0.20747667476069787,0.223967358383686,0.24027887936819164,0.24744645179935315,0.20947765903992124,0.26009785709478983,0.25932670526373186,0.23317713629768275,0.2676995825597344,0.255614258428082,0.2524198520737552,0.2514884540142126,0.24370776532736024,0.26505533697601724,0.2536432587852244,0.20162205466204558,0.24345220430020462,0.2001286009494017,0.3132293776722131,0.07653984766606699,0.08529806250026584,0.21938909004063054,0.29030165531649127,0.26338124817770775,0.20436460668115253,0.07951209722969131,0.19709591843915822,0.0,0.0759562317539203,0.25109251611593497,0.2615311676649491,0.26509648632127913,0.19463769656413016,0.25959952289849997,0.08849209228006671,0.22605920882612024,0.07046418606297009,0.09756443630626838,0.2507493040704691,0.3103677526693679,0.26545703232947393,0.209893833696977,0.2545314208038044,0.2830885199358684,0.07831158995075929,0.2890149857798612,0.09188619791885301,0.21524880182637682,0.08187834626698429,0.33325929375894264,0.21014293879485288,0.07254887131487196,0.08864897034815786,0.29697497101882736,0.2798139068775705,0.09041957478813459,0.24445699251579067,0.29206179360602025
syn_Ni_0011,0.21580506510664413,0.25603737054244174,0.25227395462683333,0.19655236505434545,0.2601675920649727,0.24679726770349292,0.24533481660104237,0.23402080865981265,0.19317984933166038,0.21667984807661553,0.2394184202792467,0.3229824028676684,0.1818319324563615,0.24720435227073073,0.24111552218608787,0.24545440719605544,0.2450803833541415,0.2403645026904607,0.2779413930985241,0.23948823487873025,0.2073885039311517,0.23872419661254432,0.19993640156535636,0.21605420250981297,0.2335670498197245,0.24250105982838535,0.20252248092141503,0.27882628630432993,0.2655694798739082,0.22555494197725026,0.26998473903085196,0.22415250818423246,0.24276871320575766,0.262668550897842,0.26527267221059103,0.25529673263367003,0.2612558941408403,0.19902380086750024,0.2369476595797443,0.1897189003750274,0.28492897696163033,0.06410259317234256,0.07247876806267585,0.21739070615795952,0.26466110373184243,0.262557641828298,0.2001202644199028,0.06320956672581439,0.18863258973744956,0.0759562317539203,0.0,0.2592691219447103,0.24752344844475654,0.26592441556846846,0.1874442671484412,0.26976822073160006,0.086458068723572,0.22654246151258667,0.05982983369677702,0.09807144010918045,0.2623817035281691,0.3026611459554758,0.27727519666366846,0.2099350075258803,0.25925581682146026,0.2566675063676869,0.0714858636434868,0.2842192990733899,0.07791723801662266,0.21237747289210343,0.07932019640190309,0.32856685742277,0.20657140006073435,0.07473800773003947,0.07661088947034783,0.2954795808598519,0.27855219625008404,0.07959558312764459,0.257498604996616,0.2582290619496404
syn_Ni_0012,0.29274828221715954,0.2394291891554818,0.2793312086384241,0.2796218288776684,0.2378275300426657,0.2698859569187541,0.26716454772282505,0.2706573811241533,0.2765094815153879,0.2865306699781771,0.26333170033413483,0.2894629912040006,0.26080216613362717,0.2681095682341311,0.27354196128759833,0.2736431295453124,0.262443276134537,0.2754947585258126,0.27712499960146353,0.3164233030470414,0.2812794079988541,0.25226526065734,0.2816608071386188,0.2996281267205978,0.24369193982573267,0.2712131815274683,0.28449464868147883,0.2505012331138043,0.25664311221352265,0.24756933112829937,0.2589279904808664,0.3314969578281676,0.2812128363240195,0.23656323841072496,0.23865388444811,0.2837898466100328,0.23824442598800413,0.27713611200837185,0.2563880399282197,0.2777010713137197,0.37995873478968506,0.25101977044639956,0.27009342989602936,0.2650577844927257,0.36834652484574454,0.07568562870816228,0.23879900544550203,0.25713512510677167,0.33180678466387176,0.25109251611593497,0.2592691219447103,0.0,0.3007939679505496,0.07349756492905246,0.23903592357638143,0.08345476386302897,0.2484584691288037,0.310264327045878,0.25023586603665515,0.24954637278111752,0.06494251676560416,0.1622114380964716,0.08171040806385822,0.22142694558796758,0.0748305136167069,0.3578552169187406,0.24402279494851234,0.1438355037763037,0.27656292536089433,0.25272133577414846,0.24589467048955496,0.18537260066526348,0.24716714294744607,0.24729433752823812,0.2653757231771384,0.1358650777963002,0.09411891258763264,0.2739127051762694,0.08513360644139285,0.3595806693139854
syn_Ni_0013,0.24966895920803955,0.2974494701923642,0.22002691496974616,0.2502623639352464,0.32243021087423607,0.1972300305833341,0.2014354784119851,0.2113319598505823,0.23124054785035056,0.2345014296233882,0.22165938609850833,0.37589863098668624,0.243317980606684,0.21607723393978703,0.19560633193117227,0.21136639506349525,0.21541052354957702,0.19311212651742893,0.2960989083289085,0.2328336592233207,0.2188688810737631,0.2330207309133225,0.23445914777940016,0.25164730116493755,0.23771844463206604,0.20261627540037067,0.2311904535012322,0.3390315118368371,0.2815611259217146,0.2260800929084763,0.27316879459922727,0.28925697753576757,0.1973016112571295,0.3015609042363938,0.3300942060827759,0.24014735417772368,0.28187670095195594,0.238955995307516,0.22604420729932434,0.22791126765412556,0.3098745742018968,0.25074961189665995,0.2446356958956286,0.11258927153103124,0.3187781870804996,0.27762100799770684,0.1263892084853307,0.25449826291047584,0.22489815071781982,0.2615311676649491,0.24752344844475654,0.3007939679505496,0.0,0.28444363902783715,0.11484599618682263,0.2944969531788644,0.262086545169109,0.13548339703977555,0.24555501362861668,0.27578741229534354,0.29864533579702446,0.23937682916280242,0.3199941852906496,0.16075855178897466,0.2829614003645311,0.3033231451358247,0.26639446623371377,0.25234069046332724,0.25051847930910154,0.11064907648710615,0.2607398166762225,0.2607984489932792,0.11264727886309557,0.2559266424121952,0.23632694972759793,0.25116970987545467,0.2767898472524416,0.24032162332198026,0.29727284380795854,0.29434841588184046
syn_Ni_0014,0.31264085472360503,0.23014018749559662,0.2868446000515854,0.2955825153231066,0.24498928963912728,0.2776664572122946,0.26893519635889485,0.27797717089768087,0.2899014560317043,0.3026028653670442,0.2728083887822989,0.3035570875993672,0.2797013724784773,0.2733141249118195,0.2742683301078914,0.2807360342458772,0.26982047617217236,0.2784149002787615,0.25515001516522395,0.3242068949035473,0.29142470382799385,0.26777962772129155,0.2998908449844401,0.3206689372520627,0.25556535553833837,0.2782438193355446,0.29361801088629963,0.2647229172961781,0.232142742771684,0.26134047757924167,0.23988376418050159,0.3239206648785398,0.2830601845608824,0.2147718632603763,0.2528510398598948,0.2721498540720411,0.2145023414326979,0.2977089422368738,0.27255738028557036,0.2956350825450845,0.37190427595601794,0.2569428039298221,0.257724168774347,0.272393285598839,0.3664499592042506,0.06768799424030499,0.24266854104777724,0.26425756595264394,0.3147835358712767,0.26509648632127913,0.26592441556846846,0.07349756492905246,0.28444363902783715,0.0,0.2399593131636413,0.10319045321386815,0.26648500012454446,0.2956633970973949,0.25400991582500554,0.2716778328920058,0.08530107449572291,0.1424982480189284,0.11273581597641329,0.2395010178952771,0.07027561359313102,0.3491027475216663,0.2599832229346804,0.10853447752697333,0.27365406332367986,0.2591866386856311,0.2651275954415513,0.15805003540385998,0.2522652346259569,0.2602315527213988,0.2512243843479893,0.11481515896663305,0.07189779249161896,0.2577897987357779,0.09893619467760263,0.3508882022051666
syn_Ni_0015,0.19801724081586314,0.25434532469927484,0.1942146711123845,0.19641688687781175,0.2701781577033633,0.16633987276882908,0.17112238833751617,0.1677659986538645,0.17755151503047228,0.1915632432553057,0.16878706117120523,0.3275529403149735,0.18028391680923933,0.1798098115887461,0.16623149795931863,0.1779168091779725,0.17500536094116617,0.1686212579655482,0.2687540703052737,0.20630934281559798,0.17523334328494702,0.17987199529173784,0.18350891620027626,0.20600097196610134,0.17668893230526714,0.17172419105645023,0.17814864224720517,0.28630054894131024,0.2608589333667816,0.16989371723589547,0.2540174238766821,0.26459367036996856,0.17148821482586663,0.26550337624202747,0.27685810949515377,0.21834508789349932,0.2533692142154798,0.1819597254329433,0.173752557301539,0.1749921557552514,0.3045965564148392,0.18733866845808733,0.1943698148211468,0.08375083827381728,0.2987944477113671,0.22955574939701417,0.0767714704774684,0.18944114620742897,0.22867647958019136,0.19463769656413016,0.1874442671484412,0.23903592357638143,0.11484599618682263,0.2399593131636413,0.0,0.23530329431115973,0.19832650898629986,0.13345354399368475,0.1816939276562476,0.2060722892890518,0.23605255241722317,0.2376049124455284,0.2573477147039781,0.09243544464756437,0.2215549848174709,0.28583327703025235,0.20127245991082274,0.23427510686043881,0.20367198837530076,0.08841381350012631,0.19886617319529515,0.26601079271599287,0.080411436008601,0.19476018406831616,0.18217389425167702,0.23709520135421827,0.24132997885782434,0.19735886125780427,0.23741602238471463,0.28234217645847637
syn_Ni_0016,0.28349049451489455,0.23570137095669155,0.2661900595542923,0.2774458121397593,0.2395250456885348,0.26098808973631654,0.25998026081322,0.2562094133822224,0.2671099964677278,0.27749307452119,0.2531071839484042,0.28389773451907896,0.25514124473753874,0.2579939873966392,0.263645125309594,0.26046299260145256,0.25204388399363026,0.26633952296374713,0.2661952643046063,0.3023863713149254,0.2694883977188089,0.24350264072811054,0.2731608300010919,0.2924988175736853,0.23517173654675827,0.2578812230274197,0.27071202918842263,0.24816688340697593,0.2500058695114408,0.23557781467978917,0.2538107236304861,0.3419595154265166,0.2697387583973983,0.23632940912652156,0.24398772396500346,0.27411023088744285,0.2327269487430359,0.2720528038391313,0.24579148582281568,0.26711843748550873,0.38487106943942084,0.26722872912566203,0.27673626531704426,0.2507285779498091,0.37326525091725626,0.08943881529387944,0.22516726534388393,0.2692673268476409,0.32611478737796207,0.25959952289849997,0.26976822073160006,0.08345476386302897,0.2944969531788644,0.10319045321386815,0.23530329431115973,0.0,0.2593618107177357,0.3057331435447599,0.2615797271113323,0.2596189577201996,0.07817171611137465,0.1507991248652789,0.08353353738910918,0.22062861761996735,0.06575746275803,0.36099507877974935,0.2593988199625456,0.153426084578614,0.28703769564234305,0.23648059983456407,0.256324080155679,0.1633115036098236,0.23384204723086915,0.26303406883875713,0.2681099549677221,0.13126777855978086,0.10282382120852772,0.28465159197669604,0.09584210102873533,0.36775168369944167
syn_Ni_0017,0.21465401404926648,0.2726269911282761,0.24756950739444009,0.18775455596284563,0.27180669388716944,0.24843910068985608,0.2584088661728318,0.2387348567296409,0.19291439329918353,0.21716840835843484,0.233428595028284,0.3149752641974842,0.17084088194699848,0.24929801757623807,0.2538232029090186,0.24775505692378214,0.2472079444771715,0.25441995197188155,0.30291665364404935,0.23823128816825234,0.20440813836024568,0.23787832027045477,0.19790029218036004,0.20917836505090198,0.22954495323759574,0.24293008074835012,0.19953351699783617,0.2715364876185725,0.284853709561794,0.2282655436901027,0.2941572781849799,0.24739681052454304,0.25291954019888735,0.27208329480806354,0.2571053086198739,0.26724275467624536,0.2828197711679898,0.18959693543071976,0.23652054571535425,0.18625043973077204,0.30983234163022566,0.08048438434386154,0.0985377657252306,0.2236099649664858,0.28975786546683413,0.26509084123299054,0.20749087450490056,0.08720946114621628,0.20503388280456072,0.08849209228006671,0.086458068723572,0.2484584691288037,0.262086545169109,0.26648500012454446,0.19832650898629986,0.2593618107177357,0.0,0.24657845312640114,0.0774042980959112,0.07933110851207355,0.24572873372201628,0.31132709950771986,0.2546782868633286,0.2036469770058296,0.26048938332182764,0.28021810569125083,0.06865349044225202,0.29066852442996677,0.10204735133496026,0.22448522574611085,0.07272357736214674,0.3387840816562132,0.21599661969682302,0.07806095415178874,0.1046039640824376,0.30071592469407915,0.284611134827932,0.10256214288491579,0.24942561368357433,0.28315988875335124
syn_Ni_0018,0.26173427216613726,0.28484631755600365,0.2499422970102316,0.2539141912498161,0.3088959798571284,0.2338760962243378,0.2342476715224515,0.23970963198311507,0.23654119878253851,0.2504939852488493,0.2445942598901384,0.36859952032443155,0.24383716150646054,0.24841771557708878,0.22638883419734038,0.23162517728812135,0.24655508881272148,0.2304657464795232,0.2590375694954149,0.25169592252914746,0.23157983840284715,0.2631773489952747,0.24442075013995224,0.26683226917946307,0.2539637825426637,0.23186079097707155,0.2403320854301275,0.3279533802540146,0.2694569091873365,0.24818197042498313,0.2427481310683723,0.2802901549701527,0.23157624476806077,0.2810888811603325,0.31701425332182426,0.25830584937756995,0.2644651266326529,0.24329957155806928,0.2549531963343379,0.2346563290948694,0.2909270477939838,0.23017377121598884,0.2120627095426789,0.1546542159322592,0.30546704223641286,0.29130617862679886,0.16212350479911586,0.22561591842711656,0.17685126413682487,0.22605920882612024,0.22654246151258667,0.310264327045878,0.13548339703977555,0.2956633970973949,0.13345354399368475,0.3057331435447599,0.24657845312640114,0.0,0.21912690185037717,0.25383423964777846,0.3078206014006049,0.24920220501736728,0.3250825478772245,0.1765615771416827,0.2924175694208451,0.293797979723187,0.24464444077649755,0.24326422430873335,0.23036390861882616,0.15785474882937955,0.23828349290585255,0.25543545011065066,0.15629148783481633,0.23088962899441737,0.20442730395949685,0.2484644274640511,0.2860750059439414,0.203313262336943,0.3044154964558573,0.2867224236304941
syn_Ni_0019,0.22312549946789897,0.2513528703625681,0.2549938028740276,0.20331822341088052,0.25663214014433433,0.24809126974894968,0.25119628545721967,0.23957399949722782,0.19547724041331838,0.22475688929039603,0.2405499195632238,0.320227542579592,0.18490082465188326,0.2520203709008656,0.24680144845750368,0.24952603515950228,0.2514531420866085,0.2453951969930397,0.2736863897933877,0.24557823286923403,0.20824879038466973,0.24189135602552453,0.2076955441341373,0.22395021949181276,0.23729989061661846,0.2451211941238363,0.20550222049036737,0.2741324982128112,0.2612662445381079,0.23064066989015758,0.26743271340477054,0.22847913625347205,0.2475763201605396,0.2540147158836179,0.2589346768404254,0.25422933944715054,0.25773597812058874,0.20257339178498351,0.23969641216532023,0.197062220096718,0.2873023937632876,0.05166204646551024,0.06928890352548485,0.21424516648664652,0.268624186383903,0.25247786051774124,0.19733099747967597,0.05132177529481754,0.17720939529965474,0.07046418606297009,0.05982983369677702,0.25023586603665515,0.24555501362861668,0.25400991582500554,0.1816939276562476,0.2615797271113323,0.0774042980959112,0.21912690185037717,0.0,0.09491661762323442,0.25436351655548367,0.29690494758183605,0.26804825510207486,0.20616210778955557,0.25105319621902555,0.26019502439313996,0.07107270033012886,0.27759295783837745,0.07075974509703004,0.2091983672983776,0.07740221830795352,0.32287181886300087,0.2048605447059806,0.07679667224963216,0.07404239014549215,0.2861338950803726,0.2674769361136122,0.07599082430298335,0.24931850516926723,0.26463763819241637
syn_Ni_0020,0.2159200098933578,0.26382670814062864,0.24737074279764396,0.19178308088245594,0.2595621136222047,0.25482657810761106,0.26519314505347,0.24592680600763012,0.19165420855197576,0.220693625730902,0.24365712611107482,0.2886421319259314,0.17544288926800589,0.2527449173978142,0.25927422967695246,0.2573605442562355,0.24514113573329202,0.2591916282929347,0.2961356205697317,0.25001397999306324,0.20395375460859885,0.2326594791841135,0.2044062698979414,0.21828066557262954,0.2377228673619226,0.2511422213865485,0.20508259571547716,0.25347031318203445,0.2823710739361492,0.2236113967257858,0.29216127684785476,0.26408911411747193,0.2587314610780474,0.2677025873204534,0.24102266307934145,0.27030251622674106,0.2806813525074832,0.1932968909179282,0.234258674479685,0.19332775269991034,0.32389486551781543,0.09016332203731676,0.11677903647541141,0.2373212947820265,0.2995337707113483,0.2719660471060814,0.2187486352825713,0.09956492230070318,0.23095810944561937,0.09756443630626838,0.09807144010918045,0.24954637278111752,0.27578741229534354,0.2716778328920058,0.2060722892890518,0.2596189577201996,0.07933110851207355,0.25383423964777846,0.09491661762323442,0.0,0.2442851979124775,0.32006756357559407,0.24174022087684677,0.21567579646542387,0.26407270271040106,0.2950248550518903,0.08054846188178273,0.2972620151681933,0.11993661019910991,0.22639702282405155,0.07434053303441593,0.34681260090712007,0.2245327962887246,0.08705136795590016,0.11850606776077291,0.3068999128062536,0.286401192793534,0.12161403478804701,0.2516440345579858,0.3009906375353436
syn_Ni_0021,0.28128908033093186,0.2465378458175847,0.2685830729479675,0.27425353581229395,0.24560452202462316,0.2689255522135723,0.2663708587426969,0.2636928103493065,0.2667549762554364,0.2758858612289669,0.25467423205825457,0.2863792209885138,0.25256825290718654,0.2598548873323331,0.2746357195764545,0.2712616003341066,0.2551969896744597,0.27447105677120265,0.2797362528345988,0.3066398688508571,0.27071274082262287,0.2424108915740447,0.27257482173773806,0.2905046849305982,0.23445082873907075,0.2676375659007839,0.2730412865674039,0.24834247245597954,0.2582443631313808,0.2367017700650604,0.26366968979974953,0.33973329531617397,0.2777724290763904,0.24093512739752213,0.24227849134856846,0.28554702014012334,0.24007569057269645,0.27004017900538485,0.24887777342036893,0.2667542828006203,0.38691258388064376,0.25577646497340295,0.2705556864730755,0.2626237165183803,0.3779371482949687,0.08597469042529636,0.2356805423182262,0.2611227712984952,0.33623092384258313,0.2507493040704691,0.2623817035281691,0.06494251676560416,0.29864533579702446,0.08530107449572291,0.23605255241722317,0.07817171611137465,0.24572873372201628,0.3078206014006049,0.25436351655548367,0.2442851979124775,0.0,0.16779534707951496,0.08262314328946216,0.21494650386202166,0.06953175053056757,0.3653965820546876,0.2507479530172942,0.14188680513421803,0.2784531950524158,0.2481979917668607,0.2446033476963715,0.18828022958879226,0.24372977812242672,0.2531929887794752,0.2678150005906934,0.13599549981495893,0.10355071514060513,0.2747682778807597,0.08468356139329848,0.36713618410351495
syn_Ni_0022,0.3115764875608086,0.2633424726951089,0.2819719754861188,0.3121345618918717,0.2832677146067224,0.2708839122465977,0.25276896788913117,0.2743403915034237,0.29156279969537485,0.2939390876173347,0.27543375395600855,0.33351870328511457,0.2951025155567622,0.27315538798783834,0.26407106408402614,0.26927224306211284,0.2729041964697048,0.2591160436302228,0.2531228781386308,0.29736173438476393,0.2861888440397964,0.2879646975080787,0.2960349581935466,0.31602303485811256,0.27126483513707905,0.2678349703411825,0.28943076609734986,0.30149625431912236,0.24774520382093101,0.2774329048387093,0.22533109001871246,0.3216554399561152,0.2668150238472406,0.2608751333091028,0.2955029644893973,0.2743912775124735,0.23602170724143864,0.3024519494911485,0.28122985979470233,0.29711596260581247,0.3326267624192284,0.3014647635743827,0.2937545988387527,0.2538864587698278,0.35295269471257956,0.1370731751290766,0.23920933195064104,0.3067005005934642,0.27477344534320536,0.3103677526693679,0.3026611459554758,0.1622114380964716,0.23937682916280242,0.1424982480189284,0.2376049124455284,0.1507991248652789,0.31132709950771986,0.24920220501736728,0.29690494758183605,0.32006756357559407,0.16779534707951496,0.0,0.17987434965679422,0.2559046257513098,0.13631763122119395,0.33429955608375117,0.31300667566148305,0.11736206639978841,0.31060458284532816,0.24397612874974295,0.3106758001180424,0.07472413091474046,0.23920182868001455,0.30811286942194815,0.28400955804731454,0.09605966539264725,0.11053418150077035,0.2828065965972584,0.15207584247341613,0.33541559780767044
syn_Ni_0023,0.2902349548676989,0.24139293134360246,0.2871372855900924,0.2754105438011512,0.23675859309149697,0.2918820998971826,0.2929996410788072,0.2861289450156566,0.28139484753317834,0.28910737850870694,0.27668776784132526,0.260457753502427,0.2620770392829586,0.2840701674837983,0.2942618280268766,0.289110330632298,0.27452345329391054,0.29874825054708914,0.27608345973753395,0.3282098863189913,0.2851154583197789,0.25521670429799354,0.2860564288987784,0.30029768785734656,0.25724430766403056,0.28756882883586793,0.2856998986029782,0.23258772575395972,0.257698651250083,0.25289487472245203,0.2634394420714761,0.3483213023188301,0.3011235779509533,0.2381745449775563,0.22767248226438272,0.3031911550071035,0.23751606185638746,0.2794844076244149,0.26214921862309304,0.2780235906126448,0.39596478183574324,0.26969550593555647,0.2850037468400521,0.27752523309059446,0.38294606846711454,0.1067076456830146,0.2512188332943495,0.2754516595898099,0.34955841219660244,0.26545703232947393,0.27727519666366846,0.08171040806385822,0.3199941852906496,0.11273581597641329,0.2573477147039781,0.08353353738910918,0.2546782868633286,0.3250825478772245,0.26804825510207486,0.24174022087684677,0.08262314328946216,0.17987434965679422,0.0,0.23391104834743573,0.09346590687268369,0.3720912587121132,0.26127584422800704,0.17884481898923874,0.29160579065994985,0.26642988059559763,0.2550291413432805,0.1942282886545723,0.26148375202009366,0.26431342440250943,0.2827726940751552,0.16106478703889662,0.1173733796451551,0.2915729392112467,0.09753714853447158,0.3796598750929391
syn_Ni_0024,0.18657385318648248,0.26780412191185055,0.1911389080481741,0.18882475984910577,0.2739195089844373,0.17256216460665053,0.18451629957018686,0.1717364621577797,0.17968962770559507,0.17968260061743754,0.16092284925840064,0.31990455615705476,0.1815938741110842,0.17966461812095233,0.18101248712364293,0.18644973843565835,0.1715780621762018,0.18255492134622517,0.29006109911170813,0.2128767400947674,0.17493990713085517,0.16700641309468764,0.1748503004845904,0.20097508250050086,0.15902690369024522,0.18114810818760096,0.1755470246209543,0.27399826602876554,0.2725638086023617,0.15506930052248194,0.2647806573303573,0.28440397896582,0.18809908705704081,0.26922951900581654,0.2725051266070432,0.23348016198403423,0.2652582085394261,0.17632763520640668,0.16395357521528595,0.17402788221221616,0.33317187094351136,0.21467731776673316,0.2176034978286662,0.09977346652506745,0.32239017366812656,0.2323123098272993,0.08466502193259332,0.21611847815459398,0.2740573914138667,0.209893833696977,0.2099350075258803,0.22142694558796758,0.16075855178897466,0.2395010178952771,0.09243544464756437,0.22062861761996735,0.2036469770058296,0.1765615771416827,0.20616210778955557,0.21567579646542387,0.21494650386202166,0.2559046257513098,0.23391104834743573,0.0,0.21817976217612203,0.30857048315158514,0.21582835943810602,0.256177164580944,0.22613324228120374,0.09872076329703529,0.20942281507422786,0.28379187641296866,0.10101036741256708,0.21192795099742198,0.20716857766652785,0.2567711973035241,0.24897941525002973,0.22886991584192,0.22865076374643975,0.3066848699493352
syn_Ni_0025,0.2898609255912709,0.22976050920503638,0.2739603651630448,0.28286004658522346,0.2371603392074217,0.2630659738723377,0.25596575330532123,0.26076542150953214,0.27170939185331594,0.2813125979198513,0.257469755709292,0.29575494629393445,0.2615432637733643,0.2604694614338109,0.2591339022279273,0.2647980818516245,0.25617550002020983,0.26270343502068016,0.26120234120537167,0.3065961737602533,0.27128029961247424,0.25054752547213,0.27852326031111124,0.29837638443940545,0.2385402192009634,0.26138097289749157,0.2736310230928064,0.2584096423728835,0.24179336495624562,0.24294327783024466,0.24203205442713355,0.3256255434586653,0.26626220308120635,0.22841546197595775,0.24810936835534647,0.27163381729879477,0.2213805557953195,0.27939104024143724,0.25184812916562416,0.2734202616942709,0.3736175721378877,0.2531541986571929,0.2620173314058153,0.24850507823244897,0.3632000004330222,0.062108761793238126,0.22408932068914092,0.26044300859092845,0.3176585234636867,0.2545314208038044,0.25925581682146026,0.0748305136167069,0.2829614003645311,0.07027561359313102,0.2215549848174709,0.06575746275803,0.26048938332182764,0.2924175694208451,0.25105319621902555,0.26407270271040106,0.06953175053056757,0.13631763122119395,0.09346590687268369,0.21817976217612203,0.0,0.34919262477856683,0.252371023897834,0.12136594251458711,0.27610915019754084,0.2360975437307557,0.25853777906413794,0.14916199482147147,0.22999260397621923,0.25452783891218,0.25488068902391076,0.10554389972634304,0.07622434813846804,0.269856085411211,0.07842690367159977,0.3515290987235668
syn_Ni_0026,0.2771194521968652,0.36266943393415296,0.31430294726074437,0.26647350864331626,0.3771692354800125,0.30879923688325495,0.30492005303956643,0.306949131918369,0.25808047880997814,0.26820417528953333,0.3079795349668711,0.42712387682841785,0.26041197345304545,0.31649211698756663,0.3023443146912483,0.30752397529276204,0.31823207196259573,0.29548270212027344,0.36869196083472644,0.2553668038142175,0.25691353399593175,0.33185589819765837,0.2541650797732926,0.2751791023178436,0.3060465506041832,0.3062481425285626,0.2631532335954216,0.39540522974280023,0.3508201390349197,0.31634239116494933,0.3564480904172681,0.11326962832174457,0.30572036081186377,0.35942038745190535,0.3887520039884631,0.30537071786208897,0.3439407249539499,0.27111576553260436,0.32437712786947465,0.2659045939588543,0.08891409021902041,0.26352318119329415,0.2573245009114102,0.29883430630794866,0.08217061717546396,0.3452221766942379,0.31092311699689534,0.26378011119506384,0.23517921054420524,0.2830885199358684,0.2566675063676869,0.3578552169187406,0.3033231451358247,0.3491027475216663,0.28583327703025235,0.36099507877974935,0.28021810569125083,0.293797979723187,0.26019502439313996,0.2950248550518903,0.3653965820546876,0.33429955608375117,0.3720912587121132,0.30857048315158514,0.34919262477856683,0.0,0.27244234864946915,0.33303008007492085,0.26697653829777884,0.3064795703666111,0.2807182067876496,0.3452687322952295,0.301274331097946,0.2765658407507913,0.2441391403060404,0.33528653325950436,0.3456896675528407,0.26019194939253776,0.35034711580871003,0.0793666228239469
syn_Ni_0027,0.22301298620918653,0.25454782184699043,0.2608017660459444,0.1992972722519833,0.2490690986154126,0.2548280060777519,0.25817709256040217,0.24431856149262254,0.19958807575632978,0.22744556328936097,0.24391525327598146,0.30530409888823995,0.17926206927712712,0.2539831498434903,0.2510538965189201,0.2522196546552598,0.2558142739376618,0.2508611154850617,0.2829022282592591,0.24570721248258637,0.21589343219326512,0.24425135520884486,0.20899646907678007,0.2212051300652571,0.2392373499816109,0.2500268970979022,0.20708362740781655,0.26269887556930105,0.26979155647489095,0.2343411818826937,0.2782994755524696,0.24284085166105665,0.25303236799671364,0.2567680688088921,0.24091108196683206,0.2628804630961145,0.2646875238325022,0.20125472913902898,0.24536625905542064,0.19478935877015055,0.30641998765592743,0.06362725336870587,0.08162186773756416,0.22844646934419383,0.27985851850165394,0.26035712770774133,0.20950567513419177,0.07478219066110506,0.20650797315644417,0.07831158995075929,0.0714858636434868,0.24402279494851234,0.26639446623371377,0.2599832229346804,0.20127245991082274,0.2593988199625456,0.06865349044225202,0.24464444077649755,0.07107270033012886,0.08054846188178273,0.2507479530172942,0.31300667566148305,0.26127584422800704,0.21582835943810602,0.252371023897834,0.27244234864946915,0.0,0.28710083123156366,0.09182223463584689,0.2241151033032041,0.06214020433108678,0.33401108191807527,0.21604039611762152,0.06691250636400031,0.09502301563604208,0.2991820408676866,0.2814719096257369,0.09169968462215695,0.24566830519003494,0.2769825713573469
syn_Ni_0028,0.3042673254491558,0.2806664857765272,0.28015033170348874,0.30129908005452205,0.3046829005457616,0.27198398752498026,0.25736645388896673,0.27535427227531073,0.28224930961097416,0.29476112487263767,0.27362719639637634,0.35772544778692106,0.28023789126995524,0.2728904432608462,0.26530090656980587,0.2726904737912562,0.2701641153173217,0.26416009971088167,0.2734018999789172,0.3056625948592296,0.27887182088555734,0.2813482487604927,0.28938604566082815,0.31125605422834507,0.26110877799997084,0.2697100464474218,0.28359853845537186,0.3261661996912443,0.2754659408563588,0.27059341651957924,0.2474299558399518,0.31955463534041556,0.272214528426639,0.2784768464096273,0.31918969167756894,0.270174961959166,0.25658683886763123,0.29357785425188854,0.2791338922920529,0.290463002204168,0.3342931689978883,0.2809124500055274,0.2738926917187497,0.25871151329258113,0.3538099525192365,0.11968458664614758,0.24420898307321529,0.285725630712,0.27481451438958376,0.2890149857798612,0.2842192990733899,0.1438355037763037,0.25234069046332724,0.10853447752697333,0.23427510686043881,0.153426084578614,0.29066852442996677,0.24326422430873335,0.27759295783837745,0.2972620151681933,0.14188680513421803,0.11736206639978841,0.17884481898923874,0.256177164580944,0.12136594251458711,0.33303008007492085,0.28710083123156366,0.0,0.2954841852960543,0.2476645679796226,0.2926447178971041,0.13894325421520498,0.24313260062408784,0.28748978790255003,0.26307195122048316,0.06764515538620886,0.10918655675459314,0.26150811605269436,0.15656375369196995,0.33275005640407895
syn_Ni_0029,0.24455203381156074,0.25970458496012677,0.26968638419841523,0.21014096971288887,0.2725694793497372,0.2646045057500464,0.2688400592847874,0.25770520361420013,0.21634260325167598,0.2436494006230501,0.2559628872886868,0.33404484147332275,0.20519660589232322,0.26744909325004895,0.26007244180461897,0.26325537522431214,0.2671579053941246,0.25930799025011614,0.2767620300458138,0.2638528147793432,0.2329082290047637,0.2566209858937975,0.22325456603713942,0.23654943329422737,0.2528982729718924,0.2594499125917054,0.22440500056088108,0.29270376560298383,0.2667658034657186,0.24569285418745365,0.27276830930164636,0.23500182831388383,0.2586803818335581,0.2641667649543852,0.2729570583019902,0.24621361609718473,0.26590555780403463,0.2194207384715625,0.2558314677836354,0.211092969090025,0.29645555313230726,0.06405496643666535,0.074232168613287,0.2349852914117035,0.2620904615849255,0.2702701286888054,0.21882888301733985,0.07331618369423296,0.1787321928057993,0.09188619791885301,0.07791723801662266,0.27656292536089433,0.25051847930910154,0.27365406332367986,0.20367198837530076,0.28703769564234305,0.10204735133496026,0.23036390861882616,0.07075974509703004,0.11993661019910991,0.2784531950524158,0.31060458284532816,0.29160579065994985,0.22613324228120374,0.27610915019754084,0.26697653829777884,0.09182223463584689,0.2954841852960543,0.0,0.22903535492546478,0.09226040037963264,0.3375565254163223,0.22527090437057065,0.09198287592885682,0.08627229851671202,0.3030190829582078,0.2846674965898703,0.08229705183218271,0.2762809147489372,0.27015004367852874
syn_Ni_0030,0.20748202877854147,0.2542515052368748,0.18154547268368404,0.2030009059142075,0.26774238042759035,0.1577839919996112,0.15862847764067117,0.15841569603758804,0.1920323610302989,0.19458260297227578,0.1665991818669377,0.3202028776945271,0.19798215907390113,0.17139262814385228,0.1545236332297347,0.1648014576483248,0.16484499970565866,0.15080786127354168,0.26779374266376815,0.20505710207149855,0.17409700487797417,0.17580622883280583,0.19314541498918805,0.21773895099279789,0.176237526515604,0.15982054933060513,0.1890901800853035,0.28108615201001835,0.2543907194539525,0.16176380518316505,0.24846330416391765,0.28970166139489345,0.15982076453362837,0.26786442588045434,0.27166755990312436,0.21592340851513964,0.2522352323162045,0.19252253871216782,0.16884002630453002,0.19366088781242655,0.32382510473617093,0.21784045983326047,0.21805703602668391,0.06780938743757509,0.3218080832571944,0.25006816801647797,0.06916407462701973,0.21887087066092642,0.24400667536564405,0.21524880182637682,0.21237747289210343,0.25272133577414846,0.11064907648710615,0.2591866386856311,0.08841381350012631,0.23648059983456407,0.22448522574611085,0.15785474882937955,0.2091983672983776,0.22639702282405155,0.2481979917668607,0.24397612874974295,0.26642988059559763,0.09872076329703529,0.2360975437307557,0.3064795703666111,0.2241151033032041,0.2476645679796226,0.22903535492546478,0.0,0.2176994881710093,0.2709333257279915,0.05944648917107076,0.2170356041986361,0.20992083219192983,0.2478602789094602,0.25818092968831835,0.23058929266219835,0.24586975971419966,0.3068243388402435
syn_Ni_0031,0.21700306069428044,0.2569116528370008,0.2510866674799419,0.19483868756503794,0.2563714909177116,0.24859631848634367,0.25526650846052323,0.23938521236702376,0.196227919462446,0.22703385886973576,0.24014785055180007,0.3044939763899371,0.18046663561186777,0.24865789382912487,0.24946534896653588,0.2509150599950853,0.24606171488689632,0.24745857006249397,0.28542609852571715,0.24260683000738115,0.2101552603407451,0.23637215086324737,0.20585825188083018,0.21705185985540293,0.23649714083485257,0.24494674131333113,0.2048312095010652,0.25962011635390836,0.26742066078428406,0.22601452355070412,0.27834927687592137,0.24808121435652802,0.2497046716845182,0.25916426148676874,0.24298569945430895,0.2667970427935567,0.26843246154359074,0.19993786261807725,0.24020530761789524,0.19139366357850993,0.305165218393778,0.06814146398620412,0.09072150145107849,0.22596139066066268,0.2846743502331788,0.2626452779665127,0.207091156253584,0.08242794623110905,0.2137064868864707,0.08187834626698429,0.07932019640190309,0.24589467048955496,0.2607398166762225,0.2651275954415513,0.19886617319529515,0.256324080155679,0.07272357736214674,0.23828349290585255,0.07740221830795352,0.07434053303441593,0.2446033476963715,0.3106758001180424,0.2550291413432805,0.20942281507422786,0.25853777906413794,0.2807182067876496,0.06214020433108678,0.2926447178971041,0.09226040037963264,0.2176994881710093,0.0,0.3360151205599204,0.21562555438417516,0.06926985888549797,0.09774709990393969,0.3008292750732768,0.2813153401178149,0.10368450115671744,0.24704822077636485,0.2868445202357229
syn_Ni_0032,0.33188392743846945,0.28687221156600307,0.30890051824165277,0.33072544265302856,0.305167872024827,0.2986183447002955,0.2792266404421065,0.3017601000190455,0.31243973473302544,0.3133842496624136,0.30458350769489784,0.35554463150848725,0.31551636512711023,0.29830313457675905,0.28986000693835057,0.29544481935821343,0.30122058660466633,0.28586636538078003,0.27041870494881615,0.3122341508482178,0.3041540391745968,0.31309534934181216,0.31774167280359916,0.33613408782567,0.2976006917511464,0.2943615387388133,0.31095345715367717,0.3249455688852384,0.26961560067350726,0.3046743011400117,0.24508558995349009,0.33541953419241693,0.29356163443139544,0.28486200471346074,0.31744982256223647,0.29741066050005166,0.25859233235213835,0.32617089397431204,0.3077935188420612,0.31962037052352826,0.34562258855563477,0.327258157425816,0.3163205659856277,0.27651834023705124,0.3620022171132341,0.15010896692870976,0.2704078016089781,0.33126650564168114,0.2734238788047111,0.33325929375894264,0.32856685742277,0.18537260066526348,0.2607984489932792,0.15805003540385998,0.26601079271599287,0.1633115036098236,0.3387840816562132,0.25543545011065066,0.32287181886300087,0.34681260090712007,0.18828022958879226,0.07472413091474046,0.1942282886545723,0.28379187641296866,0.14916199482147147,0.3452687322952295,0.33401108191807527,0.13894325421520498,0.3375565254163223,0.2709333257279915,0.3360151205599204,0.0,0.26690638884821377,0.33437618972929095,0.30842770071239933,0.11638370688419437,0.13673525826428243,0.30980703021755496,0.1699868088880073,0.3460699706261938
syn_Ni_0033,0.20209445832909598,0.25483123010305364,0.18553911034129872,0.19562776329620743,0.26639795819963624,0.15402183863353175,0.161144315339797,0.1598698061312865,0.1848772798828761,0.1895024119084475,0.16945155379647273,0.32098198952155893,0.19329826946360273,0.1749702990526086,0.1524658656001774,0.1659060992275494,0.16828822096183424,0.1571558787168079,0.2702041842316586,0.20084644874341032,0.1746316001514601,0.17780972616975432,0.1914186624937049,0.21465724193537503,0.181754919217807,0.1574759881129161,0.18591404185668844,0.2797364881495715,0.25790036013688633,0.168698151416633,0.24992352221561243,0.2870123555571383,0.15902322890642928,0.2683290785123405,0.27302851051420357,0.21789976616676174,0.2536076031212428,0.19145288084100068,0.172574828499461,0.18461692954913334,0.32140104115170276,0.21074391869794312,0.2192510556325772,0.07070743746804123,0.31355786941746794,0.24292717881755174,0.06850291468877066,0.21642476456985615,0.23713089749966074,0.21014293879485288,0.20657140006073435,0.24716714294744607,0.11264727886309557,0.2522652346259569,0.080411436008601,0.23384204723086915,0.21599661969682302,0.15629148783481633,0.2048605447059806,0.2245327962887246,0.24372977812242672,0.23920182868001455,0.26148375202009366,0.10101036741256708,0.22999260397621923,0.301274331097946,0.21604039611762152,0.24313260062408784,0.22527090437057065,0.05944648917107076,0.21562555438417516,0.26690638884821377,0.0,0.21485492944668758,0.20363863057881984,0.24337750286351362,0.25145697754065277,0.22352392021220766,0.23759304365088965,0.3002090326733918
syn_Ni_0034,0.2201524333503988,0.24943532688143796,0.2593946815719922,0.20052085236127354,0.2506273532936668,0.24995204032263343,0.2538082742309338,0.24533530572820603,0.20338543345393803,0.22070680266710158,0.24248179206051867,0.30893906608032845,0.18363717644752373,0.25617197132087355,0.24657510401010715,0.24856923591272187,0.25306451504541466,0.24745021490990268,0.2802896989423334,0.24518334474627593,0.21045400477727555,0.24503459567772373,0.2078715667447606,0.2197353684949101,0.23719576583537957,0.24750108950967933,0.2057423109434841,0.2663199979855547,0.2627025595601183,0.23357295110091156,0.27173027647688885,0.2447954208672565,0.2503940279241707,0.25176822104211577,0.24761458587214163,0.2586316368853781,0.26084288695078134,0.19978704159740746,0.24747761484521,0.19627137709806136,0.30409717824089516,0.07346146707196315,0.08123924373966535,0.22289806489954364,0.2838901606966908,0.258909051839779,0.2042882918647525,0.07936027834886752,0.2074534414636482,0.07254887131487196,0.07473800773003947,0.24729433752823812,0.2559266424121952,0.2602315527213988,0.19476018406831616,0.26303406883875713,0.07806095415178874,0.23088962899441737,0.07679667224963216,0.08705136795590016,0.2531929887794752,0.30811286942194815,0.26431342440250943,0.21192795099742198,0.25452783891218,0.2765658407507913,0.06691250636400031,0.28748978790255003,0.09198287592885682,0.2170356041986361,0.06926985888549797,0.33437618972929095,0.21485492944668758,0.0,0.09288562999737317,0.2968282065389147,0.2762702368383677,0.09143221070778584,0.24756091842759895,0.2803129716365746
syn_Ni_0035,0.2183565178805077,0.24903267201499743,0.24557080011919294,0.19620460542415835,0.26320017458943684,0.24367206581461848,0.24619209116034116,0.23454754550235068,0.18762811204372454,0.21308826833657732,0.23466340624455317,0.3255517465957273,0.17624656048988527,0.24499117640099413,0.24035966489635108,0.23858562043835846,0.24253803605864976,0.2388250951151827,0.2602505791649639,0.22728573433863256,0.19818831581488788,0.24283579529316782,0.1982107312779733,0.21796311571471186,0.23222981298396686,0.23810719120772525,0.19577389628511238,0.2839990552274185,0.2505594863765927,0.22925277918393763,0.25008726750434934,0.21584875691849806,0.24214392706876656,0.2514386566180635,0.2727167795656199,0.24244573459678823,0.24536185856205112,0.19589590257924638,0.24116988228278768,0.1922656470560195,0.2739048098201413,0.08081085559187004,0.0701476870576037,0.21601029772126049,0.25897761891261606,0.24988948732372016,0.1975317365538699,0.07842470041052191,0.164141242470459,0.08864897034815786,0.07661088947034783,0.2653757231771384,0.23632694972759793,0.2512243843479893,0.18217389425167702,0.2681099549677221,0.1046039640824376,0.20442730395949685,0.07404239014549215,0.11850606776077291,0.2678150005906934,0.28400955804731454,0.2827726940751552,0.20716857766652785,0.25488068902391076,0.2441391403060404,0.09502301563604208,0.26307195122048316,0.08627229851671202,0.20992083219192983,0.09774709990393969,0.30842770071239933,0.20363863057881984,0.09288562999737317,0.0,0.2723464630257792,0.25899206907758676,0.07246620356252684,0.26110501926270346,0.24995154955573648
syn_Ni_0036,0.3083182047557029,0.2767804120652944,0.2783014925019035,0.3047171870312594,0.3003339920353738,0.27041460674099504,0.2549467004536237,0.27652668255647145,0.28604644540679075,0.2938307231082556,0.27620010503801184,0.34975198288958115,0.2859338564906329,0.269158013129652,0.2642320833117616,0.2710065011724862,0.26886916835381186,0.26242516090879253,0.2750530085420088,0.3054025629319504,0.2811969702417885,0.27870571854889864,0.29163113767950366,0.3138132617015291,0.2613895638997035,0.26827659814775007,0.2864652709689361,0.3198344743156326,0.2684314962870093,0.2717022407617903,0.2472770978990875,0.32579408781929486,0.2707991389248913,0.2734977714314545,0.31551508314463317,0.2703539088396615,0.24898561953939768,0.2970719606944058,0.278783975845517,0.29353245998350774,0.3391485079659189,0.28941986053314417,0.2847413601264149,0.25654563451337403,0.3547625817853418,0.11153309656078683,0.24596231830582974,0.2956542902701151,0.28425178476355584,0.29697497101882736,0.2954795808598519,0.1358650777963002,0.25116970987545467,0.11481515896663305,0.23709520135421827,0.13126777855978086,0.30071592469407915,0.2484644274640511,0.2861338950803726,0.3068999128062536,0.13599549981495893,0.09605966539264725,0.16106478703889662,0.2567711973035241,0.10554389972634304,0.33528653325950436,0.2991820408676866,0.06764515538620886,0.3030190829582078,0.2478602789094602,0.3008292750732768,0.11638370688419437,0.24337750286351362,0.2968282065389147,0.2723464630257792,0.0,0.09452610243817629,0.26936468429703025,0.13999737850112903,0.33755518380018334
syn_Ni_0037,0.31722890764096645,0.23740622837791617,0.29039664480097516,0.30256878533311876,0.2553369982661414,0.27572831162415223,0.26677054086543484,0.2767925264665115,0.2968005898104156,0.30718982113965415,0.2742249837936273,0.31279210743933017,0.2841892175739418,0.2732458157728272,0.2726832662678926,0.2788476641730562,0.27211922623757884,0.27764137394887,0.24682265792911512,0.32885275398652636,0.29562169277893124,0.2701749348214907,0.3055588233742597,0.3255841826130319,0.2550308341952971,0.27563736785196674,0.3005212545103287,0.2750141345227772,0.23435734280667356,0.2627403297532882,0.23505792360928082,0.32204283231338654,0.27994437556978624,0.23095218376787946,0.26478644976598303,0.26782983687057293,0.21639044342922456,0.30257549384575505,0.2711618905835085,0.2990055866298625,0.3629828814514381,0.2722657949646157,0.264790725980735,0.274128554898322,0.3641401350185585,0.07312780097957093,0.24491784243820508,0.2777127390073382,0.3065540924681419,0.2798139068775705,0.27855219625008404,0.09411891258763264,0.2767898472524416,0.07189779249161896,0.24132997885782434,0.10282382120852772,0.284611134827932,0.2860750059439414,0.2674769361136122,0.286401192793534,0.10355071514060513,0.11053418150077035,0.1173733796451551,0.24897941525002973,0.07622434813846804,0.3456896675528407,0.2814719096257369,0.10918655675459314,0.2846674965898703,0.25818092968831835,0.2813153401178149,0.13673525826428243,0.25145697754065277,0.2762702368383677,0.25899206907758676,0.09452610243817629,0.0,0.26198563140456854,0.09809087860226033,0.34420277522257664
syn_Ni_0038,0.24562677678121228,0.25347879327954415,0.2655284716816408,0.21360464473763968,0.26469296535896036,0.2574400404252652,0.2611736674337324,0.2503628618212059,0.2161217979927448,0.23493061344533184,0.2522662829426177,0.33083594640684755,0.19756174765278348,0.26394553868150217,0.2547089598336835,0.25381685286929945,0.2615067055866849,0.2558774411479763,0.24781285008252538,0.25021413013270544,0.22253028916343354,0.26042935931815475,0.2217701192114909,0.2436460834844029,0.24946349835501325,0.252361326434992,0.2206640681458903,0.2841423946806163,0.24870374473528764,0.24891298126920186,0.2387240969143211,0.23289334569867723,0.25634883018837906,0.2475191870689251,0.270696385486055,0.255052651352433,0.24213413127659783,0.2174482722791018,0.2586765837937462,0.21331155227466042,0.2748805198008775,0.07698107905545505,0.06763028685591745,0.23381138325969936,0.2705519248505544,0.26332246377034896,0.21510586635195966,0.08029521390375455,0.1596934185418664,0.09041957478813459,0.07959558312764459,0.2739127051762694,0.24032162332198026,0.2577897987357779,0.19735886125780427,0.28465159197669604,0.10256214288491579,0.203313262336943,0.07599082430298335,0.12161403478804701,0.2747682778807597,0.2828065965972584,0.2915729392112467,0.22886991584192,0.269856085411211,0.26019194939253776,0.09169968462215695,0.26150811605269436,0.08229705183218271,0.23058929266219835,0.10368450115671744,0.30980703021755496,0.22352392021220766,0.09143221070778584,0.07246620356252684,0.26936468429703025,0.26198563140456854,0.0,0.2706756279232518,0.2557807468005935
syn_Ni_0039,0.28920573564549645,0.21422138113658434,0.28479977371841175,0.2723362298519061,0.21345596931088928,0.2727145852242904,0.2680644003856305,0.26912074411222087,0.27545061056831754,0.28551977840702614,0.26590941630289366,0.2673225761958615,0.25735993620747194,0.2725044765858436,0.2716057127896996,0.27116284985214717,0.2663577178555471,0.274653946354634,0.248568230659538,0.310428770639996,0.27886203541123794,0.25722183510802343,0.28019221265185207,0.29838176512818,0.24916711925456853,0.26839596961982093,0.28068597705484527,0.2285241001580711,0.22881742941370325,0.24791018478329438,0.23723738089852614,0.32851224267907786,0.2765533411923519,0.21049681907325482,0.2186796957452163,0.27751575378656296,0.20906274775808667,0.2760141532402625,0.2597001352022192,0.27416552790256665,0.37742607554543417,0.2509623674182317,0.26551553636236735,0.25827389903671844,0.36172542319271483,0.088482053219291,0.23067122615744476,0.256904202149895,0.3214203088967254,0.24445699251579067,0.257498604996616,0.08513360644139285,0.29727284380795854,0.09893619467760263,0.23741602238471463,0.09584210102873533,0.24942561368357433,0.3044154964558573,0.24931850516926723,0.2516440345579858,0.08468356139329848,0.15207584247341613,0.09753714853447158,0.22865076374643975,0.07842690367159977,0.35034711580871003,0.24566830519003494,0.15656375369196995,0.2762809147489372,0.24586975971419966,0.24704822077636485,0.1699868088880073,0.23759304365088965,0.24756091842759895,0.26110501926270346,0.13999737850112903,0.09809087860226033,0.2706756279232518,0.0,0.35540012280450956
syn_Ni_0040,0.27896327902670764,0.36855478919206364,0.30900616308227274,0.2683525377911689,0.3852243367489944,0.30558416911983644,0.29910117337438263,0.3024998871206494,0.2615252636130281,0.26670251154781865,0.3054781875062327,0.43337718105451994,0.2615667031756212,0.31235957820661786,0.29843314646509667,0.3031004957601755,0.3165441689538171,0.2947224327361518,0.3708221535050743,0.2585308301341853,0.2574581204266563,0.327752539380922,0.2593085563623214,0.27616896403113156,0.30595579829384467,0.3017547538882947,0.2622503972805364,0.4016037821896842,0.3547229528803179,0.3141727195289678,0.3570300440583053,0.11788981614532985,0.3054992072542081,0.3666567306012978,0.39420392332367327,0.3071356859532042,0.34736985326016273,0.27145109401172157,0.3205249578471952,0.25991568285120265,0.09265026394004135,0.26327178984173033,0.26271481329898827,0.2955570674709648,0.09959077965178162,0.345507554284828,0.3084529964179732,0.2671075568922912,0.23403740277272328,0.29206179360602025,0.2582290619496404,0.3595806693139854,0.29434841588184046,0.3508882022051666,0.28234217645847637,0.36775168369944167,0.28315988875335124,0.2867224236304941,0.26463763819241637,0.3009906375353436,0.36713618410351495,0.33541559780767044,0.3796598750929391,0.3066848699493352,0.3515290987235668,0.0793666228239469,0.2769825713573469,0.33275005640407895,0.27015004367852874,0.3068243388402435,0.2868445202357229,0.3460699706261938,0.3002090326733918,0.2803129716365746,0.24995154955573648,0.33755518380018334,0.34420277522257664,0.2557807468005935,0.35540012280450956,0.0
