,syn_Cd_0001,syn_Cd_0002,syn_Cd_0003,syn_Cd_0004,syn_Cd_0005,syn_Cd_0006,syn_Cd_0007,syn_Cd_0008,syn_Cd_0009,syn_Cd_0010,syn_Cd_0011,syn_Cd_0012,syn_Cd_0013,syn_Cd_0014,syn_Cd_0015,syn_Cd_0016,syn_Cd_0017,syn_Cd_0018,syn_Cd_0019,syn_Cd_0020,syn_Cd_0021,syn_Cd_0022,syn_Cd_0023,syn_Cd_0024,syn_Cd_0025,syn_Cd_0026,syn_Cd_0027,syn_Cd_0028,syn_Cd_0029,syn_Cd_0030,syn_Cd_0031,syn_Cd_0032,syn_Cd_0033,syn_Cd_0034,syn_Cd_0035,syn_Cd_0036,syn_Cd_0037,syn_Cd_0038,syn_Cd_0039,syn_Cd_0040,syn_Ni_0001,syn_Ni_0002,syn_Ni_0003,syn_Ni_0004,syn_Ni_0005,syn_Ni_0006,syn_Ni_0007,syn_Ni_0008,syn_Ni_0009,syn_Ni_0010,syn_Ni_0011,syn_Ni_0012,syn_Ni_0013,syn_Ni_0014,syn_Ni_0015,syn_Ni_0016,syn_Ni_0017,syn_Ni_0018,syn_Ni_0019,syn_Ni_0020,syn_Ni_0021,syn_Ni_0022,syn_Ni_0023,syn_Ni_0024,syn_Ni_0025,syn_Ni_0026,syn_Ni_0027,syn_Ni_0028,syn_Ni_0029,syn_Ni_0030,syn_Ni_0031,syn_Ni_0032,syn_Ni_0033,syn_Ni_0034,syn_Ni_0035,syn_Ni_0036,syn_Ni_0037,syn_Ni_0038,syn_Ni_0039,syn_Ni_0040
syn_Cd_0001,0.0,0.34849496143462,0.10521822913765273,0.24879427695933623,0.23811643358529738,0.11239284630393029,0.2233060569871629,0.32105114679537045,0.3316020812214649,0.22802500080031113,0.21452742712904768,0.331503001300247,0.32351208149443045,0.23537828542185749,0.23064305631417784,0.34253996283163035,0.10478727735264462,0.24438881290257203,0.3448556655870136,0.0900471459143259,0.08783406227890028,0.2519015514444457,0.20433142605793486,0.12739322478402926,0.22857719750206754,0.24048091407834332,0.12460168487022173,0.25406402492945196,0.2312670826948729,0.09511768539891795,0.3416719934144832,0.09945139378203847,0.3356044849189841,0.3592773394497814,0.0783974124538595,0.23432517034339576,0.35505838667319456,0.08479067279426124,0.10203822362099772,0.09666986734461822,0.2706831532838845,0.287234355733118,0.37665825241747536,0.36717128768719104,0.28162507483608806,0.32403634160174877,0.3497733626158759,0.37087729820748416,0.3628429381167291,0.33917272886361616,0.32365961196806226,0.3582291081796647,0.36720137493006183,0.31441245235060405,0.27368767264382005,0.3359259153771751,0.2661896773549793,0.2926876986592549,0.32282031290777696,0.34270371407822825,0.3066845432241007,0.3095996613118112,0.27763107507492696,0.3189159108318597,0.3224625228440395,0.3175734749316258,0.3638694433126061,0.3724632889601916,0.3389369132289276,0.3136129163907695,0.34539351177656974,0.38392730573080697,0.31094375758421544,0.3171494024937356,0.31479494382913026,0.31956999659879487,0.3888790426441222,0.38353857227917604,0.3246858062103625,0.30977144760445846
syn_Cd_0002,0.34849496143462,0.0,0.34171015261438914,0.30323136766820086,0.37093083983945135,0.3334920070912864,0.37144786425412674,0.09127219909235232,0.07577076089835622,0.30204534611547934,0.29517612716506036,0.10266186852081678,0.09741971705381987,0.3751619600941527,0.31111403365049317,0.10876526978625992,0.3292238481662434,0.3151568939321961,0.08271093722021593,0.34078290436881525,0.35796537365113734,0.3162249473064781,0.2949686447086525,0.3310552681128198,0.3070282695540099,0.2885897780802762,0.3341119225625095,0.2845540113548171,0.29692802143540004,0.34873740960464006,0.0684643758885638,0.3392267995776707,0.09301925001732111,0.07909117268567661,0.3355971448491997,0.29710829175682896,0.08047351884628672,0.35579837738075343,0.34162554705233006,0.34013231178684566,0.3364313829100589,0.3218111695412689,0.29739132647867894,0.2911713936971912,0.3246700618239676,0.38509269380067757,0.39184563176301085,0.29512070615320607,0.2892614863543463,0.28715299446148174,0.3082709092728915,0.2845059221509412,0.41385662028883946,0.3694694123113852,0.3170908571802544,0.3121070098813147,0.40443113833922595,0.3149810594959403,0.306659213010068,0.39256187108701096,0.37294854282707574,0.3254079638814013,0.32313722893172675,0.3487680430077932,0.37995687725675586,0.30124514179926376,0.31000097097899604,0.31584612528129163,0.3130281405574307,0.3452757544384384,0.31133023251147074,0.30480047401925037,0.36130536908164324,0.34040963590253315,0.3554478374067019,0.36999064541867427,0.3376873307130863,0.28576085394777384,0.38020679730617324,0.31988720600707754
syn_Cd_0003,0.10521822913765273,0.34171015261438914,0.0,0.2242605114080366,0.21921010904212776,0.0950845036201958,0.19833828782211765,0.3117523599818138,0.3253521052731251,0.2046940380529102,0.19282114131595854,0.32655225568339663,0.3131537599038601,0.214839449791562,0.20654773676462404,0.3370692284119288,0.08272461031330502,0.22334686071371013,0.3326864996012394,0.08760715881192123,0.10014847205899206,0.23016768347992408,0.18604353294643705,0.11312628823556672,0.20535912443806179,0.2189971156621216,0.10973663888680982,0.22823020924173154,0.20845865519308596,0.09834223076922209,0.3295914842148385,0.08403927894925937,0.3254268327859591,0.34828007452607984,0.08493349812769325,0.2040294127829077,0.34249666284637553,0.09062047628585926,0.08920986985845179,0.08585247980530405,0.2525703143194524,0.2677612441932174,0.35768535008531754,0.3522569790610276,0.2592746922020493,0.33089811199419444,0.32778897154657,0.3535439708324218,0.34878040759872964,0.3285763212782112,0.2969501945139117,0.3414911383572801,0.3517645049551968,0.304032691385468,0.25606626227138846,0.30468329220187473,0.2841495513595026,0.2717174910237775,0.29581126898375804,0.31864365439220255,0.3154721858478038,0.29527114744638444,0.25224155826046546,0.3059085169758307,0.3292150530623377,0.29414266372932546,0.35186424956387025,0.36206395777142014,0.3087127531912482,0.29885217946953724,0.33459466761151363,0.3663006787504569,0.29823926632267717,0.2997026834986031,0.3021303744490795,0.3126055954573755,0.35688353785663457,0.3670097352158791,0.3225976575565428,0.2950757659578868
syn_Cd_0004,0.24879427695933623,0.30323136766820086,0.2242605114080366,0.0,0.28835418212145253,0.2134335133516428,0.28857334451457795,0.28093262919405443,0.3076271745379662,0.09302792684385776,0.09121895333562773,0.31526515378567777,0.3047729949948642,0.28412877298858585,0.08156200911851955,0.2754831696377881,0.2172527169906487,0.07218045995817451,0.29128413827683575,0.2240442591599661,0.2556739184869651,0.0816089251942365,0.11209821355710407,0.20682783008073313,0.09927542426502126,0.07811629938210685,0.22865740068412546,0.09604036365500018,0.08024886953500189,0.24449825690043614,0.2998399687098905,0.21955065441402902,0.3030801507523753,0.30123112546500924,0.22313680611891487,0.07946034082875668,0.28947973760852524,0.24387425313963063,0.22810509475426488,0.22741508479900718,0.3265429737858215,0.32885834944033443,0.3525609969591878,0.3494738696157511,0.32571053885550494,0.4230193178823693,0.36023512767624577,0.3390401079494308,0.35446112529296936,0.357891719513114,0.327686455069801,0.33930290008802205,0.3761980320169653,0.39897770181807934,0.3195322381528938,0.3255438179444057,0.38459439376273524,0.30496856118162236,0.3244455942492551,0.3514854387437515,0.40923762975997235,0.36697996884261136,0.32226892080796177,0.3926938321432856,0.41690702757825193,0.32002164313563336,0.36409882650172126,0.37206611496629777,0.33329317490373905,0.38441336051276753,0.37056157201817946,0.3537186310440073,0.3943694745268179,0.38418624189529177,0.395235684811647,0.40695200560105793,0.3750893027557655,0.3592616814547593,0.41067186925177845,0.36447456003990275
syn_Cd_0005,0.23811643358529738,0.37093083983945135,0.21921010904212776,0.28835418212145253,0.0,0.20400847831460642,0.0847369682914594,0.3535965728330546,0.3608909674257628,0.2815085718511169,0.27759985381202473,0.36628516038058934,0.3554029758459945,0.10326765449565763,0.27749498471552964,0.36905518855062663,0.21460316913566788,0.2882165633979458,0.35938748201567106,0.22307125312517712,0.226312665162907,0.2960957467667035,0.2710012237680554,0.20049922652081967,0.29299988753432643,0.28187827366966084,0.2136792863914672,0.29960668628655296,0.2789213516864959,0.23515348987920584,0.3600356371553788,0.2179576854044522,0.35872837927153595,0.38405767278539416,0.23661753656830076,0.2875152091347843,0.36768978868705304,0.22016151350213525,0.22739174304119394,0.22739311945630128,0.29223107883820354,0.28305512255397575,0.37245704715665456,0.3738607527300822,0.2661429427754654,0.37116234065692016,0.20668281062331942,0.37943117104672536,0.3684097028205429,0.3516272724120332,0.2849586449430916,0.3611413491405964,0.21243740341434064,0.32772917185629685,0.26998918234367764,0.2836805728694318,0.2884707938347359,0.26848941177633323,0.284499451535919,0.19655211200156844,0.36457976038144974,0.2894481070514046,0.27471162125832455,0.33144995142309713,0.3696039366027095,0.28200259374025893,0.37132027894104336,0.3893386103644666,0.3004169644584506,0.30018601199834555,0.3673190139169281,0.3837375688067829,0.3289236029229037,0.31301326794889694,0.3291555057424546,0.34464522031259864,0.33308651185941907,0.37813575311908815,0.34189162362621045,0.28857101511684413
syn_Cd_0006,0.11239284630393029,0.3334920070912864,0.0950845036201958,0.2134335133516428,0.20400847831460642,0.0,0.1891174179696811,0.3082147581183508,0.322230117360616,0.2003795129584477,0.18680863053779992,0.32828171844742443,0.3160175328365885,0.20044333041726983,0.20140197402439208,0.3321194638373958,0.08254695253455102,0.20875812471857033,0.3251268862898451,0.08719797377050369,0.10223645133402581,0.21823709866053,0.1869824286027674,0.09196921018021462,0.20845872176759794,0.2108392330613967,0.08732207370187034,0.22669985238528859,0.20322085204197665,0.10270180522100919,0.3235518149818991,0.07217960624357486,0.3195219872719533,0.3436633264971363,0.09680679252197061,0.2023800371316944,0.3346867668359352,0.09192544740698023,0.09448892778061896,0.08788629212107864,0.2541289063889936,0.26552789982945224,0.35346714951543795,0.351126255134402,0.2586804119354798,0.3449928677041636,0.3205304620995952,0.3571753926138356,0.34628411653094543,0.32957855693164473,0.2924336854957696,0.33831514155678943,0.33696012600260855,0.31648096402110587,0.25142587337456357,0.2982667719081439,0.30082353464775985,0.2648173012045448,0.2917247749711418,0.30801328867568045,0.3349488505884809,0.2955825343177882,0.2525606034451173,0.3107941752782521,0.34222486139956576,0.2881563875672051,0.35152952021447587,0.3659972610959751,0.30614204370685144,0.30079658071063337,0.3381414854879113,0.3620626468317138,0.3125600808917626,0.30772868364709244,0.3170954151784754,0.3278253403033483,0.35251681764807896,0.35682824375948624,0.33505352429129015,0.2975231845367648
syn_Cd_0007,0.2233060569871629,0.37144786425412674,0.19833828782211765,0.28857334451457795,0.0847369682914594,0.1891174179696811,0.0,0.3504127476917999,0.35578353226468057,0.2815311612851319,0.280408541510543,0.3615869070585716,0.35002451759749653,0.10001507298612997,0.2808770514854756,0.3695113504665617,0.196260956346845,0.29345206204843655,0.35777392021299803,0.20087639738064525,0.20941084284832412,0.29810270400811173,0.27080714383506127,0.18183452674014175,0.2913390562424192,0.2819132120045149,0.195071549031813,0.2970428472479049,0.2747090725464614,0.21516327573229146,0.3592203944569503,0.20116280072609335,0.3573698031583106,0.38412914503418844,0.21891118370360324,0.2836935059009,0.36907255027246455,0.2018268480623415,0.21055996672683508,0.20592251618635568,0.2752456489864039,0.27360933405325216,0.3744203432022146,0.374810725871324,0.2542622909261733,0.35701359468132043,0.2187782270236662,0.37941111180058495,0.3682386114992105,0.3495615233534297,0.2858919536881635,0.3623557872660092,0.2345543185222559,0.3111627129025708,0.25500262646084504,0.28470168582062094,0.26754431826562786,0.2699835044427819,0.2861379785871054,0.21256466954454942,0.3445945426560962,0.2810981655197086,0.26278481600085224,0.31517915399092883,0.35252880567822426,0.28278071272670474,0.36991836280954443,0.3892797051248499,0.3026826550504248,0.2844201616280617,0.3613447264198031,0.3826370410035478,0.31168538748536545,0.29603564779311314,0.3115493539361188,0.32745648906771535,0.3359867296333456,0.38294707699488834,0.3239380213208156,0.28143138550332575
syn_Cd_0008,0.32105114679537045,0.09127219909235232,0.3117523599818138,0.28093262919405443,0.3535965728330546,0.3082147581183508,0.3504127476917999,0.0,0.07036040705959806,0.2727951720046051,0.26673014374001114,0.09697633001664883,0.07748177171839783,0.35791514505472166,0.28118232213634925,0.1311856583399977,0.29804538991732377,0.2971728533489134,0.07810228159327347,0.3136229579192068,0.33148691038653016,0.28926737192433777,0.25936457068465657,0.3085978384805317,0.2727269421634679,0.27165613541250316,0.3064818643402857,0.2801757624153644,0.2710047436832633,0.3172743648474498,0.08401405650362566,0.3103697075540367,0.08030093267060072,0.09904988100105619,0.30633472873904205,0.26875179763290136,0.10914758718963592,0.32813141625859527,0.31063530666548606,0.31464413360619586,0.3023363776185084,0.2895116224729088,0.29478177755976054,0.2744355272448299,0.2903188188287178,0.35705450044765186,0.38866814799131194,0.27491439796110606,0.27532687340641937,0.26684231713268886,0.2926699274812536,0.2671751460881953,0.41703947238755495,0.34152188063111943,0.27973024370851035,0.30852510529775606,0.39090252008788556,0.2882371203376577,0.3026167050214888,0.3859830247814457,0.34388085400043034,0.29881279370569264,0.2866234247165712,0.322125537346769,0.35087307853021865,0.28119569767626107,0.2882951293501888,0.30019115480385905,0.3167432910831481,0.31944007879631425,0.29160036951853147,0.29344130661464995,0.3365791607127568,0.3164640480165475,0.3290453091091153,0.34333065145624425,0.3551166363670739,0.30168411286561364,0.3517264417703389,0.29264433549134133
syn_Cd_0009,0.3316020812214649,0.07577076089835622,0.3253521052731251,0.3076271745379662,0.3608909674257628,0.322230117360616,0.35578353226468057,0.07036040705959806,0.0,0.29774275905543535,0.2910652029529376,0.07006705157052513,0.05161365495320468,0.3671559648034288,0.3058419847135349,0.1366854695526773,0.3140066728354344,0.32622774931058707,0.06287733697442438,0.32250815266495386,0.3431784228175067,0.315106234295048,0.288988729708179,0.3178606415701929,0.30094477562953936,0.2994703455560241,0.32289849482814353,0.30588913797429174,0.29599021391732494,0.3315720750289988,0.054303605862534056,0.3220855992304694,0.05512494442586374,0.0916569909114265,0.32039718420454916,0.295575483177116,0.10400430465136355,0.3389892703276999,0.32395214876222733,0.3230157334719741,0.31826417492241527,0.3051719226661701,0.3069549216101947,0.2858920389567341,0.30871418529033473,0.36744547182664195,0.3965092339479315,0.2849794743266854,0.285806303541893,0.27368496586806373,0.3121001504483209,0.28410795443383524,0.42280012013645696,0.34980387571264804,0.298150001711354,0.3289465498820717,0.39702600158861895,0.30895750090754126,0.31999149810903416,0.391759601467941,0.3517350056588065,0.305670052521606,0.30489765039540556,0.32976123794668566,0.35886859366784785,0.3021852084679564,0.29668711380139545,0.3063765372568193,0.3359895448303902,0.3265192973146373,0.30131023450386574,0.3028069694356844,0.3425340526726535,0.3251709919168722,0.3356117061815152,0.35092609594411406,0.3702592155728349,0.31373139294392666,0.35812725540493157,0.3008787515346857
syn_Cd_0010,0.22802500080031113,0.30204534611547934,0.2046940380529102,0.09302792684385776,0.2815085718511169,0.2003795129584477,0.2815311612851319,0.2727951720046051,0.29774275905543535,0.0,0.06619367252468075,0.3036096155389937,0.29523020778153064,0.28368938501424856,0.07346448551521449,0.28265388859110274,0.20804728780481582,0.09663669830100237,0.2919047423324142,0.20806434219954287,0.23917683784485752,0.09829821037460663,0.07985114366033103,0.20041420306193633,0.07034218189255707,0.08404318547097488,0.22241077556795436,0.09195213050598601,0.08529509924910288,0.22558221480438653,0.29907741797328535,0.20586541460391625,0.29897783011597495,0.31043045672882646,0.20804443175512174,0.08136765218186308,0.29925548893852516,0.2264451453597707,0.2172186024521967,0.21538415671653735,0.3119396347012265,0.30954756487359086,0.33940244050304336,0.3346763035265684,0.3096719306505692,0.40102191869422016,0.3551034635693674,0.3250389245601955,0.33853991643666165,0.33693290704593554,0.3183676614578465,0.32577721105172763,0.3864999237716676,0.37940475481274755,0.3076510307741738,0.3251994245331771,0.3646461101244855,0.2965911023743224,0.31925803988895585,0.3513576760465606,0.38987198808209367,0.34765852809837766,0.3018290941058053,0.3744032999646419,0.39523278337354345,0.3102182245448048,0.3415749916107457,0.34300746880579863,0.3328913272473692,0.36587540824973597,0.3445354835591091,0.3381873424470243,0.37649775347494213,0.36628984880091603,0.3754024258225766,0.3861095090228988,0.37299691797805623,0.34804321892796114,0.39282177325939754,0.3471833820991962
syn_Cd_0011,0.21452742712904768,0.29517612716506036,0.19282114131595854,0.09121895333562773,0.27759985381202473,0.18680863053779992,0.280408541510543,0.26673014374001114,0.2910652029529376,0.06619367252468075,0.0,0.2940295802999739,0.28237113447199247,0.2792108956431205,0.06895271278711831,0.2755920226882812,0.1876417525604736,0.09759434771624499,0.2851015691139894,0.1907768715832349,0.22104617570819388,0.09801545009632015,0.06487870948524162,0.1878067486071707,0.06274623337466738,0.08159344913987818,0.2063738052656647,0.09335743314000343,0.07621033905086563,0.20914077948279175,0.29303734267198955,0.18795544291294983,0.29479784495386885,0.2981745875477314,0.19107492025340922,0.07724529500617809,0.29074656975757346,0.21071235055058807,0.1993160734042348,0.1976359664615706,0.2934325755059272,0.29390419999553524,0.33056936516569285,0.3231127742098157,0.29152677825895895,0.3938127046281261,0.36456012034349616,0.3132769438661927,0.32903623656719366,0.3256662200727586,0.31340243827674735,0.31548338600761006,0.3884310299393486,0.3686041949313318,0.2878567449392994,0.31826405767185295,0.3599736134277358,0.28439747726323944,0.31123875473732443,0.35575559317410466,0.3800700214582359,0.3353524372246181,0.287398813809004,0.36063351639021896,0.38537386427234943,0.3038442231912252,0.3299637095002203,0.3359656286868522,0.32511556596481356,0.35333670996493877,0.33183517914181443,0.33143018793400963,0.36398358117463475,0.3565932982679914,0.36683687253715014,0.3788609747676192,0.37279367093037635,0.3363200207655174,0.38306447604405536,0.335793998991562
syn_Cd_0012,0.331503001300247,0.10266186852081678,0.32655225568339663,0.31526515378567777,0.36628516038058934,0.32828171844742443,0.3615869070585716,0.09697633001664883,0.07006705157052513,0.3036096155389937,0.2940295802999739,0.0,0.07100675247466226,0.3720265941944755,0.31630622085497334,0.16258647263132733,0.31483278753891814,0.33372449340700133,0.08558962122290321,0.3256496377688689,0.3413507755779247,0.3292239597971838,0.2888552025009914,0.319363314852891,0.3011051192254875,0.3096953271406243,0.3241193161770495,0.3141269736364709,0.3021455120354526,0.3294259223726006,0.08508061846156019,0.3249435991350851,0.07318585424892586,0.1274455941639661,0.31873781648044375,0.3008526307484356,0.13351298354706215,0.33834604744210617,0.33292501362463517,0.3236677967067701,0.3235811922881228,0.3119205220121583,0.31457589375596523,0.2999171262563194,0.31644809587016254,0.34932709180168864,0.40843107500864095,0.2990683553440965,0.30272056867274594,0.28085657776509226,0.326277884662926,0.2980222634081687,0.44196324967832784,0.33633921868701394,0.3081846621735211,0.34325763968654865,0.39117185754122685,0.32264240967303415,0.33451056817526487,0.40858730418015615,0.33797309969603817,0.29475948523084616,0.3140142755003375,0.31756963185552267,0.3459527201844717,0.31519760839737504,0.299494479780803,0.3019326102370241,0.35036390850666554,0.3125900722740379,0.2930119999485571,0.30850794160545775,0.32997031965208656,0.3119380287238168,0.32233391780157855,0.3385145036258823,0.3754749914982059,0.3240108695813082,0.34503913832624944,0.29199197862513326
syn_Cd_0013,0.32351208149443045,0.09741971705381987,0.3131537599038601,0.3047729949948642,0.3554029758459945,0.3160175328365885,0.35002451759749653,0.07748177171839783,0.05161365495320468,0.29523020778153064,0.28237113447199247,0.07100675247466226,0.0,0.3605970915801881,0.30382852138779715,0.15049339354562366,0.30558290217747686,0.325560652399989,0.0694378241795514,0.3152840342720888,0.33475699231999795,0.3146599473009002,0.2797884091240448,0.3140962682186572,0.2904957681724764,0.2997178517383339,0.31647451493721757,0.3011088614644635,0.292083993776542,0.3213343523033306,0.0679642012513689,0.3121279649552817,0.06869904434268587,0.10201612087195933,0.30958772311600646,0.2904588561400583,0.11133972299814049,0.3285468694931735,0.3219526003992095,0.3133291675894645,0.31773492594868846,0.3039807097453178,0.30379407588946106,0.2816558092789312,0.30739429060597656,0.3561425639897061,0.3943289140400961,0.2845151617652043,0.2797941359766651,0.26502623449420576,0.3191403610133589,0.2808860293707997,0.4269256944872133,0.3380782888227132,0.29859368996705743,0.33683613465797085,0.38545781421689834,0.31526509119027574,0.3292124617554763,0.39162156529555203,0.34510083035573075,0.30099368260301407,0.30417315106502374,0.3237739702432304,0.35075119677413125,0.30828791093410285,0.28672834746704934,0.2981099373712088,0.3438285695929634,0.31900368308606836,0.2841032097670193,0.2976553059670772,0.33341452340575173,0.3180469391843921,0.32749728690089436,0.3426061624806849,0.3746699174167798,0.3098433006568603,0.3503567997128302,0.2971249861383956
syn_Cd_0014,0.23537828542185749,0.3751619600941527,0.214839449791562,0.28412877298858585,0.10326765449565763,0.20044333041726983,0.10001507298612997,0.35791514505472166,0.3671559648034288,0.28368938501424856,0.2792108956431205,0.3720265941944755,0.3605970915801881,0.0,0.2756513129723863,0.3743729080228778,0.21121265588560098,0.28862006049561434,0.3630908226868074,0.21776688799182353,0.23505260933338218,0.2940615742321648,0.27125694200722805,0.1967235527473599,0.29207622799081173,0.2857242128456458,0.20964205571396508,0.29990808443095757,0.27761637693849944,0.2350464105576821,0.36697209913490586,0.21513551809387058,0.36384305491099106,0.38902802744552517,0.237961397296714,0.28707345782338567,0.3708049970457955,0.21865505797383009,0.22347532014551805,0.22221154017052858,0.2944437398878651,0.287504924967701,0.37942530690664505,0.3796428018825736,0.27056032998916485,0.3804562329631022,0.19560873126354386,0.3884708839590158,0.3744334763320686,0.3603686677722621,0.29454311727125637,0.36654215557355924,0.205962465132092,0.3358154088362181,0.27235444871988784,0.2943416553779147,0.282363328159913,0.2764743000729046,0.2952083125031684,0.1903897536235615,0.37329222941832213,0.29989461553208463,0.2762579812501288,0.34247766452243217,0.3781587254523883,0.28932909972054593,0.3770975553216529,0.39591369301315726,0.3098314139739194,0.31084521545208277,0.3695816544849573,0.3901902936371709,0.33746213400697084,0.3245461121015685,0.33916837400490657,0.35394967629420054,0.340281290249501,0.3852704848307755,0.35209739124123346,0.29803513579620006
syn_Cd_0015,0.23064305631417784,0.31111403365049317,0.20654773676462404,0.08156200911851955,0.27749498471552964,0.20140197402439208,0.2808770514854756,0.28118232213634925,0.3058419847135349,0.07346448551521449,0.06895271278711831,0.31630622085497334,0.30382852138779715,0.2756513129723863,0.0,0.29053011249923183,0.2041329626938395,0.08816182604000147,0.3012851957688581,0.2075084797626029,0.23331557426851632,0.07651803203283807,0.09488563977100266,0.20021106326807897,0.07971602694750837,0.08622404554184081,0.22007446898300445,0.09999132264099655,0.07970413709087451,0.22422648797094932,0.3069276692539323,0.2027752428159445,0.31193701789206957,0.31415208728964455,0.20607706296249031,0.07685569711223227,0.30225127330534424,0.22582563375711373,0.20878568008104847,0.20929125311397864,0.3092514076368525,0.3136583282592723,0.3441277586422187,0.33720361537840765,0.31011601093275637,0.4147043669187115,0.36016628688839825,0.3260578209402174,0.3425840960674883,0.3423307316000694,0.3252610737369428,0.3314257753714975,0.3825012980713057,0.39038597838721456,0.30529110612060517,0.32751122873835203,0.37389831811329066,0.29512331493473654,0.3251928413283993,0.3486702438963106,0.4019404402490236,0.35696291036574235,0.3057021522065318,0.38199467168182427,0.40863608446999866,0.32009383497134475,0.345721739228778,0.35197715793383366,0.33602808881474205,0.3755009779648163,0.3510858994954732,0.34497782975697794,0.3871130700979255,0.37668937175417216,0.387206642075834,0.39955665621618575,0.38064734307899967,0.34935097921961905,0.4047441842150656,0.35784797704395677
syn_Cd_0016,0.34253996283163035,0.10876526978625992,0.3370692284119288,0.2754831696377881,0.36905518855062663,0.3321194638373958,0.3695113504665617,0.1311856583399977,0.1366854695526773,0.28265388859110274,0.2755920226882812,0.16258647263132733,0.15049339354562366,0.3743729080228778,0.29053011249923183,0.0,0.3230700868942262,0.2871874867574128,0.14033257340151634,0.3362161571066043,0.3549875302887003,0.28708184672210807,0.2719383154800608,0.3246861980512756,0.28813830960431586,0.26722900066553584,0.3277688161507972,0.2665456239910914,0.2795158066177116,0.34053717088478674,0.13259502854302463,0.3322861169563073,0.14186012864639314,0.11686802301955555,0.3286622067431034,0.2772224769334021,0.09962005685821476,0.35009008861342594,0.336161009973265,0.33465968510267674,0.33524748325161907,0.32609700234200667,0.30861234118330416,0.2986409956852082,0.32437053123978055,0.3994066532377895,0.40637309207812716,0.3014267586329898,0.2928095568766907,0.29935979414520797,0.31073652973641597,0.2912724913544991,0.4120340647875801,0.3792049920663192,0.31990796646056385,0.3055248325139961,0.41895146475617384,0.31434948058253437,0.3039735528369974,0.4015835062149709,0.3850635710349338,0.34097804367741774,0.3237476513655639,0.36546460508569284,0.39334388608123544,0.3053401365111213,0.3188385166638864,0.32844680666867915,0.3031236294881148,0.35975652056661495,0.31787159563795214,0.31646334307889445,0.37776708112592017,0.3604387172250025,0.3696994828725485,0.38501544648072467,0.3399117992754502,0.29264944033241275,0.3905191738555179,0.3326689170761216
syn_Cd_0017,0.10478727735264462,0.3292238481662434,0.08272461031330502,0.2172527169906487,0.21460316913566788,0.08254695253455102,0.196260956346845,0.29804538991732377,0.3140066728354344,0.20804728780481582,0.1876417525604736,0.31483278753891814,0.30558290217747686,0.21121265588560098,0.2041329626938395,0.3230700868942262,0.0,0.21945240506995242,0.3226673063816073,0.07844213356842629,0.08732030590259394,0.22920424467494596,0.17791770996541062,0.08991215072568394,0.20567884330460912,0.21853272400902948,0.08851220813011026,0.23116985480461846,0.20953750357630316,0.09025925755859183,0.3198227907726919,0.07541130593408503,0.3127857848718093,0.3354674643737095,0.0834993495719381,0.20552246526212256,0.3317743112218858,0.09017179047047286,0.07535877061450885,0.07851336076993329,0.24267117411763456,0.2598833381660191,0.3447368814292305,0.33910813949406093,0.2509631452440501,0.33268399253520914,0.3248787980258462,0.34239741623467773,0.33496252585080044,0.31662438907420276,0.2920089242291098,0.3299665128418387,0.34735025207034553,0.30249305317729974,0.24314363525855517,0.2993910362316848,0.29107202850876607,0.26211217417398897,0.2894863240606827,0.3167788971710152,0.3177373816750485,0.2842268130698085,0.24642980772183315,0.29612577462956285,0.3284230237905147,0.2847204973025343,0.33788836120656557,0.35257394079937915,0.3066865302786546,0.29024175376823236,0.32398173063514285,0.35344498416624376,0.29976735389708026,0.29602507288054014,0.30509773840293575,0.3159457484403297,0.35375268998843695,0.35299656321640077,0.3223657664922804,0.2880818481531687
syn_Cd_0018,0.24438881290257203,0.3151568939321961,0.22334686071371013,0.07218045995817451,0.2882165633979458,0.20875812471857033,0.29345206204843655,0.2971728533489134,0.32622774931058707,0.09663669830100237,0.09759434771624499,0.33372449340700133,0.325560652399989,0.28862006049561434,0.08816182604000147,0.2871874867574128,0.21945240506995242,0.0,0.3086104391190173,0.21849878900590336,0.25106207450555224,0.08909999276857118,0.11434313645046632,0.21151246462857,0.10676938295504422,0.07771194097549508,0.22709410058256704,0.09402032327343463,0.08882508246571356,0.24420409752432634,0.31278358810529816,0.21202828620500894,0.3223947130238673,0.3125384607038405,0.2213268492079417,0.0911442230804684,0.2988787284509779,0.2402119443283754,0.22352096093623924,0.22645217080683167,0.31903778871949323,0.3227537898184587,0.3449107544347707,0.34643762065523953,0.32068057563335045,0.41908928870374834,0.36203858413267465,0.3445228509849854,0.34972024567235255,0.3554338258122357,0.32019292798355004,0.33525811484824275,0.37138941366756756,0.39502836972214384,0.3124022600639931,0.3120805984649716,0.3903636148935167,0.30121803122326474,0.3121307871888399,0.3502465160810313,0.4082435916000893,0.36186193867120897,0.31552384819388285,0.38628286381881083,0.41356017158877334,0.31752350590973283,0.36353542629770985,0.3696201257938874,0.32301181294328163,0.3808367872040413,0.3692857603287804,0.354186918497907,0.3922350684235371,0.38178502813480153,0.39160495281574964,0.40540361778931283,0.3583185964954864,0.3505614739861331,0.4069307508676228,0.3620361074792157
syn_Cd_0019,0.3448556655870136,0.08271093722021593,0.3326864996012394,0.29128413827683575,0.35938748201567106,0.3251268862898451,0.35777392021299803,0.07810228159327347,0.06287733697442438,0.2919047423324142,0.2851015691139894,0.08558962122290321,0.0694378241795514,0.3630908226868074,0.3012851957688581,0.14033257340151634,0.3226673063816073,0.3086104391190173,0.0,0.3341758703331528,0.35303435876891687,0.3039356674824098,0.28513643200281036,0.3244339344100492,0.2968270672881021,0.28082302482764504,0.3300691453805534,0.28573760025750083,0.2900342362320828,0.3405953965401054,0.047667259030639585,0.32980475398200676,0.05253990977475225,0.0940058034886929,0.33050039877524895,0.28806380168505463,0.08947558429982184,0.34910552099846387,0.33510964032985613,0.3351037577574555,0.3294614942165038,0.3139891311061266,0.2985617860671634,0.2813956804181922,0.3161177168292311,0.3777575323433575,0.3884124364183634,0.28413083377607584,0.2806519063519266,0.2809941575477627,0.30745698196052457,0.2738900200250168,0.41021972570710274,0.35971922715411675,0.30500287795870296,0.3250070800070012,0.4040470480865221,0.3140133408869079,0.31473228793440855,0.3853366128449133,0.3625612684656516,0.31682711689748716,0.3163440408921552,0.34063659577809774,0.3695137058575446,0.2983577115992532,0.3015632254288269,0.3135284828263463,0.3286998463177634,0.33601354405208705,0.30446493108507905,0.29912249813702557,0.3508048138224,0.3313406528583462,0.3461758791910235,0.36001493146037894,0.3612140087582643,0.30088520615557485,0.36742595406821393,0.31009835365472543
syn_Cd_0020,0.0900471459143259,0.34078290436881525,0.08760715881192123,0.2240442591599661,0.22307125312517712,0.08719797377050369,0.20087639738064525,0.3136229579192068,0.32250815266495386,0.20806434219954287,0.1907768715832349,0.3256496377688689,0.3152840342720888,0.21776688799182353,0.2075084797626029,0.3362161571066043,0.07844213356842629,0.21849878900590336,0.3341758703331528,0.0,0.08538393578542307,0.22840815608049644,0.18834753414216543,0.09549618656195481,0.21160136959584533,0.22068382803383893,0.08724951345480893,0.23767251796532124,0.20741598266148015,0.0923095599053216,0.3298614687912566,0.0689247381519399,0.32437751381148594,0.34843994309667853,0.07574883591003682,0.2086924239781582,0.34329857495111155,0.08212892815591695,0.08157037114083145,0.07467361366446804,0.2639025484578223,0.2812312194439378,0.3621969103318038,0.35857246942810816,0.27453130733339126,0.3431026918953271,0.3320187490569461,0.36240522091984356,0.3544701558787299,0.33349998812944137,0.31381551333519575,0.3485531958907777,0.35033009090290174,0.31453427213963026,0.26673869770744746,0.32351867380231386,0.2892214969469891,0.2835468763873982,0.3128188910202763,0.32186305364598355,0.3293992420917193,0.3057985723852299,0.2670364499810499,0.3137096180364847,0.3409975265565192,0.30912682823804577,0.3560293978847041,0.3696313330626685,0.3309903399307316,0.31448928546897315,0.34398238298487493,0.36763812868940005,0.311899299600541,0.31738942182262203,0.31665429950442586,0.3262465468487423,0.37304001532807796,0.3704113148157262,0.3333877741348394,0.3069997235836091
syn_Cd_0021,0.08783406227890028,0.35796537365113734,0.10014847205899206,0.2556739184869651,0.226312665162907,0.10223645133402581,0.20941084284832412,0.33148691038653016,0.3431784228175067,0.23917683784485752,0.22104617570819388,0.3413507755779247,0.33475699231999795,0.23505260933338218,0.23331557426851632,0.3549875302887003,0.08732030590259394,0.25106207450555224,0.35303435876891687,0.08538393578542307,0.0,0.25949998667812846,0.21549846218329677,0.11738919185604704,0.2404799844631366,0.2502255268978614,0.11541976621985738,0.2665554394043878,0.24119945520038674,0.08647932971556586,0.35049659942643696,0.0903287191037694,0.34692855524062505,0.3695573332687197,0.07615274232177538,0.23878072427702018,0.3651280377243207,0.07234537936899293,0.0998957207816268,0.08117921965480357,0.25212423639863485,0.27050064373362626,0.3693226795323837,0.36345317070118377,0.2620502048791075,0.3133081584966747,0.33776677690030066,0.3652146253659172,0.3597698781708537,0.33540113839375546,0.3026564383653802,0.35167596564202225,0.35827773115475386,0.2973285644701226,0.2557215601003907,0.3123564124207879,0.2685273106407747,0.27572032915575717,0.3020555288423318,0.3229899784862785,0.29953191407077073,0.2907193309767732,0.2567322627349006,0.2985205337194087,0.30991497747822333,0.2968395677328285,0.35875449505513435,0.3700062577181878,0.32011895830293885,0.2986194720177341,0.3408966753274601,0.37653028404966454,0.29546772323786724,0.3015039256825022,0.30014126549665304,0.3054383866636007,0.36794287004623183,0.37711708538930094,0.30883977580867816,0.29430700528518294
syn_Cd_0022,0.2519015514444457,0.3162249473064781,0.23016768347992408,0.0816089251942365,0.2960957467667035,0.21823709866053,0.29810270400811173,0.28926737192433777,0.315106234295048,0.09829821037460663,0.09801545009632015,0.3292239597971838,0.3146599473009002,0.2940615742321648,0.07651803203283807,0.28708184672210807,0.22920424467494596,0.08909999276857118,0.3039356674824098,0.22840815608049644,0.25949998667812846,0.0,0.12330824734178125,0.2202066723862409,0.0970456781861912,0.09625848311734765,0.23857005758533845,0.11249905247600626,0.10013685998240798,0.2543231261855027,0.31021967758915797,0.22692663053002152,0.3156704080515151,0.31286408620542483,0.2320856536625839,0.09753042864364403,0.30020403150237807,0.2522215042554411,0.2258533891870461,0.2368768312659685,0.33198789528248535,0.33591337520689946,0.3604409763457304,0.3552267936308008,0.3323317694087666,0.4311674838019641,0.3699945986890425,0.3473927066819237,0.35897116200974416,0.3648861008447382,0.34097288377364476,0.3455962711469707,0.38810631313607685,0.4072029029495002,0.32809573606946174,0.3370313958394337,0.3987839721308004,0.313655354847485,0.33515955385412793,0.3627417028608051,0.4176294816966513,0.3735148660436265,0.3277601990822017,0.39913990876635846,0.4238752575796476,0.3320661273792696,0.36966569084626927,0.37626281598861766,0.343684475806105,0.39248537346512496,0.3748018191591444,0.3611773880192133,0.4028717909758482,0.39335142661880074,0.40308859640518363,0.417357703369215,0.3879832358299412,0.3673224672771328,0.418957061737601,0.37352733844184005
syn_Cd_0023,0.20433142605793486,0.2949686447086525,0.18604353294643705,0.11209821355710407,0.2710012237680554,0.1869824286027674,0.27080714383506127,0.25936457068465657,0.288988729708179,0.07985114366033103,0.06487870948524162,0.2888552025009914,0.2797884091240448,0.27125694200722805,0.09488563977100266,0.2719383154800608,0.17791770996541062,0.11434313645046632,0.28513643200281036,0.18834753414216543,0.21549846218329677,0.12330824734178125,0.0,0.18218420174785563,0.07281097600792438,0.09456566049875012,0.20040075607016042,0.11101905647395753,0.08785363155831982,0.19183945267195188,0.29121954728972116,0.17902846183599422,0.29044091250268633,0.2988142049745235,0.1822894143725028,0.09029810722999829,0.2922230070809,0.19761425982717343,0.190543292580072,0.18516180465334645,0.2838337525832853,0.28094216897905566,0.3225898078357897,0.3134398189059505,0.2832940341820602,0.3798609727107784,0.3547969866100609,0.3045940853977663,0.31551562614392636,0.31415127323566433,0.29915253577946055,0.30619606010592587,0.38492870923652805,0.3542277225844494,0.27852526745031847,0.30704326330779325,0.35075169322435285,0.27412762448544253,0.3024860265261629,0.3484419167876999,0.36848113038767466,0.3214481025712191,0.27500599147355104,0.34766272855401414,0.37432064647060925,0.29429031756311635,0.3185035273863393,0.32589438509521496,0.3147452203138041,0.3381811197760701,0.31753138154410854,0.32449312597581076,0.3543878449990799,0.34220663271766716,0.35220519310444676,0.3666229897379553,0.36452008812970427,0.33088169373601933,0.3688123609064054,0.32195982753501107
syn_Cd_0024,0.12739322478402926,0.3310552681128198,0.11312628823556672,0.20682783008073313,0.20049922652081967,0.09196921018021462,0.18183452674014175,0.3085978384805317,0.3178606415701929,0.20041420306193633,0.1878067486071707,0.319363314852891,0.3140962682186572,0.1967235527473599,0.20021106326807897,0.3246861980512756,0.08991215072568394,0.21151246462857,0.3244339344100492,0.09549618656195481,0.11738919185604704,0.2202066723862409,0.18218420174785563,0.0,0.20426985917423987,0.2035088199697485,0.10246163903696377,0.22148585100842424,0.1943467916957346,0.12332126803230187,0.3218984388133268,0.0948460126523152,0.3146876045363651,0.34202610823242807,0.11342527200828127,0.1971865348940002,0.3339989898091742,0.11225968414282506,0.1001501487376207,0.09615867893256233,0.25830585391386557,0.2651490571898282,0.3502180608234953,0.3493417109021763,0.2559035182289422,0.3522235543405126,0.31694929594222765,0.3555487432154306,0.3443247162668611,0.3262630069702478,0.2923297792500948,0.3382836193548961,0.3312852613800248,0.3225604767796365,0.25175839833178765,0.3005271911127698,0.3100669606585152,0.26498951824509137,0.29153439656756236,0.305262433595462,0.3397546379181418,0.29417046735084923,0.25013767910193224,0.3166674452337254,0.3480936796698965,0.28715858916959514,0.34719060678414637,0.362930068551322,0.3079037680379716,0.30419354877232346,0.3350959134513303,0.35976085669805286,0.320320155295271,0.31487496216191974,0.32139951012124185,0.3352197695131434,0.35279532578221223,0.3601405435044525,0.337868213608266,0.2971500101627374
syn_Cd_0025,0.22857719750206754,0.3070282695540099,0.20535912443806179,0.09927542426502126,0.29299988753432643,0.20845872176759794,0.2913390562424192,0.2727269421634679,0.30094477562953936,0.07034218189255707,0.06274623337466738,0.3011051192254875,0.2904957681724764,0.29207622799081173,0.07971602694750837,0.28813830960431586,0.20567884330460912,0.10676938295504422,0.2968270672881021,0.21160136959584533,0.2404799844631366,0.0970456781861912,0.07281097600792438,0.20426985917423987,0.0,0.09361168537488405,0.22464887022782304,0.10216985149336816,0.08726391283144729,0.22295774676937732,0.30284591042937203,0.20403742763536062,0.30269674329375923,0.3083438515343672,0.2036757360492775,0.08530050291392186,0.30383328913163615,0.22791877491445792,0.21373902066780134,0.2116750991756653,0.29703983935132683,0.29422102718675563,0.3373823184877903,0.3286949222765219,0.29685907261415123,0.4001494873223489,0.37408025101698894,0.3168145799402748,0.33061792299647397,0.33172656673927026,0.3197776571653387,0.32059825201701897,0.4051566767603427,0.3729697700768892,0.29271019055338166,0.3264859319973481,0.36796108299412184,0.2932082328289397,0.32197704252056397,0.3674680335955006,0.38779567625626626,0.3437995809353118,0.2892748306353694,0.36779671866248476,0.39140039127898085,0.3127081524868853,0.3349831547132354,0.3409358281747213,0.33424627664720336,0.36069704650069023,0.3330999740051345,0.3381441363394837,0.37301080627482247,0.3628153347623884,0.3716775934082137,0.38546444450429357,0.38005731735172266,0.34580930196446663,0.3874933177727137,0.3420791570683031
syn_Cd_0026,0.24048091407834332,0.2885897780802762,0.2189971156621216,0.07811629938210685,0.28187827366966084,0.2108392330613967,0.2819132120045149,0.27165613541250316,0.2994703455560241,0.08404318547097488,0.08159344913987818,0.3096953271406243,0.2997178517383339,0.2857242128456458,0.08622404554184081,0.26722900066553584,0.21853272400902948,0.07771194097549508,0.28082302482764504,0.22068382803383893,0.2502255268978614,0.09625848311734765,0.09456566049875012,0.2035088199697485,0.09361168537488405,0.0,0.23284391082192193,0.07567719591005548,0.0594989875870219,0.239333269302904,0.28743630997764447,0.21480177485401886,0.29662345459170253,0.29352072450391586,0.22189429133886499,0.06727349398424158,0.27955956615164085,0.2381548298641223,0.22681197192259386,0.22820743389904613,0.31760866476648303,0.3154817705424804,0.3305231169468453,0.3314678030122123,0.3158605572396019,0.4071602304380963,0.35249109404170725,0.3286332709514079,0.3373578155627956,0.34164454422730606,0.3091955326583994,0.3221628209909862,0.3697141862068711,0.38362558510410166,0.31060594560379157,0.3090026123565367,0.37275084875019876,0.295320994000055,0.30024678693311646,0.34451470953508073,0.39460403919505654,0.3488004137361753,0.30870082817631805,0.37206218448311,0.40148076540389155,0.3047107705593953,0.34857011833142537,0.3558327611574674,0.31419646789346284,0.36890730765872404,0.3553261797112863,0.3374087118771182,0.3812090077587311,0.370612081890795,0.3802158092631448,0.39352569395778714,0.3587592162290636,0.3384732224915956,0.3970532771797901,0.350564706100717
syn_Cd_0027,0.12460168487022173,0.3341119225625095,0.10973663888680982,0.22865740068412546,0.2136792863914672,0.08732207370187034,0.195071549031813,0.3064818643402857,0.32289849482814353,0.22241077556795436,0.2063738052656647,0.3241193161770495,0.31647451493721757,0.20964205571396508,0.22007446898300445,0.3277688161507972,0.08851220813011026,0.22709410058256704,0.3300691453805534,0.08724951345480893,0.11541976621985738,0.23857005758533845,0.20040075607016042,0.10246163903696377,0.22464887022782304,0.23284391082192193,0.0,0.24651114110441805,0.22255301127273297,0.12552067498062844,0.32539416254810705,0.083611746720751,0.31995691601161014,0.34211697259905866,0.10634006083594777,0.22296116036000466,0.33642302612199143,0.11002607156526922,0.08972220874777778,0.09746475507831008,0.253034214336313,0.2700511247537587,0.3552455850269586,0.3552178484998839,0.2605409250449596,0.3406817486504222,0.32115199987633813,0.3596208985363038,0.34910507522614204,0.32977654096670184,0.29339608119614047,0.3413113777267115,0.34137756447642287,0.315161738767633,0.2548247329147718,0.30221027607507106,0.29905384753008746,0.26722813560323444,0.2921799470629648,0.3110776251590943,0.3295505335276188,0.29822820407149975,0.25461044977015623,0.31210030450770965,0.34047738152932766,0.2890103089330166,0.353003438863456,0.3683001744943051,0.3106861210647043,0.303500559114553,0.340313308583085,0.36404234100390226,0.3143153235699979,0.30693861067151906,0.31505653649900633,0.3258327914397098,0.3521910938881119,0.36192788041690893,0.3315701994311661,0.29839483237089875
syn_Cd_0028,0.25406402492945196,0.2845540113548171,0.22823020924173154,0.09604036365500018,0.29960668628655296,0.22669985238528859,0.2970428472479049,0.2801757624153644,0.30588913797429174,0.09195213050598601,0.09335743314000343,0.3141269736364709,0.3011088614644635,0.29990808443095757,0.09999132264099655,0.2665456239910914,0.23116985480461846,0.09402032327343463,0.28573760025750083,0.23767251796532124,0.2665554394043878,0.11249905247600626,0.11101905647395753,0.22148585100842424,0.10216985149336816,0.07567719591005548,0.24651114110441805,0.0,0.09323683107225511,0.2504186771106002,0.2907865415521818,0.23042910035103914,0.30222332880660646,0.2853627935678643,0.23310300437334627,0.09423864046727237,0.27643188454288203,0.253017667204084,0.24434813022390067,0.2440482259376242,0.3255373422106776,0.32083550965687163,0.3269947689104136,0.32987190083690837,0.3230642205288702,0.40595316196242803,0.35667845354990146,0.32839373054136795,0.33575078028491945,0.3388445425464526,0.3138458195270388,0.3200429278885622,0.3785757534724904,0.3839899036105015,0.3198920740188712,0.31227073140368505,0.37730806485458457,0.30449571210881105,0.303293243670903,0.3502481189308508,0.3938995423768743,0.35160258292309565,0.3185651699190138,0.37606774488350225,0.39861277078082974,0.31195726966587534,0.3465711411025269,0.35188034971160514,0.31283222308037023,0.36876282305448665,0.35272674781671226,0.33596704814129363,0.378836625266205,0.3703198152192649,0.381522724107975,0.39128150976285264,0.35113535050781564,0.3268628824871444,0.3959925751334474,0.3510907365103621
syn_Cd_0029,0.2312670826948729,0.29692802143540004,0.20845865519308596,0.08024886953500189,0.2789213516864959,0.20322085204197665,0.2747090725464614,0.2710047436832633,0.29599021391732494,0.08529509924910288,0.07621033905086563,0.3021455120354526,0.292083993776542,0.27761637693849944,0.07970413709087451,0.2795158066177116,0.20953750357630316,0.08882508246571356,0.2900342362320828,0.20741598266148015,0.24119945520038674,0.10013685998240798,0.08785363155831982,0.1943467916957346,0.08726391283144729,0.0594989875870219,0.22255301127273297,0.09323683107225511,0.0,0.2270043773400517,0.29620995381405274,0.20460945123409,0.2960929800759124,0.304612273674356,0.21208377901566852,0.06218249634535146,0.2921182111684992,0.22956328770394796,0.21547683306908055,0.21460976838169327,0.3071614961680479,0.3035029169486346,0.33740656982647005,0.3329597837409231,0.30512767106285077,0.40160917713896677,0.36006190615203976,0.323567982148818,0.3386179303225316,0.33094606671145027,0.3155480259341712,0.32254403624395533,0.3826187125532836,0.37595247239181995,0.30016353390384737,0.32134107851104565,0.36840043547327844,0.2934632471009244,0.3163165996588648,0.3492291520120122,0.3880924250363861,0.3437102163820667,0.29811385780192423,0.36698434804388125,0.39518243032935135,0.30685822250075484,0.3386437227543159,0.34541371705232976,0.3295616244329109,0.3600060826579935,0.34422329105619126,0.337321769011286,0.373478265323271,0.363682229209479,0.37284874572563914,0.3874581506062746,0.37304982167823164,0.3467523673596353,0.38930821659304227,0.3430781247699653
syn_Cd_0030,0.09511768539891795,0.34873740960464006,0.09834223076922209,0.24449825690043614,0.23515348987920584,0.10270180522100919,0.21516327573229146,0.3172743648474498,0.3315720750289988,0.22558221480438653,0.20914077948279175,0.3294259223726006,0.3213343523033306,0.2350464105576821,0.22422648797094932,0.34053717088478674,0.09025925755859183,0.24420409752432634,0.3405953965401054,0.0923095599053216,0.08647932971556586,0.2543231261855027,0.19183945267195188,0.12332126803230187,0.22295774676937732,0.239333269302904,0.12552067498062844,0.2504186771106002,0.2270043773400517,0.0,0.33843737742247876,0.09109812348119795,0.331171688244266,0.3562435023699809,0.07435604715805905,0.2244850551163667,0.3504131548628541,0.07751204148213393,0.09742467735390513,0.08546080639052485,0.2604781880405239,0.27473572051829925,0.3616648439366632,0.3529123309728776,0.269116001779125,0.3275437063336948,0.34340538990303854,0.35392863697221244,0.3439393135811208,0.3292827725261787,0.3073264670000286,0.3447838331403033,0.3667506518153814,0.3045620083310975,0.2667400167669022,0.3181535610302916,0.27272144868273895,0.28016719261371587,0.3103667912898731,0.33512206601273037,0.31659819667612726,0.29842810681050436,0.2638514517889074,0.30889878496238593,0.3223485039451743,0.30572188887883056,0.35115799645297224,0.3600365275812816,0.3255850285722032,0.30730271549958,0.33170210499888636,0.36662998422419396,0.30259283690689376,0.31078136534629014,0.309348053987137,0.31425292544825845,0.37800455745768613,0.37101682019202015,0.31816932020665595,0.30341131308361113
syn_Cd_0031,0.3416719934144832,0.0684643758885638,0.3295914842148385,0.2998399687098905,0.3600356371553788,0.3235518149818991,0.3592203944569503,0.08401405650362566,0.054303605862534056,0.29907741797328535,0.29303734267198955,0.08508061846156019,0.0679642012513689,0.36697209913490586,0.3069276692539323,0.13259502854302463,0.3198227907726919,0.31278358810529816,0.047667259030639585,0.3298614687912566,0.35049659942643696,0.31021967758915797,0.29121954728972116,0.3218984388133268,0.30284591042937203,0.28743630997764447,0.32539416254810705,0.2907865415521818,0.29620995381405274,0.33843737742247876,0.0,0.32722139508310044,0.0546999552766317,0.08144348094767966,0.3275863304757124,0.29559823755802295,0.08825378280387208,0.3464926755297016,0.33085476024596233,0.3301601080879559,0.32557007825072076,0.3110474878259391,0.29889406582112327,0.28620684879704544,0.31339976321193386,0.3763279994428996,0.39024458472060064,0.289202015664162,0.28354290862933446,0.2815516152473191,0.30353237813545453,0.2779006024830528,0.40936537106808224,0.35929059940717273,0.302685323880304,0.31869211955217774,0.4017810893906291,0.3100812575843622,0.3092949366705977,0.3866761968800588,0.363339091656788,0.3152092050859193,0.31191666977088595,0.3406579932311367,0.37055025038321376,0.29692063185024536,0.30654583449754985,0.3166376142173483,0.32602971127868063,0.33662506759654875,0.3094196254279669,0.300845272089312,0.3529163447431286,0.33301558912908213,0.3469428785052815,0.3605873579009426,0.3565035697327545,0.3000921085623086,0.36971234867282016,0.3079114978832842
syn_Cd_0032,0.09945139378203847,0.3392267995776707,0.08403927894925937,0.21955065441402902,0.2179576854044522,0.07217960624357486,0.20116280072609335,0.3103697075540367,0.3220855992304694,0.20586541460391625,0.18795544291294983,0.3249435991350851,0.3121279649552817,0.21513551809387058,0.2027752428159445,0.3322861169563073,0.07541130593408503,0.21202828620500894,0.32980475398200676,0.0689247381519399,0.0903287191037694,0.22692663053002152,0.17902846183599422,0.0948460126523152,0.20403742763536062,0.21480177485401886,0.083611746720751,0.23042910035103914,0.20460945123409,0.09109812348119795,0.32722139508310044,0.0,0.32400666078880636,0.34651403174361106,0.07821064601462573,0.20657927399202497,0.33941066818646015,0.0757211626540224,0.07998014984478258,0.06968797030053808,0.2483986561731386,0.2651440959950604,0.35353515835451627,0.35015735816931226,0.25698480395416956,0.3347203969586702,0.3289811431614746,0.3543020426713713,0.34402181834526135,0.33055099860978027,0.2967656963504125,0.3406520920720867,0.3477731272901255,0.30707309246792047,0.2504233383295918,0.3056523486601416,0.29180167808720553,0.2665153167773538,0.2953914339531588,0.31811126545604507,0.32299169004566386,0.2964353250995156,0.24935901611808226,0.3049674761807425,0.330234692037184,0.29078890014706543,0.3491256633734049,0.3618804579280691,0.31307480684725464,0.3031322898140663,0.33501683177410957,0.3604803142774676,0.30355137633441914,0.30523753792204567,0.3060680924578587,0.3180247430437579,0.3562891579871565,0.3609496836215267,0.3235773902643252,0.2973992126158581
syn_Cd_0033,0.3356044849189841,0.09301925001732111,0.3254268327859591,0.3030801507523753,0.35872837927153595,0.3195219872719533,0.3573698031583106,0.08030093267060072,0.05512494442586374,0.29897783011597495,0.29479784495386885,0.07318585424892586,0.06869904434268587,0.36384305491099106,0.31193701789206957,0.14186012864639314,0.3127857848718093,0.3223947130238673,0.05253990977475225,0.32437751381148594,0.34692855524062505,0.3156704080515151,0.29044091250268633,0.3146876045363651,0.30269674329375923,0.29662345459170253,0.31995691601161014,0.30222332880660646,0.2960929800759124,0.331171688244266,0.0546999552766317,0.32400666078880636,0.0,0.10111083818142445,0.32361996121519276,0.2951653840395243,0.10093673731509517,0.34285840502375153,0.32572478565687946,0.32307328116734313,0.32008858314942057,0.3062438657521266,0.3059184085650175,0.2890757673471963,0.30760064473008353,0.37157991643649124,0.3940821798293105,0.29067071402144895,0.28969964974700047,0.27873827669427986,0.3060529117293407,0.28356316747896165,0.4176989496460781,0.3514533298688553,0.2988768164933762,0.3255787895417077,0.4027118149308369,0.3031988217954071,0.31694560825895896,0.38934431785060347,0.3551567642147534,0.3086325656558318,0.3068149096169401,0.33489911126421285,0.3636215585055543,0.29637663065476433,0.30216499701065613,0.3149416024637809,0.331876000115445,0.3297588977650896,0.30669936812950266,0.30358599389106694,0.34677949549328846,0.32866149618278623,0.34035775770537485,0.35455964573443705,0.3662108246323736,0.31242034309506944,0.3626715069624746,0.30363652919694484
syn_Cd_0034,0.3592773394497814,0.07909117268567661,0.34828007452607984,0.30123112546500924,0.38405767278539416,0.3436633264971363,0.38412914503418844,0.09904988100105619,0.0916569909114265,0.31043045672882646,0.2981745875477314,0.1274455941639661,0.10201612087195933,0.38902802744552517,0.31415208728964455,0.11686802301955555,0.3354674643737095,0.3125384607038405,0.0940058034886929,0.34843994309667853,0.3695573332687197,0.31286408620542483,0.2988142049745235,0.34202610823242807,0.3083438515343672,0.29352072450391586,0.34211697259905866,0.2853627935678643,0.304612273674356,0.3562435023699809,0.08144348094767966,0.34651403174361106,0.10111083818142445,0.0,0.34403869615189175,0.3001160069743173,0.0712945270718896,0.3661147324798012,0.34630448869295455,0.34957467305252143,0.3407994826195964,0.32354758149876534,0.324692659314095,0.3121002548493831,0.32520097697909284,0.392052038072639,0.4121532145616031,0.3190510719366576,0.31230684244669465,0.3115086043175317,0.3087579225812327,0.3057558103507516,0.4253300300312695,0.37573285957536334,0.3182916655545722,0.30886624407219326,0.4246319088337686,0.31488210233624975,0.30476379825711375,0.4087228344359541,0.37809397343969786,0.332605335779106,0.3250261750834501,0.35755131406696905,0.3849248174027586,0.3045474898019283,0.3342260396731049,0.3447992934543952,0.3038711899887389,0.35160415192719907,0.3387652169508052,0.33277424262209043,0.36917246731952635,0.3489116702282941,0.3622552788669525,0.37642351866788315,0.3357852692686743,0.3098323883123655,0.3831676511528526,0.32380432442732304
syn_Cd_0035,0.0783974124538595,0.3355971448491997,0.08493349812769325,0.22313680611891487,0.23661753656830076,0.09680679252197061,0.21891118370360324,0.30633472873904205,0.32039718420454916,0.20804443175512174,0.19107492025340922,0.31873781648044375,0.30958772311600646,0.237961397296714,0.20607706296249031,0.3286622067431034,0.0834993495719381,0.2213268492079417,0.33050039877524895,0.07574883591003682,0.07615274232177538,0.2320856536625839,0.1822894143725028,0.11342527200828127,0.2036757360492775,0.22189429133886499,0.10634006083594777,0.23310300437334627,0.21208377901566852,0.07435604715805905,0.3275863304757124,0.07821064601462573,0.32361996121519276,0.34403869615189175,0.0,0.2089653289413999,0.34088666459255895,0.07619763984596717,0.09018161483517012,0.07454038005657687,0.26096391234288707,0.27606607577753445,0.3554584794294641,0.3478084999026777,0.2706514173783153,0.33019432793500403,0.3449477009215858,0.349760039040443,0.341784164546827,0.32378917580757194,0.3107299329387011,0.33939714441095203,0.36676926271964516,0.30713474979644095,0.2621081495661602,0.3196903355934484,0.2798553107710166,0.2822146003504517,0.3085150143308327,0.3384247990491409,0.3157411157544456,0.30516872558849667,0.26288184442190676,0.3135569658961991,0.3245215845651665,0.3064308986701769,0.3442455764145587,0.35738711081037744,0.3263756192922592,0.30957190039226823,0.32899235958857903,0.3626262191339897,0.3052295803470921,0.3110014418832493,0.3102127933453675,0.3144672984666497,0.3757250758614815,0.3671915672313451,0.3199929500984295,0.3058643414584004
syn_Cd_0036,0.23432517034339576,0.29710829175682896,0.2040294127829077,0.07946034082875668,0.2875152091347843,0.2023800371316944,0.2836935059009,0.26875179763290136,0.295575483177116,0.08136765218186308,0.07724529500617809,0.3008526307484356,0.2904588561400583,0.28707345782338567,0.07685569711223227,0.2772224769334021,0.20552246526212256,0.0911442230804684,0.28806380168505463,0.2086924239781582,0.23878072427702018,0.09753042864364403,0.09029810722999829,0.1971865348940002,0.08530050291392186,0.06727349398424158,0.22296116036000466,0.09423864046727237,0.06218249634535146,0.2244850551163667,0.29559823755802295,0.20657927399202497,0.2951653840395243,0.3001160069743173,0.2089653289413999,0.0,0.292014233638143,0.23000728836925052,0.2137678336446328,0.2188762303468399,0.3117631189678965,0.31094023073627736,0.3458817135670888,0.34147665712592373,0.3088840202403143,0.40306409165041923,0.36243156867498877,0.3294720871849575,0.3467691709093462,0.3412297757560831,0.32197876891869087,0.331549155492438,0.39054873179096455,0.38243089159134536,0.3080619867115962,0.3246986661446608,0.36912455032212366,0.2944053026855907,0.3217036674027152,0.3579651320669313,0.39570861596526274,0.3516100754996072,0.30635140130870153,0.37569481667549276,0.39875367093172015,0.3154609575446486,0.34819140281665,0.3505779660910048,0.33277929417196206,0.36805406862274886,0.35323773807674974,0.3464589576380257,0.3817330245983337,0.37179229980794354,0.3826556334603129,0.3932795255023637,0.3737679060179343,0.35333184052853844,0.3967123416258079,0.35179565215324266
syn_Cd_0037,0.35505838667319456,0.08047351884628672,0.34249666284637553,0.28947973760852524,0.36768978868705304,0.3346867668359352,0.36907255027246455,0.10914758718963592,0.10400430465136355,0.29925548893852516,0.29074656975757346,0.13351298354706215,0.11133972299814049,0.3708049970457955,0.30225127330534424,0.09962005685821476,0.3317743112218858,0.2988787284509779,0.08947558429982184,0.34329857495111155,0.3651280377243207,0.30020403150237807,0.2922230070809,0.3339989898091742,0.30383328913163615,0.27955956615164085,0.33642302612199143,0.27643188454288203,0.2921182111684992,0.3504131548628541,0.08825378280387208,0.33941066818646015,0.10093673731509517,0.0712945270718896,0.34088666459255895,0.292014233638143,0.0,0.3610307506201166,0.34634378294635576,0.3443725731206606,0.3384242558281157,0.3297033496156394,0.31397872915499336,0.3066807234292221,0.3277406864532995,0.4046992309183382,0.4008496689679582,0.31103486869505614,0.3066595378100095,0.3067508783718881,0.3122191602948157,0.29791389819992187,0.4082589407785735,0.3871923148116236,0.32244948512281596,0.3043261346308214,0.4187300596042078,0.313940300423689,0.3054105855119806,0.3970782800312176,0.38984161314180976,0.34310660755863487,0.3269693522778321,0.37028108346300853,0.3990965558886595,0.3042849160725992,0.3252435172066871,0.335511391563456,0.303253257815646,0.36269534291065525,0.3282780912387443,0.3200978363025311,0.38169309266397317,0.3610933423718528,0.37415713107607246,0.3888878298403016,0.33160366688502674,0.29978122078222796,0.39614979880206064,0.336022337950121
syn_Cd_0038,0.08479067279426124,0.35579837738075343,0.09062047628585926,0.24387425313963063,0.22016151350213525,0.09192544740698023,0.2018268480623415,0.32813141625859527,0.3389892703276999,0.2264451453597707,0.21071235055058807,0.33834604744210617,0.3285468694931735,0.21865505797383009,0.22582563375711373,0.35009008861342594,0.09017179047047286,0.2402119443283754,0.34910552099846387,0.08212892815591695,0.07234537936899293,0.2522215042554411,0.19761425982717343,0.11225968414282506,0.22791877491445792,0.2381548298641223,0.11002607156526922,0.253017667204084,0.22956328770394796,0.07751204148213393,0.3464926755297016,0.0757211626540224,0.34285840502375153,0.3661147324798012,0.07619763984596717,0.23000728836925052,0.3610307506201166,0.0,0.0968707829550875,0.07550220021677269,0.26316179862866507,0.27864929909240505,0.36965807392193945,0.36349435721135426,0.2728300637016546,0.32194737347488883,0.33527965526054515,0.3671386388330868,0.35793915162789497,0.33850007633385726,0.3104034056349479,0.3545981421282073,0.3559759266040189,0.3015793039535483,0.26574815069371754,0.32036623996828206,0.2722814731869464,0.2831707391395511,0.3093939721902014,0.32279785871311073,0.30974429275900667,0.29757152256633435,0.2659141048128906,0.30468738753288666,0.3155316065012194,0.3055611128576384,0.3605972175828738,0.3687084469174841,0.326113937833837,0.3039476435229721,0.3405364861777925,0.3774038251005645,0.3008750720269364,0.30555069879609514,0.30479389667927287,0.3106072850292006,0.3732419036746818,0.3762786229722543,0.3138973736279511,0.29928989435320924
syn_Cd_0039,0.10203822362099772,0.34162554705233006,0.08920986985845179,0.22810509475426488,0.22739174304119394,0.09448892778061896,0.21055996672683508,0.31063530666548606,0.32395214876222733,0.2172186024521967,0.1993160734042348,0.33292501362463517,0.3219526003992095,0.22347532014551805,0.20878568008104847,0.336161009973265,0.07535877061450885,0.22352096093623924,0.33510964032985613,0.08157037114083145,0.0998957207816268,0.2258533891870461,0.190543292580072,0.1001501487376207,0.21373902066780134,0.22681197192259386,0.08972220874777778,0.24434813022390067,0.21547683306908055,0.09742467735390513,0.33085476024596233,0.07998014984478258,0.32572478565687946,0.34630448869295455,0.09018161483517012,0.2137678336446328,0.34634378294635576,0.0968707829550875,0.0,0.0874637555920604,0.2565750119905141,0.2756041272782463,0.3576644536700326,0.3521513061672358,0.26427330761925516,0.3444900475298859,0.34029372037289213,0.3559369074781515,0.3481828026437982,0.330923984103411,0.30463467172820174,0.34272767601772697,0.36137261198954435,0.3135069589781492,0.2561537058293524,0.30969507158245124,0.30539911446235235,0.2753828892913181,0.3035142787855395,0.3307809373831774,0.32993088024835876,0.3015884718861246,0.25935415318226457,0.3104231836012013,0.3366825663325689,0.30049818685700397,0.3538034224660257,0.36515939749059867,0.31703101180254106,0.3101747103525476,0.3395759287358915,0.36769174306912417,0.31258588731200265,0.3122583639029195,0.3141695475761219,0.32790588058963605,0.3649070996904604,0.3655577613630386,0.3319387620644088,0.3044518911310924
syn_Cd_0040,0.09666986734461822,0.34013231178684566,0.08585247980530405,0.22741508479900718,0.22739311945630128,0.08788629212107864,0.20592251618635568,0.31464413360619586,0.3230157334719741,0.21538415671653735,0.1976359664615706,0.3236677967067701,0.3133291675894645,0.22221154017052858,0.20929125311397864,0.33465968510267674,0.07851336076993329,0.22645217080683167,0.3351037577574555,0.07467361366446804,0.08117921965480357,0.2368768312659685,0.18516180465334645,0.09615867893256233,0.2116750991756653,0.22820743389904613,0.09746475507831008,0.2440482259376242,0.21460976838169327,0.08546080639052485,0.3301601080879559,0.06968797030053808,0.32307328116734313,0.34957467305252143,0.07454038005657687,0.2188762303468399,0.3443725731206606,0.07550220021677269,0.0874637555920604,0.0,0.25261021781925896,0.2719216248593585,0.35414925343440457,0.34997856385272547,0.26373181060006107,0.33380649494437775,0.33327026410695304,0.34998431077474534,0.34365162086437395,0.3270540704311566,0.3010740656589809,0.3408919525880777,0.3539851294074308,0.3068554674816913,0.2551674785115589,0.31358645720063955,0.2862074455189204,0.27309176985975864,0.3007983761462434,0.325040073896955,0.3221423665612619,0.2986400615197234,0.25623497356262703,0.3101604679049879,0.3316462448386367,0.29855695339046184,0.3468588643155702,0.3581912830697276,0.31846837999957295,0.3060172117363925,0.3314694401979156,0.3627731806930687,0.30299118398331387,0.30807834310334437,0.30907299706498875,0.31850272447897715,0.3654289188447682,0.36172159978050217,0.3228658987547272,0.3021236192065375
syn_Ni_0001,0.2706831532838845,0.3364313829100589,0.2525703143194524,0.3265429737858215,0.29223107883820354,0.2541289063889936,0.2752456489864039,0.3023363776185084,0.31826417492241527,0.3119396347012265,0.2934325755059272,0.3235811922881228,0.31773492594868846,0.2944437398878651,0.3092514076368525,0.33524748325161907,0.24267117411763456,0.31903778871949323,0.3294614942165038,0.2639025484578223,0.25212423639863485,0.33198789528248535,0.2838337525832853,0.25830585391386557,0.29703983935132683,0.31760866476648303,0.253034214336313,0.3255373422106776,0.3071614961680479,0.2604781880405239,0.32557007825072076,0.2483986561731386,0.32008858314942057,0.3407994826195964,0.26096391234288707,0.3117631189678965,0.3384242558281157,0.26316179862866507,0.2565750119905141,0.25261021781925896,0.0,0.07653256526124196,0.3111639400766312,0.2895691263612215,0.07201215134550165,0.25055360604224813,0.30666335086077223,0.28905980814856047,0.27438711540981015,0.2588168851283958,0.1202889972139797,0.27488810033944344,0.3567551427111106,0.22689937204088903,0.0988144439437445,0.14447329927412975,0.3036568259891183,0.10343568478418119,0.13627597330674884,0.3036991501348646,0.254411103077577,0.2037919269225021,0.0724883688520985,0.2240814378409069,0.24991044161006404,0.13123275680717753,0.29162554644683847,0.3020044704204021,0.15739724326556437,0.2149895922681094,0.26889920726957667,0.30522077339945286,0.22216151825263764,0.21009196026334992,0.21733301979257552,0.23522860534516968,0.21801028811890436,0.30225971831221027,0.24352126375187164,0.1982506735018933
syn_Ni_0002,0.287234355733118,0.3218111695412689,0.2677612441932174,0.32885834944033443,0.28305512255397575,0.26552789982945224,0.27360933405325216,0.2895116224729088,0.3051719226661701,0.30954756487359086,0.29390419999553524,0.3119205220121583,0.3039807097453178,0.287504924967701,0.3136583282592723,0.32609700234200667,0.2598833381660191,0.3227537898184587,0.3139891311061266,0.2812312194439378,0.27050064373362626,0.33591337520689946,0.28094216897905566,0.2651490571898282,0.29422102718675563,0.3154817705424804,0.2700511247537587,0.32083550965687163,0.3035029169486346,0.27473572051829925,0.3110474878259391,0.2651440959950604,0.3062438657521266,0.32354758149876534,0.27606607577753445,0.31094023073627736,0.3297033496156394,0.27864929909240505,0.2756041272782463,0.2719216248593585,0.07653256526124196,0.0,0.29835627365690015,0.27373922925300503,0.07177635881735098,0.23151086542910537,0.30267396264263075,0.2748433553008264,0.2585380135380983,0.2433166957670895,0.11152188971717565,0.26075310762038745,0.3507654437797281,0.20702650527735508,0.07980523422826807,0.12951253241164906,0.3134924947815175,0.09099840320687248,0.11131784385744149,0.29846343881190235,0.23457177497227139,0.17464307395280565,0.06411622916490523,0.20507107125339472,0.2295693628471208,0.12333233534938456,0.2770989083563459,0.2887228027381665,0.13249488876473203,0.1869016897649312,0.253879441481711,0.29150918113967694,0.2039966440656378,0.18848107139530434,0.19758497510766324,0.2146557796502856,0.20073105610519296,0.28729502443084326,0.22045935468224181,0.1676531224954618
syn_Ni_0003,0.37665825241747536,0.29739132647867894,0.35768535008531754,0.3525609969591878,0.37245704715665456,0.35346714951543795,0.3744203432022146,0.29478177755976054,0.3069549216101947,0.33940244050304336,0.33056936516569285,0.31457589375596523,0.30379407588946106,0.37942530690664505,0.3441277586422187,0.30861234118330416,0.3447368814292305,0.3449107544347707,0.2985617860671634,0.3621969103318038,0.3693226795323837,0.3604409763457304,0.3225898078357897,0.3502180608234953,0.3373823184877903,0.3305231169468453,0.3552455850269586,0.3269947689104136,0.33740656982647005,0.3616648439366632,0.29889406582112327,0.35353515835451627,0.3059184085650175,0.324692659314095,0.3554584794294641,0.3458817135670888,0.31397872915499336,0.36965807392193945,0.3576644536700326,0.35414925343440457,0.3111639400766312,0.29835627365690015,0.0,0.06586304131295778,0.30513134343446213,0.3766427519248448,0.36959888638731303,0.09350511907376248,0.08862793716905604,0.09895479836060647,0.2918852896240219,0.07974289571631481,0.39672940266798173,0.3574254917970008,0.29862233434402136,0.29478396786712574,0.39754648263596887,0.2880265319756394,0.291219654409734,0.36500881068845126,0.36919930972820897,0.3244204321702732,0.30052681220544897,0.34894349451189777,0.3743731234018427,0.3098516855674346,0.06853690819171572,0.0919813251246494,0.3002889714355523,0.3402641309979771,0.09326985110511289,0.07535114661832906,0.35658748814080704,0.3436453457626323,0.3510023475588978,0.3650324796361432,0.3271903663035734,0.07285215895127663,0.36508013715589294,0.3245566273952627
syn_Ni_0004,0.36717128768719104,0.2911713936971912,0.3522569790610276,0.3494738696157511,0.3738607527300822,0.351126255134402,0.374810725871324,0.2744355272448299,0.2858920389567341,0.3346763035265684,0.3231127742098157,0.2999171262563194,0.2816558092789312,0.3796428018825736,0.33720361537840765,0.2986409956852082,0.33910813949406093,0.34643762065523953,0.2813956804181922,0.35857246942810816,0.36345317070118377,0.3552267936308008,0.3134398189059505,0.3493417109021763,0.3286949222765219,0.3314678030122123,0.3552178484998839,0.32987190083690837,0.3329597837409231,0.3529123309728776,0.28620684879704544,0.35015735816931226,0.2890757673471963,0.3121002548493831,0.3478084999026777,0.34147665712592373,0.3066807234292221,0.36349435721135426,0.3521513061672358,0.34997856385272547,0.2895691263612215,0.27373922925300503,0.06586304131295778,0.0,0.2829433114950436,0.3697042277830893,0.37183766254756506,0.06745417999458145,0.06797238945094695,0.07711932993443456,0.2837218827554281,0.05808468678498966,0.4038540712860035,0.3495578718574015,0.2790124314793456,0.29561128484231936,0.39826923745952375,0.2754573191339558,0.28871110431179986,0.36469153388655096,0.3614407683328171,0.31694960938450195,0.27643445405980416,0.34082836055521476,0.36624642278331376,0.3010929545150231,0.06480403952535774,0.08765540726947539,0.29769371788930626,0.3321335081340683,0.08265700249359999,0.06473008456761165,0.3474598150695376,0.33517098035437515,0.3442644831230898,0.35637713212371913,0.3323541936771684,0.06767618912771628,0.3573774193474266,0.3139856643622302
syn_Ni_0005,0.28162507483608806,0.3246700618239676,0.2592746922020493,0.32571053885550494,0.2661429427754654,0.2586804119354798,0.2542622909261733,0.2903188188287178,0.30871418529033473,0.3096719306505692,0.29152677825895895,0.31644809587016254,0.30739429060597656,0.27056032998916485,0.31011601093275637,0.32437053123978055,0.2509631452440501,0.32068057563335045,0.3161177168292311,0.27453130733339126,0.2620502048791075,0.3323317694087666,0.2832940341820602,0.2559035182289422,0.29685907261415123,0.3158605572396019,0.2605409250449596,0.3230642205288702,0.30512767106285077,0.269116001779125,0.31339976321193386,0.25698480395416956,0.30760064473008353,0.32520097697909284,0.2706514173783153,0.3088840202403143,0.3277406864532995,0.2728300637016546,0.26427330761925516,0.26373181060006107,0.07201215134550165,0.07177635881735098,0.30513134343446213,0.2829433114950436,0.0,0.2513694427796485,0.2912757685094267,0.2813812728163041,0.26637131263535907,0.25185784022885216,0.09917042736112791,0.26584033048337424,0.3316400709030751,0.21832072046362616,0.07114092992225018,0.11819195386880567,0.3130241918258228,0.08160367293021509,0.10995180105122394,0.2818728805271766,0.25637720208392223,0.1758661000221911,0.0576606570248504,0.22156717504831389,0.2519417488024887,0.1145501333841435,0.28957127804368443,0.29629460381282574,0.1357478647413461,0.18894232693979915,0.2612571703411895,0.302413458905104,0.21938141007692655,0.19778707282623212,0.2104199203589849,0.22721870633522862,0.19477107958338144,0.2963802073449781,0.23150547007867678,0.17262336199550735
syn_Ni_0006,0.32403634160174877,0.38509269380067757,0.33089811199419444,0.4230193178823693,0.37116234065692016,0.3449928677041636,0.35701359468132043,0.35705450044765186,0.36744547182664195,0.40102191869422016,0.3938127046281261,0.34932709180168864,0.3561425639897061,0.3804562329631022,0.4147043669187115,0.3994066532377895,0.33268399253520914,0.41908928870374834,0.3777575323433575,0.3431026918953271,0.3133081584966747,0.4311674838019641,0.3798609727107784,0.3522235543405126,0.4001494873223489,0.4071602304380963,0.3406817486504222,0.40595316196242803,0.40160917713896677,0.3275437063336948,0.3763279994428996,0.3347203969586702,0.37157991643649124,0.392052038072639,0.33019432793500403,0.40306409165041923,0.4046992309183382,0.32194737347488883,0.3444900475298859,0.33380649494437775,0.25055360604224813,0.23151086542910537,0.3766427519248448,0.3697042277830893,0.2513694427796485,0.0,0.3616468685066501,0.3690130849710814,0.35764232621818187,0.33673592832641036,0.25317632405780716,0.36086831435988675,0.4282062767444443,0.08185149660488444,0.25000622086377905,0.2833948856270009,0.28384389071267774,0.2741446590408216,0.25828071340972864,0.3611133272667212,0.061857534617425325,0.13229646176160145,0.25573852880393305,0.09182493506102324,0.0537795626921592,0.247792197809782,0.3554976549667561,0.34716516032464345,0.2794823371038797,0.11130755798318628,0.33029165365519253,0.3799298006999234,0.0872162422114704,0.10468208047969196,0.0843260024108962,0.06357057996305931,0.32661222436901627,0.3833792847196715,0.06683264583499157,0.1375602090860942
syn_Ni_0007,0.3497733626158759,0.39184563176301085,0.32778897154657,0.36023512767624577,0.20668281062331942,0.3205304620995952,0.2187782270236662,0.38866814799131194,0.3965092339479315,0.3551034635693674,0.36456012034349616,0.40843107500864095,0.3943289140400961,0.19560873126354386,0.36016628688839825,0.40637309207812716,0.3248787980258462,0.36203858413267465,0.3884124364183634,0.3320187490569461,0.33776677690030066,0.3699945986890425,0.3547969866100609,0.31694929594222765,0.37408025101698894,0.35249109404170725,0.32115199987633813,0.35667845354990146,0.36006190615203976,0.34340538990303854,0.39024458472060064,0.3289811431614746,0.3940821798293105,0.4121532145616031,0.3449477009215858,0.36243156867498877,0.4008496689679582,0.33527965526054515,0.34029372037289213,0.33327026410695304,0.30666335086077223,0.30267396264263075,0.36959888638731303,0.37183766254756506,0.2912757685094267,0.3616468685066501,0.0,0.38075602612098347,0.36645312145826037,0.36522981820145706,0.277954753148545,0.3646483685420839,0.12444684338482431,0.3258429448243925,0.3016169900200459,0.2820485060454249,0.23080074113325635,0.2863601052438917,0.2841553502283587,0.08198394983570645,0.35879404563808615,0.2928302005071488,0.305201871203224,0.3295417352373453,0.35974641483642866,0.28154368018038944,0.3779763816490025,0.38254939173100383,0.2943976022089567,0.30298702528334753,0.37918502924753256,0.38052446029336623,0.32456865570649146,0.3119219801201071,0.32504129849782476,0.33707882837056974,0.31098527041973956,0.375083418181624,0.3333020151234597,0.29271334891492556
syn_Ni_0008,0.37087729820748416,0.29512070615320607,0.3535439708324218,0.3390401079494308,0.37943117104672536,0.3571753926138356,0.37941111180058495,0.27491439796110606,0.2849794743266854,0.3250389245601955,0.3132769438661927,0.2990683553440965,0.2845151617652043,0.3884708839590158,0.3260578209402174,0.3014267586329898,0.34239741623467773,0.3445228509849854,0.28413083377607584,0.36240522091984356,0.3652146253659172,0.3473927066819237,0.3045940853977663,0.3555487432154306,0.3168145799402748,0.3286332709514079,0.3596208985363038,0.32839373054136795,0.323567982148818,0.35392863697221244,0.289202015664162,0.3543020426713713,0.29067071402144895,0.3190510719366576,0.349760039040443,0.3294720871849575,0.31103486869505614,0.3671386388330868,0.3559369074781515,0.34998431077474534,0.28905980814856047,0.2748433553008264,0.09350511907376248,0.06745417999458145,0.2813812728163041,0.3690130849710814,0.38075602612098347,0.0,0.0751024751285937,0.08675784044197497,0.2867752941729397,0.05581642065473035,0.41511097529612434,0.3482105274623989,0.2768409094399068,0.30001172697395556,0.3946451099436423,0.27571723313882424,0.29143033684478054,0.37129644078034035,0.35901288198058245,0.31779547022920623,0.2756283025143014,0.34087502291680577,0.36655935532067585,0.30318723676348663,0.08640655691854368,0.08951823362463293,0.3044442063001683,0.33269951839564044,0.07905532795173222,0.08320190371299309,0.34988714196248416,0.33440734746876283,0.34319019342757856,0.35665498273677826,0.3473385433995461,0.09606043940416946,0.35621392216990927,0.3153366694732236
syn_Ni_0009,0.3628429381167291,0.2892614863543463,0.34878040759872964,0.35446112529296936,0.3684097028205429,0.34628411653094543,0.3682386114992105,0.27532687340641937,0.285806303541893,0.33853991643666165,0.32903623656719366,0.30272056867274594,0.2797941359766651,0.3744334763320686,0.3425840960674883,0.2928095568766907,0.33496252585080044,0.34972024567235255,0.2806519063519266,0.3544701558787299,0.3597698781708537,0.35897116200974416,0.31551562614392636,0.3443247162668611,0.33061792299647397,0.3373578155627956,0.34910507522614204,0.33575078028491945,0.3386179303225316,0.3439393135811208,0.28354290862933446,0.34402181834526135,0.28969964974700047,0.31230684244669465,0.341784164546827,0.3467691709093462,0.3066595378100095,0.35793915162789497,0.3481828026437982,0.34365162086437395,0.27438711540981015,0.2585380135380983,0.08862793716905604,0.06797238945094695,0.26637131263535907,0.35764232621818187,0.36645312145826037,0.0751024751285937,0.0,0.07748086344351866,0.2657547150718528,0.0677306141532316,0.3961729357773147,0.33376115776625054,0.2603851434634327,0.282785154373095,0.39841774311162437,0.2571134429881875,0.27247025500329236,0.3588239781081864,0.35211068514535954,0.3057724480837056,0.26097605328820717,0.3284564068288882,0.35406241488159296,0.2858219751271226,0.08089434264988725,0.10584570713010619,0.28241670408905833,0.3183014417900142,0.08023465596855307,0.0984269097877899,0.33694236885202566,0.32330237097299996,0.3296658331560246,0.3445751142973053,0.32146207994458165,0.0743462282251692,0.34352490265815955,0.30192327087444254
syn_Ni_0010,0.33917272886361616,0.28715299446148174,0.3285763212782112,0.357891719513114,0.3516272724120332,0.32957855693164473,0.3495615233534297,0.26684231713268886,0.27368496586806373,0.33693290704593554,0.3256662200727586,0.28085657776509226,0.26502623449420576,0.3603686677722621,0.3423307316000694,0.29935979414520797,0.31662438907420276,0.3554338258122357,0.2809941575477627,0.33349998812944137,0.33540113839375546,0.3648861008447382,0.31415127323566433,0.3262630069702478,0.33172656673927026,0.34164454422730606,0.32977654096670184,0.3388445425464526,0.33094606671145027,0.3292827725261787,0.2815516152473191,0.33055099860978027,0.27873827669427986,0.3115086043175317,0.32378917580757194,0.3412297757560831,0.3067508783718881,0.33850007633385726,0.330923984103411,0.3270540704311566,0.2588168851283958,0.2433166957670895,0.09895479836060647,0.07711932993443456,0.25185784022885216,0.33673592832641036,0.36522981820145706,0.08675784044197497,0.07748086344351866,0.0,0.2660776476617715,0.07557414496268605,0.3948355663834529,0.31812067739195565,0.2463134110850486,0.2823613716065064,0.3769946238872593,0.25046934550268646,0.2733172945939445,0.3565293014892537,0.3314168335590309,0.2861077117778484,0.24726095862178704,0.3072104234101366,0.33569686721275716,0.28088408161944783,0.08027144882590707,0.10581547802004805,0.2827543693604881,0.29891219962804866,0.08643652202238793,0.10092392345246608,0.31517021465508865,0.302317684856752,0.3127687336548538,0.32485544205385947,0.32531898766645906,0.1032694247084714,0.3245985742338806,0.28233483072126875
syn_Ni_0011,0.32365961196806226,0.3082709092728915,0.2969501945139117,0.327686455069801,0.2849586449430916,0.2924336854957696,0.2858919536881635,0.2926699274812536,0.3121001504483209,0.3183676614578465,0.31340243827674735,0.326277884662926,0.3191403610133589,0.29454311727125637,0.3252610737369428,0.31073652973641597,0.2920089242291098,0.32019292798355004,0.30745698196052457,0.31381551333519575,0.3026564383653802,0.34097288377364476,0.29915253577946055,0.2923297792500948,0.3197776571653387,0.3091955326583994,0.29339608119614047,0.3138458195270388,0.3155480259341712,0.3073264670000286,0.30353237813545453,0.2967656963504125,0.3060529117293407,0.3087579225812327,0.3107299329387011,0.32197876891869087,0.3122191602948157,0.3104034056349479,0.30463467172820174,0.3010740656589809,0.1202889972139797,0.11152188971717565,0.2918852896240219,0.2837218827554281,0.09917042736112791,0.25317632405780716,0.277954753148545,0.2867752941729397,0.2657547150718528,0.2660776476617715,0.0,0.2663538340895133,0.3212121707684498,0.22110167735655428,0.13239877888235835,0.08944343589080316,0.3286982247188799,0.08975480417309142,0.0668958625813927,0.27787899647010444,0.25639635039114445,0.17874346999619337,0.11102703354389548,0.2195598004867664,0.25258846853270267,0.06413286066567354,0.28801747118128734,0.308019520916691,0.08076231812458186,0.19835177708098123,0.28620003630286694,0.3017294425960522,0.2218074620333257,0.196385449008541,0.20827112974285444,0.22660582971005722,0.15254897657179478,0.28602996905469635,0.23563045094469276,0.16982716478076837
syn_Ni_0012,0.3582291081796647,0.2845059221509412,0.3414911383572801,0.33930290008802205,0.3611413491405964,0.33831514155678943,0.3623557872660092,0.2671751460881953,0.28410795443383524,0.32577721105172763,0.31548338600761006,0.2980222634081687,0.2808860293707997,0.36654215557355924,0.3314257753714975,0.2912724913544991,0.3299665128418387,0.33525811484824275,0.2738900200250168,0.3485531958907777,0.35167596564202225,0.3455962711469707,0.30619606010592587,0.3382836193548961,0.32059825201701897,0.3221628209909862,0.3413113777267115,0.3200429278885622,0.32254403624395533,0.3447838331403033,0.2779006024830528,0.3406520920720867,0.28356316747896165,0.3057558103507516,0.33939714441095203,0.331549155492438,0.29791389819992187,0.3545981421282073,0.34272767601772697,0.3408919525880777,0.27488810033944344,0.26075310762038745,0.07974289571631481,0.05808468678498966,0.26584033048337424,0.36086831435988675,0.3646483685420839,0.05581642065473035,0.0677306141532316,0.07557414496268605,0.2663538340895133,0.0,0.3914487579570139,0.34261703574632596,0.26112936858270136,0.281342830762027,0.3944420999194886,0.2600585597464152,0.27219856143747445,0.3541686747155959,0.3556443532155547,0.30935143231259077,0.2625689790962967,0.33309268926919294,0.3598169825028608,0.2842839257247339,0.08272502315586706,0.08886907812911778,0.28614995935835047,0.32505852387965467,0.07903157178868835,0.07710574172666379,0.34008716483903007,0.3262505817733318,0.3365489679915908,0.34992255440067443,0.3281781654735842,0.07484576097804323,0.3510958009817332,0.305803412772498
syn_Ni_0013,0.36720137493006183,0.41385662028883946,0.3517645049551968,0.3761980320169653,0.21243740341434064,0.33696012600260855,0.2345543185222559,0.41703947238755495,0.42280012013645696,0.3864999237716676,0.3884310299393486,0.44196324967832784,0.4269256944872133,0.205962465132092,0.3825012980713057,0.4120340647875801,0.34735025207034553,0.37138941366756756,0.41021972570710274,0.35033009090290174,0.35827773115475386,0.38810631313607685,0.38492870923652805,0.3312852613800248,0.4051566767603427,0.3697141862068711,0.34137756447642287,0.3785757534724904,0.3826187125532836,0.3667506518153814,0.40936537106808224,0.3477731272901255,0.4176989496460781,0.4253300300312695,0.36676926271964516,0.39054873179096455,0.4082589407785735,0.3559759266040189,0.36137261198954435,0.3539851294074308,0.3567551427111106,0.3507654437797281,0.39672940266798173,0.4038540712860035,0.3316400709030751,0.4282062767444443,0.12444684338482431,0.41511097529612434,0.3961729357773147,0.3948355663834529,0.3212121707684498,0.3914487579570139,0.0,0.38304039705387904,0.3369891636507873,0.3171802653922938,0.281920440089271,0.3185757198005141,0.3201191670831805,0.10659756414096892,0.41770586544119104,0.3465981638175025,0.34577571242355104,0.3867670310758768,0.42344341633223864,0.3221576687142281,0.4107466450708331,0.43344592758087697,0.33171112429391214,0.3570868562899093,0.4171548660700202,0.4155342477629092,0.3812922297581882,0.3664681334664213,0.38078738413871804,0.39951444349077087,0.35739134779345566,0.3982811469797228,0.39294665271112195,0.344137241867102
syn_Ni_0014,0.31441245235060405,0.3694694123113852,0.304032691385468,0.39897770181807934,0.32772917185629685,0.31648096402110587,0.3111627129025708,0.34152188063111943,0.34980387571264804,0.37940475481274755,0.3686041949313318,0.33633921868701394,0.3380782888227132,0.3358154088362181,0.39038597838721456,0.3792049920663192,0.30249305317729974,0.39502836972214384,0.35971922715411675,0.31453427213963026,0.2973285644701226,0.4072029029495002,0.3542277225844494,0.3225604767796365,0.3729697700768892,0.38362558510410166,0.315161738767633,0.3839899036105015,0.37595247239181995,0.3045620083310975,0.35929059940717273,0.30707309246792047,0.3514533298688553,0.37573285957536334,0.30713474979644095,0.38243089159134536,0.3871923148116236,0.3015793039535483,0.3135069589781492,0.3068554674816913,0.22689937204088903,0.20702650527735508,0.3574254917970008,0.3495578718574015,0.21832072046362616,0.08185149660488444,0.3258429448243925,0.3482105274623989,0.33376115776625054,0.31812067739195565,0.22110167735655428,0.34261703574632596,0.38304039705387904,0.0,0.21319402077602692,0.2507648202829792,0.2899288287480292,0.23767725148629787,0.22421289927253402,0.3176513465368556,0.08110433807533761,0.09102096139417934,0.22945208886604207,0.06067132307256969,0.0787654792762513,0.21639419132689494,0.33549018604351066,0.3398712448812499,0.2466922496535589,0.06976142256722394,0.3089160178319128,0.36065405695711883,0.0488654278281967,0.06501385156502644,0.04338444571818235,0.056418134788687894,0.30104305295582995,0.36349847402112556,0.05733954367790298,0.09412646429881331
syn_Ni_0015,0.27368767264382005,0.3170908571802544,0.25606626227138846,0.3195322381528938,0.26998918234367764,0.25142587337456357,0.25500262646084504,0.27973024370851035,0.298150001711354,0.3076510307741738,0.2878567449392994,0.3081846621735211,0.29859368996705743,0.27235444871988784,0.30529110612060517,0.31990796646056385,0.24314363525855517,0.3124022600639931,0.30500287795870296,0.26673869770744746,0.2557215601003907,0.32809573606946174,0.27852526745031847,0.25175839833178765,0.29271019055338166,0.31060594560379157,0.2548247329147718,0.3198920740188712,0.30016353390384737,0.2667400167669022,0.302685323880304,0.2504233383295918,0.2988768164933762,0.3182916655545722,0.2621081495661602,0.3080619867115962,0.32244948512281596,0.26574815069371754,0.2561537058293524,0.2551674785115589,0.0988144439437445,0.07980523422826807,0.29862233434402136,0.2790124314793456,0.07114092992225018,0.25000622086377905,0.3016169900200459,0.2768409094399068,0.2603851434634327,0.2463134110850486,0.13239877888235835,0.26112936858270136,0.3369891636507873,0.21319402077602692,0.0,0.14984987162225044,0.3196662751609071,0.10219312343688486,0.1308467635870369,0.2918172005106739,0.24688925224103406,0.17068693078015532,0.07765721712623422,0.20728307783030053,0.24135036050882794,0.14353537070731753,0.28264589702724896,0.2931603688255653,0.16046460906946397,0.1885530146481485,0.25584792973515597,0.2982861772567772,0.21182141062128607,0.19278328692001254,0.2066993633335087,0.22278692295275773,0.20933934874395757,0.28982108043762556,0.2211103946867787,0.174611387899446
syn_Ni_0016,0.3359259153771751,0.3121070098813147,0.30468329220187473,0.3255438179444057,0.2836805728694318,0.2982667719081439,0.28470168582062094,0.30852510529775606,0.3289465498820717,0.3251994245331771,0.31826405767185295,0.34325763968654865,0.33683613465797085,0.2943416553779147,0.32751122873835203,0.3055248325139961,0.2993910362316848,0.3120805984649716,0.3250070800070012,0.32351867380231386,0.3123564124207879,0.3370313958394337,0.30704326330779325,0.3005271911127698,0.3264859319973481,0.3090026123565367,0.30221027607507106,0.31227073140368505,0.32134107851104565,0.3181535610302916,0.31869211955217774,0.3056523486601416,0.3255787895417077,0.30886624407219326,0.3196903355934484,0.3246986661446608,0.3043261346308214,0.32036623996828206,0.30969507158245124,0.31358645720063955,0.14447329927412975,0.12951253241164906,0.29478396786712574,0.29561128484231936,0.11819195386880567,0.2833948856270009,0.2820485060454249,0.30001172697395556,0.282785154373095,0.2823613716065064,0.08944343589080316,0.281342830762027,0.3171802653922938,0.2507648202829792,0.14984987162225044,0.0,0.34721173808889344,0.09278902236122738,0.08741321317546645,0.2795901769959796,0.2848083929737635,0.20107654130572972,0.13897920485088633,0.24813994167316888,0.28327485890614174,0.10538923442046018,0.3006472660444122,0.3229529988861582,0.08345010207483981,0.2186788958716493,0.30762854376699766,0.31231010926688785,0.24885888460666697,0.22292189298333442,0.24030666778792864,0.25834159588822325,0.12763365852080252,0.2801867510888692,0.26240269626073165,0.19670570898628353
syn_Ni_0017,0.2661896773549793,0.40443113833922595,0.2841495513595026,0.38459439376273524,0.2884707938347359,0.30082353464775985,0.26754431826562786,0.39090252008788556,0.39702600158861895,0.3646461101244855,0.3599736134277358,0.39117185754122685,0.38545781421689834,0.282363328159913,0.37389831811329066,0.41895146475617384,0.29107202850876607,0.3903636148935167,0.4040470480865221,0.2892214969469891,0.2685273106407747,0.3987839721308004,0.35075169322435285,0.3100669606585152,0.36796108299412184,0.37275084875019876,0.29905384753008746,0.37730806485458457,0.36840043547327844,0.27272144868273895,0.4017810893906291,0.29180167808720553,0.4027118149308369,0.4246319088337686,0.2798553107710166,0.36912455032212366,0.4187300596042078,0.2722814731869464,0.30539911446235235,0.2862074455189204,0.3036568259891183,0.3134924947815175,0.39754648263596887,0.39826923745952375,0.3130241918258228,0.28384389071267774,0.23080074113325635,0.3946451099436423,0.39841774311162437,0.3769946238872593,0.3286982247188799,0.3944420999194886,0.281920440089271,0.2899288287480292,0.3196662751609071,0.34721173808889344,0.0,0.3275696252810539,0.3381194814825241,0.24883297906607005,0.279197345966464,0.30007375953472587,0.3133020428129103,0.2964277272657514,0.2890788797557502,0.331376309552456,0.3897344697091419,0.39173238429228674,0.3504971576074705,0.30174582756409013,0.3806951576845283,0.4036258581820138,0.28512330232145267,0.2996463203493734,0.2927632437455202,0.2914347976264156,0.3746440915883856,0.41719651795904383,0.29414699611436435,0.30361645003016574
syn_Ni_0018,0.2926876986592549,0.3149810594959403,0.2717174910237775,0.30496856118162236,0.26848941177633323,0.2648173012045448,0.2699835044427819,0.2882371203376577,0.30895750090754126,0.2965911023743224,0.28439747726323944,0.32264240967303415,0.31526509119027574,0.2764743000729046,0.29512331493473654,0.31434948058253437,0.26211217417398897,0.30121803122326474,0.3140133408869079,0.2835468763873982,0.27572032915575717,0.313655354847485,0.27412762448544253,0.26498951824509137,0.2932082328289397,0.295320994000055,0.26722813560323444,0.30449571210881105,0.2934632471009244,0.28016719261371587,0.3100812575843622,0.2665153167773538,0.3031988217954071,0.31488210233624975,0.2822146003504517,0.2944053026855907,0.313940300423689,0.2831707391395511,0.2753828892913181,0.27309176985975864,0.10343568478418119,0.09099840320687248,0.2880265319756394,0.2754573191339558,0.08160367293021509,0.2741446590408216,0.2863601052438917,0.27571723313882424,0.2571134429881875,0.25046934550268646,0.08975480417309142,0.2600585597464152,0.3185757198005141,0.23767725148629787,0.10219312343688486,0.09278902236122738,0.3275696252810539,0.0,0.09204423308800484,0.27817174238000614,0.2784863049375677,0.19791658331834971,0.09306306097763138,0.2415686233762019,0.2732624601838288,0.10725673421272497,0.27791454646005387,0.2993130632868034,0.10143922978560065,0.21279608783008763,0.2738868768101049,0.2912180710216095,0.24026350572343014,0.22120616900386247,0.2293894289308846,0.2486785752255778,0.16097806848259133,0.277364153890541,0.25471581806132604,0.1925843926686922
syn_Ni_0019,0.32282031290777696,0.306659213010068,0.29581126898375804,0.3244455942492551,0.284499451535919,0.2917247749711418,0.2861379785871054,0.3026167050214888,0.31999149810903416,0.31925803988895585,0.31123875473732443,0.33451056817526487,0.3292124617554763,0.2952083125031684,0.3251928413283993,0.3039735528369974,0.2894863240606827,0.3121307871888399,0.31473228793440855,0.3128188910202763,0.3020555288423318,0.33515955385412793,0.3024860265261629,0.29153439656756236,0.32197704252056397,0.30024678693311646,0.2921799470629648,0.303293243670903,0.3163165996588648,0.3103667912898731,0.3092949366705977,0.2953914339531588,0.31694560825895896,0.30476379825711375,0.3085150143308327,0.3217036674027152,0.3054105855119806,0.3093939721902014,0.3035142787855395,0.3007983761462434,0.13627597330674884,0.11131784385744149,0.291219654409734,0.28871110431179986,0.10995180105122394,0.25828071340972864,0.2841553502283587,0.29143033684478054,0.27247025500329236,0.2733172945939445,0.0668958625813927,0.27219856143747445,0.3201191670831805,0.22421289927253402,0.1308467635870369,0.08741321317546645,0.3381194814825241,0.09204423308800484,0.0,0.28327612181105255,0.2605363406143809,0.18240310730384096,0.11856180669825675,0.2274571851012966,0.2565286579033359,0.08661174935893333,0.29735219500323334,0.31219432343565395,0.06450266573972563,0.19944030272807864,0.293505240319486,0.3077739353785033,0.22598196080630864,0.20417249709902643,0.21352574240713487,0.23113281838304725,0.13748586393474596,0.2773821649273512,0.23848526754357927,0.1788810971351893
syn_Ni_0020,0.34270371407822825,0.39256187108701096,0.31864365439220255,0.3514854387437515,0.19655211200156844,0.30801328867568045,0.21256466954454942,0.3859830247814457,0.391759601467941,0.3513576760465606,0.35575559317410466,0.40858730418015615,0.39162156529555203,0.1903897536235615,0.3486702438963106,0.4015835062149709,0.3167788971710152,0.3502465160810313,0.3853366128449133,0.32186305364598355,0.3229899784862785,0.3627417028608051,0.3484419167876999,0.305262433595462,0.3674680335955006,0.34451470953508073,0.3110776251590943,0.3502481189308508,0.3492291520120122,0.33512206601273037,0.3866761968800588,0.31811126545604507,0.38934431785060347,0.4087228344359541,0.3384247990491409,0.3579651320669313,0.3970782800312176,0.32279785871311073,0.3307809373831774,0.325040073896955,0.3036991501348646,0.29846343881190235,0.36500881068845126,0.36469153388655096,0.2818728805271766,0.3611133272667212,0.08198394983570645,0.37129644078034035,0.3588239781081864,0.3565293014892537,0.27787899647010444,0.3541686747155959,0.10659756414096892,0.3176513465368556,0.2918172005106739,0.2795901769959796,0.24883297906607005,0.27817174238000614,0.28327612181105255,0.0,0.3480037555339957,0.283759235416781,0.29941977007917814,0.3202134481534686,0.3562328865934946,0.2709354060857903,0.3659778580278104,0.3906273020011572,0.2957664415240358,0.2951020713533988,0.37264636643347815,0.3741227722384713,0.3164320521563509,0.3032933179875243,0.31558900019615704,0.3349151238409466,0.3183927529560966,0.3682754487036564,0.32831560689783823,0.2789916285787044
syn_Ni_0021,0.3066845432241007,0.37294854282707574,0.3154721858478038,0.40923762975997235,0.36457976038144974,0.3349488505884809,0.3445945426560962,0.34388085400043034,0.3517350056588065,0.38987198808209367,0.3800700214582359,0.33797309969603817,0.34510083035573075,0.37329222941832213,0.4019404402490236,0.3850635710349338,0.3177373816750485,0.4082435916000893,0.3625612684656516,0.3293992420917193,0.29953191407077073,0.4176294816966513,0.36848113038767466,0.3397546379181418,0.38779567625626626,0.39460403919505654,0.3295505335276188,0.3938995423768743,0.3880924250363861,0.31659819667612726,0.363339091656788,0.32299169004566386,0.3551567642147534,0.37809397343969786,0.3157411157544456,0.39570861596526274,0.38984161314180976,0.30974429275900667,0.32993088024835876,0.3221423665612619,0.254411103077577,0.23457177497227139,0.36919930972820897,0.3614407683328171,0.25637720208392223,0.061857534617425325,0.35879404563808615,0.35901288198058245,0.35211068514535954,0.3314168335590309,0.25639635039114445,0.3556443532155547,0.41770586544119104,0.08110433807533761,0.24688925224103406,0.2848083929737635,0.279197345966464,0.2784863049375677,0.2605363406143809,0.3480037555339957,0.0,0.12235414834717122,0.2596527731008847,0.08450351106520758,0.06478236282507639,0.2484827003430439,0.34791167180562466,0.35270636064592176,0.28410237159089685,0.10652968216605749,0.32557108437864474,0.37270873624327294,0.08181390581643717,0.09388953638040066,0.07686363817243513,0.06314565842232203,0.3353469282952309,0.3799952852776551,0.06572645873972242,0.13217424678242248
syn_Ni_0022,0.3095996613118112,0.3254079638814013,0.29527114744638444,0.36697996884261136,0.2894481070514046,0.2955825343177882,0.2810981655197086,0.29881279370569264,0.305670052521606,0.34765852809837766,0.3353524372246181,0.29475948523084616,0.30099368260301407,0.29989461553208463,0.35696291036574235,0.34097804367741774,0.2842268130698085,0.36186193867120897,0.31682711689748716,0.3057985723852299,0.2907193309767732,0.3735148660436265,0.3214481025712191,0.29417046735084923,0.3437995809353118,0.3488004137361753,0.29822820407149975,0.35160258292309565,0.3437102163820667,0.29842810681050436,0.3152092050859193,0.2964353250995156,0.3086325656558318,0.332605335779106,0.30516872558849667,0.3516100754996072,0.34310660755863487,0.29757152256633435,0.3015884718861246,0.2986400615197234,0.2037919269225021,0.17464307395280565,0.3244204321702732,0.31694960938450195,0.1758661000221911,0.13229646176160145,0.2928302005071488,0.31779547022920623,0.3057724480837056,0.2861077117778484,0.17874346999619337,0.30935143231259077,0.3465981638175025,0.09102096139417934,0.17068693078015532,0.20107654130572972,0.30007375953472587,0.19791658331834971,0.18240310730384096,0.283759235416781,0.12235414834717122,0.0,0.19570102906635528,0.0836920329905991,0.12758144150550485,0.1721939210209102,0.30813086117855437,0.31557923102413277,0.21011744171701055,0.05891432358731001,0.2844502474248472,0.3323098898419935,0.0886027934540523,0.07282078105110419,0.08585502429287117,0.10289175319683086,0.24492629767921004,0.33329625098777865,0.1083495952398027,0.05529226756843715
syn_Ni_0023,0.27763107507492696,0.32313722893172675,0.25224155826046546,0.32226892080796177,0.27471162125832455,0.2525606034451173,0.26278481600085224,0.2866234247165712,0.30489765039540556,0.3018290941058053,0.287398813809004,0.3140142755003375,0.30417315106502374,0.2762579812501288,0.3057021522065318,0.3237476513655639,0.24642980772183315,0.31552384819388285,0.3163440408921552,0.2670364499810499,0.2567322627349006,0.3277601990822017,0.27500599147355104,0.25013767910193224,0.2892748306353694,0.30870082817631805,0.25461044977015623,0.3185651699190138,0.29811385780192423,0.2638514517889074,0.31191666977088595,0.24935901611808226,0.3068149096169401,0.3250261750834501,0.26288184442190676,0.30635140130870153,0.3269693522778321,0.2659141048128906,0.25935415318226457,0.25623497356262703,0.0724883688520985,0.06411622916490523,0.30052681220544897,0.27643445405980416,0.0576606570248504,0.25573852880393305,0.305201871203224,0.2756283025143014,0.26097605328820717,0.24726095862178704,0.11102703354389548,0.2625689790962967,0.34577571242355104,0.22945208886604207,0.07765721712623422,0.13897920485088633,0.3133020428129103,0.09306306097763138,0.11856180669825675,0.29941977007917814,0.2596527731008847,0.19570102906635528,0.0,0.22632432099722527,0.256166256629618,0.11972003162214837,0.2836650293369597,0.2914974932526198,0.14335286210968792,0.20770852329373615,0.2574363934309613,0.2959424675255022,0.2282823727589729,0.21335216980617083,0.22142085225579555,0.23610328796805535,0.20254473085626276,0.2926143783920478,0.24408948680048154,0.1888779400845283
syn_Ni_0024,0.3189159108318597,0.3487680430077932,0.3059085169758307,0.3926938321432856,0.33144995142309713,0.3107941752782521,0.31517915399092883,0.322125537346769,0.32976123794668566,0.3744032999646419,0.36063351639021896,0.31756963185552267,0.3237739702432304,0.34247766452243217,0.38199467168182427,0.36546460508569284,0.29612577462956285,0.38628286381881083,0.34063659577809774,0.3137096180364847,0.2985205337194087,0.39913990876635846,0.34766272855401414,0.3166674452337254,0.36779671866248476,0.37206218448311,0.31210030450770965,0.37606774488350225,0.36698434804388125,0.30889878496238593,0.3406579932311367,0.3049674761807425,0.33489911126421285,0.35755131406696905,0.3135569658961991,0.37569481667549276,0.37028108346300853,0.30468738753288666,0.3104231836012013,0.3101604679049879,0.2240814378409069,0.20507107125339472,0.34894349451189777,0.34082836055521476,0.22156717504831389,0.09182493506102324,0.3295417352373453,0.34087502291680577,0.3284564068288882,0.3072104234101366,0.2195598004867664,0.33309268926919294,0.3867670310758768,0.06067132307256969,0.20728307783030053,0.24813994167316888,0.2964277272657514,0.2415686233762019,0.2274571851012966,0.3202134481534686,0.08450351106520758,0.0836920329905991,0.22632432099722527,0.0,0.08469605144877547,0.21320919237505404,0.32666560493818775,0.3320605615886874,0.24703957699362558,0.07310927223915341,0.30306727416096524,0.3528446167896266,0.05389990731089992,0.06365038857861992,0.054042562888877876,0.06545808822180957,0.2951564938936149,0.3549410516463457,0.0711341398320803,0.0914002226564823
syn_Ni_0025,0.3224625228440395,0.37995687725675586,0.3292150530623377,0.41690702757825193,0.3696039366027095,0.34222486139956576,0.35252880567822426,0.35087307853021865,0.35886859366784785,0.39523278337354345,0.38537386427234943,0.3459527201844717,0.35075119677413125,0.3781587254523883,0.40863608446999866,0.39334388608123544,0.3284230237905147,0.41356017158877334,0.3695137058575446,0.3409975265565192,0.30991497747822333,0.4238752575796476,0.37432064647060925,0.3480936796698965,0.39140039127898085,0.40148076540389155,0.34047738152932766,0.39861277078082974,0.39518243032935135,0.3223485039451743,0.37055025038321376,0.330234692037184,0.3636215585055543,0.3849248174027586,0.3245215845651665,0.39875367093172015,0.3990965558886595,0.3155316065012194,0.3366825663325689,0.3316462448386367,0.24991044161006404,0.2295693628471208,0.3743731234018427,0.36624642278331376,0.2519417488024887,0.0537795626921592,0.35974641483642866,0.36655935532067585,0.35406241488159296,0.33569686721275716,0.25258846853270267,0.3598169825028608,0.42344341633223864,0.0787654792762513,0.24135036050882794,0.28327485890614174,0.2890788797557502,0.2732624601838288,0.2565286579033359,0.3562328865934946,0.06478236282507639,0.12758144150550485,0.256166256629618,0.08469605144877547,0.0,0.24875107988513503,0.35227420268601234,0.34915558790081713,0.27854144838935474,0.11514028616942584,0.3257928923271979,0.3773484810204079,0.07843441072060006,0.10075760183676988,0.07471470206159833,0.059234192557398355,0.32972873520525314,0.3803670596772587,0.05411097939637317,0.13691058141790083
syn_Ni_0026,0.3175734749316258,0.30124514179926376,0.29414266372932546,0.32002164313563336,0.28200259374025893,0.2881563875672051,0.28278071272670474,0.28119569767626107,0.3021852084679564,0.3102182245448048,0.3038442231912252,0.31519760839737504,0.30828791093410285,0.28932909972054593,0.32009383497134475,0.3053401365111213,0.2847204973025343,0.31752350590973283,0.2983577115992532,0.30912682823804577,0.2968395677328285,0.3320661273792696,0.29429031756311635,0.28715858916959514,0.3127081524868853,0.3047107705593953,0.2890103089330166,0.31195726966587534,0.30685822250075484,0.30572188887883056,0.29692063185024536,0.29078890014706543,0.29637663065476433,0.3045474898019283,0.3064308986701769,0.3154609575446486,0.3042849160725992,0.3055611128576384,0.30049818685700397,0.29855695339046184,0.13123275680717753,0.12333233534938456,0.3098516855674346,0.3010929545150231,0.1145501333841435,0.247792197809782,0.28154368018038944,0.30318723676348663,0.2858219751271226,0.28088408161944783,0.06413286066567354,0.2842839257247339,0.3221576687142281,0.21639419132689494,0.14353537070731753,0.10538923442046018,0.331376309552456,0.10725673421272497,0.08661174935893333,0.2709354060857903,0.2484827003430439,0.1721939210209102,0.11972003162214837,0.21320919237505404,0.24875107988513503,0.0,0.3035525118574107,0.32405226589501235,0.10105548844662066,0.19106490043133395,0.30281939371695116,0.31576615420937104,0.21390361276199543,0.19004074053077177,0.20594688238641287,0.2246430676604215,0.15772068216193294,0.30613262844746364,0.22880597563595548,0.15903853770262583
syn_Ni_0027,0.3638694433126061,0.31000097097899604,0.35186424956387025,0.36409882650172126,0.37132027894104336,0.35152952021447587,0.36991836280954443,0.2882951293501888,0.29668711380139545,0.3415749916107457,0.3299637095002203,0.299494479780803,0.28672834746704934,0.3770975553216529,0.345721739228778,0.3188385166638864,0.33788836120656557,0.36353542629770985,0.3015632254288269,0.3560293978847041,0.35875449505513435,0.36966569084626927,0.3185035273863393,0.34719060678414637,0.3349831547132354,0.34857011833142537,0.353003438863456,0.3465711411025269,0.3386437227543159,0.35115799645297224,0.30654583449754985,0.3491256633734049,0.30216499701065613,0.3342260396731049,0.3442455764145587,0.34819140281665,0.3252435172066871,0.3605972175828738,0.3538034224660257,0.3468588643155702,0.29162554644683847,0.2770989083563459,0.06853690819171572,0.06480403952535774,0.28957127804368443,0.3554976549667561,0.3779763816490025,0.08640655691854368,0.08089434264988725,0.08027144882590707,0.28801747118128734,0.08272502315586706,0.4107466450708331,0.33549018604351066,0.28264589702724896,0.3006472660444122,0.3897344697091419,0.27791454646005387,0.29735219500323334,0.3659778580278104,0.34791167180562466,0.30813086117855437,0.2836650293369597,0.32666560493818775,0.35227420268601234,0.3035525118574107,0.0,0.09053367883741882,0.3032831616747966,0.3202768190721674,0.07297113414500324,0.08362803237262738,0.3355378444670313,0.3222013350351953,0.32917874975925754,0.34365471860076696,0.3439054373221557,0.08710108035615674,0.34408351518660996,0.3043531048974011
syn_Ni_0028,0.3724632889601916,0.31584612528129163,0.36206395777142014,0.37206611496629777,0.3893386103644666,0.3659972610959751,0.3892797051248499,0.30019115480385905,0.3063765372568193,0.34300746880579863,0.3359656286868522,0.3019326102370241,0.2981099373712088,0.39591369301315726,0.35197715793383366,0.32844680666867915,0.35257394079937915,0.3696201257938874,0.3135284828263463,0.3696313330626685,0.3700062577181878,0.37626281598861766,0.32589438509521496,0.362930068551322,0.3409358281747213,0.3558327611574674,0.3683001744943051,0.35188034971160514,0.34541371705232976,0.3600365275812816,0.3166376142173483,0.3618804579280691,0.3149416024637809,0.3447992934543952,0.35738711081037744,0.3505779660910048,0.335511391563456,0.3687084469174841,0.36515939749059867,0.3581912830697276,0.3020044704204021,0.2887228027381665,0.0919813251246494,0.08765540726947539,0.29629460381282574,0.34716516032464345,0.38254939173100383,0.08951823362463293,0.10584570713010619,0.10581547802004805,0.308019520916691,0.08886907812911778,0.43344592758087697,0.3398712448812499,0.2931603688255653,0.3229529988861582,0.39173238429228674,0.2993130632868034,0.31219432343565395,0.3906273020011572,0.35270636064592176,0.31557923102413277,0.2914974932526198,0.3320605615886874,0.34915558790081713,0.32405226589501235,0.09053367883741882,0.0,0.3293102432057824,0.32676185687066217,0.07564637252448236,0.06901883776244677,0.33906821275166993,0.3264962230264385,0.3356579975991277,0.3424421096940705,0.35826758672566106,0.10393876228954052,0.34328998391779053,0.3185363876330921
syn_Ni_0029,0.3389369132289276,0.3130281405574307,0.3087127531912482,0.33329317490373905,0.3004169644584506,0.30614204370685144,0.3026826550504248,0.3167432910831481,0.3359895448303902,0.3328913272473692,0.32511556596481356,0.35036390850666554,0.3438285695929634,0.3098314139739194,0.33602808881474205,0.3031236294881148,0.3066865302786546,0.32301181294328163,0.3286998463177634,0.3309903399307316,0.32011895830293885,0.343684475806105,0.3147452203138041,0.3079037680379716,0.33424627664720336,0.31419646789346284,0.3106861210647043,0.31283222308037023,0.3295616244329109,0.3255850285722032,0.32602971127868063,0.31307480684725464,0.331876000115445,0.3038711899887389,0.3263756192922592,0.33277929417196206,0.303253257815646,0.326113937833837,0.31703101180254106,0.31846837999957295,0.15739724326556437,0.13249488876473203,0.3002889714355523,0.29769371788930626,0.1357478647413461,0.2794823371038797,0.2943976022089567,0.3044442063001683,0.28241670408905833,0.2827543693604881,0.08076231812458186,0.28614995935835047,0.33171112429391214,0.2466922496535589,0.16046460906946397,0.08345010207483981,0.3504971576074705,0.10143922978560065,0.06450266573972563,0.2957664415240358,0.28410237159089685,0.21011744171701055,0.14335286210968792,0.24703957699362558,0.27854144838935474,0.10105548844662066,0.3032831616747966,0.3293102432057824,0.0,0.2240071104677404,0.30767436012531546,0.3194716676182312,0.24510827330377627,0.22597348421804883,0.23614847640346234,0.25174380254655654,0.11614197415298348,0.27579357175861724,0.26030741884218694,0.2031586095353827
syn_Ni_0030,0.3136129163907695,0.3452757544384384,0.29885217946953724,0.38441336051276753,0.30018601199834555,0.30079658071063337,0.2844201616280617,0.31944007879631425,0.3265192973146373,0.36587540824973597,0.35333670996493877,0.3125900722740379,0.31900368308606836,0.31084521545208277,0.3755009779648163,0.35975652056661495,0.29024175376823236,0.3808367872040413,0.33601354405208705,0.31448928546897315,0.2986194720177341,0.39248537346512496,0.3381811197760701,0.30419354877232346,0.36069704650069023,0.36890730765872404,0.303500559114553,0.36876282305448665,0.3600060826579935,0.30730271549958,0.33662506759654875,0.3031322898140663,0.3297588977650896,0.35160415192719907,0.30957190039226823,0.36805406862274886,0.36269534291065525,0.3039476435229721,0.3101747103525476,0.3060172117363925,0.2149895922681094,0.1869016897649312,0.3402641309979771,0.3321335081340683,0.18894232693979915,0.11130755798318628,0.30298702528334753,0.33269951839564044,0.3183014417900142,0.29891219962804866,0.19835177708098123,0.32505852387965467,0.3570868562899093,0.06976142256722394,0.1885530146481485,0.2186788958716493,0.30174582756409013,0.21279608783008763,0.19944030272807864,0.2951020713533988,0.10652968216605749,0.05891432358731001,0.20770852329373615,0.07310927223915341,0.11514028616942584,0.19106490043133395,0.3202768190721674,0.32676185687066217,0.2240071104677404,0.0,0.2953768717484129,0.3439266197519028,0.07066613808662595,0.05740602148917823,0.06832744920141004,0.07988931201430556,0.2638469319231036,0.34697256096439455,0.08690718071659043,0.06893749903324073
syn_Ni_0031,0.34539351177656974,0.31133023251147074,0.33459466761151363,0.37056157201817946,0.3673190139169281,0.3381414854879113,0.3613447264198031,0.29160036951853147,0.30131023450386574,0.3445354835591091,0.33183517914181443,0.2930119999485571,0.2841032097670193,0.3695816544849573,0.3510858994954732,0.31787159563795214,0.32398173063514285,0.3692857603287804,0.30446493108507905,0.34398238298487493,0.3408966753274601,0.3748018191591444,0.31753138154410854,0.3350959134513303,0.3330999740051345,0.3553261797112863,0.340313308583085,0.35272674781671226,0.34422329105619126,0.33170210499888636,0.3094196254279669,0.33501683177410957,0.30669936812950266,0.3387652169508052,0.32899235958857903,0.35323773807674974,0.3282780912387443,0.3405364861777925,0.3395759287358915,0.3314694401979156,0.26889920726957667,0.253879441481711,0.09326985110511289,0.08265700249359999,0.2612571703411895,0.33029165365519253,0.37918502924753256,0.07905532795173222,0.08023465596855307,0.08643652202238793,0.28620003630286694,0.07903157178868835,0.4171548660700202,0.3089160178319128,0.25584792973515597,0.30762854376699766,0.3806951576845283,0.2738868768101049,0.293505240319486,0.37264636643347815,0.32557108437864474,0.2844502474248472,0.2574363934309613,0.30306727416096524,0.3257928923271979,0.30281939371695116,0.07297113414500324,0.07564637252448236,0.30767436012531546,0.2953768717484129,0.0,0.10085782025938508,0.31080088264197864,0.2989045836989118,0.30480645348842933,0.3198419669149898,0.35463777530540697,0.10087422488815796,0.31845248370596313,0.2836285980761299
syn_Ni_0032,0.38392730573080697,0.30480047401925037,0.3663006787504569,0.3537186310440073,0.3837375688067829,0.3620626468317138,0.3826370410035478,0.29344130661464995,0.3028069694356844,0.3381873424470243,0.33143018793400963,0.30850794160545775,0.2976553059670772,0.3901902936371709,0.34497782975697794,0.31646334307889445,0.35344498416624376,0.354186918497907,0.29912249813702557,0.36763812868940005,0.37653028404966454,0.3611773880192133,0.32449312597581076,0.35976085669805286,0.3381441363394837,0.3374087118771182,0.36404234100390226,0.33596704814129363,0.337321769011286,0.36662998422419396,0.300845272089312,0.3604803142774676,0.30358599389106694,0.33277424262209043,0.3626262191339897,0.3464589576380257,0.3200978363025311,0.3774038251005645,0.36769174306912417,0.3627731806930687,0.30522077339945286,0.29150918113967694,0.07535114661832906,0.06473008456761165,0.302413458905104,0.3799298006999234,0.38052446029336623,0.08320190371299309,0.0984269097877899,0.10092392345246608,0.3017294425960522,0.07710574172666379,0.4155342477629092,0.36065405695711883,0.2982861772567772,0.31231010926688785,0.4036258581820138,0.2912180710216095,0.3077739353785033,0.3741227722384713,0.37270873624327294,0.3323098898419935,0.2959424675255022,0.3528446167896266,0.3773484810204079,0.31576615420937104,0.08362803237262738,0.06901883776244677,0.3194716676182312,0.3439266197519028,0.10085782025938508,0.0,0.36016539933006464,0.34772668183601935,0.3551459777494141,0.3670337208578936,0.3507870172547849,0.09035263414125226,0.3671307515866684,0.3295471223246737
syn_Ni_0033,0.31094375758421544,0.36130536908164324,0.29823926632267717,0.3943694745268179,0.3289236029229037,0.3125600808917626,0.31168538748536545,0.3365791607127568,0.3425340526726535,0.37649775347494213,0.36398358117463475,0.32997031965208656,0.33341452340575173,0.33746213400697084,0.3871130700979255,0.37776708112592017,0.29976735389708026,0.3922350684235371,0.3508048138224,0.311899299600541,0.29546772323786724,0.4028717909758482,0.3543878449990799,0.320320155295271,0.37301080627482247,0.3812090077587311,0.3143153235699979,0.378836625266205,0.373478265323271,0.30259283690689376,0.3529163447431286,0.30355137633441914,0.34677949549328846,0.36917246731952635,0.3052295803470921,0.3817330245983337,0.38169309266397317,0.3008750720269364,0.31258588731200265,0.30299118398331387,0.22216151825263764,0.2039966440656378,0.35658748814080704,0.3474598150695376,0.21938141007692655,0.0872162422114704,0.32456865570649146,0.34988714196248416,0.33694236885202566,0.31517021465508865,0.2218074620333257,0.34008716483903007,0.3812922297581882,0.0488654278281967,0.21182141062128607,0.24885888460666697,0.28512330232145267,0.24026350572343014,0.22598196080630864,0.3164320521563509,0.08181390581643717,0.0886027934540523,0.2282823727589729,0.05389990731089992,0.07843441072060006,0.21390361276199543,0.3355378444670313,0.33906821275166993,0.24510827330377627,0.07066613808662595,0.31080088264197864,0.36016539933006464,0.0,0.05938860842332135,0.04533247588267069,0.05396351053332947,0.29469881181830776,0.3618726254924482,0.06160108621948722,0.09699610727200156
syn_Ni_0034,0.3171494024937356,0.34040963590253315,0.2997026834986031,0.38418624189529177,0.31301326794889694,0.30772868364709244,0.29603564779311314,0.3164640480165475,0.3251709919168722,0.36628984880091603,0.3565932982679914,0.3119380287238168,0.3180469391843921,0.3245461121015685,0.37668937175417216,0.3604387172250025,0.29602507288054014,0.38178502813480153,0.3313406528583462,0.31738942182262203,0.3015039256825022,0.39335142661880074,0.34220663271766716,0.31487496216191974,0.3628153347623884,0.370612081890795,0.30693861067151906,0.3703198152192649,0.363682229209479,0.31078136534629014,0.33301558912908213,0.30523753792204567,0.32866149618278623,0.3489116702282941,0.3110014418832493,0.37179229980794354,0.3610933423718528,0.30555069879609514,0.3122583639029195,0.30807834310334437,0.21009196026334992,0.18848107139530434,0.3436453457626323,0.33517098035437515,0.19778707282623212,0.10468208047969196,0.3119219801201071,0.33440734746876283,0.32330237097299996,0.302317684856752,0.196385449008541,0.3262505817733318,0.3664681334664213,0.06501385156502644,0.19278328692001254,0.22292189298333442,0.2996463203493734,0.22120616900386247,0.20417249709902643,0.3032933179875243,0.09388953638040066,0.07282078105110419,0.21335216980617083,0.06365038857861992,0.10075760183676988,0.19004074053077177,0.3222013350351953,0.3264962230264385,0.22597348421804883,0.05740602148917823,0.2989045836989118,0.34772668183601935,0.05938860842332135,0.0,0.056283823766813776,0.07356695669258548,0.27242130110039914,0.34760566951810085,0.07855909103246464,0.07372070489757039
syn_Ni_0035,0.31479494382913026,0.3554478374067019,0.3021303744490795,0.395235684811647,0.3291555057424546,0.3170954151784754,0.3115493539361188,0.3290453091091153,0.3356117061815152,0.3754024258225766,0.36683687253715014,0.32233391780157855,0.32749728690089436,0.33916837400490657,0.387206642075834,0.3696994828725485,0.30509773840293575,0.39160495281574964,0.3461758791910235,0.31665429950442586,0.30014126549665304,0.40308859640518363,0.35220519310444676,0.32139951012124185,0.3716775934082137,0.3802158092631448,0.31505653649900633,0.381522724107975,0.37284874572563914,0.309348053987137,0.3469428785052815,0.3060680924578587,0.34035775770537485,0.3622552788669525,0.3102127933453675,0.3826556334603129,0.37415713107607246,0.30479389667927287,0.3141695475761219,0.30907299706498875,0.21733301979257552,0.19758497510766324,0.3510023475588978,0.3442644831230898,0.2104199203589849,0.0843260024108962,0.32504129849782476,0.34319019342757856,0.3296658331560246,0.3127687336548538,0.20827112974285444,0.3365489679915908,0.38078738413871804,0.04338444571818235,0.2066993633335087,0.24030666778792864,0.2927632437455202,0.2293894289308846,0.21352574240713487,0.31558900019615704,0.07686363817243513,0.08585502429287117,0.22142085225579555,0.054042562888877876,0.07471470206159833,0.20594688238641287,0.32917874975925754,0.3356579975991277,0.23614847640346234,0.06832744920141004,0.30480645348842933,0.3551459777494141,0.04533247588267069,0.056283823766813776,0.0,0.05129238436311664,0.29010120465589756,0.3571788194531595,0.06008507639002051,0.09148682043569324
syn_Ni_0036,0.31956999659879487,0.36999064541867427,0.3126055954573755,0.40695200560105793,0.34464522031259864,0.3278253403033483,0.32745648906771535,0.34333065145624425,0.35092609594411406,0.3861095090228988,0.3788609747676192,0.3385145036258823,0.3426061624806849,0.35394967629420054,0.39955665621618575,0.38501544648072467,0.3159457484403297,0.40540361778931283,0.36001493146037894,0.3262465468487423,0.3054383866636007,0.417357703369215,0.3666229897379553,0.3352197695131434,0.38546444450429357,0.39352569395778714,0.3258327914397098,0.39128150976285264,0.3874581506062746,0.31425292544825845,0.3605873579009426,0.3180247430437579,0.35455964573443705,0.37642351866788315,0.3144672984666497,0.3932795255023637,0.3888878298403016,0.3106072850292006,0.32790588058963605,0.31850272447897715,0.23522860534516968,0.2146557796502856,0.3650324796361432,0.35637713212371913,0.22721870633522862,0.06357057996305931,0.33707882837056974,0.35665498273677826,0.3445751142973053,0.32485544205385947,0.22660582971005722,0.34992255440067443,0.39951444349077087,0.056418134788687894,0.22278692295275773,0.25834159588822325,0.2914347976264156,0.2486785752255778,0.23113281838304725,0.3349151238409466,0.06314565842232203,0.10289175319683086,0.23610328796805535,0.06545808822180957,0.059234192557398355,0.2246430676604215,0.34365471860076696,0.3424421096940705,0.25174380254655654,0.07988931201430556,0.3198419669149898,0.3670337208578936,0.05396351053332947,0.07356695669258548,0.05129238436311664,0.0,0.3028235630647424,0.3713659092313504,0.046672001379722106,0.11001103547908023
syn_Ni_0037,0.3888790426441222,0.3376873307130863,0.35688353785663457,0.3750893027557655,0.33308651185941907,0.35251681764807896,0.3359867296333456,0.3551166363670739,0.3702592155728349,0.37299691797805623,0.37279367093037635,0.3754749914982059,0.3746699174167798,0.340281290249501,0.38064734307899967,0.3399117992754502,0.35375268998843695,0.3583185964954864,0.3612140087582643,0.37304001532807796,0.36794287004623183,0.3879832358299412,0.36452008812970427,0.35279532578221223,0.38005731735172266,0.3587592162290636,0.3521910938881119,0.35113535050781564,0.37304982167823164,0.37800455745768613,0.3565035697327545,0.3562891579871565,0.3662108246323736,0.3357852692686743,0.3757250758614815,0.3737679060179343,0.33160366688502674,0.3732419036746818,0.3649070996904604,0.3654289188447682,0.21801028811890436,0.20073105610519296,0.3271903663035734,0.3323541936771684,0.19477107958338144,0.32661222436901627,0.31098527041973956,0.3473385433995461,0.32146207994458165,0.32531898766645906,0.15254897657179478,0.3281781654735842,0.35739134779345566,0.30104305295582995,0.20933934874395757,0.12763365852080252,0.3746440915883856,0.16097806848259133,0.13748586393474596,0.3183927529560966,0.3353469282952309,0.24492629767921004,0.20254473085626276,0.2951564938936149,0.32972873520525314,0.15772068216193294,0.3439054373221557,0.35826758672566106,0.11614197415298348,0.2638469319231036,0.35463777530540697,0.3507870172547849,0.29469881181830776,0.27242130110039914,0.29010120465589756,0.3028235630647424,0.0,0.3055459756224645,0.3105146203928597,0.24818649248549352
syn_Ni_0038,0.38353857227917604,0.28576085394777384,0.3670097352158791,0.3592616814547593,0.37813575311908815,0.35682824375948624,0.38294707699488834,0.30168411286561364,0.31373139294392666,0.34804321892796114,0.3363200207655174,0.3240108695813082,0.3098433006568603,0.3852704848307755,0.34935097921961905,0.29264944033241275,0.35299656321640077,0.3505614739861331,0.30088520615557485,0.3704113148157262,0.37711708538930094,0.3673224672771328,0.33088169373601933,0.3601405435044525,0.34580930196446663,0.3384732224915956,0.36192788041690893,0.3268628824871444,0.3467523673596353,0.37101682019202015,0.3000921085623086,0.3609496836215267,0.31242034309506944,0.3098323883123655,0.3671915672313451,0.35333184052853844,0.29978122078222796,0.3762786229722543,0.3655577613630386,0.36172159978050217,0.30225971831221027,0.28729502443084326,0.07285215895127663,0.06767618912771628,0.2963802073449781,0.3833792847196715,0.375083418181624,0.09606043940416946,0.0743462282251692,0.1032694247084714,0.28602996905469635,0.07484576097804323,0.3982811469797228,0.36349847402112556,0.28982108043762556,0.2801867510888692,0.41719651795904383,0.277364153890541,0.2773821649273512,0.3682754487036564,0.3799952852776551,0.33329625098777865,0.2926143783920478,0.3549410516463457,0.3803670596772587,0.30613262844746364,0.08710108035615674,0.10393876228954052,0.27579357175861724,0.34697256096439455,0.10087422488815796,0.09035263414125226,0.3618726254924482,0.34760566951810085,0.3571788194531595,0.3713659092313504,0.3055459756224645,0.0,0.37067797417139364,0.32774780272524445
syn_Ni_0039,0.3246858062103625,0.38020679730617324,0.3225976575565428,0.41067186925177845,0.34189162362621045,0.33505352429129015,0.3239380213208156,0.3517264417703389,0.35812725540493157,0.39282177325939754,0.38306447604405536,0.34503913832624944,0.3503567997128302,0.35209739124123346,0.4047441842150656,0.3905191738555179,0.3223657664922804,0.4069307508676228,0.36742595406821393,0.3333877741348394,0.30883977580867816,0.418957061737601,0.3688123609064054,0.337868213608266,0.3874933177727137,0.3970532771797901,0.3315701994311661,0.3959925751334474,0.38930821659304227,0.31816932020665595,0.36971234867282016,0.3235773902643252,0.3626715069624746,0.3831676511528526,0.3199929500984295,0.3967123416258079,0.39614979880206064,0.3138973736279511,0.3319387620644088,0.3228658987547272,0.24352126375187164,0.22045935468224181,0.36508013715589294,0.3573774193474266,0.23150547007867678,0.06683264583499157,0.3333020151234597,0.35621392216990927,0.34352490265815955,0.3245985742338806,0.23563045094469276,0.3510958009817332,0.39294665271112195,0.05733954367790298,0.2211103946867787,0.26240269626073165,0.29414699611436435,0.25471581806132604,0.23848526754357927,0.32831560689783823,0.06572645873972242,0.1083495952398027,0.24408948680048154,0.0711341398320803,0.05411097939637317,0.22880597563595548,0.34408351518660996,0.34328998391779053,0.26030741884218694,0.08690718071659043,0.31845248370596313,0.3671307515866684,0.06160108621948722,0.07855909103246464,0.06008507639002051,0.046672001379722106,0.3105146203928597,0.37067797417139364,0.0,0.11505577540238618
syn_Ni_0040,0.30977144760445846,0.31988720600707754,0.2950757659578868,0.36447456003990275,0.28857101511684413,0.2975231845367648,0.28143138550332575,0.29264433549134133,0.3008787515346857,0.3471833820991962,0.335793998991562,0.29199197862513326,0.2971249861383956,0.29803513579620006,0.35784797704395677,0.3326689170761216,0.2880818481531687,0.3620361074792157,0.31009835365472543,0.3069997235836091,0.29430700528518294,0.37352733844184005,0.32195982753501107,0.2971500101627374,0.3420791570683031,0.350564706100717,0.29839483237089875,0.3510907365103621,0.3430781247699653,0.30341131308361113,0.3079114978832842,0.2973992126158581,0.30363652919694484,0.32380432442732304,0.3058643414584004,0.35179565215324266,0.336022337950121,0.29928989435320924,0.3044518911310924,0.3021236192065375,0.1982506735018933,0.1676531224954618,0.3245566273952627,0.3139856643622302,0.17262336199550735,0.1375602090860942,0.29271334891492556,0.3153366694732236,0.30192327087444254,0.28233483072126875,0.16982716478076837,0.305803412772498,0.344137241867102,0.09412646429881331,0.174611387899446,0.19670570898628353,0.30361645003016574,0.1925843926686922,0.1788810971351893,0.2789916285787044,0.13217424678242248,0.05529226756843715,0.1888779400845283,0.0914002226564823,0.13691058141790083,0.15903853770262583,0.3043531048974011,0.3185363876330921,0.2031586095353827,0.06893749903324073,0.2836285980761299,0.3295471223246737,0.09699610727200156,0.07372070489757039,0.09148682043569324,0.11001103547908023,0.24818649248549352,0.32774780272524445,0.11505577540238618,0.0
