,syn_Cd_0001,syn_Cd_0002,syn_Cd_0003,syn_Cd_0004,syn_Cd_0005,syn_Cd_0006,syn_Cd_0007,syn_Cd_0008,syn_Cd_0009,syn_Cd_0010,syn_Cd_0011,syn_Cd_0012,syn_Cd_0013,syn_Cd_0014,syn_Cd_0015,syn_Cd_0016,syn_Cd_0017,syn_Cd_0018,syn_Cd_0019,syn_Cd_0020,syn_Cd_0021,syn_Cd_0022,syn_Cd_0023,syn_Cd_0024,syn_Cd_0025,syn_Cd_0026,syn_Cd_0027,syn_Cd_0028,syn_Cd_0029,syn_Cd_0030,syn_Cd_0031,syn_Cd_0032,syn_Cd_0033,syn_Cd_0034,syn_Cd_0035,syn_Cd_0036,syn_Cd_0037,syn_Cd_0038,syn_Cd_0039,syn_Cd_0040,syn_Ni_0001,syn_Ni_0002,syn_Ni_0003,syn_Ni_0004,syn_Ni_0005,syn_Ni_0006,syn_Ni_0007,syn_Ni_0008,syn_Ni_0009,syn_Ni_0010,syn_Ni_0011,syn_Ni_0012,syn_Ni_0013,syn_Ni_0014,syn_Ni_0015,syn_Ni_0016,syn_Ni_0017,syn_Ni_0018,syn_Ni_0019,syn_Ni_0020,syn_Ni_0021,syn_Ni_0022,syn_Ni_0023,syn_Ni_0024,syn_Ni_0025,syn_Ni_0026,syn_Ni_0027,syn_Ni_0028,syn_Ni_0029,syn_Ni_0030,syn_Ni_0031,syn_Ni_0032,syn_Ni_0033,syn_Ni_0034,syn_Ni_0035,syn_Ni_0036,syn_Ni_0037,syn_Ni_0038,syn_Ni_0039,syn_Ni_0040
syn_Cd_0001,0.0,0.3227730072469982,0.19087133365795564,0.0876837590301595,0.17931703901094231,0.09217224289506876,0.33526332802075254,0.19322908217760223,0.32349549432186525,0.3254491150705883,0.0988689524682201,0.08973731060583068,0.06779268883663135,0.3197693763630191,0.20331426064519628,0.20009925693369318,0.16587856211238494,0.33546632698537066,0.2594636008316047,0.12979681102906512,0.09985984843509625,0.2217537537376322,0.24709660560552865,0.32446774764026387,0.3174582563224046,0.09284632921896636,0.10776191978404727,0.1040753470748698,0.08039211559106776,0.3161715190191156,0.32091942576240245,0.11675055948660472,0.18834123418784718,0.11603512153306765,0.09329306225614281,0.11612676179033435,0.10026064346956429,0.08534663243849216,0.17703320538029887,0.32538497041107795,0.23678843975490513,0.1991634545815126,0.30670620966049367,0.2088560286013217,0.25560221848512493,0.2549726510137828,0.27748009641472116,0.22176514062098102,0.19684286343077376,0.27699353636202667,0.33309679269467213,0.3062253195501392,0.2649070950884309,0.31492465828950256,0.2283155671545146,0.32184685710537403,0.3251395462267457,0.26313186438347236,0.25881473568750263,0.27895757963762696,0.2531681592561519,0.21694621433551356,0.2106486943072282,0.33166657611396017,0.28080220673430023,0.32874047908259096,0.21396211412632796,0.35844396002799034,0.2744173401232639,0.3183513486131764,0.2485310659557698,0.21023880944220277,0.21645147400615575,0.2513091075676728,0.31065288884342446,0.2635131973469817,0.2838943261562031,0.251280350973802,0.2562395579497124,0.23357216822532467
syn_Cd_0002,0.3227730072469982,0.0,0.2930032535987249,0.30423947179622396,0.2781210162119404,0.30260192368511424,0.07142303716502427,0.2844420097778275,0.06798553592461613,0.06846785601926594,0.3080314376444239,0.28895839366560977,0.3078891172799064,0.08512104076098669,0.28608191029769414,0.2817862958867997,0.2790997849445652,0.0667301526726349,0.3577928846457104,0.3156397504603438,0.3041839490954883,0.2963045228392268,0.35284549433631396,0.07549719941103192,0.06395141258036421,0.3143529089556114,0.31035248065501664,0.32110667938726145,0.31725920410104164,0.08964777635594931,0.051642844149062936,0.2824662200822324,0.2790656994953789,0.30422629830909415,0.3103416185503439,0.3074877069195016,0.31801354114293817,0.29793009357130906,0.2693067977714216,0.08301434528899858,0.2870946068747259,0.2740474928794023,0.26517992248024547,0.2510654155347314,0.26217382927530397,0.26203715423037116,0.3719043841426675,0.25625972513543377,0.26008652319791714,0.3785017359911108,0.25646882997579906,0.2415172582808773,0.27260170577754284,0.3201037452738555,0.2660184754295789,0.24015376680541609,0.2491213856183901,0.28823638921061534,0.2848719429872963,0.28904756774576446,0.26984056545974955,0.2553058304894241,0.2582402963539536,0.24280541140694306,0.30291651947569226,0.4024597082796638,0.2684263552408241,0.26228424412656964,0.26304681981460554,0.23802998551717264,0.27035310765099624,0.2615352906638075,0.263649984224054,0.2597693717405129,0.24213420480871395,0.3560859074741245,0.3703429329236447,0.25343929139522103,0.284522712077407,0.2824701961689658
syn_Cd_0003,0.19087133365795564,0.2930032535987249,0.0,0.18402210263469243,0.09591396291090364,0.18093417667538694,0.31452153774057034,0.08499153433814044,0.29866781886007365,0.3131673440720595,0.1765062441722058,0.1764679178654671,0.1891229886409068,0.29396270702655575,0.0838715035282002,0.09071487661455294,0.09962286047236811,0.2956784482336542,0.30107917163297265,0.19389410579404262,0.1793670315325256,0.1025631321955641,0.29392162247964415,0.28873798291480457,0.2932050318394524,0.18461556205198454,0.17649008945996675,0.1709196972411877,0.18370353744333154,0.30371942425917,0.29402742792853476,0.19065575042184943,0.0834537279060447,0.17483870509897093,0.18063129754225296,0.16755727203552595,0.17685102453101856,0.18263175687198796,0.07745566296274346,0.29407887919943876,0.28627900163116815,0.21168496888069704,0.26328386981382923,0.2021790465643909,0.28695149635821654,0.27780934684491754,0.3200650754906766,0.20898463512789306,0.19218389632229493,0.3259020009437086,0.28634873241659703,0.28416890520270444,0.29314653657222345,0.30791065035567255,0.21502398963791974,0.28089822730081965,0.28569983558413575,0.30120905135598214,0.2853814382781223,0.2732307677701645,0.28050545194045706,0.20979760351145638,0.19544763514591276,0.2939254188137115,0.2723408717797161,0.3618294257903132,0.2005797950421794,0.31248897622698957,0.2948299708184065,0.28251209040512165,0.2818921920634555,0.1966564816695522,0.2051304790930767,0.2792889311397704,0.27484217809686384,0.30988696569619634,0.329056168029777,0.27936506014079043,0.25468218879860843,0.2136611318715769
syn_Cd_0004,0.0876837590301595,0.30423947179622396,0.18402210263469243,0.0,0.1661612905963396,0.07457226236947707,0.31402617188908505,0.18992396327277417,0.3031807904285396,0.3042214247110859,0.08301670852946252,0.0794902955124929,0.07730200166501489,0.29731826870838196,0.20153630532344116,0.1935861353646642,0.16086926762625678,0.31583630353997894,0.2430135913069689,0.11738811871550732,0.08576707986119816,0.21665931880400607,0.22780182331623916,0.3050255932275984,0.29716382875741193,0.06754505298385295,0.09630012390011389,0.09226306392714499,0.09269609052093616,0.29431019657181345,0.3023640410436502,0.0888076401644339,0.18039203342772892,0.09688314726866501,0.07803549535447994,0.09518857823298696,0.08503162402093407,0.07050408838581945,0.16619254416396267,0.30756969094087083,0.21365098484122713,0.19178127908015083,0.2862549591550816,0.19631105254476508,0.22708692292819357,0.22419181241100275,0.2687788737020365,0.21073072487924893,0.1899872791792512,0.26747593137108067,0.3105850495341672,0.2830713373416283,0.24189579075788928,0.29879474403956297,0.2192798948737442,0.2967571309255685,0.3002551240133844,0.2360475113156149,0.22838274437751346,0.2617077041711025,0.22241189300211495,0.2115702204128413,0.20242304574229922,0.3069012484791944,0.27105688345479845,0.314084916251781,0.2051717114084302,0.3346078849393368,0.24707031753283892,0.29500821307107394,0.22478824981650025,0.20281841202812498,0.21279302997306915,0.22424775999924823,0.28516181563061954,0.2480815526548549,0.27181379772420217,0.22067014727110665,0.23968983910946098,0.22951449031011797
syn_Cd_0005,0.17931703901094231,0.2781210162119404,0.09591396291090364,0.1661612905963396,0.0,0.16900958983468714,0.2927227618705262,0.09316715736077527,0.2764656312385009,0.2961103122462775,0.1727154477131139,0.1530662690998287,0.16865720086720346,0.27186510343785725,0.10958718914773531,0.09836092757508103,0.07273151889881802,0.28041735616456165,0.3104709069332877,0.20622219380370851,0.16908016954180335,0.14842795566512715,0.2946597161982233,0.2809213769846259,0.27144322891935935,0.17263544527040456,0.18315051783129838,0.17533899099685474,0.17631312829889684,0.27911816553460134,0.27830567943537626,0.18593466837179734,0.06356612080363022,0.1858836511943425,0.17856048302765662,0.18374223185681912,0.18317979137250653,0.15785546710553156,0.07294333439613827,0.2849423698294246,0.25592668816838837,0.2047074963163462,0.2697311845474278,0.1952953093905438,0.2677060854158854,0.25939747131928315,0.3251415278849863,0.21191675447354522,0.19928494210201794,0.32761437482331324,0.28796450803773577,0.27165072693983167,0.271844348817646,0.31494357293590824,0.21956215228841944,0.2737620743884193,0.28300031618235616,0.27432517588816496,0.2644223103689472,0.28042946343902014,0.26156653722379886,0.21290440470553404,0.19855473414490607,0.2892125996843248,0.28002698169262474,0.3715192564285986,0.2034281140443766,0.3093063500080321,0.2779996404157727,0.2745880362420055,0.2620351250720319,0.20497068690098907,0.21358279020425996,0.26109235454683877,0.2651307294107952,0.31105456350179683,0.3311896527248377,0.2611041835404372,0.2600501917406038,0.23135148823577648
syn_Cd_0006,0.09217224289506876,0.30260192368511424,0.18093417667538694,0.07457226236947707,0.16900958983468714,0.0,0.32362437415386414,0.1883377066454605,0.31094388014461916,0.311343309161726,0.08396667314693919,0.08602520480236334,0.09105957424742153,0.30707981862688627,0.1962501481002499,0.19333554346749326,0.15463476747602328,0.3153475818892054,0.2505939080397039,0.1110297896659353,0.0715710921613648,0.21433568043026377,0.24012251990821462,0.30702142308218927,0.30198385799090083,0.07773944695223103,0.09019663798386393,0.07767790420679296,0.08393907952342834,0.3012289369822251,0.3052160610105799,0.09299296901188016,0.18310041134418586,0.09275791691328457,0.07868096324065607,0.08653244440982219,0.08310444219573047,0.07453319911942179,0.1689582638841962,0.30981867857784395,0.22784885652169595,0.18220403816738467,0.2815555551605998,0.18609614440184577,0.24132608177793066,0.23101922335083333,0.27695066175254,0.1991271990331174,0.17995872498918247,0.27541452405822364,0.3089320358069487,0.2892756906062886,0.2539135812043603,0.29919364641941754,0.20659833097661323,0.29641316934455325,0.3002455104285664,0.2528011270886111,0.24223027523623514,0.2614345460308858,0.23935323225733693,0.20125356320768642,0.19041783871770498,0.30610587695044067,0.2605393177753121,0.32522388658218687,0.1933595707393243,0.33500294937470815,0.25105616411306647,0.2934722073947427,0.23436726214332798,0.19176366194455569,0.19654949838425115,0.23393083663378167,0.28738475241065625,0.2562302782930162,0.2825549048586481,0.23507074112061146,0.2411774937409306,0.21861382237992388
syn_Cd_0007,0.33526332802075254,0.07142303716502427,0.31452153774057034,0.31402617188908505,0.2927227618705262,0.32362437415386414,0.0,0.3043283911569505,0.06050231464686111,0.07944050682627424,0.32760659815516696,0.3065128123436666,0.3233500787937871,0.06809103156170783,0.3094650441768721,0.3046601264740256,0.2999917495370965,0.0889361369058616,0.3789558369730095,0.33475863618239626,0.3258763210957435,0.32441471606078504,0.36218560526443894,0.11232742469592087,0.056693556107085694,0.33084000419038667,0.33072497472338214,0.34074927003719335,0.3353135096276616,0.06284526442862,0.06587096721499629,0.30108190596051254,0.2980727558430806,0.32255834327820554,0.32893289940011244,0.32934358847185163,0.34064495659309757,0.3147305697696284,0.289435061023623,0.11282325492812223,0.27537208434943405,0.2824309592780397,0.29096855988956505,0.2603206450121936,0.2524202138316909,0.26561911476789873,0.3924567811894194,0.278598147353061,0.2761228371032582,0.38984200383787326,0.2776866289735803,0.24670954406232617,0.2612917346456825,0.3460042426687027,0.2794859808208813,0.2531070580300254,0.2740704786743149,0.2690194968674181,0.2708559971740512,0.313558427385717,0.26236601398913945,0.2749759878117899,0.2715638100452742,0.26227573892950623,0.32838037753821675,0.4224974541668608,0.279999339447151,0.27374155419431107,0.26353015042812905,0.2561599218446794,0.2584728874512698,0.27475010541695244,0.2823891148313334,0.2549173975532078,0.25078070614259207,0.370981907085579,0.38847811661505455,0.2523798799464581,0.30578082771976756,0.3068968540752954
syn_Cd_0008,0.19322908217760223,0.2844420097778275,0.08499153433814044,0.18992396327277417,0.09316715736077527,0.1883377066454605,0.3043283911569505,0.0,0.2859300075759966,0.3020227434869219,0.1816800913169189,0.17703144524455172,0.18825693297653215,0.28331131121427294,0.07128705976408638,0.06806931944317061,0.10299653787456686,0.2847775660541972,0.2953406480963725,0.18643304817709064,0.18293026208952884,0.12009086951218655,0.2864689252037484,0.27887384830943124,0.2846219164373678,0.18686315353093955,0.1722804296511338,0.18153185377152448,0.1973423586303859,0.29357026739665226,0.28329851013230617,0.17629911009048033,0.0814678878823472,0.17138598710492411,0.18307873870903768,0.1680525443838024,0.18564443803305453,0.18643106947075277,0.08168559353778121,0.28276619542785797,0.2835074680524411,0.2174891954754292,0.2730514284140882,0.19579293496344227,0.2769062929712677,0.26837493800494616,0.3129839564557331,0.20555512403992143,0.187779088145414,0.3163660079672999,0.29235504905846726,0.28260399488331245,0.27846754868467677,0.29478014508940925,0.2138576705877905,0.28192712471423254,0.28806667505038475,0.29653809012498883,0.2847388638350445,0.26187630475229434,0.2704114564290653,0.20673215049829002,0.1940106750512755,0.2960541024199245,0.2604562828012498,0.3540070392746334,0.1981508302051671,0.3163780048095493,0.2873849978671235,0.2832170319981785,0.2730511633369387,0.19670066938957737,0.20332080192016289,0.26998332319084406,0.27657890318315986,0.3002131528904482,0.3170440635634119,0.2680077811316957,0.24353686792485918,0.21535026019586556
syn_Cd_0009,0.32349549432186525,0.06798553592461613,0.29866781886007365,0.3031807904285396,0.2764656312385009,0.31094388014461916,0.06050231464686111,0.2859300075759966,0.0,0.0787374073403348,0.3150980264988606,0.2936986705123247,0.30950925012085206,0.06101166734299743,0.29141488923381664,0.28544904511989716,0.27831161124931497,0.07393933634049914,0.37097234217811487,0.32480317156009714,0.31438546042050486,0.30324920749693973,0.3536676372315582,0.0934006270579982,0.06085307313113303,0.3195017330423112,0.3168109251222828,0.3268728060672944,0.3256413792936467,0.06455462660617277,0.058300853624823436,0.2891986614072071,0.28086444466593863,0.31161677059020415,0.3159761997257892,0.3133783493342121,0.32562573475966405,0.30155911812078096,0.26957569959507216,0.10733015113695966,0.2770948024433757,0.27762227709568116,0.27168686785549556,0.25755866534499816,0.2531814492216201,0.26385376064037025,0.3832087275069272,0.27038691219975103,0.27006282883231947,0.38215684605676,0.2633818457268251,0.23104023861519582,0.261792542762278,0.3347040480959972,0.2740009182504139,0.23653797773646734,0.25726243861208675,0.27558444825258693,0.2725321013512704,0.30537257895072106,0.2615672240440788,0.2678649904911617,0.26689997526341447,0.24380772250696114,0.3219551035312049,0.41385682282325154,0.2741087612146145,0.2623931502491962,0.2644425509550197,0.23937306239903192,0.2607538430614962,0.2697655083255541,0.2758489230933268,0.2513466732436888,0.2358354515914083,0.3607072005227145,0.3778914301450364,0.2485482193689095,0.2971041946779357,0.29900421278277
syn_Cd_0010,0.3254491150705883,0.06846785601926594,0.3131673440720595,0.3042214247110859,0.2961103122462775,0.311343309161726,0.07944050682627424,0.3020227434869219,0.0787374073403348,0.0,0.31603112907744096,0.3000563506045048,0.31058398012217503,0.0991853876387201,0.3049778622282286,0.300452789212473,0.2983151388191073,0.08886000148065626,0.3686972258371094,0.3227112593806076,0.31456111734417186,0.3141097272266241,0.3539188807629201,0.0858662455086051,0.08555993314195524,0.3198401099967103,0.31859204040968603,0.3294533869328091,0.323941690580598,0.09149204971891825,0.06268288196263139,0.29020241828704374,0.29678099656941315,0.3146698867855232,0.3181747568336031,0.3180646061338789,0.327249923664943,0.3036959296230313,0.286481103469013,0.08216856544869856,0.2890142025218053,0.28723619959821767,0.2801598527574643,0.26830717347963073,0.26371404381746244,0.26843860348659626,0.37891656362280945,0.27584752839455945,0.274522943490589,0.382284626468677,0.27458772146508276,0.24641466854180843,0.26945141684052204,0.3359751420595418,0.2835220016342119,0.2513261400679327,0.26952186592094046,0.2905315905398631,0.28231757823713854,0.30868047211515387,0.2725067454304069,0.2755452728211681,0.2762336365964531,0.25441665383051865,0.3232699866749059,0.4111101393081415,0.2827787172458802,0.2742675136684749,0.268365530176791,0.25298070351705393,0.2718307676968194,0.2756596444008459,0.28225206514353224,0.26295811271157893,0.25522574592730407,0.3616254863949742,0.37498296937532893,0.25481518362420563,0.30230937902875227,0.29590507647917097
syn_Cd_0011,0.0988689524682201,0.3080314376444239,0.1765062441722058,0.08301670852946252,0.1727154477131139,0.08396667314693919,0.32760659815516696,0.1816800913169189,0.3150980264988606,0.31603112907744096,0.0,0.09971232271479909,0.09101656391096379,0.3107151248547311,0.1933566767590171,0.183536841058233,0.16973998453558922,0.3203491716269186,0.24760578094896263,0.09283684471930985,0.07841162937253367,0.20711298992246807,0.2366090719686562,0.30836527699905897,0.30594724766630005,0.07861043690195192,0.07508846893301649,0.09465032147246229,0.10932321398979629,0.30719181370086696,0.30882655446041074,0.09113026714696841,0.17885340087818358,0.0882542817567672,0.07645093648390817,0.10022189925749819,0.0857052815888411,0.0866908621260286,0.16757662497306247,0.3097772420102341,0.23913916683027575,0.19556388890916607,0.2920017432953246,0.20175075050729235,0.2489780034800942,0.23901573197240833,0.2740192246858532,0.2096559134130802,0.1892853449562646,0.27484101750012524,0.31535044324252703,0.2958594186003028,0.2621282020437551,0.299363695720507,0.21891511300820554,0.30415952352984854,0.3079993183193179,0.2589706620171189,0.2497004805081164,0.2672469106230092,0.2461880107193466,0.20826118688811138,0.20249626092659206,0.3127591125741066,0.2655830704415452,0.3212957547440864,0.20541423290983368,0.3404923385811793,0.2616082921662844,0.2991307857508899,0.2443595754856958,0.2018041509148895,0.2098778780323372,0.24321971531261333,0.2951844851656695,0.2561540555905728,0.27929717052754804,0.2395831485353392,0.2461273015348928,0.21128485850748216
syn_Cd_0012,0.08973731060583068,0.28895839366560977,0.1764679178654671,0.0794902955124929,0.1530662690998287,0.08602520480236334,0.3065128123436666,0.17703144524455172,0.2936986705123247,0.3000563506045048,0.09971232271479909,0.0,0.07601297876637049,0.28846321421815474,0.1848864555790328,0.18304003755348838,0.13911342992575865,0.3024543644985945,0.24834048193686112,0.1276613351483814,0.09559331811640855,0.2033586742849346,0.236540678436211,0.29855187522031285,0.2857651633542949,0.08819157945588399,0.11361731377055785,0.10126893921782504,0.08474682308539827,0.28747129185299,0.2916089520159118,0.10040810408349583,0.16669689621149292,0.10843895282143895,0.08932033351100674,0.10113151166097402,0.08707722532731763,0.06769703517781665,0.15511691914748535,0.2990939642306421,0.20633881169232376,0.1732270679752801,0.2795140883142462,0.17625545312129287,0.2199307624295045,0.21649524582371182,0.2785152908353729,0.18774137461697557,0.17806354873757674,0.27862661381902865,0.30127136938115806,0.2739950350656925,0.23403278331096095,0.2900712920786263,0.20103952370517403,0.2887426152818729,0.2952525632286203,0.2294613419876088,0.21983394194496575,0.25315899387713137,0.21767089571513304,0.19000175626740592,0.1856608010504607,0.29942439574339264,0.2506943720230204,0.3239546808242986,0.18930038457708676,0.32458648841602367,0.23886698392208827,0.2861652783038389,0.2152035593107077,0.1858189258181148,0.19277947879151702,0.21576299104590582,0.27681197656681134,0.2531692584964378,0.2768332921578063,0.21845006115732452,0.230937359635684,0.22221588896692923
syn_Cd_0013,0.06779268883663135,0.3078891172799064,0.1891229886409068,0.07730200166501489,0.16865720086720346,0.09105957424742153,0.3233500787937871,0.18825693297653215,0.30950925012085206,0.31058398012217503,0.09101656391096379,0.07601297876637049,0.0,0.3046079980356398,0.19932969281968793,0.19378152399279602,0.1612639893666829,0.32028317312799054,0.25121438885468333,0.12265734392080348,0.09895352886895538,0.21071119497493543,0.23590158371609535,0.30962706160637626,0.30336050883340343,0.08519652137134501,0.10739053201150209,0.10819166816766557,0.08728326360851833,0.3029204820891614,0.30562193529007053,0.10049062278492771,0.17953510749207183,0.10712587246308983,0.0851449138514664,0.11267989249379,0.08849166488206187,0.07487798905148355,0.16942855395031894,0.31185684225481497,0.2174976214841483,0.18832342863732662,0.29392760410150354,0.19765622851389572,0.23767366973873866,0.23341602194854857,0.27006369039116396,0.2070101770425288,0.19136736986189676,0.2705829743939605,0.31894496891056834,0.29210342007881057,0.2439255133317123,0.30126580583933105,0.2156678245043616,0.3090753058639354,0.3125536123848724,0.24419588987973773,0.2394846393651039,0.26513518793871604,0.23359950472220384,0.20457433922110815,0.20122943617634956,0.3187471493140798,0.26756735547022453,0.32144704021077924,0.20418369711618015,0.34555616257913413,0.257861824108681,0.3047093691872747,0.23206414092496883,0.20340422183912202,0.2122218043500836,0.22954880928996574,0.2965204052790584,0.25207040032062444,0.27529664146119265,0.23093170556314044,0.24331144899105894,0.2275008457064902
syn_Cd_0014,0.3197693763630191,0.08512104076098669,0.29396270702655575,0.29731826870838196,0.27186510343785725,0.30707981862688627,0.06809103156170783,0.28331131121427294,0.06101166734299743,0.0991853876387201,0.3107151248547311,0.28846321421815474,0.3046079980356398,0.0,0.2922182138003457,0.2830453337505818,0.2772985520412459,0.09128692965210708,0.3779527086666153,0.32317541857923404,0.30900722847425016,0.3106481043390368,0.36123364321938145,0.1179634432172781,0.0689132800272592,0.3131077643574315,0.3122286990585315,0.3237296484133323,0.31839989972481175,0.06099638702120833,0.07921166997264813,0.28811527815530547,0.2748961350052591,0.30669068400066835,0.31130069686195816,0.3092175462373223,0.31804074575810615,0.2970948485581508,0.2689152321261059,0.11727082523471413,0.2649498264889856,0.2733544152425592,0.28643360615246427,0.25422729552630874,0.2545049975631228,0.2635416491200726,0.3903427971569943,0.2789481043118394,0.2735554226552746,0.388720371213961,0.2739769128360135,0.23522442764184445,0.25871660572082184,0.3501350067252332,0.2793093009505798,0.2459335351396952,0.269011825854489,0.2665225665309711,0.26158107197425673,0.315719283906054,0.25166953550778953,0.27818792926953995,0.2676995065534544,0.2563158129958172,0.3323821080853645,0.41919906262465073,0.2803929679819105,0.2716222962866124,0.27020194410150916,0.24945272575429236,0.252058284699503,0.27100431054484186,0.2858421775989669,0.2529775566956115,0.2426978660181099,0.3682067932383084,0.3849673532551784,0.2536393078035855,0.30754743409604485,0.30772202668740345
syn_Cd_0015,0.20331426064519628,0.28608191029769414,0.0838715035282002,0.20153630532344116,0.10958718914773531,0.1962501481002499,0.3094650441768721,0.07128705976408638,0.29141488923381664,0.3049778622282286,0.1933566767590171,0.1848864555790328,0.19932969281968793,0.2922182138003457,0.0,0.0746700646979494,0.10389682304625589,0.28935173745689774,0.28592889176112507,0.18362886953932558,0.18894434189686224,0.10117997646264835,0.2830400612954641,0.28074481562981835,0.29091655469619376,0.1990344767059305,0.17907906234313492,0.18553085377351453,0.20339522105509272,0.30579978599664154,0.28751212708743207,0.18161479698027044,0.09410784588040373,0.17524361851475773,0.19132766733388007,0.17422902242315672,0.18704137941276233,0.19526040035749498,0.09475436075138755,0.2876225982781054,0.2946243112863519,0.21886453721676424,0.2710348856079229,0.19800883772363734,0.2812637509253175,0.2730986651689776,0.30698081874067534,0.19731712674867005,0.17957241863621334,0.3136639705396715,0.2856412457586605,0.29147705359564946,0.2875650802329027,0.28622271438097563,0.20321184388721725,0.28372152130261535,0.28746628261881624,0.30840544340789017,0.29429208692308056,0.2551991445613113,0.28097015820827914,0.1972430076965659,0.18556307178897977,0.2951173409360219,0.2543442680140645,0.347781108357774,0.18805274848943143,0.31499907295715807,0.29040657925910934,0.28522180062277225,0.2845775521211999,0.19049902180354328,0.19038456251679392,0.27333556539571885,0.2777124276279559,0.29829403440627106,0.316750170224981,0.27553841184627065,0.23948210875076031,0.20638142137790008
syn_Cd_0016,0.20009925693369318,0.2817862958867997,0.09071487661455294,0.1935861353646642,0.09836092757508103,0.19333554346749326,0.3046601264740256,0.06806931944317061,0.28544904511989716,0.300452789212473,0.183536841058233,0.18304003755348838,0.19378152399279602,0.2830453337505818,0.0746700646979494,0.0,0.10665863062345046,0.2822643680692083,0.29759134250410546,0.18442825232410823,0.18961815559969789,0.12218768523602194,0.2850877265509801,0.2742933329124399,0.2836529308449125,0.19284254599480186,0.17187075109688985,0.18482017198640652,0.19777063649324306,0.29467375784691135,0.2849024360574963,0.18578441128009573,0.0908235301648465,0.17460597460690816,0.18705822949764672,0.16893864040649229,0.1871774574216743,0.19144407860820584,0.09328037174809624,0.28086331340857984,0.2860744007824383,0.22182146937831168,0.2789473546138403,0.2006780560551398,0.2770740123386458,0.2717974078000462,0.3134983880300357,0.2108987912723728,0.1933999601663602,0.315669445343414,0.2972623067473638,0.29165170901143306,0.2833857936685623,0.2968851527647456,0.22075118315157408,0.28880465142219336,0.2957958325285817,0.29911681173676524,0.28303409574536686,0.2716160975817088,0.2728362639582393,0.2150871495869044,0.19955325972064153,0.30229779681448526,0.26587339204275645,0.35711765364192005,0.20204745996199258,0.32213550475031044,0.2857008569472077,0.28907671287809467,0.27222298000912803,0.20473124005179266,0.20664227154055684,0.27155137695315346,0.28344771041376343,0.29929675558931684,0.32038159890097667,0.2718933964058837,0.25159050678797806,0.21832948226557342
syn_Cd_0017,0.16587856211238494,0.2790997849445652,0.09962286047236811,0.16086926762625678,0.07273151889881802,0.15463476747602328,0.2999917495370965,0.10299653787456686,0.27831161124931497,0.2983151388191073,0.16973998453558922,0.13911342992575865,0.1612639893666829,0.2772985520412459,0.10389682304625589,0.10665863062345046,0.0,0.28237923273910387,0.3002483485975053,0.19849428212202833,0.15373791149276256,0.14034240172703516,0.2883635286687705,0.2824792259097948,0.2757510840953348,0.1676223105127371,0.17834245178474356,0.15880094086862115,0.15738363199475922,0.2850207716251323,0.2790977057465718,0.18063743704867388,0.08037789984420622,0.17749861476452042,0.16753668783817208,0.1693766064168045,0.1637990658152324,0.14829848986864855,0.08020574573247463,0.28614998532380176,0.24794228100189045,0.17546449500918282,0.2661980996976132,0.17555473228254434,0.26195776362329715,0.2520741372254179,0.3160408753750871,0.19100113464591126,0.1750591106636683,0.3188510237414568,0.28635269070799646,0.2740456363908594,0.2640635976343104,0.303725976809625,0.1975285925559606,0.2715762496120547,0.2805506363449453,0.26528155669594694,0.25577447217312776,0.26247639299748815,0.25337329994874724,0.1894382778372589,0.1763894985710923,0.28692139046727266,0.2633771851383981,0.36789551664392217,0.18073890031173415,0.30999183962882393,0.2703355005410827,0.27477119379286585,0.2574821258212903,0.1806739444320097,0.18597712126582835,0.2533158902356892,0.2677432066676077,0.30221785631900955,0.32223860941497534,0.2519303849150554,0.24741615863576114,0.21407100191257522
syn_Cd_0018,0.33546632698537066,0.0667301526726349,0.2956784482336542,0.31583630353997894,0.28041735616456165,0.3153475818892054,0.0889361369058616,0.2847775660541972,0.07393933634049914,0.08886000148065626,0.3203491716269186,0.3024543644985945,0.32028317312799054,0.09128692965210708,0.28935173745689774,0.2822643680692083,0.28237923273910387,0.0,0.34818105465236154,0.32587900029739475,0.3169356907648085,0.2985128236385191,0.3558241928429684,0.06462161572130777,0.09220310700038178,0.3301092609641358,0.3204953139782281,0.3303992967869926,0.33283469634145985,0.0983954952854243,0.07118524095068986,0.29117737318998155,0.284046538737909,0.3153466428470298,0.3243355757817021,0.3144837470335304,0.32820122542896757,0.3106428893757877,0.27337200829721253,0.09088296120182668,0.30047692139875265,0.2837063198312449,0.2599025252268134,0.2620886923745258,0.272245795471799,0.27107596429218095,0.3730823137515492,0.26354257165091216,0.27359762145490824,0.3831529597858271,0.241256257588595,0.2498565388291198,0.28486022486275236,0.315265220067512,0.278415482901474,0.24267967789511447,0.24580526609104988,0.30155822897767054,0.29686049591142305,0.28282823740423924,0.2808988346450202,0.26432129819102335,0.2685042691537094,0.2337095359498512,0.29885834912040776,0.39057488493162335,0.2768996408567695,0.24257305287651254,0.26966298523232735,0.2263758163967646,0.2813562622696954,0.2729987503120631,0.27434140117496936,0.2701971758324426,0.24769461078767496,0.36137009915392104,0.36049600477328714,0.26237571452259395,0.27671289905741114,0.2882055073950633
syn_Cd_0019,0.2594636008316047,0.3577928846457104,0.30107917163297265,0.2430135913069689,0.3104709069332877,0.2505939080397039,0.3789558369730095,0.2953406480963725,0.37097234217811487,0.3686972258371094,0.24760578094896263,0.24834048193686112,0.25121438885468333,0.3779527086666153,0.28592889176112507,0.29759134250410546,0.3002483485975053,0.34818105465236154,0.0,0.23187249505606114,0.24264430499845607,0.2740984319429262,0.12500455191837248,0.3361914385329539,0.3706335708053783,0.2338812743775914,0.2442077531711754,0.24014371184193967,0.2579048615502243,0.37608710775710585,0.36679511899491724,0.2207090364822435,0.313068293744808,0.22434250074968845,0.23138293519382597,0.23039373168912572,0.24414396868378738,0.24439158867813085,0.29586990526484164,0.3470197648327178,0.278376196310557,0.28223298501921146,0.3268246968830902,0.26715951007027866,0.2596180377567836,0.24579556958411455,0.1569946538009207,0.2567421307354985,0.2652156261303882,0.19846902897464444,0.3240265011261792,0.3633943465190095,0.2637924066625337,0.2870689508902444,0.26502050368981317,0.3418069018606675,0.339931893668266,0.29948577859317593,0.271979971420691,0.2617195655076716,0.2666025069649815,0.2544215731577724,0.26980152482738456,0.34346099213713577,0.268960960017219,0.15365404800877738,0.26374797245080905,0.3504695070327652,0.2534948652473325,0.3237654895620342,0.27200474919143575,0.26780384491370895,0.25904586473552604,0.25305516461638916,0.3458147384856169,0.17434540950093655,0.14440257227375744,0.2463683212025348,0.24061694991309887,0.2758152697872035
syn_Cd_0020,0.12979681102906512,0.3156397504603438,0.19389410579404262,0.11738811871550732,0.20622219380370851,0.1110297896659353,0.33475863618239626,0.18643304817709064,0.32480317156009714,0.3227112593806076,0.09283684471930985,0.1276613351483814,0.12265734392080348,0.32317541857923404,0.18362886953932558,0.18442825232410823,0.19849428212202833,0.32587900029739475,0.23187249505606114,0.0,0.11156001561393722,0.1965678483358633,0.22570118372436135,0.3112201642108246,0.3165789097662216,0.10118056750924506,0.0791424178133262,0.11502445473628833,0.1320780495471087,0.32160321878610315,0.31617203474398964,0.09931895587981711,0.21102773534687674,0.09379653280717765,0.09872958606690037,0.09974239356261527,0.11049700237513049,0.1250192658497244,0.19114053891185878,0.3159114289835374,0.2658268017877037,0.21529268954295724,0.29864307903713694,0.20328867706332054,0.24780889239739873,0.24194438091713577,0.25307772658181826,0.20304651902720483,0.18418348166504775,0.2529660092532642,0.31699398504546134,0.308066757144162,0.2630609489932394,0.28215984525090887,0.20984595128111996,0.3175412897296365,0.31747394879081287,0.2802578849261284,0.2638708712200268,0.25350375606465736,0.2533183712002058,0.20403090252695047,0.19815108977732426,0.3232551344135269,0.2554720090282788,0.3015726155931963,0.20002037005256584,0.3489188740960859,0.264809893176183,0.30900243836414015,0.2513427573818421,0.19733152503033913,0.2024190625514529,0.2473959896272214,0.30734812865652805,0.23596870678209317,0.255936297011925,0.2444824550531074,0.2380880319289835,0.20346057669239584
syn_Cd_0021,0.09985984843509625,0.3041839490954883,0.1793670315325256,0.08576707986119816,0.16908016954180335,0.0715710921613648,0.3258763210957435,0.18293026208952884,0.31438546042050486,0.31456111734417186,0.07841162937253367,0.09559331811640855,0.09895352886895538,0.30900722847425016,0.18894434189686224,0.18961815559969789,0.15373791149276256,0.3169356907648085,0.24264430499845607,0.11156001561393722,0.0,0.21343521224472523,0.2273962230712687,0.309512012148068,0.3033911242253926,0.08020238823057892,0.10497617677063477,0.08815927633324287,0.09741876649528856,0.3025244328994436,0.3084953488417894,0.09034778237841011,0.17803467130662037,0.09175705809320425,0.08553416616358321,0.09988176026504626,0.08801303266799411,0.08240799608011802,0.16683426179417754,0.31276072081241574,0.22500146301541216,0.1741563128079668,0.2851037787283499,0.183856274312804,0.23919411553354902,0.2286986191703422,0.2667616992398165,0.19710170776396507,0.17720995244868407,0.26873075306371813,0.3087828111323081,0.287486065187406,0.24947879666449857,0.2912026104609951,0.20156758338260672,0.29798215493091534,0.3011954182344831,0.24514179201661207,0.23717018409358082,0.2545647757271481,0.2316133568865311,0.1946677784957674,0.18410874815763129,0.30642609015618577,0.2497261524755747,0.31491792130908264,0.1867594848003485,0.3345132885056853,0.24932543726620776,0.2948376144176715,0.23322580027034398,0.18251074547382845,0.19146141815176732,0.2294835921686963,0.2873106159736001,0.24389835833422285,0.2698112012603827,0.23131199694584975,0.23508724773345643,0.21302440325976219
syn_Cd_0022,0.2217537537376322,0.2963045228392268,0.1025631321955641,0.21665931880400607,0.14842795566512715,0.21433568043026377,0.32441471606078504,0.12009086951218655,0.30324920749693973,0.3141097272266241,0.20711298992246807,0.2033586742849346,0.21071119497493543,0.3106481043390368,0.10117997646264835,0.12218768523602194,0.14034240172703516,0.2985128236385191,0.2740984319429262,0.1965678483358633,0.21343521224472523,0.0,0.2751415873167259,0.28633201111532813,0.3072660421571605,0.21905340362179337,0.19217116936542694,0.20164358391955212,0.21468406719070293,0.32391069837592096,0.29739075737077986,0.20078082054104965,0.12927565255447587,0.19632746287047462,0.195264957991917,0.1823212641489116,0.19852367231988538,0.21132850676089873,0.1265820901479975,0.2928459053599394,0.30467588783907334,0.2385413392173255,0.26539236255851134,0.2240447734298359,0.29078354883541346,0.28018006875890566,0.2972887714168037,0.2057931472188739,0.205786980426844,0.3099923040350902,0.279765640562698,0.30508456446633997,0.3004096255347039,0.29153851276442433,0.21853979898039344,0.2871816283649909,0.29261970991489183,0.3218594439251763,0.3056283099091195,0.2664786142867266,0.29413350055150134,0.2108179189328804,0.2140445049415398,0.29990541453627967,0.2633938075948081,0.33572538525035783,0.20953760525523332,0.3152914406080086,0.2936609819830317,0.28915206576843955,0.29662936841712134,0.2066230887073383,0.2044344236508535,0.2870392558086081,0.28801082723708565,0.2910526621990267,0.30477431005226224,0.2765989793966486,0.24854276339017703,0.21681872082468773
syn_Cd_0023,0.24709660560552865,0.35284549433631396,0.29392162247964415,0.22780182331623916,0.2946597161982233,0.24012251990821462,0.36218560526443894,0.2864689252037484,0.3536676372315582,0.3539188807629201,0.2366090719686562,0.236540678436211,0.23590158371609535,0.36123364321938145,0.2830400612954641,0.2850877265509801,0.2883635286687705,0.3558241928429684,0.12500455191837248,0.22570118372436135,0.2273962230712687,0.2751415873167259,0.0,0.3510936250936804,0.35288549514138523,0.22255514891405434,0.23788046502742047,0.23364742558159748,0.24328364523625334,0.3581455844714862,0.35387497955257796,0.21213599086133614,0.3000578750597133,0.2199307415971771,0.21998732829835327,0.2207239148634991,0.2322377247212601,0.23460317639964534,0.2835212625280995,0.34957052746703227,0.2617342950650002,0.2787569673185713,0.3313314033546365,0.2605174576579463,0.23830558334606317,0.23185810323135148,0.11339233874019615,0.26950422848344013,0.2677502004408606,0.13466148043913348,0.3460110106314656,0.34115437334042215,0.2446102269601678,0.3191577917170966,0.2663857348558054,0.3299023174904185,0.335441674981454,0.2781771649973133,0.24895605268624726,0.2958115392177267,0.2451208570713212,0.26409279691215976,0.27114465844280783,0.3409568666402961,0.29693083976088197,0.16549335959338485,0.2641518320956901,0.3608913933589494,0.23863273881107172,0.32795683431043027,0.2496999778950612,0.266786308572944,0.2626929393962068,0.2339680051662642,0.327186575668964,0.10897044461346637,0.122932499166301,0.23332589719580296,0.27494933229084745,0.2957575563113671
syn_Cd_0024,0.32446774764026387,0.07549719941103192,0.28873798291480457,0.3050255932275984,0.2809213769846259,0.30702142308218927,0.11232742469592087,0.27887384830943124,0.0934006270579982,0.0858662455086051,0.30836527699905897,0.29855187522031285,0.30962706160637626,0.1179634432172781,0.28074481562981835,0.2742933329124399,0.2824792259097948,0.06462161572130777,0.3361914385329539,0.3112201642108246,0.309512012148068,0.28633201111532813,0.3510936250936804,0.0,0.10643592691856579,0.31823750239610155,0.3040269158250445,0.3172810396674057,0.3232753111383747,0.1226280559725276,0.07614186929187654,0.27946585059509027,0.28225883866556584,0.3013821117101512,0.3107012786045982,0.3018549863494181,0.3138048236159178,0.3030511401503506,0.2718125742902575,0.07102768510527327,0.3116384253136706,0.2824521033570201,0.263228484797157,0.2615208639897412,0.28382375063575827,0.2770258257401746,0.3636742856361654,0.25918446529710865,0.2682014305747627,0.37701015713478875,0.24478034375394955,0.2589170690384687,0.29459393533676537,0.3055255680116564,0.27606017108032466,0.2491828629711089,0.2606701589726035,0.3163904787644367,0.30782551885566933,0.27863274661337334,0.2903458277643843,0.2629013915820174,0.2679310966781586,0.24521413637410286,0.2909471371628274,0.380676418519963,0.2729064962886605,0.2546840002821608,0.2779571954925583,0.23245305214166917,0.2952097484507254,0.2675158788145306,0.27332207484324017,0.2792600076142802,0.2584545720664948,0.3553019042642004,0.3560549891155594,0.26898365632740806,0.27178862070756843,0.279782214828818
syn_Cd_0025,0.3174582563224046,0.06395141258036421,0.2932050318394524,0.29716382875741193,0.27144322891935935,0.30198385799090083,0.056693556107085694,0.2846219164373678,0.06085307313113303,0.08555993314195524,0.30594724766630005,0.2857651633542949,0.30336050883340343,0.0689132800272592,0.29091655469619376,0.2836529308449125,0.2757510840953348,0.09220310700038178,0.3706335708053783,0.3165789097662216,0.3033911242253926,0.3072660421571605,0.35288549514138523,0.10643592691856579,0.0,0.3108392440753982,0.3103949760444385,0.3199612711594346,0.315130758012352,0.0706083187287583,0.06568569980898738,0.28362895516225445,0.27560602471186935,0.3006810392964547,0.3075928319814805,0.3074420533558698,0.31680640905226404,0.29403050859939517,0.26682643637929354,0.11395232870749826,0.26765624953393324,0.2632340997941504,0.27824168465369686,0.24052388619431733,0.25479762178067755,0.2656899179630303,0.3835491326127684,0.26520819538414286,0.2618075445040476,0.380696267263326,0.26533283506150507,0.22785279592444,0.26027705573948945,0.33271535590218587,0.26675789270719047,0.24035277550998707,0.2597211251039864,0.2662634405196038,0.2621421983161305,0.30198245123899836,0.2542033387696194,0.26355197481749587,0.25262897657097333,0.2532094355030159,0.31333738412107165,0.41539568186461967,0.26564806336693575,0.27031683395227496,0.2658476614264362,0.24412829980718959,0.25352224591944017,0.25780247833847003,0.26881879957028687,0.25327929072395894,0.23505452040601021,0.3631304569291039,0.3835122931944484,0.25073181131917827,0.2936818647901257,0.2940666080237334
syn_Cd_0026,0.09284632921896636,0.3143529089556114,0.18461556205198454,0.06754505298385295,0.17263544527040456,0.07773944695223103,0.33084000419038667,0.18686315353093955,0.3195017330423112,0.3198401099967103,0.07861043690195192,0.08819157945588399,0.08519652137134501,0.3131077643574315,0.1990344767059305,0.19284254599480186,0.1676223105127371,0.3301092609641358,0.2338812743775914,0.10118056750924506,0.08020238823057892,0.21905340362179337,0.22255514891405434,0.31823750239610155,0.3108392440753982,0.0,0.08949816776338748,0.08605418596107348,0.08740845216243356,0.31056186891734083,0.3150038559749172,0.08945437709701144,0.18475110865750952,0.08852239365113161,0.07418347325025418,0.08896764376984823,0.08508202262731056,0.07949934914305452,0.17140674177620094,0.3188888787618363,0.22277767900142134,0.1916619282067787,0.2974145270204906,0.19795393291040567,0.23348869277417564,0.22578061531235147,0.2595691253784405,0.20970134913504013,0.19076513611117227,0.25860821162695785,0.32350225806301364,0.2975026183154982,0.24480088182942303,0.29217764420800424,0.21578058977219386,0.30999217130106416,0.31615622121294973,0.24235791786811975,0.23443653813928064,0.2575435784791974,0.22988952485352568,0.2133206693317829,0.2009991143881458,0.3186954951948314,0.26053136467662547,0.3115877658205526,0.2033680197323254,0.34793918457697565,0.24847066209604296,0.3060807205930899,0.22906901201690355,0.2015453751945338,0.20451999049591993,0.23045202359553388,0.3000650351291261,0.24050903444790075,0.26509833234449587,0.22691937816068325,0.23545780700511432,0.22293204572018135
syn_Cd_0027,0.10776191978404727,0.31035248065501664,0.17649008945996675,0.09630012390011389,0.18315051783129838,0.09019663798386393,0.33072497472338214,0.1722804296511338,0.3168109251222828,0.31859204040968603,0.07508846893301649,0.11361731377055785,0.10739053201150209,0.3122286990585315,0.17907906234313492,0.17187075109688985,0.17834245178474356,0.3204953139782281,0.2442077531711754,0.0791424178133262,0.10497617677063477,0.19217116936542694,0.23788046502742047,0.3040269158250445,0.3103949760444385,0.08949816776338748,0.0,0.09066286374598133,0.11597728668751792,0.31117296975184966,0.3091643100322793,0.09127794271473492,0.18920684675842153,0.0892964066712191,0.08401481443373861,0.07978247963071242,0.09405203774883074,0.09942502712615132,0.17082833790141463,0.3079120319425253,0.25731447988692324,0.2131575519020078,0.2937745398765931,0.2024262067938611,0.25514677074161324,0.2453058036189345,0.2666437233640059,0.21348905498348175,0.1900896974846095,0.267648419346103,0.3168233792226351,0.3010041535220754,0.267757219244823,0.29508895635339094,0.21930297236486399,0.31077515497736385,0.31287675132656684,0.27679683588105003,0.26141660359208,0.265224107582966,0.2533891925121054,0.21447722521606266,0.2061519523714918,0.3191416239592609,0.26435287444125194,0.3170359860422465,0.20939482202151094,0.34486149582956827,0.26906065504821236,0.3024881652999792,0.24920168108745103,0.2057962792745625,0.21012542782989369,0.2520020699716635,0.301587861003144,0.24885022414888483,0.2726288729662628,0.24664791475250805,0.2455462555327078,0.20933859121921058
syn_Cd_0028,0.1040753470748698,0.32110667938726145,0.1709196972411877,0.09226306392714499,0.17533899099685474,0.07767790420679296,0.34074927003719335,0.18153185377152448,0.3268728060672944,0.3294533869328091,0.09465032147246229,0.10126893921782504,0.10819166816766557,0.3237296484133323,0.18553085377351453,0.18482017198640652,0.15880094086862115,0.3303992967869926,0.24014371184193967,0.11502445473628833,0.08815927633324287,0.20164358391955212,0.23364742558159748,0.3172810396674057,0.3199612711594346,0.08605418596107348,0.09066286374598133,0.0,0.09206669545587534,0.3193226219638651,0.3217998298002218,0.10345000574630303,0.18731157373711446,0.08893429127587656,0.08115492716738817,0.08220419861878014,0.07784393404691395,0.0880336879649827,0.17579186249694406,0.32269496460346647,0.23692411316636186,0.1901525828918206,0.2923455248582257,0.197508187096117,0.24708103829714803,0.2370641179867465,0.2698367951505271,0.20438124782453834,0.18268055868125208,0.27439083309327505,0.32013723232220503,0.30379326804503715,0.26097654409022636,0.29562576046139294,0.20837881863022661,0.31016973725481384,0.31187580242021146,0.25698853610208017,0.2492967091218956,0.2640503488594721,0.24697234299265056,0.20426633611000944,0.194831334949514,0.3204384664566025,0.2627853005540355,0.31964722840380067,0.1994074479768081,0.34521659499211294,0.2588432695199562,0.304190630226989,0.24116403115675356,0.1931131870986338,0.19922522397793527,0.24446561848558324,0.3010273524653366,0.2488592438914279,0.27184947261808007,0.24418670967704567,0.24531378314708494,0.21799981075786856
syn_Cd_0029,0.08039211559106776,0.31725920410104164,0.18370353744333154,0.09269609052093616,0.17631312829889684,0.08393907952342834,0.3353135096276616,0.1973423586303859,0.3256413792936467,0.323941690580598,0.10932321398979629,0.08474682308539827,0.08728326360851833,0.31839989972481175,0.20339522105509272,0.19777063649324306,0.15738363199475922,0.33283469634145985,0.2579048615502243,0.1320780495471087,0.09741876649528856,0.21468406719070293,0.24328364523625334,0.3232753111383747,0.315130758012352,0.08740845216243356,0.11597728668751792,0.09206669545587534,0.0,0.3157316941924529,0.3184890285445178,0.11433546185527149,0.1878942327700745,0.10731647418114161,0.09882886093401769,0.10625456724089226,0.0918292907695329,0.08286854790131466,0.17636728745603078,0.3227295206731677,0.23249248570889644,0.1855711618851372,0.30173534066043706,0.1986193383576478,0.24634366596369242,0.23841494194597213,0.2821132612865379,0.20362042480856687,0.1878329432404153,0.2814377493844858,0.3295157903072229,0.303778319703531,0.26139819033744827,0.3091041828994911,0.21443479239129606,0.31811103007818237,0.3221032249416538,0.25862103617884136,0.25022410922357946,0.2693673795786859,0.24684942764040246,0.20901816745444748,0.19880709545315878,0.3270434183265241,0.26929242199929554,0.3319663040501184,0.20087188650379614,0.3553869837806067,0.26310327647733994,0.3131935889002283,0.24417946773478147,0.19382068877731562,0.20312619185063605,0.2446865793332768,0.3056757368788846,0.26031850053286576,0.2867566700882395,0.24350052596496682,0.24903652464312512,0.22776543959884746
syn_Cd_0030,0.3161715190191156,0.08964777635594931,0.30371942425917,0.29431019657181345,0.27911816553460134,0.3012289369822251,0.06284526442862,0.29357026739665226,0.06455462660617277,0.09149204971891825,0.30719181370086696,0.28747129185299,0.3029204820891614,0.06099638702120833,0.30579978599664154,0.29467375784691135,0.2850207716251323,0.0983954952854243,0.37608710775710585,0.32160321878610315,0.3025244328994436,0.32391069837592096,0.3581455844714862,0.1226280559725276,0.0706083187287583,0.31056186891734083,0.31117296975184966,0.3193226219638651,0.3157316941924529,0.0,0.07847473737553778,0.28956441397266497,0.2855247390694125,0.3062446769530531,0.30800461122545875,0.30770034647690975,0.31921200165051106,0.2941271278083765,0.2761362491342469,0.12706869502870063,0.2600937396814073,0.2718571184823696,0.2848784259457479,0.25753343521194205,0.2556348295053807,0.2670097548248854,0.38836802286713545,0.28680021168560793,0.27916545133984016,0.3838170695326997,0.2750665125738288,0.23441265300840636,0.26001453349852643,0.3543757955984831,0.28528081670243993,0.24796114525606694,0.2709630291528452,0.26340263140783104,0.25640571228206144,0.3234969640386193,0.2516631215452272,0.2812911788548627,0.2748834147679008,0.2595552551468154,0.33564245663939957,0.4198663367443219,0.28305434313493844,0.2723364400421382,0.2719449653273078,0.24940566765413763,0.2511598581263008,0.2767434593182417,0.28895688021475907,0.25474023987477223,0.2423336259973948,0.3653906283363095,0.3821876812570951,0.255815241847917,0.31064223538814717,0.3115646900246513
syn_Cd_0031,0.32091942576240245,0.051642844149062936,0.29402742792853476,0.3023640410436502,0.27830567943537626,0.3052160610105799,0.06587096721499629,0.28329851013230617,0.058300853624823436,0.06268288196263139,0.30882655446041074,0.2916089520159118,0.30562193529007053,0.07921166997264813,0.28751212708743207,0.2849024360574963,0.2790977057465718,0.07118524095068986,0.36679511899491724,0.31617203474398964,0.3084953488417894,0.29739075737077986,0.35387497955257796,0.07614186929187654,0.06568569980898738,0.3150038559749172,0.3091643100322793,0.3217998298002218,0.3184890285445178,0.07847473737553778,0.0,0.28349996173099756,0.27951160675074116,0.3083290012471328,0.31024155639126477,0.3074291507262762,0.31747650654104514,0.2980146935893533,0.2691461835300261,0.0891560110259593,0.2865211856681087,0.27432858134583815,0.27734476732927993,0.2561754659231546,0.262831911677813,0.2600354497012819,0.37738034489693545,0.2625847405548868,0.2619201938722659,0.38124792661159107,0.2691820059892607,0.2464791460870266,0.2705083059147032,0.32768864373021156,0.26958487049485985,0.24534044231758886,0.2659164442194487,0.29154721142988227,0.2852375983630866,0.29705205262448275,0.26896988554054346,0.26505783599457394,0.26307874759582356,0.25497356585358105,0.3137880332035773,0.4084895746470414,0.2697185221644347,0.26988794427360735,0.26574042152685085,0.24897379824202437,0.27373378064307513,0.26287431293095226,0.2687898456305471,0.2603017311512428,0.24977446676120807,0.36040128750828393,0.37597771141362907,0.2517601698954309,0.2918239736548018,0.28783752387930545
syn_Cd_0032,0.11675055948660472,0.2824662200822324,0.19065575042184943,0.0888076401644339,0.18593466837179734,0.09299296901188016,0.30108190596051254,0.17629911009048033,0.2891986614072071,0.29020241828704374,0.09113026714696841,0.10040810408349583,0.10049062278492771,0.28811527815530547,0.18161479698027044,0.18578441128009573,0.18063743704867388,0.29117737318998155,0.2207090364822435,0.09931895587981711,0.09034778237841011,0.20078082054104965,0.21213599086133614,0.27946585059509027,0.28362895516225445,0.08945437709701144,0.09127794271473492,0.10345000574630303,0.11433546185527149,0.28956441397266497,0.28349996173099756,0.0,0.19417317785725,0.07824230720671323,0.09263865487938172,0.09208141920940927,0.09519573046663043,0.0865211083629083,0.1690125839229694,0.2837117849261314,0.22248183883229386,0.19324083668785844,0.2661821401156986,0.17645605116729732,0.2104453133989617,0.20186701296870316,0.24265388582890357,0.1797268141832284,0.1687047077220067,0.24327833670241197,0.2883745328631772,0.2741002123580925,0.22386237978706844,0.26044617373974566,0.1880378644224464,0.2804272517154681,0.2847777691811691,0.2402311126551249,0.22345603961124363,0.22585059893813852,0.21618852262910743,0.18052196968080536,0.1763553664945447,0.2882086854902615,0.2318504622568494,0.291471854451913,0.1793780427891038,0.31492219167545743,0.2234962630684705,0.27245106913967865,0.21154153474534534,0.17501673829374387,0.1848711808362179,0.20526383199551682,0.27392565701643334,0.22445306931401765,0.2487929139582596,0.20330511632239603,0.20752785778623847,0.19944013718463396
syn_Cd_0033,0.18834123418784718,0.2790656994953789,0.0834537279060447,0.18039203342772892,0.06356612080363022,0.18310041134418586,0.2980727558430806,0.0814678878823472,0.28086444466593863,0.29678099656941315,0.17885340087818358,0.16669689621149292,0.17953510749207183,0.2748961350052591,0.09410784588040373,0.0908235301648465,0.08037789984420622,0.284046538737909,0.313068293744808,0.21102773534687674,0.17803467130662037,0.12927565255447587,0.3000578750597133,0.28225883866556584,0.27560602471186935,0.18475110865750952,0.18920684675842153,0.18731157373711446,0.1878942327700745,0.2855247390694125,0.27951160675074116,0.19417317785725,0.0,0.19212220161445362,0.1843467130873068,0.1878936566745168,0.18877145192001882,0.17246374766332254,0.07208521490720227,0.2847959784693371,0.27015271573247424,0.20937142555756988,0.2692519660877437,0.1989163070874388,0.2798786339673822,0.27099747289155424,0.3275001640721146,0.21115930439593142,0.19682989284783614,0.33349263343287433,0.28744013875000035,0.27305647295546326,0.283848841093898,0.31640095208995306,0.22179890816931988,0.2718816650250827,0.2830819782565288,0.2852693038365455,0.2761873623949417,0.2790892009502163,0.271823201667292,0.211969354103425,0.2000507187415058,0.290007311741231,0.278074013544369,0.37840477918864135,0.204176466630811,0.31090969486599573,0.28866083346936466,0.27661130373334386,0.2742070343744958,0.20282631992749106,0.21631434434933333,0.27247432910744906,0.26792555357300674,0.3176835373986301,0.3358424578495027,0.2704180725264399,0.2625680865667297,0.23051322441384586
syn_Cd_0034,0.11603512153306765,0.30422629830909415,0.17483870509897093,0.09688314726866501,0.1858836511943425,0.09275791691328457,0.32255834327820554,0.17138598710492411,0.31161677059020415,0.3146698867855232,0.0882542817567672,0.10843895282143895,0.10712587246308983,0.30669068400066835,0.17524361851475773,0.17460597460690816,0.17749861476452042,0.3153466428470298,0.22434250074968845,0.09379653280717765,0.09175705809320425,0.19632746287047462,0.2199307415971771,0.3013821117101512,0.3006810392964547,0.08852239365113161,0.0892964066712191,0.08893429127587656,0.10731647418114161,0.3062446769530531,0.3083290012471328,0.07824230720671323,0.19212220161445362,0.0,0.08485103347275522,0.08993949179996248,0.09122301188606613,0.0924950280813199,0.1720149666655424,0.30368309740657606,0.23987698364573812,0.1921443254622922,0.283744065856834,0.1763321652168302,0.23209529489800118,0.2276551291263392,0.2475610659192406,0.186561404251172,0.16958176595463795,0.2515426756746275,0.30434126911792314,0.2944558578149108,0.24438869841930502,0.2761581973767687,0.19418921361734004,0.3019274222819834,0.3009806161217908,0.255248050243146,0.2405775284980259,0.2427113217478711,0.23285686627385976,0.1850844351291921,0.1798930849317165,0.3103633611204282,0.23933559825340867,0.29626823310340517,0.18315457026178067,0.3333419772816495,0.24640301081774502,0.2918970062239061,0.22978987432068684,0.1801519306222665,0.18218509397856733,0.22801856652509717,0.2908026482411467,0.2327541718946618,0.2536420847620104,0.22664908268512504,0.22076671602587858,0.20013754302057388
syn_Cd_0035,0.09329306225614281,0.3103416185503439,0.18063129754225296,0.07803549535447994,0.17856048302765662,0.07868096324065607,0.32893289940011244,0.18307873870903768,0.3159761997257892,0.3181747568336031,0.07645093648390817,0.08932033351100674,0.0851449138514664,0.31130069686195816,0.19132766733388007,0.18705822949764672,0.16753668783817208,0.3243355757817021,0.23138293519382597,0.09872958606690037,0.08553416616358321,0.195264957991917,0.21998732829835327,0.3107012786045982,0.3075928319814805,0.07418347325025418,0.08401481443373861,0.08115492716738817,0.09882886093401769,0.30800461122545875,0.31024155639126477,0.09263865487938172,0.1843467130873068,0.08485103347275522,0.0,0.07968032959733706,0.07692065877107063,0.08350433239196428,0.17267455799007836,0.30970617542233747,0.22352014025810502,0.18231039189323398,0.2897938561917079,0.18753481462848554,0.2313038635832955,0.22433974672576656,0.2555770885697432,0.20046127068025157,0.18270255199329238,0.25676381442206886,0.31629031726199647,0.2978192936726842,0.24259569742611534,0.28691893209864855,0.2060236259496696,0.3044136280305996,0.3074640932132864,0.2418910765353471,0.23355122219233518,0.25465189542920763,0.2295941623439223,0.20031926669595265,0.19419809829923504,0.3140452359369897,0.25398424796876024,0.3035554025170248,0.19764930773556477,0.3419043297453521,0.24831577110627118,0.30001717520024673,0.23040982401261142,0.1894073914322816,0.19695060425012736,0.22714905490398785,0.2959417017019992,0.2339086298435568,0.258762847443423,0.22441062206755724,0.23205817077298574,0.21804355446497886
syn_Cd_0036,0.11612676179033435,0.3074877069195016,0.16755727203552595,0.09518857823298696,0.18374223185681912,0.08653244440982219,0.32934358847185163,0.1680525443838024,0.3133783493342121,0.3180646061338789,0.10022189925749819,0.10113151166097402,0.11267989249379,0.3092175462373223,0.17422902242315672,0.16893864040649229,0.1693766064168045,0.3144837470335304,0.23039373168912572,0.09974239356261527,0.09988176026504626,0.1823212641489116,0.2207239148634991,0.3018549863494181,0.3074420533558698,0.08896764376984823,0.07978247963071242,0.08220419861878014,0.10625456724089226,0.30770034647690975,0.3074291507262762,0.09208141920940927,0.1878936566745168,0.08993949179996248,0.07968032959733706,0.0,0.08297711293725794,0.09816001869090994,0.16819639861443278,0.30593269050363,0.2426489968463818,0.19482929884912123,0.2784906439164366,0.18371055584756488,0.23389699357380297,0.22661987933331942,0.2535867793697998,0.1980609618338055,0.17640567370208726,0.2577146578243616,0.3062345943703306,0.29390310202974457,0.251518770348718,0.27733601843088346,0.20155537028967463,0.29828119664997416,0.300716701161341,0.2571226336917513,0.24039908934240026,0.24713525713177165,0.23407179116238874,0.19728439600462822,0.1909755503256277,0.3066931243711468,0.24547086946399338,0.3034527645027901,0.19254521326399235,0.33111421346726166,0.24898032267058762,0.29040676825701844,0.23051014898357466,0.18630464173211841,0.19415984362114494,0.2309275539333434,0.2877344386364491,0.23336847859436927,0.25802157116904634,0.2312639385143082,0.22699940285482614,0.21372097298708295
syn_Cd_0037,0.10026064346956429,0.31801354114293817,0.17685102453101856,0.08503162402093407,0.18317979137250653,0.08310444219573047,0.34064495659309757,0.18564443803305453,0.32562573475966405,0.327249923664943,0.0857052815888411,0.08707722532731763,0.08849166488206187,0.31804074575810615,0.18704137941276233,0.1871774574216743,0.1637990658152324,0.32820122542896757,0.24414396868378738,0.11049700237513049,0.08801303266799411,0.19852367231988538,0.2322377247212601,0.3138048236159178,0.31680640905226404,0.08508202262731056,0.09405203774883074,0.07784393404691395,0.0918292907695329,0.31921200165051106,0.31747650654104514,0.09519573046663043,0.18877145192001882,0.09122301188606613,0.07692065877107063,0.08297711293725794,0.0,0.08248350787917899,0.17658619861831693,0.3152262949639629,0.23713521774930366,0.18569555242680152,0.293752504693134,0.19672480241008727,0.24914937151000296,0.23710362241484426,0.2688612252648884,0.20037314554892552,0.18212308444841022,0.27464415019706684,0.32163357278989624,0.3037882908120519,0.26139055901650476,0.2959449379973477,0.21055082835760916,0.31173738194214684,0.3140779287618577,0.2566511889257303,0.2504868121517852,0.26302215227717896,0.24624992904617687,0.20286893056579344,0.19570196270611467,0.32070170563836614,0.2594675119770567,0.31426930952859744,0.19754938082732076,0.345260324862388,0.2601013434403817,0.3046902707289884,0.2444264530992087,0.19174325738752918,0.19971236891722988,0.2430747603966679,0.30284409237806303,0.24883961193262433,0.2740498177940496,0.2394587802251353,0.242186395183423,0.215612249134924
syn_Cd_0038,0.08534663243849216,0.29793009357130906,0.18263175687198796,0.07050408838581945,0.15785546710553156,0.07453319911942179,0.3147305697696284,0.18643106947075277,0.30155911812078096,0.3036959296230313,0.0866908621260286,0.06769703517781665,0.07487798905148355,0.2970948485581508,0.19526040035749498,0.19144407860820584,0.14829848986864855,0.3106428893757877,0.24439158867813085,0.1250192658497244,0.08240799608011802,0.21132850676089873,0.23460317639964534,0.3030511401503506,0.29403050859939517,0.07949934914305452,0.09942502712615132,0.0880336879649827,0.08286854790131466,0.2941271278083765,0.2980146935893533,0.0865211083629083,0.17246374766332254,0.0924950280813199,0.08350433239196428,0.09816001869090994,0.08248350787917899,0.0,0.16266904561440512,0.306258961576142,0.2138681491932082,0.18128607309773676,0.28031420233624793,0.1849981561426501,0.2291991367170356,0.22442354855033878,0.2724806509811521,0.20082276225120527,0.18403564072633924,0.2744996615979574,0.30781821510406154,0.2801817431274695,0.24162789845215502,0.2966712848018257,0.20867564302087355,0.29306987487854613,0.29933008702639524,0.23677898434340852,0.23075845751994653,0.25932200215587947,0.2269686797167479,0.19765964798433347,0.19161089012415405,0.30361901228365595,0.2586500319779381,0.32301733703118685,0.19663405028315775,0.33193570694087077,0.2467886911486445,0.2906391236230784,0.22385056773826734,0.1921526726302669,0.20130535131111252,0.22473380858399747,0.28104252612487873,0.2529154434873702,0.2760935500881529,0.22119393359553446,0.2415906447657873,0.22348366023637786
syn_Cd_0039,0.17703320538029887,0.2693067977714216,0.07745566296274346,0.16619254416396267,0.07294333439613827,0.1689582638841962,0.289435061023623,0.08168559353778121,0.26957569959507216,0.286481103469013,0.16757662497306247,0.15511691914748535,0.16942855395031894,0.2689152321261059,0.09475436075138755,0.09328037174809624,0.08020574573247463,0.27337200829721253,0.29586990526484164,0.19114053891185878,0.16683426179417754,0.1265820901479975,0.2835212625280995,0.2718125742902575,0.26682643637929354,0.17140674177620094,0.17082833790141463,0.17579186249694406,0.17636728745603078,0.2761362491342469,0.2691461835300261,0.1690125839229694,0.07208521490720227,0.1720149666655424,0.17267455799007836,0.16819639861443278,0.17658619861831693,0.16266904561440512,0.0,0.27764035588446145,0.2567903926399632,0.19862956282903568,0.2508364207306238,0.1829963014230009,0.25843440157958786,0.2510767381345851,0.31104485994154407,0.19402690935732872,0.18086935311885982,0.314131547566329,0.27451494340558374,0.2582142959675439,0.26285289579531834,0.2943224712668097,0.20616500593430576,0.2600119344295333,0.26952563109380073,0.2719095851346705,0.2570380417415138,0.2565418844334992,0.25250119086521716,0.19787235895680996,0.1808522523242308,0.27357414692053317,0.25587497589411445,0.35773172641827367,0.1914398840483746,0.29769224264261995,0.26990054798586155,0.26232049122010836,0.25501095993703565,0.18740888823300364,0.19734587546513568,0.2498396895257137,0.25487484188713505,0.2954787272597202,0.31530177671606835,0.24936261414736532,0.2389987987976474,0.21265160841519434
syn_Cd_0040,0.32538497041107795,0.08301434528899858,0.29407887919943876,0.30756969094087083,0.2849423698294246,0.30981867857784395,0.11282325492812223,0.28276619542785797,0.10733015113695966,0.08216856544869856,0.3097772420102341,0.2990939642306421,0.31185684225481497,0.11727082523471413,0.2876225982781054,0.28086331340857984,0.28614998532380176,0.09088296120182668,0.3470197648327178,0.3159114289835374,0.31276072081241574,0.2928459053599394,0.34957052746703227,0.07102768510527327,0.11395232870749826,0.3188888787618363,0.3079120319425253,0.32269496460346647,0.3227295206731677,0.12706869502870063,0.0891560110259593,0.2837117849261314,0.2847959784693371,0.30368309740657606,0.30970617542233747,0.30593269050363,0.3152262949639629,0.306258961576142,0.27764035588446145,0.0,0.3024877864431545,0.2881944647859465,0.2769209080652545,0.2674606034321762,0.27844281571943497,0.27386606028407423,0.3675330457329975,0.2686122072153421,0.2743918055302928,0.3786748396916691,0.26082861688577164,0.2655902543051745,0.28672040860818315,0.3219410843746998,0.2826648474599609,0.25605619770300325,0.26679456052343187,0.30833117391021453,0.3002647937803245,0.29665812470254344,0.28457772103522944,0.27044159202383944,0.27540351593084894,0.2511674316288649,0.30851233014184054,0.3885879056489227,0.2813217607802576,0.2645983180239354,0.27316287618140644,0.24153720557165353,0.2883036971517419,0.2761968081610837,0.27997158334531225,0.27457371246944956,0.26314400133474247,0.3563403031948897,0.3559977255787775,0.2629854927968904,0.2881646015620258,0.28539940214664417
syn_Ni_0001,0.23678843975490513,0.2870946068747259,0.28627900163116815,0.21365098484122713,0.25592668816838837,0.22784885652169595,0.27537208434943405,0.2835074680524411,0.2770948024433757,0.2890142025218053,0.23913916683027575,0.20633881169232376,0.2174976214841483,0.2649498264889856,0.2946243112863519,0.2860744007824383,0.24794228100189045,0.30047692139875265,0.278376196310557,0.2658268017877037,0.22500146301541216,0.30467588783907334,0.2617342950650002,0.3116384253136706,0.26765624953393324,0.22277767900142134,0.25731447988692324,0.23692411316636186,0.23249248570889644,0.2600937396814073,0.2865211856681087,0.22248183883229386,0.27015271573247424,0.23987698364573812,0.22352014025810502,0.2426489968463818,0.23713521774930366,0.2138681491932082,0.2567903926399632,0.3024877864431545,0.0,0.17915556986560435,0.2973909166806959,0.1919711013589244,0.08366995281445219,0.09917411457979099,0.3027626872278308,0.22281083185163778,0.2252218540005581,0.2989210265975812,0.31337902777274484,0.27772540019249314,0.08359032680944026,0.28651836153428767,0.21744075552885964,0.27715018923596346,0.3007516273979059,0.0737332590105637,0.06406409162797251,0.2469446211003372,0.0664137579825326,0.21749017796558934,0.22046904514096896,0.30109245770824444,0.26564467759672517,0.3394359112225486,0.22465192549973623,0.31368195673744076,0.10452552461862662,0.2859625149467093,0.06998468698705444,0.2220999911243933,0.2295769721882816,0.07884309214300897,0.2780515413079528,0.2776027871883163,0.29268114193329225,0.09304503115254212,0.23012635135642093,0.26870467585404567
syn_Ni_0002,0.1991634545815126,0.2740474928794023,0.21168496888069704,0.19178127908015083,0.2047074963163462,0.18220403816738467,0.2824309592780397,0.2174891954754292,0.27762227709568116,0.28723619959821767,0.19556388890916607,0.1732270679752801,0.18832342863732662,0.2733544152425592,0.21886453721676424,0.22182146937831168,0.17546449500918282,0.2837063198312449,0.28223298501921146,0.21529268954295724,0.1741563128079668,0.2385413392173255,0.2787569673185713,0.2824521033570201,0.2632340997941504,0.1916619282067787,0.2131575519020078,0.1901525828918206,0.1855711618851372,0.2718571184823696,0.27432858134583815,0.19324083668785844,0.20937142555756988,0.1921443254622922,0.18231039189323398,0.19482929884912123,0.18569555242680152,0.18128607309773676,0.19862956282903568,0.2881944647859465,0.17915556986560435,0.0,0.2620755314186662,0.0858373471196478,0.19951530229970021,0.1906545685006811,0.3047078030089099,0.11448518904759843,0.10118534363803627,0.3008068097150663,0.2743881474318607,0.25951963278706985,0.20480130633414478,0.2176826976555987,0.08890953693943902,0.2631623213423941,0.2707489367900507,0.19906136095876345,0.19701207992117237,0.1779394276186566,0.19023926110488915,0.10751150471478153,0.09293182845935885,0.27899589515214784,0.19062138151539476,0.345696604435867,0.0948185339708792,0.2966770412247389,0.20890644811010542,0.2575957772171858,0.19475239704522518,0.10031554960100546,0.10391259585744252,0.18939161682408198,0.2551018449544133,0.28020528929318855,0.3014382457253746,0.18260165894820887,0.15319318631492046,0.14179499113098104
syn_Ni_0003,0.30670620966049367,0.26517992248024547,0.26328386981382923,0.2862549591550816,0.2697311845474278,0.2815555551605998,0.29096855988956505,0.2730514284140882,0.27168686785549556,0.2801598527574643,0.2920017432953246,0.2795140883142462,0.29392760410150354,0.28643360615246427,0.2710348856079229,0.2789473546138403,0.2661980996976132,0.2599025252268134,0.3268246968830902,0.29864307903713694,0.2851037787283499,0.26539236255851134,0.3313314033546365,0.263228484797157,0.27824168465369686,0.2974145270204906,0.2937745398765931,0.2923455248582257,0.30173534066043706,0.2848784259457479,0.27734476732927993,0.2661821401156986,0.2692519660877437,0.283744065856834,0.2897938561917079,0.2784906439164366,0.293752504693134,0.28031420233624793,0.2508364207306238,0.2769209080652545,0.2973909166806959,0.2620755314186662,0.0,0.23588594562891527,0.2839372420166807,0.2741752233818926,0.34090322089927483,0.23115127144240696,0.24505208801311176,0.3559251698706019,0.12069902676040388,0.11884843457293509,0.2924640911151027,0.3137844238617823,0.2378983913797166,0.09005288292443356,0.08205601915518547,0.3090832287614459,0.29673147981266285,0.27744947596091935,0.28857638368935334,0.22973033005701407,0.23982554257505273,0.10049080044074496,0.28170387643320616,0.3703974692893845,0.2379875448605611,0.11019221556972587,0.27801404215580255,0.10456943273696387,0.2883644580671536,0.2334440344562852,0.24234806540870105,0.2756613187267407,0.08997625435029866,0.3324340325616351,0.34032569744790137,0.2719420074158707,0.2610913148954216,0.2630502848295399
syn_Ni_0004,0.2088560286013217,0.2510654155347314,0.2021790465643909,0.19631105254476508,0.1952953093905438,0.18609614440184577,0.2603206450121936,0.19579293496344227,0.25755866534499816,0.26830717347963073,0.20175075050729235,0.17625545312129287,0.19765622851389572,0.25422729552630874,0.19800883772363734,0.2006780560551398,0.17555473228254434,0.2620886923745258,0.26715951007027866,0.20328867706332054,0.183856274312804,0.2240447734298359,0.2605174576579463,0.2615208639897412,0.24052388619431733,0.19795393291040567,0.2024262067938611,0.197508187096117,0.1986193383576478,0.25753343521194205,0.2561754659231546,0.17645605116729732,0.1989163070874388,0.1763321652168302,0.18753481462848554,0.18371055584756488,0.19672480241008727,0.1849981561426501,0.1829963014230009,0.2674606034321762,0.1919711013589244,0.0858373471196478,0.23588594562891527,0.0,0.1867021530862053,0.1816776832694232,0.28828606154770037,0.08711267302396739,0.08105436254930146,0.29038215491314834,0.2392166584191604,0.23462971138571176,0.19424757311016752,0.1880539476912787,0.07349556690271171,0.2329916087526389,0.24187711439605397,0.20850584712470674,0.19343354724702616,0.1489796275619784,0.1844434199613799,0.08369907662889932,0.06420277385066217,0.2537607763047902,0.1592010352751824,0.32896078857670186,0.07367485488063485,0.26681343670913543,0.20038440476273717,0.22541254367353247,0.18475817903436487,0.07511893094491753,0.07756801008179713,0.18189284060114785,0.22387154567087658,0.2678458309876117,0.28660644607422814,0.17801074827780053,0.12974496930930804,0.12224645942500334
syn_Ni_0005,0.25560221848512493,0.26217382927530397,0.28695149635821654,0.22708692292819357,0.2677060854158854,0.24132608177793066,0.2524202138316909,0.2769062929712677,0.2531814492216201,0.26371404381746244,0.2489780034800942,0.2199307624295045,0.23767366973873866,0.2545049975631228,0.2812637509253175,0.2770740123386458,0.26195776362329715,0.272245795471799,0.2596180377567836,0.24780889239739873,0.23919411553354902,0.29078354883541346,0.23830558334606317,0.28382375063575827,0.25479762178067755,0.23348869277417564,0.25514677074161324,0.24708103829714803,0.24634366596369242,0.2556348295053807,0.262831911677813,0.2104453133989617,0.2798786339673822,0.23209529489800118,0.2313038635832955,0.23389699357380297,0.24914937151000296,0.2291991367170356,0.25843440157958786,0.27844281571943497,0.08366995281445219,0.19951530229970021,0.2839372420166807,0.1867021530862053,0.0,0.06958096039246763,0.28046052527885773,0.2127739156243768,0.2159557723049121,0.27633768038066475,0.29762419375085597,0.27631291204373526,0.060707166514177895,0.26527094916624167,0.20454129965116163,0.26473215612431994,0.2894168428163099,0.0887633093968577,0.06455730394504244,0.22637911507257005,0.05301807929663119,0.2028936546506957,0.21027254495747696,0.2874857627802564,0.24596627300669124,0.31597672422710427,0.20590318771490654,0.2959662810920393,0.06311452218195772,0.2731606472054774,0.05417721547156498,0.2123761066707792,0.2173068726965672,0.05496290579602848,0.2693929053002441,0.25168031559197684,0.27091359484034355,0.06145845054490158,0.21181154986278522,0.2567611472058803
syn_Ni_0006,0.2549726510137828,0.26203715423037116,0.27780934684491754,0.22419181241100275,0.25939747131928315,0.23101922335083333,0.26561911476789873,0.26837493800494616,0.26385376064037025,0.26843860348659626,0.23901573197240833,0.21649524582371182,0.23341602194854857,0.2635416491200726,0.2730986651689776,0.2717974078000462,0.2520741372254179,0.27107596429218095,0.24579556958411455,0.24194438091713577,0.2286986191703422,0.28018006875890566,0.23185810323135148,0.2770258257401746,0.2656899179630303,0.22578061531235147,0.2453058036189345,0.2370641179867465,0.23841494194597213,0.2670097548248854,0.2600354497012819,0.20186701296870316,0.27099747289155424,0.2276551291263392,0.22433974672576656,0.22661987933331942,0.23710362241484426,0.22442354855033878,0.2510767381345851,0.27386606028407423,0.09917411457979099,0.1906545685006811,0.2741752233818926,0.1816776832694232,0.06958096039246763,0.0,0.271960743496435,0.19960251923193345,0.20765747277993432,0.26918437261030503,0.288254952624699,0.2764551110079201,0.07730546861012436,0.2560411260665043,0.19692720215377552,0.2589658746475457,0.284746667922012,0.10901012863216666,0.09068377002921854,0.21552596248355482,0.06903677133919356,0.19677319112659933,0.20451817005883927,0.28323847933017776,0.23333195832352027,0.309537693797191,0.2007981560852584,0.2982240291708114,0.06911164544015899,0.26594137612155827,0.08067132769559153,0.2044478809820088,0.20880428002418816,0.05797920996095369,0.2691794751137985,0.24532390102674018,0.2620116546912541,0.05775525790181311,0.20709201931000193,0.24588171138232365
syn_Ni_0007,0.27748009641472116,0.3719043841426675,0.3200650754906766,0.2687788737020365,0.3251415278849863,0.27695066175254,0.3924567811894194,0.3129839564557331,0.3832087275069272,0.37891656362280945,0.2740192246858532,0.2785152908353729,0.27006369039116396,0.3903427971569943,0.30698081874067534,0.3134983880300357,0.3160408753750871,0.3730823137515492,0.1569946538009207,0.25307772658181826,0.2667616992398165,0.2972887714168037,0.11339233874019615,0.3636742856361654,0.3835491326127684,0.2595691253784405,0.2666437233640059,0.2698367951505271,0.2821132612865379,0.38836802286713545,0.37738034489693545,0.24265388582890357,0.3275001640721146,0.2475610659192406,0.2555770885697432,0.2535867793697998,0.2688612252648884,0.2724806509811521,0.31104485994154407,0.3675330457329975,0.3027626872278308,0.3047078030089099,0.34090322089927483,0.28828606154770037,0.28046052527885773,0.271960743496435,0.0,0.28450512271870265,0.2892442787346012,0.08529798880385756,0.35680457739682736,0.3655583515036283,0.28657179573999886,0.32837311766956045,0.2908394465306429,0.3513997101115945,0.3477612842379201,0.32168616176891557,0.2926976066871524,0.30831212125819507,0.2868921137968557,0.28000839323722865,0.29172759090348704,0.357008584353189,0.3139933075713447,0.11945329315454298,0.2859501420556533,0.37884790557361314,0.27262878865110945,0.3439573074906153,0.2913437908344533,0.2913260817834432,0.28358394963354716,0.2769288516299596,0.35293374262187,0.08471402135960737,0.08812294426527181,0.27132194770155765,0.28762504815254586,0.3023626507547166
syn_Ni_0008,0.22176514062098102,0.25625972513543377,0.20898463512789306,0.21073072487924893,0.21191675447354522,0.1991271990331174,0.278598147353061,0.20555512403992143,0.27038691219975103,0.27584752839455945,0.2096559134130802,0.18774137461697557,0.2070101770425288,0.2789481043118394,0.19731712674867005,0.2108987912723728,0.19100113464591126,0.26354257165091216,0.2567421307354985,0.20304651902720483,0.19710170776396507,0.2057931472188739,0.26950422848344013,0.25918446529710865,0.26520819538414286,0.20970134913504013,0.21348905498348175,0.20438124782453834,0.20362042480856687,0.28680021168560793,0.2625847405548868,0.1797268141832284,0.21115930439593142,0.186561404251172,0.20046127068025157,0.1980609618338055,0.20037314554892552,0.20082276225120527,0.19402690935732872,0.2686122072153421,0.22281083185163778,0.11448518904759843,0.23115127144240696,0.08711267302396739,0.2127739156243768,0.19960251923193345,0.28450512271870265,0.0,0.08170157950987855,0.2983510866300334,0.23003493284064708,0.25713360639440536,0.2209867579837225,0.1705931624321735,0.07403901951348775,0.24414843896705335,0.24039367275269508,0.24027167327977464,0.2265516593115122,0.1347842806357371,0.21672628260777207,0.06185825206501942,0.0703250820547634,0.2470296839824228,0.13176482617563698,0.31563866320934847,0.06995027095406,0.2700978585779601,0.21128430998829134,0.22971314906839782,0.22075932011335792,0.0685708358186857,0.06337170035993551,0.20586444123274042,0.24819311433252056,0.2700180865490998,0.2805591975160665,0.19724501489640334,0.11649906483785048,0.09091187644059716
syn_Ni_0009,0.19684286343077376,0.26008652319791714,0.19218389632229493,0.1899872791792512,0.19928494210201794,0.17995872498918247,0.2761228371032582,0.187779088145414,0.27006282883231947,0.274522943490589,0.1892853449562646,0.17806354873757674,0.19136736986189676,0.2735554226552746,0.17957241863621334,0.1933999601663602,0.1750591106636683,0.27359762145490824,0.2652156261303882,0.18418348166504775,0.17720995244868407,0.205786980426844,0.2677502004408606,0.2682014305747627,0.2618075445040476,0.19076513611117227,0.1900896974846095,0.18268055868125208,0.1878329432404153,0.27916545133984016,0.2619201938722659,0.1687047077220067,0.19682989284783614,0.16958176595463795,0.18270255199329238,0.17640567370208726,0.18212308444841022,0.18403564072633924,0.18086935311885982,0.2743918055302928,0.2252218540005581,0.10118534363803627,0.24505208801311176,0.08105436254930146,0.2159557723049121,0.20765747277993432,0.2892442787346012,0.08170157950987855,0.0,0.2875845196518515,0.2501968297596901,0.25421479411181197,0.22250430336171406,0.18674240693325483,0.07353131353188867,0.2568111162864145,0.25635803827715914,0.241415449407268,0.22687852053543045,0.1519412168161217,0.2178891998703836,0.08387983498062569,0.053919110816722814,0.26105628223972815,0.1663858605466536,0.3280852573038673,0.061530868518926654,0.28461165671820615,0.22592560643789833,0.2468365718922424,0.21730701684371548,0.06800770977539959,0.07111444996810455,0.2066662842576011,0.24578732633044834,0.2686158275957638,0.28752524380985794,0.20333871467613307,0.12905436272173265,0.10090478238115357
syn_Ni_0010,0.27699353636202667,0.3785017359911108,0.3259020009437086,0.26747593137108067,0.32761437482331324,0.27541452405822364,0.38984200383787326,0.3163660079672999,0.38215684605676,0.382284626468677,0.27484101750012524,0.27862661381902865,0.2705829743939605,0.388720371213961,0.3136639705396715,0.315669445343414,0.3188510237414568,0.3831529597858271,0.19846902897464444,0.2529660092532642,0.26873075306371813,0.3099923040350902,0.13466148043913348,0.37701015713478875,0.380696267263326,0.25860821162695785,0.267648419346103,0.27439083309327505,0.2814377493844858,0.3838170695326997,0.38124792661159107,0.24327833670241197,0.33349263343287433,0.2515426756746275,0.25676381442206886,0.2577146578243616,0.27464415019706684,0.2744996615979574,0.314131547566329,0.3786748396916691,0.2989210265975812,0.3008068097150663,0.3559251698706019,0.29038215491314834,0.27633768038066475,0.26918437261030503,0.08529798880385756,0.2983510866300334,0.2875845196518515,0.0,0.37761616849047486,0.36319881614006555,0.28249187405940906,0.34673717175905666,0.2965191590136659,0.36571555428966956,0.36230521785492625,0.31662908774420634,0.2895720567228386,0.3232945141074025,0.28525171480139705,0.29405522155929054,0.2943297233149214,0.37061742413776777,0.3323218289766606,0.13198400816444558,0.2902807851931135,0.39957626185001077,0.28181935195029606,0.361575620640925,0.28842436349051837,0.2966889896767569,0.2920300126201265,0.2744497432254954,0.3559725136638996,0.08107028023391907,0.10233690273032717,0.27135719146789206,0.3027717372278995,0.31358296870680386
syn_Ni_0011,0.33309679269467213,0.25646882997579906,0.28634873241659703,0.3105850495341672,0.28796450803773577,0.3089320358069487,0.2776866289735803,0.29235504905846726,0.2633818457268251,0.27458772146508276,0.31535044324252703,0.30127136938115806,0.31894496891056834,0.2739769128360135,0.2856412457586605,0.2972623067473638,0.28635269070799646,0.241256257588595,0.3240265011261792,0.31699398504546134,0.3087828111323081,0.279765640562698,0.3460110106314656,0.24478034375394955,0.26533283506150507,0.32350225806301364,0.3168233792226351,0.32013723232220503,0.3295157903072229,0.2750665125738288,0.2691820059892607,0.2883745328631772,0.28744013875000035,0.30434126911792314,0.31629031726199647,0.3062345943703306,0.32163357278989624,0.30781821510406154,0.27451494340558374,0.26082861688577164,0.31337902777274484,0.2743881474318607,0.12069902676040388,0.2392166584191604,0.29762419375085597,0.288254952624699,0.35680457739682736,0.23003493284064708,0.2501968297596901,0.37761616849047486,0.0,0.1489545307203388,0.30426025446694727,0.27435503497589614,0.2438631985189103,0.11129923370451421,0.11208080841045778,0.32310035944320115,0.3068905938656535,0.24681805239896584,0.2988838050756692,0.22104673950674386,0.24320620266441098,0.10833409627658584,0.24902935389148767,0.3591641928720444,0.23687348609353817,0.08781903511080101,0.2879783878199477,0.08875479001203482,0.3002235355401279,0.23728393260459285,0.24256788086886144,0.2855896762541804,0.12032010859542963,0.35342928709956273,0.3546627822182847,0.2838857370052711,0.2274746874301039,0.2575201912170963
syn_Ni_0012,0.3062253195501392,0.2415172582808773,0.28416890520270444,0.2830713373416283,0.27165072693983167,0.2892756906062886,0.24670954406232617,0.28260399488331245,0.23104023861519582,0.24641466854180843,0.2958594186003028,0.2739950350656925,0.29210342007881057,0.23522442764184445,0.29147705359564946,0.29165170901143306,0.2740456363908594,0.2498565388291198,0.3633943465190095,0.308066757144162,0.287486065187406,0.30508456446633997,0.34115437334042215,0.2589170690384687,0.22785279592444,0.2975026183154982,0.3010041535220754,0.30379326804503715,0.303778319703531,0.23441265300840636,0.2464791460870266,0.2741002123580925,0.27305647295546326,0.2944558578149108,0.2978192936726842,0.29390310202974457,0.3037882908120519,0.2801817431274695,0.2582142959675439,0.2655902543051745,0.27772540019249314,0.25951963278706985,0.11884843457293509,0.23462971138571176,0.27631291204373526,0.2764551110079201,0.3655583515036283,0.25713360639440536,0.25421479411181197,0.36319881614006555,0.1489545307203388,0.0,0.2777298376947339,0.3474368186318498,0.256426072155253,0.1032401602543404,0.09845144747038348,0.28358779128665945,0.27471893070076675,0.3140171343954594,0.2696475317908145,0.25092239405264,0.2442129948921839,0.08280608331043672,0.31853993101065076,0.3994835217787048,0.2507665519903572,0.13520506100683452,0.2856827062539096,0.11067341666495903,0.2689587865836863,0.24364931878573765,0.26203694636956587,0.26495943475318984,0.07360259907341059,0.3430916394520253,0.36374423287390545,0.27210537371713994,0.2980776746529354,0.28904657870410855
syn_Ni_0013,0.2649070950884309,0.27260170577754284,0.29314653657222345,0.24189579075788928,0.271844348817646,0.2539135812043603,0.2612917346456825,0.27846754868467677,0.261792542762278,0.26945141684052204,0.2621282020437551,0.23403278331096095,0.2439255133317123,0.25871660572082184,0.2875650802329027,0.2833857936685623,0.2640635976343104,0.28486022486275236,0.2637924066625337,0.2630609489932394,0.24947879666449857,0.3004096255347039,0.2446102269601678,0.29459393533676537,0.26027705573948945,0.24480088182942303,0.267757219244823,0.26097654409022636,0.26139819033744827,0.26001453349852643,0.2705083059147032,0.22386237978706844,0.283848841093898,0.24438869841930502,0.24259569742611534,0.251518770348718,0.26139055901650476,0.24162789845215502,0.26285289579531834,0.28672040860818315,0.08359032680944026,0.20480130633414478,0.2924640911151027,0.19424757311016752,0.060707166514177895,0.07730546861012436,0.28657179573999886,0.2209867579837225,0.22250430336171406,0.28249187405940906,0.30426025446694727,0.2777298376947339,0.0,0.27442551404335824,0.2117444805804037,0.27096331510191235,0.29410280804595657,0.07606263784981367,0.059467177554030304,0.2363640324325354,0.05768341042102012,0.21553955788031637,0.21817664246590202,0.29214589440275274,0.25635192299842763,0.324156905208709,0.2206363683703172,0.3054263618969628,0.07815885881590394,0.2803275891863635,0.0615896906950249,0.2208321285757967,0.22916790322130837,0.062138655749076226,0.27497258894661414,0.26263667124106616,0.27722097921492805,0.07756054574116067,0.22434386361509653,0.2704140446128591
syn_Ni_0014,0.31492465828950256,0.3201037452738555,0.30791065035567255,0.29879474403956297,0.31494357293590824,0.29919364641941754,0.3460042426687027,0.29478014508940925,0.3347040480959972,0.3359751420595418,0.299363695720507,0.2900712920786263,0.30126580583933105,0.3501350067252332,0.28622271438097563,0.2968851527647456,0.303725976809625,0.315265220067512,0.2870689508902444,0.28215984525090887,0.2912026104609951,0.29153851276442433,0.3191577917170966,0.3055255680116564,0.33271535590218587,0.29217764420800424,0.29508895635339094,0.29562576046139294,0.3091041828994911,0.3543757955984831,0.32768864373021156,0.26044617373974566,0.31640095208995306,0.2761581973767687,0.28691893209864855,0.27733601843088346,0.2959449379973477,0.2966712848018257,0.2943224712668097,0.3219410843746998,0.28651836153428767,0.2176826976555987,0.3137844238617823,0.1880539476912787,0.26527094916624167,0.2560411260665043,0.32837311766956045,0.1705931624321735,0.18674240693325483,0.34673717175905666,0.27435503497589614,0.3474368186318498,0.27442551404335824,0.0,0.17345931033899598,0.32339454886461544,0.32665664333576067,0.29575427564751633,0.2851977229559948,0.08831918408580101,0.27115854897893815,0.1712025773784589,0.18527484398062052,0.31488769041357056,0.08557061493746197,0.3256784967166746,0.1818889547975332,0.31507582395162564,0.26288346791020956,0.3006949698285141,0.271297267680547,0.18347265862262063,0.17154299846139015,0.26260155415947745,0.3391177392117196,0.3258733211659903,0.321823169619718,0.2519769355684037,0.10350663085095474,0.18018234930155794
syn_Ni_0015,0.2283155671545146,0.2660184754295789,0.21502398963791974,0.2192798948737442,0.21956215228841944,0.20659833097661323,0.2794859808208813,0.2138576705877905,0.2740009182504139,0.2835220016342119,0.21891511300820554,0.20103952370517403,0.2156678245043616,0.2793093009505798,0.20321184388721725,0.22075118315157408,0.1975285925559606,0.278415482901474,0.26502050368981317,0.20984595128111996,0.20156758338260672,0.21853979898039344,0.2663857348558054,0.27606017108032466,0.26675789270719047,0.21578058977219386,0.21930297236486399,0.20837881863022661,0.21443479239129606,0.28528081670243993,0.26958487049485985,0.1880378644224464,0.22179890816931988,0.19418921361734004,0.2060236259496696,0.20155537028967463,0.21055082835760916,0.20867564302087355,0.20616500593430576,0.2826648474599609,0.21744075552885964,0.08890953693943902,0.2378983913797166,0.07349556690271171,0.20454129965116163,0.19692720215377552,0.2908394465306429,0.07403901951348775,0.07353131353188867,0.2965191590136659,0.2438631985189103,0.256426072155253,0.2117444805804037,0.17345931033899598,0.0,0.2446750712626476,0.25034724464097413,0.23293591944828856,0.21880893552326372,0.13335668273236473,0.2069772653901232,0.07492614267069594,0.05863207763466123,0.2577604503748475,0.14907444859816676,0.3233928929911831,0.06266023565236142,0.2770837619124676,0.21254794187985898,0.2408028479944691,0.2087655557838833,0.06887710791895214,0.06719679454996956,0.1997440840269896,0.24448306580273058,0.2716368985592904,0.29042853864721463,0.19438318484173908,0.11341091628098385,0.11027983511623526
syn_Ni_0016,0.32184685710537403,0.24015376680541609,0.28089822730081965,0.2967571309255685,0.2737620743884193,0.29641316934455325,0.2531070580300254,0.28192712471423254,0.23653797773646734,0.2513261400679327,0.30415952352984854,0.2887426152818729,0.3090753058639354,0.2459335351396952,0.28372152130261535,0.28880465142219336,0.2715762496120547,0.24267967789511447,0.3418069018606675,0.3175412897296365,0.29798215493091534,0.2871816283649909,0.3299023174904185,0.2491828629711089,0.24035277550998707,0.30999217130106416,0.31077515497736385,0.31016973725481384,0.31811103007818237,0.24796114525606694,0.24534044231758886,0.2804272517154681,0.2718816650250827,0.3019274222819834,0.3044136280305996,0.29828119664997416,0.31173738194214684,0.29306987487854613,0.2600119344295333,0.25605619770300325,0.27715018923596346,0.2631623213423941,0.09005288292443356,0.2329916087526389,0.26473215612431994,0.2589658746475457,0.3513997101115945,0.24414843896705335,0.2568111162864145,0.36571555428966956,0.11129923370451421,0.1032401602543404,0.27096331510191235,0.32339454886461544,0.2446750712626476,0.0,0.07591359003184386,0.29000485583446456,0.274808853969501,0.2929378867180143,0.26578323373240414,0.22865786722923215,0.24530746117223703,0.08448504031805514,0.29464398092795463,0.38756340676609774,0.24016385854853683,0.08442254903425654,0.2617941484185536,0.07234831926858748,0.268286667117121,0.23863985618645372,0.25037975017288594,0.25704843204663796,0.0773106135681255,0.3431878325931289,0.35881107041138194,0.25368256415953677,0.2703863934270802,0.2718130633969567
syn_Ni_0017,0.3251395462267457,0.2491213856183901,0.28569983558413575,0.3002551240133844,0.28300031618235616,0.3002455104285664,0.2740704786743149,0.28806667505038475,0.25726243861208675,0.26952186592094046,0.3079993183193179,0.2952525632286203,0.3125536123848724,0.269011825854489,0.28746628261881624,0.2957958325285817,0.2805506363449453,0.24580526609104988,0.339931893668266,0.31747394879081287,0.3011954182344831,0.29261970991489183,0.335441674981454,0.2606701589726035,0.2597211251039864,0.31615622121294973,0.31287675132656684,0.31187580242021146,0.3221032249416538,0.2709630291528452,0.2659164442194487,0.2847777691811691,0.2830819782565288,0.3009806161217908,0.3074640932132864,0.300716701161341,0.3140779287618577,0.29933008702639524,0.26952563109380073,0.26679456052343187,0.3007516273979059,0.2707489367900507,0.08205601915518547,0.24187711439605397,0.2894168428163099,0.284746667922012,0.3477612842379201,0.24039367275269508,0.25635803827715914,0.36230521785492625,0.11208080841045778,0.09845144747038348,0.29410280804595657,0.32665664333576067,0.25034724464097413,0.07591359003184386,0.0,0.30705367886796014,0.29732424098212706,0.29409654361095017,0.29140064208629557,0.23287801095537247,0.24962244839880138,0.06514737917512517,0.29657022444048575,0.3833401220837362,0.24725389407207393,0.09648447732660552,0.2836437218826599,0.07871610568514044,0.2894767414886516,0.24512613387348292,0.251705650405828,0.27865377707859357,0.06547748003543293,0.3407929498398003,0.3486731098368991,0.2745803385329465,0.2722499722348236,0.2694457068144101
syn_Ni_0018,0.26313186438347236,0.28823638921061534,0.30120905135598214,0.2360475113156149,0.27432517588816496,0.2528011270886111,0.2690194968674181,0.29653809012498883,0.27558444825258693,0.2905315905398631,0.2589706620171189,0.2294613419876088,0.24419588987973773,0.2665225665309711,0.30840544340789017,0.29911681173676524,0.26528155669594694,0.30155822897767054,0.29948577859317593,0.2802578849261284,0.24514179201661207,0.3218594439251763,0.2781771649973133,0.3163904787644367,0.2662634405196038,0.24235791786811975,0.27679683588105003,0.25698853610208017,0.25862103617884136,0.26340263140783104,0.29154721142988227,0.2402311126551249,0.2852693038365455,0.255248050243146,0.2418910765353471,0.2571226336917513,0.2566511889257303,0.23677898434340852,0.2719095851346705,0.30833117391021453,0.0737332590105637,0.19906136095876345,0.3090832287614459,0.20850584712470674,0.0887633093968577,0.10901012863216666,0.32168616176891557,0.24027167327977464,0.241415449407268,0.31662908774420634,0.32310035944320115,0.28358779128665945,0.07606263784981367,0.29575427564751633,0.23293591944828856,0.29000485583446456,0.30705367886796014,0.0,0.06701672171566622,0.2569559066341066,0.07287905671433505,0.23387462813745777,0.23482438178853723,0.3048321078436118,0.2763974275639198,0.357194846606911,0.2387620302576223,0.31823246434432884,0.10846699985523511,0.2972940791890975,0.0748958727280018,0.23837415670686968,0.24597953724669355,0.09160834665441536,0.28710800953553717,0.29202310359253986,0.31220234952803594,0.10349540412285813,0.24356916839271875,0.28986277672652083
syn_Ni_0019,0.25881473568750263,0.2848719429872963,0.2853814382781223,0.22838274437751346,0.2644223103689472,0.24223027523623514,0.2708559971740512,0.2847388638350445,0.2725321013512704,0.28231757823713854,0.2497004805081164,0.21983394194496575,0.2394846393651039,0.26158107197425673,0.29429208692308056,0.28303409574536686,0.25577447217312776,0.29686049591142305,0.271979971420691,0.2638708712200268,0.23717018409358082,0.3056283099091195,0.24895605268624726,0.30782551885566933,0.2621421983161305,0.23443653813928064,0.26141660359208,0.2492967091218956,0.25022410922357946,0.25640571228206144,0.2852375983630866,0.22345603961124363,0.2761873623949417,0.2405775284980259,0.23355122219233518,0.24039908934240026,0.2504868121517852,0.23075845751994653,0.2570380417415138,0.3002647937803245,0.06406409162797251,0.19701207992117237,0.29673147981266285,0.19343354724702616,0.06455730394504244,0.09068377002921854,0.2926976066871524,0.2265516593115122,0.22687852053543045,0.2895720567228386,0.3068905938656535,0.27471893070076675,0.059467177554030304,0.2851977229559948,0.21880893552326372,0.274808853969501,0.29732424098212706,0.06701672171566622,0.0,0.24836303523672093,0.05567666946916179,0.21864892761909271,0.21977029773275508,0.29562851787466377,0.26386840639712056,0.3310168717396761,0.2213123608430302,0.3087540158114363,0.0838707700307045,0.28391980690550156,0.061884109694811715,0.2206344244656597,0.2309614084734929,0.07102830794097885,0.2759078488263017,0.2649362925125512,0.2837144517779897,0.08465250443816477,0.2300914486889375,0.2743669028148077
syn_Ni_0020,0.27895757963762696,0.28904756774576446,0.2732307677701645,0.2617077041711025,0.28042946343902014,0.2614345460308858,0.313558427385717,0.26187630475229434,0.30537257895072106,0.30868047211515387,0.2672469106230092,0.25315899387713137,0.26513518793871604,0.315719283906054,0.2551991445613113,0.2716160975817088,0.26247639299748815,0.28282823740423924,0.2617195655076716,0.25350375606465736,0.2545647757271481,0.2664786142867266,0.2958115392177267,0.27863274661337334,0.30198245123899836,0.2575435784791974,0.265224107582966,0.2640503488594721,0.2693673795786859,0.3234969640386193,0.29705205262448275,0.22585059893813852,0.2790892009502163,0.2427113217478711,0.25465189542920763,0.24713525713177165,0.26302215227717896,0.25932200215587947,0.2565418844334992,0.29665812470254344,0.2469446211003372,0.1779394276186566,0.27744947596091935,0.1489796275619784,0.22637911507257005,0.21552596248355482,0.30831212125819507,0.1347842806357371,0.1519412168161217,0.3232945141074025,0.24681805239896584,0.3140171343954594,0.2363640324325354,0.08831918408580101,0.13335668273236473,0.2929378867180143,0.29409654361095017,0.2569559066341066,0.24836303523672093,0.0,0.2286679681066595,0.13191870551400434,0.14823999120919437,0.2872133290816516,0.07536539798754174,0.3068256012050195,0.1440648149735084,0.2894548313272366,0.22570282678124984,0.27543496194046857,0.2336855335841503,0.14990802578536297,0.13463586658467255,0.22230049797660698,0.3060396756538585,0.3002598987727909,0.2945033341273445,0.2122404631855928,0.06899760588674321,0.1501978515068379
syn_Ni_0021,0.2531681592561519,0.26984056545974955,0.28050545194045706,0.22241189300211495,0.26156653722379886,0.23935323225733693,0.26236601398913945,0.2704114564290653,0.2615672240440788,0.2725067454304069,0.2461880107193466,0.21767089571513304,0.23359950472220384,0.25166953550778953,0.28097015820827914,0.2728362639582393,0.25337329994874724,0.2808988346450202,0.2666025069649815,0.2533183712002058,0.2316133568865311,0.29413350055150134,0.2451208570713212,0.2903458277643843,0.2542033387696194,0.22988952485352568,0.2533891925121054,0.24697234299265056,0.24684942764040246,0.2516631215452272,0.26896988554054346,0.21618852262910743,0.271823201667292,0.23285686627385976,0.2295941623439223,0.23407179116238874,0.24624992904617687,0.2269686797167479,0.25250119086521716,0.28457772103522944,0.0664137579825326,0.19023926110488915,0.28857638368935334,0.1844434199613799,0.05301807929663119,0.06903677133919356,0.2868921137968557,0.21672628260777207,0.2178891998703836,0.28525171480139705,0.2988838050756692,0.2696475317908145,0.05768341042102012,0.27115854897893815,0.2069772653901232,0.26578323373240414,0.29140064208629557,0.07287905671433505,0.05567666946916179,0.2286679681066595,0.0,0.20854260233339075,0.21100857489450153,0.29132246882582,0.2501538457240453,0.32769301211262813,0.2130129073550982,0.30331896644629897,0.07571386398573152,0.2766529085951313,0.05110843064433707,0.2144773055018144,0.22065163618748457,0.051880591250073944,0.2705206363815767,0.2628434782625218,0.27977323363904916,0.06914557415790283,0.21726663752217676,0.2650010105340123
syn_Ni_0022,0.21694621433551356,0.2553058304894241,0.20979760351145638,0.2115702204128413,0.21290440470553404,0.20125356320768642,0.2749759878117899,0.20673215049829002,0.2678649904911617,0.2755452728211681,0.20826118688811138,0.19000175626740592,0.20457433922110815,0.27818792926953995,0.1972430076965659,0.2150871495869044,0.1894382778372589,0.26432129819102335,0.2544215731577724,0.20403090252695047,0.1946677784957674,0.2108179189328804,0.26409279691215976,0.2629013915820174,0.26355197481749587,0.2133206693317829,0.21447722521606266,0.20426633611000944,0.20901816745444748,0.2812911788548627,0.26505783599457394,0.18052196968080536,0.211969354103425,0.1850844351291921,0.20031926669595265,0.19728439600462822,0.20286893056579344,0.19765964798433347,0.19787235895680996,0.27044159202383944,0.21749017796558934,0.10751150471478153,0.22973033005701407,0.08369907662889932,0.2028936546506957,0.19677319112659933,0.28000839323722865,0.06185825206501942,0.08387983498062569,0.29405522155929054,0.22104673950674386,0.25092239405264,0.21553955788031637,0.1712025773784589,0.07492614267069594,0.22865786722923215,0.23287801095537247,0.23387462813745777,0.21864892761909271,0.13191870551400434,0.20854260233339075,0.0,0.07851237453750466,0.2418221650157362,0.14156628976785432,0.3146699007158632,0.07258885630503295,0.2568428992140737,0.20615008642735877,0.21972373153807637,0.20559960718125053,0.0709412283458295,0.07229996525482224,0.19999850794739374,0.23982514270705985,0.26802974459121687,0.28089413478598235,0.18899696625608522,0.11593663260558573,0.1051835085539377
syn_Ni_0023,0.2106486943072282,0.2582402963539536,0.19544763514591276,0.20242304574229922,0.19855473414490607,0.19041783871770498,0.2715638100452742,0.1940106750512755,0.26689997526341447,0.2762336365964531,0.20249626092659206,0.1856608010504607,0.20122943617634956,0.2676995065534544,0.18556307178897977,0.19955325972064153,0.1763894985710923,0.2685042691537094,0.26980152482738456,0.19815108977732426,0.18410874815763129,0.2140445049415398,0.27114465844280783,0.2679310966781586,0.25262897657097333,0.2009991143881458,0.2061519523714918,0.194831334949514,0.19880709545315878,0.2748834147679008,0.26307874759582356,0.1763553664945447,0.2000507187415058,0.1798930849317165,0.19419809829923504,0.1909755503256277,0.19570196270611467,0.19161089012415405,0.1808522523242308,0.27540351593084894,0.22046904514096896,0.09293182845935885,0.23982554257505273,0.06420277385066217,0.21027254495747696,0.20451817005883927,0.29172759090348704,0.0703250820547634,0.053919110816722814,0.2943297233149214,0.24320620266441098,0.2442129948921839,0.21817664246590202,0.18527484398062052,0.05863207763466123,0.24530746117223703,0.24962244839880138,0.23482438178853723,0.21977029773275508,0.14823999120919437,0.21100857489450153,0.07851237453750466,0.0,0.2541659198974597,0.15669382426991826,0.3289166609327131,0.0503233477824888,0.27653965474315345,0.22199585998023824,0.23845486777678748,0.2110424871525426,0.059767947808456845,0.06327746657914092,0.2034015368392088,0.2362798024290215,0.2726582919691647,0.29194575801383943,0.20116978577349687,0.1255202720038317,0.09706462307924303
syn_Ni_0024,0.33166657611396017,0.24280541140694306,0.2939254188137115,0.3069012484791944,0.2892125996843248,0.30610587695044067,0.26227573892950623,0.2960541024199245,0.24380772250696114,0.25441665383051865,0.3127591125741066,0.29942439574339264,0.3187471493140798,0.2563158129958172,0.2951173409360219,0.30229779681448526,0.28692139046727266,0.2337095359498512,0.34346099213713577,0.3232551344135269,0.30642609015618577,0.29990541453627967,0.3409568666402961,0.24521413637410286,0.2532094355030159,0.3186954951948314,0.3191416239592609,0.3204384664566025,0.3270434183265241,0.2595552551468154,0.25497356585358105,0.2882086854902615,0.290007311741231,0.3103633611204282,0.3140452359369897,0.3066931243711468,0.32070170563836614,0.30361901228365595,0.27357414692053317,0.2511674316288649,0.30109245770824444,0.27899589515214784,0.10049080044074496,0.2537607763047902,0.2874857627802564,0.28323847933017776,0.357008584353189,0.2470296839824228,0.26105628223972815,0.37061742413776777,0.10833409627658584,0.08280608331043672,0.29214589440275274,0.31488769041357056,0.2577604503748475,0.08448504031805514,0.06514737917512517,0.3048321078436118,0.29562851787466377,0.2872133290816516,0.29132246882582,0.2418221650157362,0.2541659198974597,0.0,0.2897054536062749,0.3777753957337453,0.25208578222250755,0.08489124345613556,0.28087252608201535,0.07429256886491119,0.28878491085780894,0.25082749447632996,0.260065526152689,0.2765657554458327,0.08577063710895586,0.34660695728555674,0.3470172658427755,0.27556183768000736,0.2660321432948197,0.27424526119826625
syn_Ni_0025,0.28080220673430023,0.30291651947569226,0.2723408717797161,0.27105688345479845,0.28002698169262474,0.2605393177753121,0.32838037753821675,0.2604562828012498,0.3219551035312049,0.3232699866749059,0.2655830704415452,0.2506943720230204,0.26756735547022453,0.3323821080853645,0.2543442680140645,0.26587339204275645,0.2633771851383981,0.29885834912040776,0.268960960017219,0.2554720090282788,0.2497261524755747,0.2633938075948081,0.29693083976088197,0.2909471371628274,0.31333738412107165,0.26053136467662547,0.26435287444125194,0.2627853005540355,0.26929242199929554,0.33564245663939957,0.3137880332035773,0.2318504622568494,0.278074013544369,0.23933559825340867,0.25398424796876024,0.24547086946399338,0.2594675119770567,0.2586500319779381,0.25587497589411445,0.30851233014184054,0.26564467759672517,0.19062138151539476,0.28170387643320616,0.1592010352751824,0.24596627300669124,0.23333195832352027,0.3139933075713447,0.13176482617563698,0.1663858605466536,0.3323218289766606,0.24902935389148767,0.31853993101065076,0.25635192299842763,0.08557061493746197,0.14907444859816676,0.29464398092795463,0.29657022444048575,0.2763974275639198,0.26386840639712056,0.07536539798754174,0.2501538457240453,0.14156628976785432,0.15669382426991826,0.2897054536062749,0.0,0.3144162162094957,0.1527463091645195,0.29534350634287243,0.24181607771504543,0.2781849195773037,0.2544280960806885,0.15745288423985276,0.14441395046644737,0.23811529792624592,0.30987010830165695,0.30330511320796316,0.3048861739088491,0.23148321097085892,0.09713089489850572,0.15599880303136265
syn_Ni_0026,0.32874047908259096,0.4024597082796638,0.3618294257903132,0.314084916251781,0.3715192564285986,0.32522388658218687,0.4224974541668608,0.3540070392746334,0.41385682282325154,0.4111101393081415,0.3212957547440864,0.3239546808242986,0.32144704021077924,0.41919906262465073,0.347781108357774,0.35711765364192005,0.36789551664392217,0.39057488493162335,0.15365404800877738,0.3015726155931963,0.31491792130908264,0.33572538525035783,0.16549335959338485,0.380676418519963,0.41539568186461967,0.3115877658205526,0.3170359860422465,0.31964722840380067,0.3319663040501184,0.4198663367443219,0.4084895746470414,0.291471854451913,0.37840477918864135,0.29626823310340517,0.3035554025170248,0.3034527645027901,0.31426930952859744,0.32301733703118685,0.35773172641827367,0.3885879056489227,0.3394359112225486,0.345696604435867,0.3703974692893845,0.32896078857670186,0.31597672422710427,0.309537693797191,0.11945329315454298,0.31563866320934847,0.3280852573038673,0.13198400816444558,0.3591641928720444,0.3994835217787048,0.324156905208709,0.3256784967166746,0.3233928929911831,0.38756340676609774,0.3833401220837362,0.357194846606911,0.3310168717396761,0.3068256012050195,0.32769301211262813,0.3146699007158632,0.3289166609327131,0.3777753957337453,0.3144162162094957,0.0,0.32169452751095384,0.3866989027339594,0.3119306582889936,0.36975153403403505,0.32932012268298916,0.32549155227362186,0.31959650949717194,0.3122108286152714,0.388327899226413,0.1271552336469661,0.10224642587919859,0.3101995452667957,0.2875690023541062,0.33226506179846327
syn_Ni_0027,0.21396211412632796,0.2684263552408241,0.2005797950421794,0.2051717114084302,0.2034281140443766,0.1933595707393243,0.279999339447151,0.1981508302051671,0.2741087612146145,0.2827787172458802,0.20541423290983368,0.18930038457708676,0.20418369711618015,0.2803929679819105,0.18805274848943143,0.20204745996199258,0.18073890031173415,0.2768996408567695,0.26374797245080905,0.20002037005256584,0.1867594848003485,0.20953760525523332,0.2641518320956901,0.2729064962886605,0.26564806336693575,0.2033680197323254,0.20939482202151094,0.1994074479768081,0.20087188650379614,0.28305434313493844,0.2697185221644347,0.1793780427891038,0.204176466630811,0.18315457026178067,0.19764930773556477,0.19254521326399235,0.19754938082732076,0.19663405028315775,0.1914398840483746,0.2813217607802576,0.22465192549973623,0.0948185339708792,0.2379875448605611,0.07367485488063485,0.20590318771490654,0.2007981560852584,0.2859501420556533,0.06995027095406,0.061530868518926654,0.2902807851931135,0.23687348609353817,0.2507665519903572,0.2206363683703172,0.1818889547975332,0.06266023565236142,0.24016385854853683,0.24725389407207393,0.2387620302576223,0.2213123608430302,0.1440648149735084,0.2130129073550982,0.07258885630503295,0.0503233477824888,0.25208578222250755,0.1527463091645195,0.32169452751095384,0.0,0.27329238992140387,0.21794356567231646,0.23388233368280495,0.2128800560818199,0.05841155043358282,0.06130855727358538,0.20436931135055075,0.23978740968543766,0.26561802415340424,0.28411642627039835,0.19756736876367803,0.12263148864406309,0.09061956600307365
syn_Ni_0028,0.35844396002799034,0.26228424412656964,0.31248897622698957,0.3346078849393368,0.3093063500080321,0.33500294937470815,0.27374155419431107,0.3163780048095493,0.2623931502491962,0.2742675136684749,0.3404923385811793,0.32458648841602367,0.34555616257913413,0.2716222962866124,0.31499907295715807,0.32213550475031044,0.30999183962882393,0.24257305287651254,0.3504695070327652,0.3489188740960859,0.3345132885056853,0.3152914406080086,0.3608913933589494,0.2546840002821608,0.27031683395227496,0.34793918457697565,0.34486149582956827,0.34521659499211294,0.3553869837806067,0.2723364400421382,0.26988794427360735,0.31492219167545743,0.31090969486599573,0.3333419772816495,0.3419043297453521,0.33111421346726166,0.345260324862388,0.33193570694087077,0.29769224264261995,0.2645983180239354,0.31368195673744076,0.2966770412247389,0.11019221556972587,0.26681343670913543,0.2959662810920393,0.2982240291708114,0.37884790557361314,0.2700978585779601,0.28461165671820615,0.39957626185001077,0.08781903511080101,0.13520506100683452,0.3054263618969628,0.31507582395162564,0.2770837619124676,0.08442254903425654,0.09648447732660552,0.31823246434432884,0.3087540158114363,0.2894548313272366,0.30331896644629897,0.2568428992140737,0.27653965474315345,0.08489124345613556,0.29534350634287243,0.3866989027339594,0.27329238992140387,0.0,0.28795378760460527,0.08236700283694333,0.29980838787826447,0.27148314842122806,0.2798274958885508,0.2914567172123376,0.10430843202047727,0.3759011985509841,0.3713956147211278,0.28740523324689043,0.26735704818725975,0.29550938618115846
syn_Ni_0029,0.2744173401232639,0.26304681981460554,0.2948299708184065,0.24707031753283892,0.2779996404157727,0.25105616411306647,0.26353015042812905,0.2873849978671235,0.2644425509550197,0.268365530176791,0.2616082921662844,0.23886698392208827,0.257861824108681,0.27020194410150916,0.29040657925910934,0.2857008569472077,0.2703355005410827,0.26966298523232735,0.2534948652473325,0.264809893176183,0.24932543726620776,0.2936609819830317,0.23863273881107172,0.2779571954925583,0.2658476614264362,0.24847066209604296,0.26906065504821236,0.2588432695199562,0.26310327647733994,0.2719449653273078,0.26574042152685085,0.2234962630684705,0.28866083346936466,0.24640301081774502,0.24831577110627118,0.24898032267058762,0.2601013434403817,0.2467886911486445,0.26990054798586155,0.27316287618140644,0.10452552461862662,0.20890644811010542,0.27801404215580255,0.20038440476273717,0.06311452218195772,0.06911164544015899,0.27262878865110945,0.21128430998829134,0.22592560643789833,0.28181935195029606,0.2879783878199477,0.2856827062539096,0.07815885881590394,0.26288346791020956,0.21254794187985898,0.2617941484185536,0.2836437218826599,0.10846699985523511,0.0838707700307045,0.22570282678124984,0.07571386398573152,0.20615008642735877,0.22199585998023824,0.28087252608201535,0.24181607771504543,0.3119306582889936,0.21794356567231646,0.28795378760460527,0.0,0.2650025764263773,0.07974817879799334,0.223275387284559,0.22422510273701665,0.06119360179724356,0.2760313198964046,0.2552379370977678,0.26804785953449056,0.06842736331781953,0.21178915477151272,0.2595272941400991
syn_Ni_0030,0.3183513486131764,0.23802998551717264,0.28251209040512165,0.29500821307107394,0.2745880362420055,0.2934722073947427,0.2561599218446794,0.2832170319981785,0.23937306239903192,0.25298070351705393,0.2991307857508899,0.2861652783038389,0.3047093691872747,0.24945272575429236,0.28522180062277225,0.28907671287809467,0.27477119379286585,0.2263758163967646,0.3237654895620342,0.30900243836414015,0.2948376144176715,0.28915206576843955,0.32795683431043027,0.23245305214166917,0.24412829980718959,0.3060807205930899,0.3024881652999792,0.304190630226989,0.3131935889002283,0.24940566765413763,0.24897379824202437,0.27245106913967865,0.27661130373334386,0.2918970062239061,0.30001717520024673,0.29040676825701844,0.3046902707289884,0.2906391236230784,0.26232049122010836,0.24153720557165353,0.2859625149467093,0.2575957772171858,0.10456943273696387,0.22541254367353247,0.2731606472054774,0.26594137612155827,0.3439573074906153,0.22971314906839782,0.2468365718922424,0.361575620640925,0.08875479001203482,0.11067341666495903,0.2803275891863635,0.3006949698285141,0.2408028479944691,0.07234831926858748,0.07871610568514044,0.2972940791890975,0.28391980690550156,0.27543496194046857,0.2766529085951313,0.21972373153807637,0.23845486777678748,0.07429256886491119,0.2781849195773037,0.36975153403403505,0.23388233368280495,0.08236700283694333,0.2650025764263773,0.0,0.27713869802220803,0.23258134786432885,0.241974561452329,0.26327851819008574,0.0890733965214714,0.3375675569551086,0.33950617822531426,0.25792249285481644,0.2525140350180552,0.25492375803122935
syn_Ni_0031,0.2485310659557698,0.27035310765099624,0.2818921920634555,0.22478824981650025,0.2620351250720319,0.23436726214332798,0.2584728874512698,0.2730511633369387,0.2607538430614962,0.2718307676968194,0.2443595754856958,0.2152035593107077,0.23206414092496883,0.252058284699503,0.2845775521211999,0.27222298000912803,0.2574821258212903,0.2813562622696954,0.27200474919143575,0.2513427573818421,0.23322580027034398,0.29662936841712134,0.2496999778950612,0.2952097484507254,0.25352224591944017,0.22906901201690355,0.24920168108745103,0.24116403115675356,0.24417946773478147,0.2511598581263008,0.27373378064307513,0.21154153474534534,0.2742070343744958,0.22978987432068684,0.23040982401261142,0.23051014898357466,0.2444264530992087,0.22385056773826734,0.25501095993703565,0.2883036971517419,0.06998468698705444,0.19475239704522518,0.2883644580671536,0.18475817903436487,0.05417721547156498,0.08067132769559153,0.2913437908344533,0.22075932011335792,0.21730701684371548,0.28842436349051837,0.3002235355401279,0.2689587865836863,0.0615896906950249,0.271297267680547,0.2087655557838833,0.268286667117121,0.2894767414886516,0.0748958727280018,0.061884109694811715,0.2336855335841503,0.05110843064433707,0.20559960718125053,0.2110424871525426,0.28878491085780894,0.2544280960806885,0.32932012268298916,0.2128800560818199,0.29980838787826447,0.07974817879799334,0.27713869802220803,0.0,0.2152786737438552,0.22158987386930604,0.06603299907106798,0.2686533278700862,0.26642662944026285,0.28505588273435656,0.08072997490499316,0.21834981630622174,0.2639690694894919
syn_Ni_0032,0.21023880944220277,0.2615352906638075,0.1966564816695522,0.20281841202812498,0.20497068690098907,0.19176366194455569,0.27475010541695244,0.19670066938957737,0.2697655083255541,0.2756596444008459,0.2018041509148895,0.1858189258181148,0.20340422183912202,0.27100431054484186,0.19049902180354328,0.20473124005179266,0.1806739444320097,0.2729987503120631,0.26780384491370895,0.19733152503033913,0.18251074547382845,0.2066230887073383,0.266786308572944,0.2675158788145306,0.25780247833847003,0.2015453751945338,0.2057962792745625,0.1931131870986338,0.19382068877731562,0.2767434593182417,0.26287431293095226,0.17501673829374387,0.20282631992749106,0.1801519306222665,0.1894073914322816,0.18630464173211841,0.19174325738752918,0.1921526726302669,0.18740888823300364,0.2761968081610837,0.2220999911243933,0.10031554960100546,0.2334440344562852,0.07511893094491753,0.2123761066707792,0.2044478809820088,0.2913260817834432,0.0685708358186857,0.06800770977539959,0.2966889896767569,0.23728393260459285,0.24364931878573765,0.2208321285757967,0.18347265862262063,0.06887710791895214,0.23863985618645372,0.24512613387348292,0.23837415670686968,0.2206344244656597,0.14990802578536297,0.2144773055018144,0.0709412283458295,0.059767947808456845,0.25082749447632996,0.15745288423985276,0.32549155227362186,0.05841155043358282,0.27148314842122806,0.223275387284559,0.23258134786432885,0.2152786737438552,0.0,0.06522606376636038,0.20433733451675123,0.23722575329428547,0.27240116640828776,0.29093603170356314,0.20387433737922592,0.13227463459071048,0.09874628429942547
syn_Ni_0033,0.21645147400615575,0.263649984224054,0.2051304790930767,0.21279302997306915,0.21358279020425996,0.19654949838425115,0.2823891148313334,0.20332080192016289,0.2758489230933268,0.28225206514353224,0.2098778780323372,0.19277947879151702,0.2122218043500836,0.2858421775989669,0.19038456251679392,0.20664227154055684,0.18597712126582835,0.27434140117496936,0.25904586473552604,0.2024190625514529,0.19146141815176732,0.2044344236508535,0.2626929393962068,0.27332207484324017,0.26881879957028687,0.20451999049591993,0.21012542782989369,0.19922522397793527,0.20312619185063605,0.28895688021475907,0.2687898456305471,0.1848711808362179,0.21631434434933333,0.18218509397856733,0.19695060425012736,0.19415984362114494,0.19971236891722988,0.20130535131111252,0.19734587546513568,0.27997158334531225,0.2295769721882816,0.10391259585744252,0.24234806540870105,0.07756801008179713,0.2173068726965672,0.20880428002418816,0.28358394963354716,0.06337170035993551,0.07111444996810455,0.2920300126201265,0.24256788086886144,0.26203694636956587,0.22916790322130837,0.17154299846139015,0.06719679454996956,0.25037975017288594,0.251705650405828,0.24597953724669355,0.2309614084734929,0.13463586658467255,0.22065163618748457,0.07229996525482224,0.06327746657914092,0.260065526152689,0.14441395046644737,0.31959650949717194,0.06130855727358538,0.2798274958885508,0.22422510273701665,0.241974561452329,0.22158987386930604,0.06522606376636038,0.0,0.21241917334434876,0.24962300369024581,0.26672225216841,0.2837229329516559,0.20372805846842906,0.1125661048635094,0.08617624892705135
syn_Ni_0034,0.2513091075676728,0.2597693717405129,0.2792889311397704,0.22424775999924823,0.26109235454683877,0.23393083663378167,0.2549173975532078,0.26998332319084406,0.2513466732436888,0.26295811271157893,0.24321971531261333,0.21576299104590582,0.22954880928996574,0.2529775566956115,0.27333556539571885,0.27155137695315346,0.2533158902356892,0.2701971758324426,0.25305516461638916,0.2473959896272214,0.2294835921686963,0.2870392558086081,0.2339680051662642,0.2792600076142802,0.25327929072395894,0.23045202359553388,0.2520020699716635,0.24446561848558324,0.2446865793332768,0.25474023987477223,0.2603017311512428,0.20526383199551682,0.27247432910744906,0.22801856652509717,0.22714905490398785,0.2309275539333434,0.2430747603966679,0.22473380858399747,0.2498396895257137,0.27457371246944956,0.07884309214300897,0.18939161682408198,0.2756613187267407,0.18189284060114785,0.05496290579602848,0.05797920996095369,0.2769288516299596,0.20586444123274042,0.2066662842576011,0.2744497432254954,0.2855896762541804,0.26495943475318984,0.062138655749076226,0.26260155415947745,0.1997440840269896,0.25704843204663796,0.27865377707859357,0.09160834665441536,0.07102830794097885,0.22230049797660698,0.051880591250073944,0.19999850794739374,0.2034015368392088,0.2765657554458327,0.23811529792624592,0.3122108286152714,0.20436931135055075,0.2914567172123376,0.06119360179724356,0.26327851819008574,0.06603299907106798,0.20433733451675123,0.21241917334434876,0.0,0.2593824324590127,0.2507353900776274,0.2700088952181664,0.05774731908422179,0.20994292150920194,0.2517280251251293
syn_Ni_0035,0.31065288884342446,0.24213420480871395,0.27484217809686384,0.28516181563061954,0.2651307294107952,0.28738475241065625,0.25078070614259207,0.27657890318315986,0.2358354515914083,0.25522574592730407,0.2951844851656695,0.27681197656681134,0.2965204052790584,0.2426978660181099,0.2777124276279559,0.28344771041376343,0.2677432066676077,0.24769461078767496,0.3458147384856169,0.30734812865652805,0.2873106159736001,0.28801082723708565,0.327186575668964,0.2584545720664948,0.23505452040601021,0.3000650351291261,0.301587861003144,0.3010273524653366,0.3056757368788846,0.2423336259973948,0.24977446676120807,0.27392565701643334,0.26792555357300674,0.2908026482411467,0.2959417017019992,0.2877344386364491,0.30284409237806303,0.28104252612487873,0.25487484188713505,0.26314400133474247,0.2780515413079528,0.2551018449544133,0.08997625435029866,0.22387154567087658,0.2693929053002441,0.2691794751137985,0.35293374262187,0.24819311433252056,0.24578732633044834,0.3559725136638996,0.12032010859542963,0.07360259907341059,0.27497258894661414,0.3391177392117196,0.24448306580273058,0.0773106135681255,0.06547748003543293,0.28710800953553717,0.2759078488263017,0.3060396756538585,0.2705206363815767,0.23982514270705985,0.2362798024290215,0.08577063710895586,0.30987010830165695,0.388327899226413,0.23978740968543766,0.10430843202047727,0.2760313198964046,0.0890733965214714,0.2686533278700862,0.23722575329428547,0.24962300369024581,0.2593824324590127,0.0,0.33251247474339063,0.35639731617820547,0.26206559944661556,0.28494143036333036,0.27877176260097336
syn_Ni_0036,0.2635131973469817,0.3560859074741245,0.30988696569619634,0.2480815526548549,0.31105456350179683,0.2562302782930162,0.370981907085579,0.3002131528904482,0.3607072005227145,0.3616254863949742,0.2561540555905728,0.2531692584964378,0.25207040032062444,0.3682067932383084,0.29829403440627106,0.29929675558931684,0.30221785631900955,0.36137009915392104,0.17434540950093655,0.23596870678209317,0.24389835833422285,0.2910526621990267,0.10897044461346637,0.3553019042642004,0.3631304569291039,0.24050903444790075,0.24885022414888483,0.2488592438914279,0.26031850053286576,0.3653906283363095,0.36040128750828393,0.22445306931401765,0.3176835373986301,0.2327541718946618,0.2339086298435568,0.23336847859436927,0.24883961193262433,0.2529154434873702,0.2954787272597202,0.3563403031948897,0.2776027871883163,0.28020528929318855,0.3324340325616351,0.2678458309876117,0.25168031559197684,0.24532390102674018,0.08471402135960737,0.2700180865490998,0.2686158275957638,0.08107028023391907,0.35342928709956273,0.3430916394520253,0.26263667124106616,0.3258733211659903,0.2716368985592904,0.3431878325931289,0.3407929498398003,0.29202310359253986,0.2649362925125512,0.3002598987727909,0.2628434782625218,0.26802974459121687,0.2726582919691647,0.34660695728555674,0.30330511320796316,0.1271552336469661,0.26561802415340424,0.3759011985509841,0.2552379370977678,0.3375675569551086,0.26642662944026285,0.27240116640828776,0.26672225216841,0.2507353900776274,0.33251247474339063,0.0,0.08066504595898769,0.2456997810915138,0.27872188682427174,0.29270913870770376
syn_Ni_0037,0.2838943261562031,0.3703429329236447,0.329056168029777,0.27181379772420217,0.3311896527248377,0.2825549048586481,0.38847811661505455,0.3170440635634119,0.3778914301450364,0.37498296937532893,0.27929717052754804,0.2768332921578063,0.27529664146119265,0.3849673532551784,0.316750170224981,0.32038159890097667,0.32223860941497534,0.36049600477328714,0.14440257227375744,0.255936297011925,0.2698112012603827,0.30477431005226224,0.122932499166301,0.3560549891155594,0.3835122931944484,0.26509833234449587,0.2726288729662628,0.27184947261808007,0.2867566700882395,0.3821876812570951,0.37597771141362907,0.2487929139582596,0.3358424578495027,0.2536420847620104,0.258762847443423,0.25802157116904634,0.2740498177940496,0.2760935500881529,0.31530177671606835,0.3559977255787775,0.29268114193329225,0.3014382457253746,0.34032569744790137,0.28660644607422814,0.27091359484034355,0.2620116546912541,0.08812294426527181,0.2805591975160665,0.28752524380985794,0.10233690273032717,0.3546627822182847,0.36374423287390545,0.27722097921492805,0.321823169619718,0.29042853864721463,0.35881107041138194,0.3486731098368991,0.31220234952803594,0.2837144517779897,0.2945033341273445,0.27977323363904916,0.28089413478598235,0.29194575801383943,0.3470172658427755,0.3048861739088491,0.10224642587919859,0.28411642627039835,0.3713956147211278,0.26804785953449056,0.33950617822531426,0.28505588273435656,0.29093603170356314,0.2837229329516559,0.2700088952181664,0.35639731617820547,0.08066504595898769,0.0,0.26227187855704986,0.27814921516374164,0.30139042379762276
syn_Ni_0038,0.251280350973802,0.25343929139522103,0.27936506014079043,0.22067014727110665,0.2611041835404372,0.23507074112061146,0.2523798799464581,0.2680077811316957,0.2485482193689095,0.25481518362420563,0.2395831485353392,0.21845006115732452,0.23093170556314044,0.2536393078035855,0.27553841184627065,0.2718933964058837,0.2519303849150554,0.26237571452259395,0.2463683212025348,0.2444824550531074,0.23131199694584975,0.2765989793966486,0.23332589719580296,0.26898365632740806,0.25073181131917827,0.22691937816068325,0.24664791475250805,0.24418670967704567,0.24350052596496682,0.255815241847917,0.2517601698954309,0.20330511632239603,0.2704180725264399,0.22664908268512504,0.22441062206755724,0.2312639385143082,0.2394587802251353,0.22119393359553446,0.24936261414736532,0.2629854927968904,0.09304503115254212,0.18260165894820887,0.2719420074158707,0.17801074827780053,0.06145845054490158,0.05775525790181311,0.27132194770155765,0.19724501489640334,0.20333871467613307,0.27135719146789206,0.2838857370052711,0.27210537371713994,0.07756054574116067,0.2519769355684037,0.19438318484173908,0.25368256415953677,0.2745803385329465,0.10349540412285813,0.08465250443816477,0.2122404631855928,0.06914557415790283,0.18899696625608522,0.20116978577349687,0.27556183768000736,0.23148321097085892,0.3101995452667957,0.19756736876367803,0.28740523324689043,0.06842736331781953,0.25792249285481644,0.08072997490499316,0.20387433737922592,0.20372805846842906,0.05774731908422179,0.26206559944661556,0.2456997810915138,0.26227187855704986,0.0,0.20130595246531197,0.23754993059518928
syn_Ni_0039,0.2562395579497124,0.284522712077407,0.25468218879860843,0.23968983910946098,0.2600501917406038,0.2411774937409306,0.30578082771976756,0.24353686792485918,0.2971041946779357,0.30230937902875227,0.2461273015348928,0.230937359635684,0.24331144899105894,0.30754743409604485,0.23948210875076031,0.25159050678797806,0.24741615863576114,0.27671289905741114,0.24061694991309887,0.2380880319289835,0.23508724773345643,0.24854276339017703,0.27494933229084745,0.27178862070756843,0.2936818647901257,0.23545780700511432,0.2455462555327078,0.24531378314708494,0.24903652464312512,0.31064223538814717,0.2918239736548018,0.20752785778623847,0.2625680865667297,0.22076671602587858,0.23205817077298574,0.22699940285482614,0.242186395183423,0.2415906447657873,0.2389987987976474,0.2881646015620258,0.23012635135642093,0.15319318631492046,0.2610913148954216,0.12974496930930804,0.21181154986278522,0.20709201931000193,0.28762504815254586,0.11649906483785048,0.12905436272173265,0.3027717372278995,0.2274746874301039,0.2980776746529354,0.22434386361509653,0.10350663085095474,0.11341091628098385,0.2703863934270802,0.2722499722348236,0.24356916839271875,0.2300914486889375,0.06899760588674321,0.21726663752217676,0.11593663260558573,0.1255202720038317,0.2660321432948197,0.09713089489850572,0.2875690023541062,0.12263148864406309,0.26735704818725975,0.21178915477151272,0.2525140350180552,0.21834981630622174,0.13227463459071048,0.1125661048635094,0.20994292150920194,0.28494143036333036,0.27872188682427174,0.27814921516374164,0.20130595246531197,0.0,0.1389985820949177
syn_Ni_0040,0.23357216822532467,0.2824701961689658,0.2136611318715769,0.22951449031011797,0.23135148823577648,0.21861382237992388,0.3068968540752954,0.21535026019586556,0.29900421278277,0.29590507647917097,0.21128485850748216,0.22221588896692923,0.2275008457064902,0.30772202668740345,0.20638142137790008,0.21832948226557342,0.21407100191257522,0.2882055073950633,0.2758152697872035,0.20346057669239584,0.21302440325976219,0.21681872082468773,0.2957575563113671,0.279782214828818,0.2940666080237334,0.22293204572018135,0.20933859121921058,0.21799981075786856,0.22776543959884746,0.3115646900246513,0.28783752387930545,0.19944013718463396,0.23051322441384586,0.20013754302057388,0.21804355446497886,0.21372097298708295,0.215612249134924,0.22348366023637786,0.21265160841519434,0.28539940214664417,0.26870467585404567,0.14179499113098104,0.2630502848295399,0.12224645942500334,0.2567611472058803,0.24588171138232365,0.3023626507547166,0.09091187644059716,0.10090478238115357,0.31358296870680386,0.2575201912170963,0.28904657870410855,0.2704140446128591,0.18018234930155794,0.11027983511623526,0.2718130633969567,0.2694457068144101,0.28986277672652083,0.2743669028148077,0.1501978515068379,0.2650010105340123,0.1051835085539377,0.09706462307924303,0.27424526119826625,0.15599880303136265,0.33226506179846327,0.09061956600307365,0.29550938618115846,0.2595272941400991,0.25492375803122935,0.2639690694894919,0.09874628429942547,0.08617624892705135,0.2517280251251293,0.27877176260097336,0.29270913870770376,0.30139042379762276,0.23754993059518928,0.1389985820949177,0.0
