,syn_Cd_0001,syn_Cd_0002,syn_Cd_0003,syn_Cd_0004,syn_Cd_0005,syn_Cd_0006,syn_Cd_0007,syn_Cd_0008,syn_Cd_0009,syn_Cd_0010,syn_Cd_0011,syn_Cd_0012,syn_Cd_0013,syn_Cd_0014,syn_Cd_0015,syn_Cd_0016,syn_Cd_0017,syn_Cd_0018,syn_Cd_0019,syn_Cd_0020,syn_Cd_0021,syn_Cd_0022,syn_Cd_0023,syn_Cd_0024,syn_Cd_0025,syn_Cd_0026,syn_Cd_0027,syn_Cd_0028,syn_Cd_0029,syn_Cd_0030,syn_Cd_0031,syn_Cd_0032,syn_Cd_0033,syn_Cd_0034,syn_Cd_0035,syn_Cd_0036,syn_Cd_0037,syn_Cd_0038,syn_Cd_0039,syn_Cd_0040,syn_Ni_0001,syn_Ni_0002,syn_Ni_0003,syn_Ni_0004,syn_Ni_0005,syn_Ni_0006,syn_Ni_0007,syn_Ni_0008,syn_Ni_0009,syn_Ni_0010,syn_Ni_0011,syn_Ni_0012,syn_Ni_0013,syn_Ni_0014,syn_Ni_0015,syn_Ni_0016,syn_Ni_0017,syn_Ni_0018,syn_Ni_0019,syn_Ni_0020,syn_Ni_0021,syn_Ni_0022,syn_Ni_0023,syn_Ni_0024,syn_Ni_0025,syn_Ni_0026,syn_Ni_0027,syn_Ni_0028,syn_Ni_0029,syn_Ni_0030,syn_Ni_0031,syn_Ni_0032,syn_Ni_0033,syn_Ni_0034,syn_Ni_0035,syn_Ni_0036,syn_Ni_0037,syn_Ni_0038,syn_Ni_0039,syn_Ni_0040
syn_Cd_0001,0.0,0.3158298555713089,0.0872841396653763,0.07938866044028942,0.30004326186761915,0.16949279952567758,0.1640293005539461,0.14968518784671944,0.16760303484591194,0.15554620722104473,0.17066963432345422,0.30071099934623774,0.31524427710658365,0.30636302732038945,0.09594018696680813,0.08029801931538652,0.1616271418142109,0.09668487228661071,0.08784018660768743,0.11885710255808779,0.31584810717898826,0.08898103414393468,0.13764328511278193,0.10067227796171846,0.08522623146393513,0.15557708557828864,0.29294584196005685,0.31252385447582515,0.08258160124021707,0.0912660628901013,0.30144354313690236,0.30943268334669477,0.17344786161713618,0.2740349971557527,0.0841945217423207,0.16014426940138968,0.2902561135883671,0.15208475260204937,0.3171571621855728,0.313706453055482,0.2440732044991635,0.20486742500829816,0.17652531099735502,0.19182873514494958,0.18725985055613126,0.24680765354606451,0.2112965090241272,0.2268894239412229,0.2386999596916313,0.20979623493760902,0.1955233798917883,0.2193560590529935,0.31329933749152816,0.31025435739441076,0.20360955147149992,0.20343806940010561,0.21330663700865857,0.23705047166625348,0.2596828990885165,0.2591302704418572,0.31555515236743603,0.23458083080603062,0.23337741259182554,0.1704225763150446,0.25238419096992687,0.2951813579666455,0.21198727951508614,0.24842448053648164,0.2535602988597646,0.1865191144434268,0.24755815159220548,0.24654700924805287,0.2300221774931421,0.2558753704565023,0.2692386811288229,0.22079561437014028,0.2224343107359877,0.21971743247392791,0.2507289261244565,0.2561802117027708
syn_Cd_0002,0.3158298555713089,0.0,0.3158939269012022,0.30855449945716984,0.10732253456889505,0.3102801331321493,0.30452109612785505,0.3025407955508954,0.2953571665702985,0.29932515470655663,0.3015710437157883,0.11436497039264111,0.11997406956149262,0.10357028171388508,0.3228029444642137,0.3013457854883321,0.3011406074014066,0.3144668610267877,0.31151492334784736,0.3261168411205526,0.1010855459828283,0.3166296015384772,0.34970074692294456,0.302144365218602,0.3223019217595599,0.2762292384865179,0.13505449095089753,0.18920484031538043,0.3048159943833126,0.2969950098492718,0.07587027073082861,0.10080497608085495,0.3068684717547382,0.41344177484082784,0.31612307352975194,0.28595558992632836,0.4318350215738294,0.27470534106229577,0.10188972956069411,0.06087496275044272,0.27719707475076094,0.30105859935083373,0.2984536449447461,0.3038843492327014,0.2902059646607529,0.27957150325789976,0.34298156666101953,0.34766753069415474,0.35730661251353113,0.3410918107972113,0.31523839395439507,0.33637906857906374,0.440872112717816,0.33503296416626366,0.3109476152696916,0.30339502091216264,0.23467159838837706,0.35184678487968657,0.38273471939926323,0.25481970420861144,0.44475170498302524,0.3612026329563784,0.2410536829262328,0.305518908968571,0.2665077243780738,0.42751297029422775,0.32871463935484885,0.24624246510187178,0.3633128983556336,0.31531630959131896,0.28491725631172693,0.35823469800290075,0.34945983687422877,0.3506736905384267,0.3017784581062151,0.31738449151814546,0.31592827544573315,0.3349565826576714,0.2659047367017423,0.2908747431741333
syn_Cd_0003,0.0872841396653763,0.3158939269012022,0.0,0.07848684321184135,0.3061289586093383,0.17816632502740803,0.1725292327235688,0.16313093743808912,0.1741623164470276,0.16353563404351956,0.1744725885883051,0.30277778391105015,0.3160077398235252,0.31048014409882385,0.09626058950302545,0.09962000295807856,0.1634405208222677,0.09721114079248139,0.0852181264305734,0.10486360346275374,0.31604634560879036,0.078000724743939,0.13278579868227933,0.10750992833268203,0.08980636175510774,0.16236211989301344,0.29561110927124523,0.31470195428880193,0.07657832332959667,0.0929411063391591,0.3015892878616143,0.30887243713663215,0.18171315845034072,0.26196989902367473,0.07398296854179799,0.16298741850099976,0.2748335789976189,0.1603879112376138,0.31780917728044855,0.31873065738311956,0.24527245054082208,0.1838387862405245,0.15590817266333729,0.18213450683935667,0.17267516551718354,0.25044176504413546,0.21654362540773212,0.23359241300619596,0.2378129808464007,0.21195963191047892,0.17339140311273946,0.22294866486094367,0.30990975190946113,0.31022348326465415,0.1856914862317623,0.17898868293895082,0.21815873318066828,0.24334937813529553,0.26227946526888746,0.25949710949872484,0.3116002820991602,0.23042610531491034,0.23909565550764134,0.14821647272595243,0.25380189882857473,0.29330725009066966,0.18634007946948056,0.2506841497843775,0.24718929522314334,0.15955542334172887,0.2511629468179969,0.22669577265457497,0.23654348340445353,0.26236364466841083,0.27153236006290005,0.19220024941674846,0.19925636245786876,0.22381327648821184,0.25142638193813677,0.2584379921884364
syn_Cd_0004,0.07938866044028942,0.30855449945716984,0.07848684321184135,0.0,0.2943193491665737,0.15833889230905931,0.1565828046957927,0.14799842558804996,0.15789876115767582,0.15045506161404631,0.15857228494973744,0.29554590420905175,0.3063010420012902,0.30321392071624514,0.07586857068051633,0.08106939697108648,0.1477478549185569,0.08718676513782649,0.07291524720407704,0.10013262953195813,0.3078614078388049,0.07533902109997404,0.11837385308002293,0.08361352492854057,0.06604750497570618,0.15228434556059783,0.2868786962492547,0.3062405200828452,0.07132818781802533,0.08788502890744102,0.296084170486566,0.30415227185568366,0.16768006927237206,0.2659516649678422,0.06409097062447074,0.14829406564365746,0.2811423223911219,0.1520472143059119,0.3119120605184571,0.31389374020938515,0.23332752680623636,0.18886429707210883,0.15737201436726397,0.1726897259071278,0.17991515754001264,0.23737143793100413,0.20189112752142246,0.22409356491113339,0.22413268003208753,0.19770200395365414,0.18106449811971814,0.21060336123040826,0.30575794358987496,0.29896327944402656,0.19005870615059772,0.191289974326634,0.20745331283216978,0.23098708159969955,0.250741191971788,0.2501638641374116,0.31104709075047304,0.22185868287179722,0.22719313340325142,0.15098866553795162,0.24176499749771332,0.2889190823518311,0.1921331555708187,0.23983304014690515,0.24168829834452452,0.16618754052734944,0.23861594580954631,0.22785511773764758,0.2223169468015679,0.24679049427406838,0.25989416836908674,0.19319399017406555,0.19749335387872782,0.21133871544368663,0.2375221604004194,0.24510318555432253
syn_Cd_0005,0.30004326186761915,0.10732253456889505,0.3061289586093383,0.2943193491665737,0.0,0.27693649015415017,0.27972905298581047,0.28816688684468805,0.26895790942564124,0.2871720516812356,0.2684041027947928,0.06452630017819437,0.0877622579450148,0.053567406125927974,0.29730492154331845,0.2896606654610194,0.28326367023698173,0.28734272117415033,0.29034219217653723,0.29595189847262876,0.064410652976039,0.2982573598892201,0.3174352991621482,0.27890852717854314,0.3010607818191567,0.2620193371810991,0.10672198276588706,0.12213886135570894,0.2952179457531086,0.2910781042380197,0.09300612946492999,0.0688234008283963,0.2712704452563487,0.38858535777698056,0.301973565947503,0.2591645571745745,0.4040095814418624,0.2633452430246551,0.058936012744560194,0.10700554669622789,0.23852573643345193,0.2679501646866812,0.26095326518878226,0.2647691866724112,0.25968011865582474,0.24008052559340576,0.3025476208973814,0.30579399263035345,0.31063580724941653,0.2979068282785997,0.27956536992360204,0.29432295039210854,0.41491748667578643,0.28906258464636014,0.27357641866797383,0.26821613732840927,0.2131630390541113,0.3147092727718534,0.33852709007465814,0.21994081600219642,0.4220406305843354,0.31346900596735,0.2177011508665385,0.26801016772304703,0.23010308973673943,0.40180615430833966,0.2914412010075207,0.20863285352432853,0.31475281366133695,0.2786701524275382,0.24444259474934674,0.31724752259078853,0.30609397509780706,0.3071985276804488,0.2602391184584793,0.28187351323084914,0.28440336547560996,0.2913572705950886,0.2192461787216842,0.255640428043865
syn_Cd_0006,0.16949279952567758,0.3102801331321493,0.17816632502740803,0.15833889230905931,0.27693649015415017,0.0,0.07911901245023786,0.08816948280755864,0.07050549121868481,0.0956319932310846,0.0672996378450749,0.28083187365799916,0.28156035473807156,0.2835068636543259,0.14778499797663838,0.1783510419455275,0.0805018297832227,0.15325619578681737,0.16084149754968396,0.16351348120624418,0.29600342983809935,0.1642293599673286,0.1744726967525872,0.14422967022423658,0.1480394997326246,0.09826589423512201,0.2655083631491838,0.284426157400691,0.17254659805616937,0.18187674072452129,0.2939750077056717,0.28359413026181507,0.07243654003599806,0.29673348237417974,0.15836463328142023,0.08459023893133313,0.31670367855165815,0.10208320402979791,0.2929211439569137,0.31202842058857533,0.21832778523760626,0.21252562718806864,0.1840122582473535,0.20042568530511143,0.20337051712390092,0.2161975689048749,0.13791177718690156,0.1569889892833004,0.18830886454502452,0.12873991059317888,0.2050787235426676,0.14173611914660567,0.3238767538405981,0.2840369415627541,0.20151592815369507,0.20730067471299088,0.21630092493046857,0.157716330100243,0.19592114612649478,0.23476557388292005,0.3364240143858313,0.18172293004871323,0.23257750215634673,0.18559010484434793,0.2230447558361948,0.32638781872158495,0.21419706968315064,0.22906748021194875,0.20548090547135128,0.1948208595816008,0.2201505735575239,0.26169812751794275,0.1572356385607323,0.18536789496589665,0.23471162936780496,0.2085615481813083,0.22591368506777953,0.1427253723253958,0.22185011586310904,0.22477514127328624
syn_Cd_0007,0.1640293005539461,0.30452109612785505,0.1725292327235688,0.1565828046957927,0.27972905298581047,0.07911901245023786,0.0,0.082124643405135,0.06158288307579125,0.08847900030167644,0.07823323907489964,0.2766692803845907,0.2852279869816242,0.2858382448020807,0.14774162511760056,0.17123890502624567,0.0703444871373539,0.15425350982210254,0.15803867675788508,0.17032270805851416,0.29693201843740175,0.158146436687619,0.18037323654805668,0.14580442533092428,0.14758569650761952,0.0904782872558526,0.26609362625086214,0.28765964057174576,0.16616062717403524,0.17699938883366695,0.2858593639033475,0.28485447506581174,0.08273008289776497,0.3120828337263369,0.15561315545709065,0.07630781914888071,0.3266582533767612,0.09206876891415439,0.2949184414344491,0.3096100068963077,0.20287123159843884,0.21858469486007315,0.19515263214740777,0.20798284543497206,0.20746827942254462,0.2038251116976481,0.14452769026045661,0.16298612153097797,0.20378925478295098,0.13872880570519183,0.21435368074841282,0.15630918102588667,0.339717847432712,0.284099732773465,0.2091262410439642,0.21478614124325762,0.2039659097558133,0.16595434381335,0.20343634864937776,0.22535310099834224,0.34998581711094834,0.19718270798452447,0.21418907927605282,0.18676682243434953,0.2128615827995925,0.33843360877076345,0.2213941230799732,0.21942343512739537,0.21014994542614346,0.20319577851578852,0.21166922451179834,0.2681735581111729,0.1632686255183015,0.1891446125962075,0.2298089672171095,0.21904348577641028,0.23258811837464324,0.15764068558305966,0.21107515202024033,0.21408944963392373
syn_Cd_0008,0.14968518784671944,0.3025407955508954,0.16313093743808912,0.14799842558804996,0.28816688684468805,0.08816948280755864,0.082124643405135,0.0,0.08553960884313073,0.07756870420086283,0.08829194326680696,0.29017161236198985,0.29671988148547035,0.2956003152090329,0.15834613847178303,0.1520970965778554,0.07341210155672871,0.16092696337156828,0.15858556264661863,0.1787271205241447,0.3070030125613905,0.1626634795329317,0.19293304372264852,0.1497708646002654,0.152020221358368,0.08986839232911588,0.2797335620314827,0.30262889516322544,0.15261745502442947,0.1588423640542043,0.2897611118516609,0.29545494780505366,0.09106451839912537,0.31719015450605986,0.15354012935180353,0.08898807786440222,0.33124469543217056,0.08473689128324342,0.30246072981994654,0.2996677209464049,0.2293410501848273,0.22799741889689487,0.195497044897252,0.2157918005677302,0.20889491856141584,0.23347823583568342,0.1639308502307341,0.1777034560282465,0.21496964960779696,0.1555788901395803,0.22309544492517874,0.1693905110803373,0.3454864132863158,0.30270720091735,0.21611706589403148,0.22246679445543074,0.2104571092349038,0.17593177803178395,0.2220989870197776,0.2470801145611765,0.3530569149303704,0.20957196699591035,0.22630802957396856,0.19132443092899543,0.2365630622011918,0.3450499509885577,0.23192071513087298,0.24032016275144302,0.22522229902720878,0.2065259238854841,0.23639377393320093,0.2742269412115151,0.1777168040933203,0.2054987879455868,0.25547048563915664,0.22587610361866464,0.24152817216201017,0.16881815608670322,0.2316043964678535,0.23258527204272297
syn_Cd_0009,0.16760303484591194,0.2953571665702985,0.1741623164470276,0.15789876115767582,0.26895790942564124,0.07050549121868481,0.06158288307579125,0.08553960884313073,0.0,0.07907032850205152,0.07502676541384636,0.26579822327078917,0.2717261827024047,0.27422399332485414,0.15064757694394998,0.1735607738520917,0.0681766579322068,0.15163904512773133,0.16050782741804967,0.17081791202181676,0.28428762128294277,0.16035018756076078,0.17844926487474286,0.1425603327996655,0.15250745777562635,0.08541794104069379,0.2532235913419776,0.2786455630190949,0.1705476270931247,0.17734205335443667,0.2794550754569541,0.2722963409929409,0.08484800664020671,0.31085717401686036,0.15776606716024585,0.0726222129107074,0.32672988090683797,0.08485665207792915,0.2814903427117366,0.299816340044229,0.2031880263789004,0.21666475508160235,0.1896509433101335,0.20475838754602196,0.20560489647983346,0.20442576020889947,0.13568194250635235,0.156065266222009,0.19487086667385792,0.13017755023275104,0.21456912029126401,0.14428862931731784,0.3323887406725949,0.2802745811831302,0.2117457480989923,0.2127251416948379,0.20108570271941117,0.159910668421618,0.19678492045996446,0.2233892483199308,0.34361805175798343,0.18863161237150053,0.21436650318311823,0.1859831344470942,0.20820798408216667,0.32988772225522445,0.22230501871902114,0.21467312507631015,0.20622200178848202,0.19589549572343834,0.2081350694717188,0.26679902948686646,0.15669828677705414,0.1829676333064455,0.22538724588959513,0.2179216701927017,0.23201690053847007,0.1498030923347275,0.2067874345634277,0.21603397569952346
syn_Cd_0010,0.15554620722104473,0.29932515470655663,0.16353563404351956,0.15045506161404631,0.2871720516812356,0.0956319932310846,0.08847900030167644,0.07756870420086283,0.07907032850205152,0.0,0.10440243576228464,0.284095331620241,0.2950035593047764,0.2948414900285253,0.16053370934383188,0.15292150915780364,0.07069050395758433,0.16516426060365824,0.15567636600631177,0.18070080035596825,0.3062486670629133,0.16431348747040947,0.20119027332464287,0.15229876664435077,0.16000850354007923,0.0789467465250827,0.2758120179209871,0.30689876415542294,0.15419924864321824,0.16022742868195086,0.29006466637579237,0.2916093394858152,0.11190427945518644,0.3221285077378346,0.15652226067186015,0.08405827000409694,0.33558955127018447,0.07873433314810935,0.30392419368411694,0.3018240524200312,0.2263385343153475,0.23252746725419132,0.20205837034356341,0.22175694550804553,0.21357047105452612,0.23218907193687371,0.18161240944840448,0.19630632650430543,0.22599396880720646,0.17395566608896598,0.22922967359208912,0.1854632383609068,0.3457271428324366,0.3072578948925395,0.22810079503075698,0.23075313266745764,0.20260413076401262,0.19385984972527573,0.2320719621423542,0.24365369499648967,0.3549410521419387,0.22083285842275577,0.2171530417523978,0.19935835436177363,0.23146169249487086,0.3429982739012684,0.23708646423605076,0.23575549847947838,0.23415728979403458,0.21493302115440371,0.23300174838511786,0.28662658964846566,0.19667637416039477,0.22677848784005067,0.2526036517275105,0.23298918345632402,0.24536280697063884,0.1911129472671307,0.2299545416041933,0.23291481575708362
syn_Cd_0011,0.17066963432345422,0.3015710437157883,0.1744725885883051,0.15857228494973744,0.2684041027947928,0.0672996378450749,0.07823323907489964,0.08829194326680696,0.07502676541384636,0.10440243576228464,0.0,0.26998273034262826,0.2731444954261902,0.27645277596527945,0.1500220226552648,0.17555589172504402,0.080959402184223,0.1535469860424265,0.16118194743470407,0.1607700795799888,0.28649316065676506,0.16410765675966432,0.17272773299736632,0.14536575861186674,0.1504240453583957,0.09922793122433594,0.25673635478670365,0.2713583173433385,0.17219508866576214,0.17847422489580428,0.28494309241111754,0.273364914728174,0.052865120289992185,0.29794553682460534,0.15676132964887676,0.08660424478289216,0.31332718148383926,0.0978809067531685,0.2838180628733267,0.30676969601015747,0.21225027948357822,0.20221602313462445,0.17948820068986296,0.19302669270786288,0.19828724917362867,0.21751962979019068,0.13846567477087,0.1521464153763373,0.18343286124132066,0.1313096384939123,0.19500285962195596,0.13953943179556824,0.32414427450958083,0.2758559059487532,0.19188728319526477,0.19876025845570822,0.2113481862723034,0.16119205682440352,0.19166825460574305,0.23199667660525614,0.33492538262910954,0.17969148769412358,0.23053697507292978,0.1786441706995161,0.22306439753880875,0.32224733912368614,0.20450567818139917,0.22043363830592577,0.19722335416199127,0.1853039535535985,0.21805701639043942,0.2500383820365094,0.15166993365077028,0.17730029305548634,0.22921743520038607,0.20147945499141362,0.21487185799694786,0.14167560730803383,0.22025121807112658,0.22711036349704075
syn_Cd_0012,0.30071099934623774,0.11436497039264111,0.30277778391105015,0.29554590420905175,0.06452630017819437,0.28083187365799916,0.2766692803845907,0.29017161236198985,0.26579822327078917,0.284095331620241,0.26998273034262826,0.0,0.10547278239729857,0.043091485523341584,0.2969009051547567,0.2879379377085708,0.28144334701009865,0.28879573508539846,0.291990434354254,0.3013622870777939,0.07292766071284236,0.2981252388957707,0.3255315242413319,0.2797861508422785,0.3026916200474469,0.262138903502761,0.1103104855065996,0.12586573868004433,0.2968482780577971,0.2897302761951944,0.07927064150686408,0.08154938318874351,0.28114438730668184,0.39807981896528255,0.30070370261132556,0.2576138951692294,0.4136842107257371,0.26204976759233445,0.07219146809546856,0.11000993183917517,0.23840594016635294,0.2790412432116712,0.27489749187866447,0.2766759688088476,0.2681398368239661,0.23763729270933479,0.307470966539499,0.3097212142059164,0.3181585696778957,0.3058855341535408,0.29381422150468145,0.30279447130314185,0.4232617256245062,0.2955940042027568,0.28677117666007124,0.28276197995626,0.20686781836002585,0.32207942753251684,0.3470872298925526,0.22079793253169405,0.4297731404168337,0.32178277658402066,0.20947964351381862,0.27605386561467077,0.2304126526976103,0.41100231682398153,0.3046822658032063,0.20957024001726046,0.31760328543243543,0.28759236141843236,0.24443363468919546,0.3280167554156743,0.3121134940541715,0.31538619643002763,0.25982696326790544,0.29377971573954775,0.29128052000242843,0.2982606921996868,0.22192789812113495,0.25570066895867843
syn_Cd_0013,0.31524427710658365,0.11997406956149262,0.3160077398235252,0.3063010420012902,0.0877622579450148,0.28156035473807156,0.2852279869816242,0.29671988148547035,0.2717261827024047,0.2950035593047764,0.2731444954261902,0.10547278239729857,0.0,0.09583136126355295,0.3051775844840933,0.30278637057983215,0.2861816974556586,0.2961874106244187,0.30344532757421566,0.2977977086612988,0.09304688395404342,0.3075689181500274,0.31813148739780467,0.2873742558145339,0.3100694748326691,0.2667092786850695,0.07581502340216446,0.11874062171900511,0.30807342029901713,0.307557508093671,0.10164513137455608,0.06722793932541277,0.27451079635176473,0.3818970031063327,0.3093955907127878,0.2640234903907051,0.39513678185516826,0.2677769288960014,0.06872780654219653,0.11855525285734433,0.23786617199519522,0.2554924788940642,0.25439679097833495,0.2511757949719983,0.2437729821059795,0.23828990611300524,0.28270456650213827,0.28444580244727685,0.29253980060359414,0.284088423141608,0.2695694274027194,0.27955359899166404,0.40342796794886177,0.2816757589612599,0.26259898280609206,0.25707170296590304,0.22922638564746464,0.29948135836024126,0.32066561936511817,0.21728401830970984,0.40944393542319724,0.2982400750752649,0.23304460600564242,0.2639053187478126,0.2284390931564719,0.39026775250866913,0.28071212301171,0.21087243277488782,0.29578747045910536,0.2664145916983391,0.23555498157774643,0.30538289347520753,0.28741114115029476,0.2898215876356614,0.24898569917625596,0.26969174901658377,0.2667964458988059,0.2729587791160183,0.22317041497059648,0.2526022972518156
syn_Cd_0014,0.30636302732038945,0.10357028171388508,0.31048014409882385,0.30321392071624514,0.053567406125927974,0.2835068636543259,0.2858382448020807,0.2956003152090329,0.27422399332485414,0.2948414900285253,0.27645277596527945,0.043091485523341584,0.09583136126355295,0.0,0.30301828524284646,0.29349145359124945,0.29064899767923574,0.29277257029268133,0.2967827627100173,0.30188308189231866,0.061513483175984505,0.3050222920749096,0.32586104729859744,0.28433571537274893,0.30798320853199534,0.2695281698567171,0.109782896085293,0.1233350109379225,0.30056361569652845,0.29335892758028037,0.0771694802572727,0.07112846572992429,0.2821769281866557,0.3939558915910843,0.30832787866016015,0.267521024612535,0.409107229315862,0.26988150018481677,0.05624053786378302,0.09725344304929898,0.24197494024658286,0.2778681520878,0.273810853523516,0.2752117904130871,0.26435701117610844,0.24028751474136117,0.30995376544738784,0.3114213869529614,0.31854583982175244,0.3068391530548153,0.2903494120141986,0.3035560339310794,0.4173072565391324,0.2925317798026207,0.28422999140166255,0.28082507237827653,0.2172156866885287,0.3227358162584326,0.3460052334313311,0.2257252681702812,0.4239539647961188,0.3221481434615426,0.22136076481482767,0.2775950853029278,0.23107456283003114,0.40425720235162316,0.3030405010148794,0.20695175508945726,0.32258301175087684,0.2869192107796247,0.24833142838352526,0.3256837165995633,0.31180623501238924,0.3125068363731995,0.2662289640893619,0.29146742943669146,0.2871071467511039,0.2983211058120636,0.22909613319377414,0.2606727972195725
syn_Cd_0015,0.09594018696680813,0.3228029444642137,0.09626058950302545,0.07586857068051633,0.29730492154331845,0.14778499797663838,0.14774162511760056,0.15834613847178303,0.15064757694394998,0.16053370934383188,0.1500220226552648,0.2969009051547567,0.3051775844840933,0.30301828524284646,0.0,0.09899120067769397,0.1586685354673862,0.08044368248163436,0.07888874364966281,0.09040830069658755,0.31052320697786123,0.07623568168174545,0.11843880247616331,0.08008290153165146,0.0738081769732508,0.16110658628204472,0.28622747858821357,0.2993838040282019,0.09079253960012734,0.10264417433781887,0.30377624121483365,0.304117074167638,0.15155429892994451,0.25231509727668144,0.07855992296168596,0.15096100292038936,0.26848771429521046,0.1588605412349128,0.3128927096945727,0.3259969896591608,0.23611276193545958,0.18548000278803284,0.15792030482160688,0.17091840603364394,0.18029805564506043,0.23937954807569659,0.1822023808363837,0.20820770317125267,0.20509749393146465,0.1832169531783963,0.17403690977845576,0.19567089250933153,0.2890369785548782,0.29015424676259133,0.1872760502604516,0.18519789826831554,0.22289863032448398,0.21373860879514045,0.2325394166746784,0.25265186934616735,0.29111603631694827,0.20648700548209528,0.2361990099556877,0.14778311941905842,0.24327353994854384,0.2756955562149648,0.18129198743004676,0.24016606329225243,0.22522905433675397,0.16147665829811772,0.23826254259853893,0.217696588644493,0.20857501207535978,0.22905264751415763,0.2563599795131808,0.19058655564495977,0.1975029267725147,0.19826827808992756,0.23948449219325552,0.24888693521343044
syn_Cd_0016,0.08029801931538652,0.3013457854883321,0.09962000295807856,0.08106939697108648,0.2896606654610194,0.1783510419455275,0.17123890502624567,0.1520970965778554,0.1735607738520917,0.15292150915780364,0.17555589172504402,0.2879379377085708,0.30278637057983215,0.29349145359124945,0.09899120067769397,0.0,0.16620379302010918,0.08885130584532741,0.08098300460282624,0.10977925254080607,0.29989154552458974,0.08778294461394187,0.1438445563193301,0.08814335159703346,0.08828266934188135,0.1476206915398499,0.283020231233696,0.30637509813923125,0.07174083435114127,0.06572422386049463,0.287571304386406,0.29601791362310537,0.1813205203664396,0.2758461584470471,0.07995183913203815,0.15904628889622155,0.288823879166844,0.14240059330210086,0.30355813930845,0.2990069940007716,0.23161597061048703,0.1857445347081655,0.16472373829774686,0.17682629699549515,0.1706225660192083,0.23783850933895376,0.21747631964122893,0.23906374735303645,0.24622809207390303,0.21882038682273822,0.18405749004698374,0.2306167356751635,0.30964016174876513,0.3142436704202268,0.19323524029258973,0.19142493496743299,0.2042782346151935,0.24148382944593677,0.2707121300686845,0.24639628106765507,0.31446504975273726,0.23536644470136656,0.22192614624481194,0.15609739431013017,0.24162383621388145,0.2959641138141164,0.19904425234007614,0.23840876584070822,0.25641990269493375,0.16978503645206636,0.23815389976709406,0.23519696923089337,0.24192380265184799,0.26223951737316237,0.26741525245087416,0.2032401706241875,0.2026808094067378,0.22746514934638604,0.23964319157284591,0.24214614801784085
syn_Cd_0017,0.1616271418142109,0.3011406074014066,0.1634405208222677,0.1477478549185569,0.28326367023698173,0.0805018297832227,0.0703444871373539,0.07341210155672871,0.0681766579322068,0.07069050395758433,0.080959402184223,0.28144334701009865,0.2861816974556586,0.29064899767923574,0.1586685354673862,0.16620379302010918,0.0,0.16033813770496358,0.15807596632583545,0.17634137835105873,0.29884645750941496,0.15841243636165211,0.1886914676997938,0.1458894106540822,0.15147239332775192,0.07540164781467534,0.26859411173313036,0.29703194528108834,0.15985882839675972,0.17003602966906373,0.28248022568771897,0.2856699205699924,0.09092589254948219,0.31945363593981224,0.15141229939271458,0.06711579257411414,0.3321190551142972,0.07721793131584974,0.2949676980966862,0.30252422745547025,0.21473105198903658,0.2205666612722915,0.19651425245730736,0.21483562000490186,0.20708165777177706,0.2172865993023412,0.1641175726571894,0.17866027256811878,0.21479710223700643,0.15434312893854243,0.22151027985519456,0.1712501810146898,0.3485579355959828,0.29307962231498375,0.2167379360148098,0.21915973768547461,0.1979249237576774,0.18563958479870302,0.21897931431279552,0.22888586720439674,0.359036814489239,0.2091528792287977,0.21467954410690804,0.18744263911749734,0.2198199565797311,0.34580552298314343,0.22806634112040128,0.22542524144930362,0.22397277480675878,0.20310168428030842,0.21953629151141166,0.2786702545481529,0.17874824595993147,0.20933602858991793,0.24202932657123793,0.22282815440764914,0.23537356864044554,0.17345889930808134,0.21766573496002006,0.22971372888916514
syn_Cd_0018,0.09668487228661071,0.3144668610267877,0.09721114079248139,0.08718676513782649,0.28734272117415033,0.15325619578681737,0.15425350982210254,0.16092696337156828,0.15163904512773133,0.16516426060365824,0.1535469860424265,0.28879573508539846,0.2961874106244187,0.29277257029268133,0.08044368248163436,0.08885130584532741,0.16033813770496358,0.0,0.07682095988025629,0.0818091510248573,0.30038519818271553,0.07488694700710088,0.12397296888523684,0.07829315632727642,0.07841042554999589,0.16070295453325253,0.2775046834453889,0.2929693568495676,0.08809729919102119,0.09200849183112905,0.29837357991411684,0.2962313824516985,0.15688706014042875,0.2525970684977938,0.08005975753960987,0.1501362171567528,0.2632750735785242,0.1593357324309454,0.300815177488088,0.32026061809804257,0.22560844394018267,0.16845108847300672,0.14152259528349193,0.15613805459933203,0.16205214114576294,0.22552929347895284,0.19271189241828487,0.21280393591457591,0.21740798669632222,0.18998148083438443,0.15503628843841066,0.20353398882857904,0.28883928035297185,0.2867736371974101,0.17021557305126453,0.16643242520734242,0.21368245287178253,0.2211342431584987,0.24327661710984086,0.23532763811709673,0.28916647414773883,0.20929460636876648,0.23073659625002313,0.13139366176764464,0.23035913244357858,0.2730526684848997,0.17434471663759826,0.23043337003294986,0.22633040669330817,0.14822356514858206,0.2243065088117043,0.20445183419264965,0.21469893650741023,0.23708138665258552,0.24568301318957775,0.1801771564370937,0.18575361961961592,0.20111968924149246,0.22860768806377682,0.23581625771074377
syn_Cd_0019,0.08784018660768743,0.31151492334784736,0.0852181264305734,0.07291524720407704,0.29034219217653723,0.16084149754968396,0.15803867675788508,0.15858556264661863,0.16050782741804967,0.15567636600631177,0.16118194743470407,0.291990434354254,0.30344532757421566,0.2967827627100173,0.07888874364966281,0.08098300460282624,0.15807596632583545,0.07682095988025629,0.0,0.09014830723903704,0.3053226834745328,0.06482574228463352,0.12130555565710611,0.07746137377014335,0.06948354628691268,0.15292415618092003,0.28132281377468926,0.3009855785978436,0.07260410868000175,0.08621124434634529,0.2918660119520671,0.298412891251185,0.16482785423875237,0.2515083296546394,0.06621548351604925,0.15109908652926332,0.26624958107422686,0.14822048675101854,0.30497689496489483,0.3154978614248978,0.23145789419828075,0.17738845303650536,0.15013885745281091,0.1625049953891125,0.16701512425708323,0.23618981771613323,0.2030129547613566,0.22358897561879765,0.22935958824117103,0.19893152177270687,0.16866265446308115,0.21293442285887879,0.28995090807246765,0.2966554419073088,0.18000658816705847,0.17685831886133788,0.2079867836668961,0.2302133439291054,0.2522907018059565,0.2414148006774176,0.29276111708119557,0.21918487430309924,0.22436836599481827,0.1458700101845868,0.23644177264387276,0.27552870461254864,0.18444063760599763,0.23387994238327847,0.2364703291135475,0.15198864562892617,0.23182917178847914,0.21989365215304937,0.22943941514190772,0.24645860361723682,0.2548462115905199,0.18655698527633158,0.1949329499666278,0.21312245976872354,0.23363783369273,0.24235178598471055
syn_Cd_0020,0.11885710255808779,0.3261168411205526,0.10486360346275374,0.10013262953195813,0.29595189847262876,0.16351348120624418,0.17032270805851416,0.1787271205241447,0.17081791202181676,0.18070080035596825,0.1607700795799888,0.3013622870777939,0.2977977086612988,0.30188308189231866,0.09040830069658755,0.10977925254080607,0.17634137835105873,0.0818091510248573,0.09014830723903704,0.0,0.30539874360769065,0.08862476106312243,0.12187807890985013,0.08519736351586295,0.09220273255595153,0.17714641125613637,0.279071620229744,0.29390940279909655,0.10350913013211212,0.109322036793975,0.311072269790802,0.29764157217447323,0.15928277394876564,0.23913241655272668,0.09547451320187017,0.16979610152651214,0.25438469305651373,0.17454144887876083,0.30380116441632743,0.33339498675766677,0.22813105402060385,0.15464025521874225,0.1303717028050603,0.15599273504784625,0.15885946980496465,0.2328658861573816,0.19492628440098378,0.21464376098279792,0.21790377720098383,0.19331028856273305,0.145620388040362,0.2019746071306864,0.28296690118507506,0.2863378617459034,0.1615954013610395,0.15344341426592517,0.23077471929913584,0.220705511876635,0.2445080449417368,0.2428279172375712,0.28332491045487357,0.2111801278596259,0.24636757134163656,0.12590401281133878,0.23171248434056158,0.26899021770670917,0.15730677715385133,0.23457438163660627,0.22502671702951552,0.1357910284006961,0.22869014067945592,0.18798129435212182,0.22220824809048823,0.2407962385175359,0.24956318311696726,0.1608832406480627,0.16821013462540424,0.2036079423246378,0.2348644637181063,0.24100003637293294
syn_Cd_0021,0.31584810717898826,0.1010855459828283,0.31604634560879036,0.3078614078388049,0.064410652976039,0.29600342983809935,0.29693201843740175,0.3070030125613905,0.28428762128294277,0.3062486670629133,0.28649316065676506,0.07292766071284236,0.09304688395404342,0.061513483175984505,0.31052320697786123,0.29989154552458974,0.29884645750941496,0.30038519818271553,0.3053226834745328,0.30539874360769065,0.0,0.31057711248008635,0.33118240526905557,0.29231444405718177,0.3155068901946026,0.2768515768254596,0.11845944552984759,0.1353627367415439,0.3082547893201835,0.2998851218984273,0.08856116179331723,0.07476779267018187,0.2891282546389462,0.3974046401249725,0.31416950694235823,0.2778439388223623,0.4137211345625631,0.2772356039119658,0.053724701767514496,0.10785559163292881,0.2471586467810893,0.2836657398317081,0.27886237045311374,0.2821193675114714,0.2635179249640001,0.2539434205211391,0.32045412638553744,0.3235709718070521,0.32833246590895127,0.31651751419382823,0.2995054850691716,0.3153493281512057,0.43103899423099795,0.3039712952020007,0.28841355743495894,0.2844332208538721,0.22686247310441074,0.33204162546132204,0.3556598115406936,0.23074135248203131,0.43696600935556373,0.3327995696521786,0.23081194995451323,0.28548844678342605,0.24214528564758364,0.4177648967795551,0.3092951501636809,0.2202319223812798,0.32727609683621783,0.2910204542198436,0.25522445038131353,0.3280368692742589,0.32470445388323604,0.3251482817571688,0.27256149956911235,0.29968024301064317,0.28600556539960625,0.3114408961674324,0.2352742794967553,0.26874337926931413
syn_Cd_0022,0.08898103414393468,0.3166296015384772,0.078000724743939,0.07533902109997404,0.2982573598892201,0.1642293599673286,0.158146436687619,0.1626634795329317,0.16035018756076078,0.16431348747040947,0.16410765675966432,0.2981252388957707,0.3075689181500274,0.3050222920749096,0.07623568168174545,0.08778294461394187,0.15841243636165211,0.07488694700710088,0.06482574228463352,0.08862476106312243,0.31057711248008635,0.0,0.12211001459810433,0.08330379092356656,0.07355182328536992,0.1608340512391767,0.2859963124823872,0.30678216693246985,0.0743955153615777,0.08229811161270027,0.30082452445080476,0.3054671595667919,0.16893760912011432,0.25081491295125563,0.0694869465082977,0.15218205958498537,0.2657544034931669,0.16045657968445187,0.31266789227308794,0.3237274029283221,0.23520209466032538,0.17845844663532212,0.15448861622442717,0.1694471428057848,0.1736823499410253,0.2391863317414598,0.20150625455952034,0.2235399546800084,0.22695753669229843,0.19952243859590765,0.17029141315026894,0.21001869451643485,0.29673139195449794,0.2998441069820288,0.18360919654076177,0.18295797617097292,0.2169042844435833,0.22824739559275176,0.2507891224713397,0.24845042785359067,0.2982319245534496,0.21895565404349243,0.23023307158006026,0.14368033453736825,0.24728822814004678,0.28202051007354145,0.1844449623558684,0.2395030594368596,0.24152393264652433,0.15601555161998173,0.23937363317796853,0.22157817744110833,0.22429642566935923,0.2488965861924577,0.2604338410380717,0.1885705069171902,0.1939408589306267,0.21195449067579591,0.24016676539730233,0.2482163480520435
syn_Cd_0023,0.13764328511278193,0.34970074692294456,0.13278579868227933,0.11837385308002293,0.3174352991621482,0.1744726967525872,0.18037323654805668,0.19293304372264852,0.17844926487474286,0.20119027332464287,0.17272773299736632,0.3255315242413319,0.31813148739780467,0.32586104729859744,0.11843880247616331,0.1438445563193301,0.1886914676997938,0.12397296888523684,0.12130555565710611,0.12187807890985013,0.33118240526905557,0.12211001459810433,0.0,0.1294347772606629,0.11043463599269367,0.2058394327005982,0.296639436306705,0.30124674545285895,0.12842408432290836,0.14807936708710023,0.33408488607644526,0.3175200024451622,0.1715952238369045,0.2611356912541476,0.11545718193418698,0.18496734432542544,0.27370721821141464,0.20169125096932622,0.32393156941915957,0.35710805087225167,0.2388874266642138,0.20709513765364088,0.1856380945642983,0.18933662719566405,0.20698423268388438,0.2427890742219614,0.18284776105426528,0.2017523510267322,0.22131136554238592,0.18669883645679508,0.19276151058766677,0.1930066341833873,0.27418884303868885,0.27719982278193606,0.20197840155866859,0.20340403660445236,0.2512539654923231,0.20562822812317322,0.22409436960670326,0.2624449238287282,0.2788985389481487,0.2066389504659029,0.26707260831307983,0.17932582362480334,0.2524217578428781,0.26338990674644064,0.1978160944302461,0.25350392790975845,0.22674974971907255,0.1856599182088015,0.24314719059151307,0.22763576094010796,0.19306570317807853,0.20971682816410409,0.25882297708401714,0.20537625573292828,0.21704133668187137,0.18832932000819216,0.2532824254175666,0.2503562948814834
syn_Cd_0024,0.10067227796171846,0.302144365218602,0.10750992833268203,0.08361352492854057,0.27890852717854314,0.14422967022423658,0.14580442533092428,0.1497708646002654,0.1425603327996655,0.15229876664435077,0.14536575861186674,0.2797861508422785,0.2873742558145339,0.28433571537274893,0.08008290153165146,0.08814335159703346,0.1458894106540822,0.07829315632727642,0.07746137377014335,0.08519736351586295,0.29231444405718177,0.08330379092356656,0.1294347772606629,0.0,0.0858756789965075,0.14578696801334465,0.2682820720531576,0.2887664493209543,0.09310574095256637,0.08825589862875931,0.2876096512707337,0.28537141070166955,0.14764631180060464,0.2601133338996525,0.08751567623429936,0.13550399331493723,0.2754683892097099,0.14229825800558735,0.29329526015962143,0.3082194601397832,0.21922575962900656,0.16077851514274036,0.13594575596248964,0.1512058214112672,0.14933381449716007,0.22170641780507752,0.1922837218226237,0.21330847742892822,0.21938790753616877,0.18784288472461613,0.15370912874209647,0.20200101684753632,0.29269636384413117,0.2874981680899195,0.16169476412597178,0.1570909233177523,0.20439015968924232,0.2212324465843268,0.2407934803513622,0.22905304504535723,0.299495737474843,0.2116207013912338,0.2215656274567598,0.12906063951408867,0.22042730667641086,0.282573892991465,0.16902395457602867,0.22119745881991695,0.23037180617918435,0.1392556276254935,0.21855581262980833,0.21364658991407892,0.2179184191539737,0.23710625890309397,0.24055970288255746,0.17366448530508882,0.1748149412992093,0.20150725360010305,0.2238642631679752,0.22986829564319872
syn_Cd_0025,0.08522623146393513,0.3223019217595599,0.08980636175510774,0.06604750497570618,0.3010607818191567,0.1480394997326246,0.14758569650761952,0.152020221358368,0.15250745777562635,0.16000850354007923,0.1504240453583957,0.3026916200474469,0.3100694748326691,0.30798320853199534,0.0738081769732508,0.08828266934188135,0.15147239332775192,0.07841042554999589,0.06948354628691268,0.09220273255595153,0.3155068901946026,0.07355182328536992,0.11043463599269367,0.0858756789965075,0.0,0.16316860331669272,0.29139842526245296,0.30366165236638376,0.08111222589080648,0.0956131977922594,0.30585003012653444,0.3105058612643668,0.1570317723181134,0.26452067229752296,0.06580476415327144,0.1448137737109836,0.2782781128956782,0.1586437076497831,0.31723881131625903,0.32897300043442296,0.23214902267224877,0.18262490725886799,0.15594571618390543,0.16853025013228962,0.17814144498810677,0.23659128442701743,0.18549373526788465,0.20779984968965012,0.219575360644348,0.18332713543795148,0.17340733987102017,0.1974160665084162,0.30242773968285036,0.2926374681237084,0.18447123491629244,0.18406443394718633,0.22021824891574382,0.21611375225839768,0.23707138961260857,0.25143984499278543,0.3044530688932775,0.20977761943842738,0.2334201129913167,0.14951045900820725,0.24300862322522845,0.286094917783289,0.18553691565093156,0.24147123683275037,0.23487844098757166,0.16120384986178282,0.23853402730962434,0.2237617966355976,0.2113755993313878,0.2373566013323375,0.25739204893503936,0.18851788581524723,0.1972650660906256,0.19555521588313085,0.24167923243947617,0.2445333214626369
syn_Cd_0026,0.15557708557828864,0.2762292384865179,0.16236211989301344,0.15228434556059783,0.2620193371810991,0.09826589423512201,0.0904782872558526,0.08986839232911588,0.08541794104069379,0.0789467465250827,0.09922793122433594,0.262138903502761,0.2667092786850695,0.2695281698567171,0.16110658628204472,0.1476206915398499,0.07540164781467534,0.16070295453325253,0.15292415618092003,0.17714641125613637,0.2768515768254596,0.1608340512391767,0.2058394327005982,0.14578696801334465,0.16316860331669272,0.0,0.250404116492028,0.28743453201289093,0.15294303063646583,0.15281146347137245,0.26179681689834305,0.2648458683217928,0.10423424676969628,0.31665297897112293,0.15879404028434713,0.07432996079422481,0.33262267749819263,0.05952533114568601,0.27359997207178205,0.2772037507599946,0.2080493765882764,0.2137097943461127,0.1893416171125288,0.20959283766809766,0.19114062113120767,0.21250850810958138,0.18488992038934635,0.19567714888729482,0.2224270867700265,0.17589031206237069,0.2169545548969318,0.18780674823061808,0.34688639115196235,0.29633027069015005,0.21396396421439748,0.2132313258239083,0.17982486809430212,0.20200254517966368,0.23807410780225496,0.21333004058177124,0.35833742265138424,0.2214914031728834,0.2012526004717884,0.18835258235230512,0.21017197186005496,0.3452581072257398,0.2259632562578829,0.21511328236130653,0.23330995172579574,0.20008984192633567,0.2161775040815985,0.2754503139655528,0.20048963796176536,0.22437436265257518,0.23907262093501316,0.22449499251111582,0.2321073525159202,0.1906660414303253,0.20713507970246345,0.22534747307631317
syn_Cd_0027,0.29294584196005685,0.13505449095089753,0.29561110927124523,0.2868786962492547,0.10672198276588706,0.2655083631491838,0.26609362625086214,0.2797335620314827,0.2532235913419776,0.2758120179209871,0.25673635478670365,0.1103104855065996,0.07581502340216446,0.109782896085293,0.28622747858821357,0.283020231233696,0.26859411173313036,0.2775046834453889,0.28132281377468926,0.279071620229744,0.11845944552984759,0.2859963124823872,0.296639436306705,0.2682820720531576,0.29139842526245296,0.250404116492028,0.0,0.1338347297857988,0.28810279331178734,0.2864989437987453,0.09950846782837446,0.07916627475264398,0.2599146576126324,0.3681961371663666,0.2928496155365814,0.24569602652055478,0.3823438658688289,0.2504103243816083,0.09625684164479101,0.1397146221402919,0.21142771643200742,0.24575210048378826,0.24261974036065967,0.24015397721412332,0.23372609332849145,0.21210355287811572,0.2695920645507915,0.2770787763967972,0.2820624188806099,0.2684764677441943,0.26000755929160635,0.2686019876562858,0.3878881917945114,0.2650157564430141,0.25075473280311233,0.24830686677036534,0.20542711997448473,0.2870806031288492,0.3096742916627968,0.19485376843199625,0.3975834238319437,0.2853748020995567,0.20739994566367684,0.2477163559783759,0.20621415071596833,0.37744916099914727,0.2679117445598095,0.18544969529561425,0.2829777866919496,0.2529903234734457,0.2116902106162143,0.2936194611412823,0.27843314928620183,0.28054244444002585,0.22897400351871894,0.2604703088059726,0.26083373004013044,0.26656389209353865,0.20013293123126377,0.22854960426693355
syn_Cd_0028,0.31252385447582515,0.18920484031538043,0.31470195428880193,0.3062405200828452,0.12213886135570894,0.284426157400691,0.28765964057174576,0.30262889516322544,0.2786455630190949,0.30689876415542294,0.2713583173433385,0.12586573868004433,0.11874062171900511,0.1233350109379225,0.2993838040282019,0.30637509813923125,0.29703194528108834,0.2929693568495676,0.3009855785978436,0.29390940279909655,0.1353627367415439,0.30678216693246985,0.30124674545285895,0.2887664493209543,0.30366165236638376,0.28743453201289093,0.1338347297857988,0.0,0.3087662770454365,0.31347905667903586,0.16564245861193716,0.13643702741190497,0.27202876488426725,0.35332709954788427,0.3093870686442394,0.27574178049639286,0.35710871702985153,0.28555544706263386,0.11976492116343145,0.18255965749880942,0.23872835926189506,0.24599781460151365,0.25729744565293144,0.23243407431962246,0.2603920561905811,0.24036931602191228,0.2558345967793664,0.26259690241347156,0.2518360708604026,0.26807766255032234,0.2409488253217212,0.2629621123939445,0.36469878137450956,0.2349835370489273,0.23859158867150318,0.2390873326122339,0.24789211951436396,0.2820939472634129,0.2802122610792378,0.24222881502100957,0.37390357019104903,0.2544623392916341,0.2523637175613133,0.2678287432080668,0.23622427604788898,0.3545048977877944,0.24976200581136673,0.22349789942264986,0.25594306235509995,0.2621000394081168,0.23132338648853226,0.2712309302151922,0.25769476166094624,0.2522290500154416,0.2222858862789009,0.24281089589062463,0.25378235800861343,0.2555061866958229,0.2376960940200521,0.25279711888368384
syn_Cd_0029,0.08258160124021707,0.3048159943833126,0.07657832332959667,0.07132818781802533,0.2952179457531086,0.17254659805616937,0.16616062717403524,0.15261745502442947,0.1705476270931247,0.15419924864321824,0.17219508866576214,0.2968482780577971,0.30807342029901713,0.30056361569652845,0.09079253960012734,0.07174083435114127,0.15985882839675972,0.08809729919102119,0.07260410868000175,0.10350913013211212,0.3082547893201835,0.0743955153615777,0.12842408432290836,0.09310574095256637,0.08111222589080648,0.15294303063646583,0.28810279331178734,0.3087662770454365,0.0,0.07311946819875875,0.29323498343978766,0.3039596597190626,0.17890249891936433,0.26728104222946486,0.06853963569447755,0.15236872291989345,0.27967526723823255,0.1480261933361581,0.30955884786500115,0.31002127266236207,0.2341054182887841,0.18248414361061874,0.16297636509625857,0.17844882575726836,0.1763341982605154,0.23903045924187447,0.20861972086656386,0.23157228989528197,0.24051491225540786,0.20736049995355116,0.17637299648899551,0.22322437630216754,0.3056768795934365,0.3081432829954875,0.19451873536739972,0.1848027615458807,0.21104203129941113,0.23665176693967266,0.2623022088261208,0.24881225681675115,0.30662562564521356,0.23310091823519574,0.22671141168714162,0.15036444115694397,0.24440181449729378,0.2916522264491296,0.19506952563553376,0.2391349102298256,0.2528093536827152,0.1666032285950066,0.24040826685518257,0.23072609549410586,0.23437824009614489,0.25331836178501627,0.26574558226540224,0.20016814999933344,0.20223389176055387,0.21935777095499115,0.24235514863589522,0.2431431743694562
syn_Cd_0030,0.0912660628901013,0.2969950098492718,0.0929411063391591,0.08788502890744102,0.2910781042380197,0.18187674072452129,0.17699938883366695,0.1588423640542043,0.17734205335443667,0.16022742868195086,0.17847422489580428,0.2897302761951944,0.307557508093671,0.29335892758028037,0.10264417433781887,0.06572422386049463,0.17003602966906373,0.09200849183112905,0.08621124434634529,0.109322036793975,0.2998851218984273,0.08229811161270027,0.14807936708710023,0.08825589862875931,0.0956131977922594,0.15281146347137245,0.2864989437987453,0.31347905667903586,0.07311946819875875,0.0,0.288515699482571,0.2974875404139165,0.18440789365390056,0.2706734598205901,0.08699962779857508,0.16057753598156013,0.2857720939936911,0.14823727661560834,0.30310124009858985,0.29890959446518317,0.24029716687202352,0.17984899078328564,0.1602094946362375,0.17298778037616505,0.1654479905984895,0.24688419844230075,0.22273952100758423,0.24421686663057007,0.2510157819791247,0.22195441583034398,0.17970568867701656,0.23493210496430023,0.3181483080027639,0.32043601170993913,0.1881526780925815,0.18411747228347705,0.2083090013910931,0.2489794337099795,0.2742759236080905,0.2465003864923929,0.3184233642181244,0.24141054792652378,0.22412119757824445,0.14851582301680818,0.2468712850566813,0.30289201217302963,0.19331761146690277,0.24108474036947167,0.2575665846836391,0.16136163953464427,0.2447234162938784,0.23320615408363032,0.2484357162061197,0.27011126274568487,0.27126609417454783,0.19716577035080105,0.1937253266322015,0.23376775475179826,0.24481370582970888,0.2534947066591999
syn_Cd_0031,0.30144354313690236,0.07587027073082861,0.3015892878616143,0.296084170486566,0.09300612946492999,0.2939750077056717,0.2858593639033475,0.2897611118516609,0.2794550754569541,0.29006466637579237,0.28494309241111754,0.07927064150686408,0.10164513137455608,0.0771694802572727,0.30377624121483365,0.287571304386406,0.28248022568771897,0.29837357991411684,0.2918660119520671,0.311072269790802,0.08856116179331723,0.30082452445080476,0.33408488607644526,0.2876096512707337,0.30585003012653444,0.26179681689834305,0.09950846782837446,0.16564245861193716,0.29323498343978766,0.288515699482571,0.0,0.0670296662240039,0.29375198596908375,0.40070918364182356,0.30184205779082446,0.26243717328182364,0.41637645766279696,0.26258478654296746,0.08541505310086629,0.07625523022264054,0.25055872761914455,0.2886477965145863,0.28498653433358073,0.28813532390116664,0.2756153586467783,0.25066762095334094,0.31957108574872,0.3248189080355108,0.33366380809666285,0.31667718714442544,0.30087976418844425,0.3160717729676658,0.43003551937023166,0.30652323047841046,0.2959996131790208,0.2901009106421238,0.210329108801896,0.3345407564008555,0.361017947836688,0.2283724629384471,0.43575105977015466,0.3362258044736836,0.2138869242498973,0.2842650636587266,0.2417819239694163,0.41438201394348395,0.31352442450387247,0.2194077200221275,0.3334081313812221,0.2958977665802504,0.254928521590303,0.34060183242766684,0.32712080935794724,0.3256037817409984,0.2749520058479194,0.30366394029023,0.30132529035527517,0.31423067544838995,0.23620491218124998,0.2672615581230928
syn_Cd_0032,0.30943268334669477,0.10080497608085495,0.30887243713663215,0.30415227185568366,0.0688234008283963,0.28359413026181507,0.28485447506581174,0.29545494780505366,0.2722963409929409,0.2916093394858152,0.273364914728174,0.08154938318874351,0.06722793932541277,0.07112846572992429,0.304117074167638,0.29601791362310537,0.2856699205699924,0.2962313824516985,0.298412891251185,0.29764157217447323,0.07476779267018187,0.3054671595667919,0.3175200024451622,0.28537141070166955,0.3105058612643668,0.2648458683217928,0.07916627475264398,0.13643702741190497,0.3039596597190626,0.2974875404139165,0.0670296662240039,0.0,0.27619338452765074,0.3917738048684224,0.3080409427456131,0.26371096741851674,0.40609666879032097,0.2646299242222612,0.055712388394781535,0.09780205020101998,0.23681210139718795,0.26781550293938605,0.2639887028460142,0.2676519097231035,0.25661636955942824,0.23629273698093906,0.301867217524075,0.30835577173187617,0.3112402499036175,0.30088882823385454,0.28178102420654455,0.2983259474556668,0.41504392363473663,0.2906770862981303,0.2747955490027081,0.26945248514897263,0.21841917019039186,0.31651053293071935,0.3396282031102135,0.21589001195938312,0.4215713256123249,0.31578521236633017,0.22093191802040898,0.27041185017425357,0.22505264536269742,0.4009781695923546,0.2934741610002313,0.2008247745802534,0.3156825029580899,0.27811838520087984,0.24217711280377374,0.3136907944638181,0.3072129014983731,0.3076183696465636,0.2593816487262323,0.2810672265228623,0.2792766184796872,0.2923458863239465,0.2205551054249723,0.2540794847222039
syn_Cd_0033,0.17344786161713618,0.3068684717547382,0.18171315845034072,0.16768006927237206,0.2712704452563487,0.07243654003599806,0.08273008289776497,0.09106451839912537,0.08484800664020671,0.11190427945518644,0.052865120289992185,0.28114438730668184,0.27451079635176473,0.2821769281866557,0.15155429892994451,0.1813205203664396,0.09092589254948219,0.15688706014042875,0.16482785423875237,0.15928277394876564,0.2891282546389462,0.16893760912011432,0.1715952238369045,0.14764631180060464,0.1570317723181134,0.10423424676969628,0.2599146576126324,0.27202876488426725,0.17890249891936433,0.18440789365390056,0.29375198596908375,0.27619338452765074,0.0,0.2958000460213596,0.16446394381164137,0.09522877171836427,0.3076908582210223,0.10048413757760605,0.28656513157479097,0.31169741431983805,0.2159057498035235,0.20012173504476896,0.1752668096853735,0.18771510391371238,0.19249395207415249,0.2198122074117266,0.13441696542703366,0.14608476154466488,0.1784465789737357,0.1298527803684847,0.18871875428788568,0.1405892313533413,0.3174587520332017,0.27402621222243406,0.18384584827326864,0.19563668566607995,0.22299430059409275,0.1557517062357808,0.1835873989693974,0.23663318588354026,0.3284934031127196,0.17044124934869803,0.23778255592918282,0.17783100298490617,0.223410322470298,0.3151817507600962,0.19638030978394072,0.22562965353576117,0.1908259838729817,0.17855101695092354,0.21933734012627024,0.24157227854727117,0.1501005929337987,0.17561766632753442,0.22867084425111117,0.19533955047655596,0.2119537325790556,0.14293691680750825,0.22341379085184687,0.22954570466755614
syn_Cd_0034,0.2740349971557527,0.41344177484082784,0.26196989902367473,0.2659516649678422,0.38858535777698056,0.29673348237417974,0.3120828337263369,0.31719015450605986,0.31085717401686036,0.3221285077378346,0.29794553682460534,0.39807981896528255,0.3818970031063327,0.3939558915910843,0.25231509727668144,0.2758461584470471,0.31945363593981224,0.2525970684977938,0.2515083296546394,0.23913241655272668,0.3974046401249725,0.25081491295125563,0.2611356912541476,0.2601133338996525,0.26452067229752296,0.31665297897112293,0.3681961371663666,0.35332709954788427,0.26728104222946486,0.2706734598205901,0.40070918364182356,0.3917738048684224,0.2958000460213596,0.0,0.2668655169368387,0.3120131934044093,0.09942539836065639,0.31312681758905125,0.3915965404940926,0.4229752703381576,0.3338267865903684,0.23530969293662216,0.2415724640717449,0.23682709462688487,0.2572620362868646,0.33285917702433676,0.2901234741136797,0.3039708993978434,0.28429282169961534,0.3013856673926984,0.2189119155930978,0.3054616000884572,0.1437416436479273,0.3406471802871651,0.23397292621414092,0.24201765737801934,0.34603568872540214,0.3219129770644208,0.30631955870966815,0.34007722685831165,0.15219799848752144,0.28817702229824066,0.3515815887526961,0.24061745070631596,0.33484258231232283,0.14877791795065137,0.22835064847168227,0.33615486379060044,0.29392143984308744,0.23178775747400182,0.31431904230708724,0.24700086042564598,0.3004361533712475,0.31295354730219294,0.32384724758151845,0.23994215902701882,0.25754471713624755,0.3000101916876824,0.3366649539993615,0.33852128956401145
syn_Cd_0035,0.0841945217423207,0.31612307352975194,0.07398296854179799,0.06409097062447074,0.301973565947503,0.15836463328142023,0.15561315545709065,0.15354012935180353,0.15776606716024585,0.15652226067186015,0.15676132964887676,0.30070370261132556,0.3093955907127878,0.30832787866016015,0.07855992296168596,0.07995183913203815,0.15141229939271458,0.08005975753960987,0.06621548351604925,0.09547451320187017,0.31416950694235823,0.0694869465082977,0.11545718193418698,0.08751567623429936,0.06580476415327144,0.15879404028434713,0.2928496155365814,0.3093870686442394,0.06853963569447755,0.08699962779857508,0.30184205779082446,0.3080409427456131,0.16446394381164137,0.2668655169368387,0.0,0.14743203521506704,0.2804048222157517,0.153322484049251,0.3159700741167278,0.32319853847712066,0.2363337779164471,0.18622400094520972,0.15877761585455727,0.17485785454802671,0.1791415531338042,0.2405190770119493,0.1970972114295939,0.2184315575650864,0.22892375204464188,0.1981527735211732,0.17751790790355274,0.20783118672344558,0.30180929893962194,0.30430392863964895,0.1915169278417286,0.18409192807174468,0.21609453311155938,0.22435573151938526,0.2510428566140475,0.25446673040402235,0.3038484421340843,0.21752829480229346,0.23354056690361732,0.1514308666461371,0.24692765423343244,0.286731031483596,0.19292698388149446,0.24440856176711478,0.2387832574236911,0.1600673992546489,0.24309930410837619,0.226257211121246,0.2212389266837692,0.24469476240352608,0.2636616788085915,0.1942391989419466,0.19817183934397223,0.20676493301647253,0.2452028801326878,0.24872948669647402
syn_Cd_0036,0.16014426940138968,0.28595558992632836,0.16298741850099976,0.14829406564365746,0.2591645571745745,0.08459023893133313,0.07630781914888071,0.08898807786440222,0.0726222129107074,0.08405827000409694,0.08660424478289216,0.2576138951692294,0.2640234903907051,0.267521024612535,0.15096100292038936,0.15904628889622155,0.06711579257411414,0.1501362171567528,0.15109908652926332,0.16979610152651214,0.2778439388223623,0.15218205958498537,0.18496734432542544,0.13550399331493723,0.1448137737109836,0.07432996079422481,0.24569602652055478,0.27574178049639286,0.15236872291989345,0.16057753598156013,0.26243717328182364,0.26371096741851674,0.09522877171836427,0.3120131934044093,0.14743203521506704,0.0,0.3248026861285754,0.07265948186259595,0.2750467364274758,0.2885370962434773,0.1970846711201118,0.2031902473011991,0.18227006396133633,0.19649265135213806,0.18639293428997392,0.2014816476588175,0.15552281557322814,0.17242595074430642,0.19914988057561764,0.14581904739118282,0.2040282085385427,0.1664742664687133,0.33932610538644375,0.2798901720010232,0.20336427991944322,0.20001800900811512,0.18146377222061438,0.17991865950725183,0.2069653601553349,0.209926706218118,0.34995176393948574,0.19117828296933667,0.19750568899381296,0.17295419712939208,0.19742589690945075,0.3369333289360956,0.2150028068008216,0.20516841950384007,0.2152000144951878,0.1851571726062141,0.20153149244999746,0.26445820474721937,0.17053803295642997,0.2015067845820006,0.22545298936881422,0.2086064768236222,0.21838942932275462,0.1639895768427363,0.19705763740605148,0.21144193148046134
syn_Cd_0037,0.2902561135883671,0.4318350215738294,0.2748335789976189,0.2811423223911219,0.4040095814418624,0.31670367855165815,0.3266582533767612,0.33124469543217056,0.32672988090683797,0.33558955127018447,0.31332718148383926,0.4136842107257371,0.39513678185516826,0.409107229315862,0.26848771429521046,0.288823879166844,0.3321190551142972,0.2632750735785242,0.26624958107422686,0.25438469305651373,0.4137211345625631,0.2657544034931669,0.27370721821141464,0.2754683892097099,0.2782781128956782,0.33262267749819263,0.3823438658688289,0.35710871702985153,0.27967526723823255,0.2857720939936911,0.41637645766279696,0.40609666879032097,0.3076908582210223,0.09942539836065639,0.2804048222157517,0.3248026861285754,0.0,0.32910261379788786,0.4061649093000696,0.4376168002102236,0.34767541373542576,0.24616366231945896,0.2550574626151594,0.2485434750007712,0.2734114120336382,0.3491112091771759,0.29725695121544826,0.3103394332605266,0.2677845712493594,0.30298571469310875,0.22380487558912748,0.31268142843699204,0.14179559223776048,0.31902490890919366,0.24679526924444495,0.25037249842548204,0.36406966893784093,0.3260064208799106,0.28705169435911176,0.3557793089330872,0.16751951184010422,0.26809368458168836,0.36644983291797706,0.2557435279787157,0.351000641779927,0.17312175465953733,0.2257489573906998,0.35117206104509724,0.27730919431066564,0.24687947304146335,0.3296246325209471,0.2267505364021924,0.3060413006190624,0.31314847401771895,0.32081851529312155,0.23872955537399826,0.25826007153496355,0.3056522370807909,0.35178281243613485,0.3519548209184329
syn_Cd_0038,0.15208475260204937,0.27470534106229577,0.1603879112376138,0.1520472143059119,0.2633452430246551,0.10208320402979791,0.09206876891415439,0.08473689128324342,0.08485665207792915,0.07873433314810935,0.0978809067531685,0.26204976759233445,0.2677769288960014,0.26988150018481677,0.1588605412349128,0.14240059330210086,0.07721793131584974,0.1593357324309454,0.14822048675101854,0.17454144887876083,0.2772356039119658,0.16045657968445187,0.20169125096932622,0.14229825800558735,0.1586437076497831,0.05952533114568601,0.2504103243816083,0.28555544706263386,0.1480261933361581,0.14823727661560834,0.26258478654296746,0.2646299242222612,0.10048413757760605,0.31312681758905125,0.153322484049251,0.07265948186259595,0.32910261379788786,0.0,0.2760487530933626,0.27772094055826385,0.20638851632835645,0.21612697007520568,0.19388392237774565,0.21164412503177896,0.19137523302596737,0.21348605494611592,0.175863093051051,0.18701765649749033,0.21829010438987842,0.16942114513508463,0.21725699496794768,0.18582705589078832,0.34502560282268857,0.2953643209556359,0.21627628443531915,0.21418556867346383,0.1779492239929363,0.19022063718497703,0.23332305744594145,0.21668406127734752,0.35399601647765233,0.2125128107865114,0.1961746260182243,0.18977411039732384,0.21194912451922587,0.34271005537078586,0.22889096248128815,0.21281662525641173,0.22944911255947498,0.2033928301837775,0.2188239051219089,0.2773118352246933,0.19551467234793257,0.21867409308274602,0.24200489170367764,0.2283605363437387,0.2343423773739597,0.18377850734214518,0.20772801984919428,0.22211151179167896
syn_Cd_0039,0.3171571621855728,0.10188972956069411,0.31780917728044855,0.3119120605184571,0.058936012744560194,0.2929211439569137,0.2949184414344491,0.30246072981994654,0.2814903427117366,0.30392419368411694,0.2838180628733267,0.07219146809546856,0.06872780654219653,0.05624053786378302,0.3128927096945727,0.30355813930845,0.2949676980966862,0.300815177488088,0.30497689496489483,0.30380116441632743,0.053724701767514496,0.31266789227308794,0.32393156941915957,0.29329526015962143,0.31723881131625903,0.27359997207178205,0.09625684164479101,0.11976492116343145,0.30955884786500115,0.30310124009858985,0.08541505310086629,0.055712388394781535,0.28656513157479097,0.3915965404940926,0.3159700741167278,0.2750467364274758,0.4061649093000696,0.2760487530933626,0.0,0.09990747040652959,0.2430560533977204,0.27028935050374964,0.2665740620282725,0.2690967663751336,0.2568266746530198,0.24102251937418354,0.30741592397290757,0.3096504748273443,0.31371122740263496,0.30296391003554124,0.28476471322256103,0.3002475627608862,0.4153746423376144,0.29195833864645654,0.277313305705869,0.27140784135755897,0.22677245700983864,0.31903835987322676,0.34167696514599283,0.22020455458894395,0.41899194387284744,0.31733825421491246,0.23073147704496821,0.27151663463053327,0.23178181938969142,0.3999993222682943,0.2955408930615996,0.21010054567632483,0.3165392160707363,0.28178713234817676,0.24656492367592941,0.3172867619196531,0.3087663562294303,0.310938305607074,0.26352317644447426,0.2833220024524419,0.2787900610834428,0.29438446891060377,0.22820017158755326,0.2591019306441863
syn_Cd_0040,0.313706453055482,0.06087496275044272,0.31873065738311956,0.31389374020938515,0.10700554669622789,0.31202842058857533,0.3096100068963077,0.2996677209464049,0.299816340044229,0.3018240524200312,0.30676969601015747,0.11000993183917517,0.11855525285734433,0.09725344304929898,0.3259969896591608,0.2990069940007716,0.30252422745547025,0.32026061809804257,0.3154978614248978,0.33339498675766677,0.10785559163292881,0.3237274029283221,0.35710805087225167,0.3082194601397832,0.32897300043442296,0.2772037507599946,0.1397146221402919,0.18255965749880942,0.31002127266236207,0.29890959446518317,0.07625523022264054,0.09780205020101998,0.31169741431983805,0.4229752703381576,0.32319853847712066,0.2885370962434773,0.4376168002102236,0.27772094055826385,0.09990747040652959,0.0,0.27979510319970763,0.3087733072324397,0.30265213234544797,0.3107411884466512,0.2926307224460446,0.2814377100448867,0.3442472793184686,0.3466669550802439,0.35917773896585964,0.34130654791377746,0.32059592293875067,0.3369179191694701,0.44533825236796515,0.33212263138534986,0.32116491071278463,0.31151389617670644,0.23538990212940483,0.3502204265150746,0.3852010799730681,0.25885912194073124,0.4519538135740293,0.3605407659815332,0.24371270337737774,0.30937440691502405,0.2720139449822219,0.43176115845658153,0.3345554211311423,0.2499290611060964,0.36770110155114777,0.317562161592972,0.2882919572884974,0.3641133410792974,0.3474090594068544,0.3504531483459888,0.30327779660533605,0.32431544491195335,0.3227347922555483,0.3350926196150764,0.2639496980790803,0.2914593579038307
syn_Ni_0001,0.2440732044991635,0.27719707475076094,0.24527245054082208,0.23332752680623636,0.23852573643345193,0.21832778523760626,0.20287123159843884,0.2293410501848273,0.2031880263789004,0.2263385343153475,0.21225027948357822,0.23840594016635294,0.23786617199519522,0.24197494024658286,0.23611276193545958,0.23161597061048703,0.21473105198903658,0.22560844394018267,0.23145789419828075,0.22813105402060385,0.2471586467810893,0.23520209466032538,0.2388874266642138,0.21922575962900656,0.23214902267224877,0.2080493765882764,0.21142771643200742,0.23872835926189506,0.2341054182887841,0.24029716687202352,0.25055872761914455,0.23681210139718795,0.2159057498035235,0.3338267865903684,0.2363337779164471,0.1970846711201118,0.34767541373542576,0.20638851632835645,0.2430560533977204,0.27979510319970763,0.0,0.25100374589838864,0.24020800097977354,0.2477539698653225,0.24210125661840437,0.05646794871033493,0.22077440158793385,0.22888117171105915,0.26422087478248446,0.2186896175326571,0.25286477461240536,0.226166180204072,0.3724385848471712,0.1645238750654039,0.2545574553551283,0.24912411135989432,0.09940785096852936,0.23554042795516486,0.2805280789997,0.0814929605242472,0.3832558948919762,0.26555482245485673,0.0945610452583757,0.23399072320389877,0.07374287739418188,0.3660615286293509,0.26691052256693537,0.07708122127468303,0.27718687981904305,0.2421360284901467,0.06777136130540046,0.3057983461400557,0.23350233342587443,0.24765580561335532,0.09870099985490768,0.26825358397841687,0.26830930135922776,0.22964934836013604,0.05889940161127768,0.062304671385242434
syn_Ni_0002,0.20486742500829816,0.30105859935083373,0.1838387862405245,0.18886429707210883,0.2679501646866812,0.21252562718806864,0.21858469486007315,0.22799741889689487,0.21666475508160235,0.23252746725419132,0.20221602313462445,0.2790412432116712,0.2554924788940642,0.2778681520878,0.18548000278803284,0.1857445347081655,0.2205666612722915,0.16845108847300672,0.17738845303650536,0.15464025521874225,0.2836657398317081,0.17845844663532212,0.20709513765364088,0.16077851514274036,0.18262490725886799,0.2137097943461127,0.24575210048378826,0.24599781460151365,0.18248414361061874,0.17984899078328564,0.2886477965145863,0.26781550293938605,0.20012173504476896,0.23530969293662216,0.18622400094520972,0.2031902473011991,0.24616366231945896,0.21612697007520568,0.27028935050374964,0.3087733072324397,0.25100374589838864,0.0,0.0759384521495822,0.07280339317153221,0.08678378578412108,0.25323782102100617,0.21379332408930232,0.22987946891608205,0.21266844244755922,0.2230217232850977,0.0678313262808314,0.2308840604683629,0.268208293114052,0.2883708049921676,0.07990633911791371,0.07391374128238894,0.2608360560642073,0.2565274051935606,0.24058799690224197,0.2556773969992973,0.27065653331748646,0.20313048591253516,0.27546301679737845,0.08388823534820943,0.25123275048686977,0.25313192984063904,0.07111840374123808,0.25018956788038355,0.2132879323569046,0.07520146822550523,0.24014032111786787,0.11258399659860127,0.23136688828958624,0.24402293275398151,0.24151905068199817,0.06855694927314147,0.07182771654820658,0.21903258493218664,0.2534982997490636,0.26656831224506733
syn_Ni_0003,0.17652531099735502,0.2984536449447461,0.15590817266333729,0.15737201436726397,0.26095326518878226,0.1840122582473535,0.19515263214740777,0.195497044897252,0.1896509433101335,0.20205837034356341,0.17948820068986296,0.27489749187866447,0.25439679097833495,0.273810853523516,0.15792030482160688,0.16472373829774686,0.19651425245730736,0.14152259528349193,0.15013885745281091,0.1303717028050603,0.27886237045311374,0.15448861622442717,0.1856380945642983,0.13594575596248964,0.15594571618390543,0.1893416171125288,0.24261974036065967,0.25729744565293144,0.16297636509625857,0.1602094946362375,0.28498653433358073,0.2639887028460142,0.1752668096853735,0.2415724640717449,0.15877761585455727,0.18227006396133633,0.2550574626151594,0.19388392237774565,0.2665740620282725,0.30265213234544797,0.24020800097977354,0.0759384521495822,0.0,0.08270326334356434,0.07719122371261213,0.24162857880446362,0.21025400653539736,0.2217274578116728,0.21204244787690113,0.20540720744013174,0.07910337815626588,0.21362360596879829,0.2751038975976404,0.2927594144586203,0.08359498951461096,0.08476177453517665,0.24582909176677228,0.23768639096285035,0.2425995455669577,0.24358052783559328,0.28366732075503387,0.20508178186947337,0.26126379058057686,0.06626690619016365,0.23893926751243857,0.26227705068534884,0.08065655323057498,0.23749336718967234,0.2179853298715069,0.0713104357664119,0.23041973761192358,0.13312376936070064,0.22574698851110583,0.24033332770507823,0.24409706434862757,0.08491474390509297,0.09223107775795683,0.20700146150667173,0.23964416387104456,0.25228456502888447
syn_Ni_0004,0.19182873514494958,0.3038843492327014,0.18213450683935667,0.1726897259071278,0.2647691866724112,0.20042568530511143,0.20798284543497206,0.2157918005677302,0.20475838754602196,0.22175694550804553,0.19302669270786288,0.2766759688088476,0.2511757949719983,0.2752117904130871,0.17091840603364394,0.17682629699549515,0.21483562000490186,0.15613805459933203,0.1625049953891125,0.15599273504784625,0.2821193675114714,0.1694471428057848,0.18933662719566405,0.1512058214112672,0.16853025013228962,0.20959283766809766,0.24015397721412332,0.23243407431962246,0.17844882575726836,0.17298778037616505,0.28813532390116664,0.2676519097231035,0.18771510391371238,0.23682709462688487,0.17485785454802671,0.19649265135213806,0.2485434750007712,0.21164412503177896,0.2690967663751336,0.3107411884466512,0.2477539698653225,0.07280339317153221,0.08270326334356434,0.0,0.08881206769093085,0.24737462647122302,0.19911802930793587,0.21913428859416234,0.19633390507432458,0.20940620022095527,0.081588585269115,0.22146108303377077,0.27152714934002087,0.2770792487963721,0.07755511112243689,0.08047960152581005,0.25826678439966355,0.24918193147138115,0.22712473590188867,0.2528894977992984,0.27606974157733066,0.18960338707142316,0.2705608586734343,0.09305731552008499,0.24502357611476866,0.25556400626440723,0.08079454659104658,0.24512512883919318,0.204004735629188,0.08769925254694744,0.2302538821778733,0.11956113273016596,0.2184867159010906,0.22974326694698918,0.2268120625848229,0.07420706660073416,0.07908194525431131,0.2053082584782792,0.247435015340916,0.2581249880593585
syn_Ni_0005,0.18725985055613126,0.2902059646607529,0.17267516551718354,0.17991515754001264,0.25968011865582474,0.20337051712390092,0.20746827942254462,0.20889491856141584,0.20560489647983346,0.21357047105452612,0.19828724917362867,0.2681398368239661,0.2437729821059795,0.26435701117610844,0.18029805564506043,0.1706225660192083,0.20708165777177706,0.16205214114576294,0.16701512425708323,0.15885946980496465,0.2635179249640001,0.1736823499410253,0.20698423268388438,0.14933381449716007,0.17814144498810677,0.19114062113120767,0.23372609332849145,0.2603920561905811,0.1763341982605154,0.1654479905984895,0.2756153586467783,0.25661636955942824,0.19249395207415249,0.2572620362868646,0.1791415531338042,0.18639293428997392,0.2734114120336382,0.19137523302596737,0.2568266746530198,0.2926307224460446,0.24210125661840437,0.08678378578412108,0.07719122371261213,0.08881206769093085,0.0,0.24571882407823517,0.21851301671413598,0.2337444856282504,0.22585240425142844,0.2174701464662087,0.1040922340237604,0.23065634811236652,0.29466574339393414,0.2992693198932488,0.0900031261101196,0.08703847632482924,0.23989927110474274,0.25145362895181095,0.2526763639260795,0.2401279841077099,0.3018524639838455,0.21761232897994398,0.25774185706899705,0.08633938551130058,0.2370509365328641,0.28150584225008657,0.10385351475381774,0.2316935802152075,0.22589317647986995,0.08419565888565779,0.23343386113305717,0.1459447371258351,0.2354400739057772,0.2532847405082901,0.2507105590733053,0.10210306840223736,0.09433338387811797,0.21672007631844056,0.23446991145614757,0.2583627801796151
syn_Ni_0006,0.24680765354606451,0.27957150325789976,0.25044176504413546,0.23737143793100413,0.24008052559340576,0.2161975689048749,0.2038251116976481,0.23347823583568342,0.20442576020889947,0.23218907193687371,0.21751962979019068,0.23763729270933479,0.23828990611300524,0.24028751474136117,0.23937954807569659,0.23783850933895376,0.2172865993023412,0.22552929347895284,0.23618981771613323,0.2328658861573816,0.2539434205211391,0.2391863317414598,0.2427890742219614,0.22170641780507752,0.23659128442701743,0.21250850810958138,0.21210355287811572,0.24036931602191228,0.23903045924187447,0.24688419844230075,0.25066762095334094,0.23629273698093906,0.2198122074117266,0.33285917702433676,0.2405190770119493,0.2014816476588175,0.3491112091771759,0.21348605494611592,0.24102251937418354,0.2814377100448867,0.05646794871033493,0.25323782102100617,0.24162857880446362,0.24737462647122302,0.24571882407823517,0.0,0.2222069170701813,0.2299734464297961,0.2640247819401567,0.21994985244757342,0.2541383999356096,0.22426790413454706,0.36645410509230636,0.16585817469768963,0.2547582191873382,0.24972903777209857,0.0986325914260113,0.2364203481395982,0.2818603274161547,0.08426355782118064,0.378052645178999,0.26624229847933695,0.09436255546839989,0.23376029025760112,0.06627839780875124,0.35991786512975915,0.2685133583050384,0.07970334190249431,0.27930285504452085,0.24343144214401904,0.061561312133641355,0.3060256138998368,0.23422866173801826,0.24687240151112935,0.10129855104111753,0.2674942177240506,0.27018156568014634,0.22937430816949297,0.06709945454299608,0.06011359807784312
syn_Ni_0007,0.2112965090241272,0.34298156666101953,0.21654362540773212,0.20189112752142246,0.3025476208973814,0.13791177718690156,0.14452769026045661,0.1639308502307341,0.13568194250635235,0.18161240944840448,0.13846567477087,0.307470966539499,0.28270456650213827,0.30995376544738784,0.1822023808363837,0.21747631964122893,0.1641175726571894,0.19271189241828487,0.2030129547613566,0.19492628440098378,0.32045412638553744,0.20150625455952034,0.18284776105426528,0.1922837218226237,0.18549373526788465,0.18488992038934635,0.2695920645507915,0.2558345967793664,0.20861972086656386,0.22273952100758423,0.31957108574872,0.301867217524075,0.13441696542703366,0.2901234741136797,0.1970972114295939,0.15552281557322814,0.29725695121544826,0.175863093051051,0.30741592397290757,0.3442472793184686,0.22077440158793385,0.21379332408930232,0.21025400653539736,0.19911802930793587,0.21851301671413598,0.2222069170701813,0.0,0.06555875908804845,0.12209383603058235,0.06531561890875699,0.19971318336585403,0.0702890765612966,0.304602485019119,0.22725295014702646,0.1997300790566506,0.20772788431156855,0.24488732329460194,0.0945340066335494,0.11453071572212543,0.24563552685881967,0.31661842311977406,0.11294741547465983,0.25516120287427607,0.20916304695721313,0.23501823708333588,0.3031790200695167,0.20642890512613812,0.23517431450495666,0.13091085388522644,0.20182055741458071,0.21036830050049368,0.22794340694264184,0.06812276125529906,0.09124245895175045,0.20273390082726986,0.20692244332719079,0.22765960914642816,0.06928471571610066,0.23008695669729068,0.2310118640557315
syn_Ni_0008,0.2268894239412229,0.34766753069415474,0.23359241300619596,0.22409356491113339,0.30579399263035345,0.1569889892833004,0.16298612153097797,0.1777034560282465,0.156065266222009,0.19630632650430543,0.1521464153763373,0.3097212142059164,0.28444580244727685,0.3114213869529614,0.20820770317125267,0.23906374735303645,0.17866027256811878,0.21280393591457591,0.22358897561879765,0.21464376098279792,0.3235709718070521,0.2235399546800084,0.2017523510267322,0.21330847742892822,0.20779984968965012,0.19567714888729482,0.2770787763967972,0.26259690241347156,0.23157228989528197,0.24421686663057007,0.3248189080355108,0.30835577173187617,0.14608476154466488,0.3039708993978434,0.2184315575650864,0.17242595074430642,0.3103394332605266,0.18701765649749033,0.3096504748273443,0.3466669550802439,0.22888117171105915,0.22987946891608205,0.2217274578116728,0.21913428859416234,0.2337444856282504,0.2299734464297961,0.06555875908804845,0.0,0.12398000586117643,0.07520593119106161,0.21802015210918121,0.07247029499556773,0.3185905826074518,0.23297642638596494,0.21525258521916923,0.22520275464019968,0.2555705819697435,0.08257746982888414,0.12213835113741395,0.2518406737690604,0.3324901974079308,0.12042065199564639,0.2671903825722983,0.2219666772068063,0.2476481961468304,0.319564902941473,0.22220973764462512,0.24718112512292587,0.12983015122476502,0.22108743292796382,0.21971197379504215,0.24755725956932162,0.06801639658143857,0.091318938217921,0.21031693716713235,0.22696151199499334,0.24597560736764806,0.07186378083823418,0.2391039331114298,0.24037918387827403
syn_Ni_0009,0.2386999596916313,0.35730661251353113,0.2378129808464007,0.22413268003208753,0.31063580724941653,0.18830886454502452,0.20378925478295098,0.21496964960779696,0.19487086667385792,0.22599396880720646,0.18343286124132066,0.3181585696778957,0.29253980060359414,0.31854583982175244,0.20509749393146465,0.24622809207390303,0.21479710223700643,0.21740798669632222,0.22935958824117103,0.21790377720098383,0.32833246590895127,0.22695753669229843,0.22131136554238592,0.21938790753616877,0.219575360644348,0.2224270867700265,0.2820624188806099,0.2518360708604026,0.24051491225540786,0.2510157819791247,0.33366380809666285,0.3112402499036175,0.1784465789737357,0.28429282169961534,0.22892375204464188,0.19914988057561764,0.2677845712493594,0.21829010438987842,0.31371122740263496,0.35917773896585964,0.26422087478248446,0.21266844244755922,0.21204244787690113,0.19633390507432458,0.22585240425142844,0.2640247819401567,0.12209383603058235,0.12398000586117643,0.0,0.13696755444509096,0.19894049751368414,0.13785811580130702,0.28192286312945797,0.2256589456756141,0.19890598879068866,0.20828704112731808,0.2839470492638568,0.148945243264017,0.08711552381657837,0.28510556131636294,0.3002494204240814,0.06734325887064689,0.30141456973294806,0.21674164288019152,0.27853320927203246,0.2885652381664896,0.19409629880777654,0.2762478695104692,0.08320667758787104,0.21400106129154559,0.2524025371146577,0.1995743735522002,0.11912756479865211,0.13408828162809597,0.22928720370013608,0.1940869098294425,0.21250666414167116,0.13692607779352767,0.27274285239386037,0.27621345908185424
syn_Ni_0010,0.20979623493760902,0.3410918107972113,0.21195963191047892,0.19770200395365414,0.2979068282785997,0.12873991059317888,0.13872880570519183,0.1555788901395803,0.13017755023275104,0.17395566608896598,0.1313096384939123,0.3058855341535408,0.284088423141608,0.3068391530548153,0.1832169531783963,0.21882038682273822,0.15434312893854243,0.18998148083438443,0.19893152177270687,0.19331028856273305,0.31651751419382823,0.19952243859590765,0.18669883645679508,0.18784288472461613,0.18332713543795148,0.17589031206237069,0.2684764677441943,0.26807766255032234,0.20736049995355116,0.22195441583034398,0.31667718714442544,0.30088882823385454,0.1298527803684847,0.3013856673926984,0.1981527735211732,0.14581904739118282,0.30298571469310875,0.16942114513508463,0.30296391003554124,0.34130654791377746,0.2186896175326571,0.2230217232850977,0.20540720744013174,0.20940620022095527,0.2174701464662087,0.21994985244757342,0.06531561890875699,0.07520593119106161,0.13696755444509096,0.0,0.2107141979895153,0.058687834101870576,0.31616563855854646,0.243159097042042,0.2094960557062414,0.2158006906928826,0.24290604441497637,0.08833557070215306,0.13595675134664875,0.24427260066108278,0.33216252883000474,0.12842553540252405,0.2524344456713564,0.20182208452508124,0.23194891710054222,0.31822672982794,0.21531254644807676,0.23697438980486785,0.14627208819001294,0.20345621037411235,0.21078058691610027,0.24244575201023688,0.07760135226270709,0.10500717130271232,0.21608203015467126,0.21887233614455057,0.23723598938146462,0.06580848168689557,0.22800891019782796,0.22991716033241424
syn_Ni_0011,0.1955233798917883,0.31523839395439507,0.17339140311273946,0.18106449811971814,0.27956536992360204,0.2050787235426676,0.21435368074841282,0.22309544492517874,0.21456912029126401,0.22922967359208912,0.19500285962195596,0.29381422150468145,0.2695694274027194,0.2903494120141986,0.17403690977845576,0.18405749004698374,0.22151027985519456,0.15503628843841066,0.16866265446308115,0.145620388040362,0.2995054850691716,0.17029141315026894,0.19276151058766677,0.15370912874209647,0.17340733987102017,0.2169545548969318,0.26000755929160635,0.2409488253217212,0.17637299648899551,0.17970568867701656,0.30087976418844425,0.28178102420654455,0.18871875428788568,0.2189119155930978,0.17751790790355274,0.2040282085385427,0.22380487558912748,0.21725699496794768,0.28476471322256103,0.32059592293875067,0.25286477461240536,0.0678313262808314,0.07910337815626588,0.081588585269115,0.1040922340237604,0.2541383999356096,0.19971318336585403,0.21802015210918121,0.19894049751368414,0.2107141979895153,0.0,0.22078731581043118,0.24917907839043396,0.2707031036567082,0.07250375042245878,0.078821047225884,0.2635662530634768,0.24363362611545708,0.22757462953338034,0.26085961714954425,0.25664291553802004,0.192254607773556,0.27661854351570503,0.08976217503911509,0.2515637346905174,0.23336536994892804,0.058240171245899,0.2517251020483021,0.20226961982535063,0.08084324225531328,0.2394648534195211,0.10670556590871202,0.21777496998717374,0.22876917175882816,0.23042412537103266,0.06890124746387265,0.09238549647467775,0.20573741793257766,0.25608481833392455,0.2619339206199888
syn_Ni_0012,0.2193560590529935,0.33637906857906374,0.22294866486094367,0.21060336123040826,0.29432295039210854,0.14173611914660567,0.15630918102588667,0.1693905110803373,0.14428862931731784,0.1854632383609068,0.13953943179556824,0.30279447130314185,0.27955359899166404,0.3035560339310794,0.19567089250933153,0.2306167356751635,0.1712501810146898,0.20353398882857904,0.21293442285887879,0.2019746071306864,0.3153493281512057,0.21001869451643485,0.1930066341833873,0.20200101684753632,0.1974160665084162,0.18780674823061808,0.2686019876562858,0.2629621123939445,0.22322437630216754,0.23493210496430023,0.3160717729676658,0.2983259474556668,0.1405892313533413,0.3054616000884572,0.20783118672344558,0.1664742664687133,0.31268142843699204,0.18582705589078832,0.3002475627608862,0.3369179191694701,0.226166180204072,0.2308840604683629,0.21362360596879829,0.22146108303377077,0.23065634811236652,0.22426790413454706,0.0702890765612966,0.07247029499556773,0.13785811580130702,0.058687834101870576,0.22078731581043118,0.0,0.32307310187765415,0.24166229935792177,0.22108470502762098,0.22794229993353773,0.2450101156685402,0.07533524247496085,0.13795428337959023,0.24786792096129553,0.33586650702655707,0.1292962554024396,0.2560140866065159,0.21494670318467166,0.2373023911403698,0.3216418072602194,0.22754366211821445,0.23495308444649737,0.14627384329605217,0.21610435901370037,0.21727353034595684,0.25087429473601164,0.07442298179885022,0.09352195253935854,0.22019537099492612,0.2264891164765986,0.24862385683803281,0.06454841469330766,0.2347585532305231,0.23559150921358973
syn_Ni_0013,0.31329933749152816,0.440872112717816,0.30990975190946113,0.30575794358987496,0.41491748667578643,0.3238767538405981,0.339717847432712,0.3454864132863158,0.3323887406725949,0.3457271428324366,0.32414427450958083,0.4232617256245062,0.40342796794886177,0.4173072565391324,0.2890369785548782,0.30964016174876513,0.3485579355959828,0.28883928035297185,0.28995090807246765,0.28296690118507506,0.43103899423099795,0.29673139195449794,0.27418884303868885,0.29269636384413117,0.30242773968285036,0.34688639115196235,0.3878881917945114,0.36469878137450956,0.3056768795934365,0.3181483080027639,0.43003551937023166,0.41504392363473663,0.3174587520332017,0.1437416436479273,0.30180929893962194,0.33932610538644375,0.14179559223776048,0.34502560282268857,0.4153746423376144,0.44533825236796515,0.3724385848471712,0.268208293114052,0.2751038975976404,0.27152714934002087,0.29466574339393414,0.36645410509230636,0.304602485019119,0.3185905826074518,0.28192286312945797,0.31616563855854646,0.24917907839043396,0.32307310187765415,0.0,0.3378703593811456,0.26778980731862617,0.2730655464496619,0.38170464826781747,0.33246494576577656,0.28961494111919456,0.37904275081111743,0.07141235364475496,0.2808191997673474,0.39120213987951624,0.2786617559943096,0.36880545410098875,0.08637299070272314,0.24701369568880538,0.37304249925455046,0.2817761076698457,0.2730640287285756,0.35316914996317833,0.24498200632832987,0.30798444791834295,0.3135664289746122,0.3407831380060658,0.25961997465962766,0.28427935910670343,0.3124157398228781,0.3752429320885261,0.37274333135977356
syn_Ni_0014,0.31025435739441076,0.33503296416626366,0.31022348326465415,0.29896327944402656,0.28906258464636014,0.2840369415627541,0.284099732773465,0.30270720091735,0.2802745811831302,0.3072578948925395,0.2758559059487532,0.2955940042027568,0.2816757589612599,0.2925317798026207,0.29015424676259133,0.3142436704202268,0.29307962231498375,0.2867736371974101,0.2966554419073088,0.2863378617459034,0.3039712952020007,0.2998441069820288,0.27719982278193606,0.2874981680899195,0.2926374681237084,0.29633027069015005,0.2650157564430141,0.2349835370489273,0.3081432829954875,0.32043601170993913,0.30652323047841046,0.2906770862981303,0.27402621222243406,0.3406471802871651,0.30430392863964895,0.2798901720010232,0.31902490890919366,0.2953643209556359,0.29195833864645654,0.33212263138534986,0.1645238750654039,0.2883708049921676,0.2927594144586203,0.2770792487963721,0.2992693198932488,0.16585817469768963,0.22725295014702646,0.23297642638596494,0.2256589456756141,0.243159097042042,0.2707031036567082,0.24166229935792177,0.3378703593811456,0.0,0.27714873541479523,0.2812904280989587,0.20424866093833552,0.24686659215236398,0.22218093388320287,0.19109624881703502,0.36025449155968675,0.22479747831960636,0.20083578964315027,0.29275757610595454,0.16910990513786125,0.34801404667748087,0.2722200883109858,0.17829540641985722,0.23190333773458666,0.2906509913014513,0.14771275421300842,0.2658196965194799,0.22638301034331387,0.22302035961667632,0.11844326967602004,0.2788429896233124,0.2922056474646439,0.23637746746156407,0.1689329669155405,0.16171398020291455
syn_Ni_0015,0.20360955147149992,0.3109476152696916,0.1856914862317623,0.19005870615059772,0.27357641866797383,0.20151592815369507,0.2091262410439642,0.21611706589403148,0.2117457480989923,0.22810079503075698,0.19188728319526477,0.28677117666007124,0.26259898280609206,0.28422999140166255,0.1872760502604516,0.19323524029258973,0.2167379360148098,0.17021557305126453,0.18000658816705847,0.1615954013610395,0.28841355743495894,0.18360919654076177,0.20197840155866859,0.16169476412597178,0.18447123491629244,0.21396396421439748,0.25075473280311233,0.23859158867150318,0.19451873536739972,0.1881526780925815,0.2959996131790208,0.2747955490027081,0.18384584827326864,0.23397292621414092,0.1915169278417286,0.20336427991944322,0.24679526924444495,0.21627628443531915,0.277313305705869,0.32116491071278463,0.2545574553551283,0.07990633911791371,0.08359498951461096,0.07755511112243689,0.0900031261101196,0.2547582191873382,0.1997300790566506,0.21525258521916923,0.19890598879068866,0.2094960557062414,0.07250375042245878,0.22108470502762098,0.26778980731862617,0.27714873541479523,0.0,0.0773578562609166,0.26333855777081644,0.24539588260526576,0.22666595675616855,0.2607453438307588,0.2773526476945642,0.1929847270297984,0.2775753361410054,0.0923240928559813,0.2528717866375364,0.25579247367726665,0.07406748235421949,0.2511747703154824,0.20046341736249515,0.08561864443310821,0.23900578412344414,0.11874400389033384,0.21684400082232577,0.22957259548982636,0.23529156225738632,0.06919380654044065,0.08866718901147023,0.20426746422243564,0.2559171432375975,0.26221527995185806
syn_Ni_0016,0.20343806940010561,0.30339502091216264,0.17898868293895082,0.191289974326634,0.26821613732840927,0.20730067471299088,0.21478614124325762,0.22246679445543074,0.2127251416948379,0.23075313266745764,0.19876025845570822,0.28276197995626,0.25707170296590304,0.28082507237827653,0.18519789826831554,0.19142493496743299,0.21915973768547461,0.16643242520734242,0.17685831886133788,0.15344341426592517,0.2844332208538721,0.18295797617097292,0.20340403660445236,0.1570909233177523,0.18406443394718633,0.2132313258239083,0.24830686677036534,0.2390873326122339,0.1848027615458807,0.18411747228347705,0.2901009106421238,0.26945248514897263,0.19563668566607995,0.24201765737801934,0.18409192807174468,0.20001800900811512,0.25037249842548204,0.21418556867346383,0.27140784135755897,0.31151389617670644,0.24912411135989432,0.07391374128238894,0.08476177453517665,0.08047960152581005,0.08703847632482924,0.24972903777209857,0.20772788431156855,0.22520275464019968,0.20828704112731808,0.2158006906928826,0.078821047225884,0.22794229993353773,0.2730655464496619,0.2812904280989587,0.0773578562609166,0.0,0.25973606516051645,0.2510187250483354,0.23742117721656406,0.25600673504330074,0.28356054886685683,0.1964510807727987,0.2742889918565665,0.09402060197583685,0.24766422383331904,0.2621182208704148,0.08166408699368602,0.2468549270586885,0.20790574620637203,0.08920638565136282,0.2370458388292788,0.12464906267171545,0.22317920113054743,0.23166648107895327,0.2333808002374272,0.07561039270527031,0.08480281935574757,0.21094364850409025,0.25086389447712665,0.2598673174227266
syn_Ni_0017,0.21330663700865857,0.23467159838837706,0.21815873318066828,0.20745331283216978,0.2131630390541113,0.21630092493046857,0.2039659097558133,0.2104571092349038,0.20108570271941117,0.20260413076401262,0.2113481862723034,0.20686781836002585,0.22922638564746464,0.2172156866885287,0.22289863032448398,0.2042782346151935,0.1979249237576774,0.21368245287178253,0.2079867836668961,0.23077471929913584,0.22686247310441074,0.2169042844435833,0.2512539654923231,0.20439015968924232,0.22021824891574382,0.17982486809430212,0.20542711997448473,0.24789211951436396,0.21104203129941113,0.2083090013910931,0.210329108801896,0.21841917019039186,0.22299430059409275,0.34603568872540214,0.21609453311155938,0.18146377222061438,0.36406966893784093,0.1779492239929363,0.22677245700983864,0.23538990212940483,0.09940785096852936,0.2608360560642073,0.24582909176677228,0.25826678439966355,0.23989927110474274,0.0986325914260113,0.24488732329460194,0.2555705819697435,0.2839470492638568,0.24290604441497637,0.2635662530634768,0.2450101156685402,0.38170464826781747,0.20424866093833552,0.26333855777081644,0.25973606516051645,0.0,0.25759293558754015,0.30419838012598693,0.0976408188573359,0.3919930634652862,0.2834231772100497,0.06351932771605728,0.23965726867384352,0.09735958116071058,0.37245904940724606,0.2770830169105667,0.09576944227169695,0.2938509928387882,0.2525410913112326,0.10689491403448853,0.3167211092526109,0.25726075487894834,0.2694187065558402,0.14155144417079615,0.27689073707167383,0.27814404541609733,0.2491779808699228,0.08334412640547618,0.11461275192324064
syn_Ni_0018,0.23705047166625348,0.35184678487968657,0.24334937813529553,0.23098708159969955,0.3147092727718534,0.157716330100243,0.16595434381335,0.17593177803178395,0.159910668421618,0.19385984972527573,0.16119205682440352,0.32207942753251684,0.29948135836024126,0.3227358162584326,0.21373860879514045,0.24148382944593677,0.18563958479870302,0.2211342431584987,0.2302133439291054,0.220705511876635,0.33204162546132204,0.22824739559275176,0.20562822812317322,0.2212324465843268,0.21611375225839768,0.20200254517966368,0.2870806031288492,0.2820939472634129,0.23665176693967266,0.2489794337099795,0.3345407564008555,0.31651053293071935,0.1557517062357808,0.3219129770644208,0.22435573151938526,0.17991865950725183,0.3260064208799106,0.19022063718497703,0.31903835987322676,0.3502204265150746,0.23554042795516486,0.2565274051935606,0.23768639096285035,0.24918193147138115,0.25145362895181095,0.2364203481395982,0.0945340066335494,0.08257746982888414,0.148945243264017,0.08833557070215306,0.24363362611545708,0.07533524247496085,0.33246494576577656,0.24686659215236398,0.24539588260526576,0.2510187250483354,0.25759293558754015,0.0,0.15029954137870935,0.2571240628474914,0.34658131537156056,0.14726539755362208,0.2696276168081822,0.23790162038788623,0.25539056256321696,0.3333433493343893,0.24862151921054604,0.2576376707792511,0.1631540258461717,0.2403170638675171,0.22499273928308305,0.2742138121270987,0.0868828670132879,0.10008594958665235,0.23475087347929854,0.2539593826801516,0.27254463767469195,0.087698595155553,0.24574537863251447,0.23735820153874992
syn_Ni_0019,0.2596828990885165,0.38273471939926323,0.26227946526888746,0.250741191971788,0.33852709007465814,0.19592114612649478,0.20343634864937776,0.2220989870197776,0.19678492045996446,0.2320719621423542,0.19166825460574305,0.3470872298925526,0.32066561936511817,0.3460052334313311,0.2325394166746784,0.2707121300686845,0.21897931431279552,0.24327661710984086,0.2522907018059565,0.2445080449417368,0.3556598115406936,0.2507891224713397,0.22409436960670326,0.2407934803513622,0.23707138961260857,0.23807410780225496,0.3096742916627968,0.2802122610792378,0.2623022088261208,0.2742759236080905,0.361017947836688,0.3396282031102135,0.1835873989693974,0.30631955870966815,0.2510428566140475,0.2069653601553349,0.28705169435911176,0.23332305744594145,0.34167696514599283,0.3852010799730681,0.2805280789997,0.24058799690224197,0.2425995455669577,0.22712473590188867,0.2526763639260795,0.2818603274161547,0.11453071572212543,0.12213835113741395,0.08711552381657837,0.13595675134664875,0.22757462953338034,0.13795428337959023,0.28961494111919456,0.22218093388320287,0.22666595675616855,0.23742117721656406,0.30419838012598693,0.15029954137870935,0.0,0.30373182789415765,0.3099613391996302,0.08158143025908667,0.3174059344808679,0.24489280535488894,0.294037683852471,0.29980505015305947,0.21997058186471274,0.29459102892562405,0.09251375037574089,0.2368292713929612,0.26892091519021405,0.21380907342224031,0.11323480434704174,0.1249152147195642,0.24330018729044908,0.22414057123086129,0.2429523981010611,0.1322058220816489,0.29014335490470716,0.2914592796979955
syn_Ni_0020,0.2591302704418572,0.25481970420861144,0.25949710949872484,0.2501638641374116,0.21994081600219642,0.23476557388292005,0.22535310099834224,0.2470801145611765,0.2233892483199308,0.24365369499648967,0.23199667660525614,0.22079793253169405,0.21728401830970984,0.2257252681702812,0.25265186934616735,0.24639628106765507,0.22888586720439674,0.23532763811709673,0.2414148006774176,0.2428279172375712,0.23074135248203131,0.24845042785359067,0.2624449238287282,0.22905304504535723,0.25143984499278543,0.21333004058177124,0.19485376843199625,0.24222881502100957,0.24881225681675115,0.2465003864923929,0.2283724629384471,0.21589001195938312,0.23663318588354026,0.34007722685831165,0.25446673040402235,0.209926706218118,0.3557793089330872,0.21668406127734752,0.22020455458894395,0.25885912194073124,0.0814929605242472,0.2556773969992973,0.24358052783559328,0.2528894977992984,0.2401279841077099,0.08426355782118064,0.24563552685881967,0.2518406737690604,0.28510556131636294,0.24427260066108278,0.26085961714954425,0.24786792096129553,0.37904275081111743,0.19109624881703502,0.2607453438307588,0.25600673504330074,0.0976408188573359,0.2571240628474914,0.30373182789415765,0.0,0.3889479093016559,0.2859165590233228,0.09533330991265007,0.23851507208008452,0.09302408947759104,0.3726432607187189,0.2763971889797077,0.07627059805739214,0.2942193599567178,0.24766747830966768,0.08276045890018732,0.31039785765631805,0.25742603491921634,0.2693407075421378,0.12460944730272572,0.2741515154390599,0.276501320551011,0.25135794647068105,0.06884557572727436,0.09698009755916584
syn_Ni_0021,0.31555515236743603,0.44475170498302524,0.3116002820991602,0.31104709075047304,0.4220406305843354,0.3364240143858313,0.34998581711094834,0.3530569149303704,0.34361805175798343,0.3549410521419387,0.33492538262910954,0.4297731404168337,0.40944393542319724,0.4239539647961188,0.29111603631694827,0.31446504975273726,0.359036814489239,0.28916647414773883,0.29276111708119557,0.28332491045487357,0.43696600935556373,0.2982319245534496,0.2788985389481487,0.299495737474843,0.3044530688932775,0.35833742265138424,0.3975834238319437,0.37390357019104903,0.30662562564521356,0.3184233642181244,0.43575105977015466,0.4215713256123249,0.3284934031127196,0.15219799848752144,0.3038484421340843,0.34995176393948574,0.16751951184010422,0.35399601647765233,0.41899194387284744,0.4519538135740293,0.3832558948919762,0.27065653331748646,0.28366732075503387,0.27606974157733066,0.3018524639838455,0.378052645178999,0.31661842311977406,0.3324901974079308,0.3002494204240814,0.33216252883000474,0.25664291553802004,0.33586650702655707,0.07141235364475496,0.36025449155968675,0.2773526476945642,0.28356054886685683,0.3919930634652862,0.34658131537156056,0.3099613391996302,0.3889479093016559,0.0,0.30222251065918304,0.40353549030577396,0.28372093123161785,0.3784481278655611,0.08065560126230636,0.2559570099289987,0.38444385327572334,0.3034324144292744,0.27944760653285955,0.36563294583498607,0.260291959260868,0.3232898247133818,0.3272616699458135,0.352715473956097,0.26894794960630775,0.2880935278319749,0.3268358571518598,0.38617038720941005,0.3843219569046175
syn_Ni_0022,0.23458083080603062,0.3612026329563784,0.23042610531491034,0.22185868287179722,0.31346900596735,0.18172293004871323,0.19718270798452447,0.20957196699591035,0.18863161237150053,0.22083285842275577,0.17969148769412358,0.32178277658402066,0.2982400750752649,0.3221481434615426,0.20648700548209528,0.23536644470136656,0.2091528792287977,0.20929460636876648,0.21918487430309924,0.2111801278596259,0.3327995696521786,0.21895565404349243,0.2066389504659029,0.2116207013912338,0.20977761943842738,0.2214914031728834,0.2853748020995567,0.2544623392916341,0.23310091823519574,0.24141054792652378,0.3362258044736836,0.31578521236633017,0.17044124934869803,0.28817702229824066,0.21752829480229346,0.19117828296933667,0.26809368458168836,0.2125128107865114,0.31733825421491246,0.3605407659815332,0.26555482245485673,0.20313048591253516,0.20508178186947337,0.18960338707142316,0.21761232897994398,0.26624229847933695,0.11294741547465983,0.12042065199564639,0.06734325887064689,0.12842553540252405,0.192254607773556,0.1292962554024396,0.2808191997673474,0.22479747831960636,0.1929847270297984,0.1964510807727987,0.2834231772100497,0.14726539755362208,0.08158143025908667,0.2859165590233228,0.30222251065918304,0.0,0.29753373328926225,0.2106917233534145,0.27640117963028005,0.28897678990615155,0.1881251316298617,0.2729511514252745,0.07976379207532669,0.203903689766529,0.2547639124616839,0.1883663591837471,0.1112415794440827,0.1286444686600024,0.22873766693406267,0.1893241637974477,0.2062606050937465,0.12268083361019307,0.2720963048976677,0.2763617800609661
syn_Ni_0023,0.23337741259182554,0.2410536829262328,0.23909565550764134,0.22719313340325142,0.2177011508665385,0.23257750215634673,0.21418907927605282,0.22630802957396856,0.21436650318311823,0.2171530417523978,0.23053697507292978,0.20947964351381862,0.23304460600564242,0.22136076481482767,0.2361990099556877,0.22192614624481194,0.21467954410690804,0.23073659625002313,0.22436836599481827,0.24636757134163656,0.23081194995451323,0.23023307158006026,0.26707260831307983,0.2215656274567598,0.2334201129913167,0.2012526004717884,0.20739994566367684,0.2523637175613133,0.22671141168714162,0.22412119757824445,0.2138869242498973,0.22093191802040898,0.23778255592918282,0.3515815887526961,0.23354056690361732,0.19750568899381296,0.36644983291797706,0.1961746260182243,0.23073147704496821,0.24371270337737774,0.0945610452583757,0.27546301679737845,0.26126379058057686,0.2705608586734343,0.25774185706899705,0.09436255546839989,0.25516120287427607,0.2671903825722983,0.30141456973294806,0.2524344456713564,0.27661854351570503,0.2560140866065159,0.39120213987951624,0.20083578964315027,0.2775753361410054,0.2742889918565665,0.06351932771605728,0.2696276168081822,0.3174059344808679,0.09533330991265007,0.40353549030577396,0.29753373328926225,0.0,0.25537057787679407,0.0918243051501526,0.3813283848124509,0.2917360546199273,0.07751130991318739,0.30933456272062376,0.26661801637385146,0.10220336013545903,0.33002087271461583,0.27297462744715023,0.28224985144612247,0.14133485987620956,0.29108100523059804,0.29436278205330907,0.2620300532122874,0.07901737631171545,0.10309333154010511
syn_Ni_0024,0.1704225763150446,0.305518908968571,0.14821647272595243,0.15098866553795162,0.26801016772304703,0.18559010484434793,0.18676682243434953,0.19132443092899543,0.1859831344470942,0.19935835436177363,0.1786441706995161,0.27605386561467077,0.2639053187478126,0.2775950853029278,0.14778311941905842,0.15609739431013017,0.18744263911749734,0.13139366176764464,0.1458700101845868,0.12590401281133878,0.28548844678342605,0.14368033453736825,0.17932582362480334,0.12906063951408867,0.14951045900820725,0.18835258235230512,0.2477163559783759,0.2678287432080668,0.15036444115694397,0.14851582301680818,0.2842650636587266,0.27041185017425357,0.17783100298490617,0.24061745070631596,0.1514308666461371,0.17295419712939208,0.2557435279787157,0.18977411039732384,0.27151663463053327,0.30937440691502405,0.23399072320389877,0.08388823534820943,0.06626690619016365,0.09305731552008499,0.08633938551130058,0.23376029025760112,0.20916304695721313,0.2219666772068063,0.21674164288019152,0.20182208452508124,0.08976217503911509,0.21494670318467166,0.2786617559943096,0.29275757610595454,0.0923240928559813,0.09402060197583685,0.23965726867384352,0.23790162038788623,0.24489280535488894,0.23851507208008452,0.28372093123161785,0.2106917233534145,0.25537057787679407,0.0,0.23013866056630486,0.2651843188065578,0.09063734662843682,0.23175070027851394,0.22126825934128455,0.06842753815497683,0.2263942699922961,0.14146002429575702,0.22532835816130517,0.24739695606396273,0.24551204034113322,0.09198091290348032,0.09608620527664341,0.20592147354317486,0.23185433539679753,0.2469410778554541
syn_Ni_0025,0.25238419096992687,0.2665077243780738,0.25380189882857473,0.24176499749771332,0.23010308973673943,0.2230447558361948,0.2128615827995925,0.2365630622011918,0.20820798408216667,0.23146169249487086,0.22306439753880875,0.2304126526976103,0.2284390931564719,0.23107456283003114,0.24327353994854384,0.24162383621388145,0.2198199565797311,0.23035913244357858,0.23644177264387276,0.23171248434056158,0.24214528564758364,0.24728822814004678,0.2524217578428781,0.22042730667641086,0.24300862322522845,0.21017197186005496,0.20621415071596833,0.23622427604788898,0.24440181449729378,0.2468712850566813,0.2417819239694163,0.22505264536269742,0.223410322470298,0.33484258231232283,0.24692765423343244,0.19742589690945075,0.351000641779927,0.21194912451922587,0.23178181938969142,0.2720139449822219,0.07374287739418188,0.25123275048686977,0.23893926751243857,0.24502357611476866,0.2370509365328641,0.06627839780875124,0.23501823708333588,0.2476481961468304,0.27853320927203246,0.23194891710054222,0.2515637346905174,0.2373023911403698,0.36880545410098875,0.16910990513786125,0.2528717866375364,0.24766422383331904,0.09735958116071058,0.25539056256321696,0.294037683852471,0.09302408947759104,0.3784481278655611,0.27640117963028005,0.0918243051501526,0.23013866056630486,0.0,0.35873212603801563,0.26810423692496094,0.07237791373959697,0.2848559671641106,0.2427984631509995,0.07625693972505364,0.3049980616196537,0.25251136077389613,0.25596921418934115,0.10770481066449739,0.2653502007587013,0.2672578867404724,0.23889199376385603,0.06988766005031953,0.07257127359507011
syn_Ni_0026,0.2951813579666455,0.42751297029422775,0.29330725009066966,0.2889190823518311,0.40180615430833966,0.32638781872158495,0.33843360877076345,0.3450499509885577,0.32988772225522445,0.3429982739012684,0.32224733912368614,0.41100231682398153,0.39026775250866913,0.40425720235162316,0.2756955562149648,0.2959641138141164,0.34580552298314343,0.2730526684848997,0.27552870461254864,0.26899021770670917,0.4177648967795551,0.28202051007354145,0.26338990674644064,0.282573892991465,0.286094917783289,0.3452581072257398,0.37744916099914727,0.3545048977877944,0.2916522264491296,0.30289201217302963,0.41438201394348395,0.4009781695923546,0.3151817507600962,0.14877791795065137,0.286731031483596,0.3369333289360956,0.17312175465953733,0.34271005537078586,0.3999993222682943,0.43176115845658153,0.3660615286293509,0.25313192984063904,0.26227705068534884,0.25556400626440723,0.28150584225008657,0.35991786512975915,0.3031790200695167,0.319564902941473,0.2885652381664896,0.31822672982794,0.23336536994892804,0.3216418072602194,0.08637299070272314,0.34801404667748087,0.25579247367726665,0.2621182208704148,0.37245904940724606,0.3333433493343893,0.29980505015305947,0.3726432607187189,0.08065560126230636,0.28897678990615155,0.3813283848124509,0.2651843188065578,0.35873212603801563,0.0,0.23452205640704202,0.36201039853059214,0.29158451534740737,0.2589144874864424,0.3458261655576986,0.24603407130135457,0.3039222171409109,0.3092249172198891,0.33306924474224037,0.2456672337412955,0.26936700061955154,0.31078050925077405,0.36686889870641465,0.3677707838342893
syn_Ni_0027,0.21198727951508614,0.32871463935484885,0.18634007946948056,0.1921331555708187,0.2914412010075207,0.21419706968315064,0.2213941230799732,0.23192071513087298,0.22230501871902114,0.23708646423605076,0.20450567818139917,0.3046822658032063,0.28071212301171,0.3030405010148794,0.18129198743004676,0.19904425234007614,0.22806634112040128,0.17434471663759826,0.18444063760599763,0.15730677715385133,0.3092951501636809,0.1844449623558684,0.1978160944302461,0.16902395457602867,0.18553691565093156,0.2259632562578829,0.2679117445598095,0.24976200581136673,0.19506952563553376,0.19331761146690277,0.31352442450387247,0.2934741610002313,0.19638030978394072,0.22835064847168227,0.19292698388149446,0.2150028068008216,0.2257489573906998,0.22889096248128815,0.2955408930615996,0.3345554211311423,0.26691052256693537,0.07111840374123808,0.08065655323057498,0.08079454659104658,0.10385351475381774,0.2685133583050384,0.20642890512613812,0.22220973764462512,0.19409629880777654,0.21531254644807676,0.058240171245899,0.22754366211821445,0.24701369568880538,0.2722200883109858,0.07406748235421949,0.08166408699368602,0.2770830169105667,0.24862151921054604,0.21997058186471274,0.2763971889797077,0.2559570099289987,0.1881251316298617,0.2917360546199273,0.09063734662843682,0.26810423692496094,0.23452205640704202,0.0,0.2671426117451957,0.19585027325419851,0.08330390698017237,0.2530190334950213,0.09304840798332488,0.22405836534104176,0.23300781696059497,0.23535697660277055,0.05646614012822445,0.07899694673262025,0.21087855783509327,0.2686073630607292,0.2775702005485304
syn_Ni_0028,0.24842448053648164,0.24624246510187178,0.2506841497843775,0.23983304014690515,0.20863285352432853,0.22906748021194875,0.21942343512739537,0.24032016275144302,0.21467312507631015,0.23575549847947838,0.22043363830592577,0.20957024001726046,0.21087243277488782,0.20695175508945726,0.24016606329225243,0.23840876584070822,0.22542524144930362,0.23043337003294986,0.23387994238327847,0.23457438163660627,0.2202319223812798,0.2395030594368596,0.25350392790975845,0.22119745881991695,0.24147123683275037,0.21511328236130653,0.18544969529561425,0.22349789942264986,0.2391349102298256,0.24108474036947167,0.2194077200221275,0.2008247745802534,0.22562965353576117,0.33615486379060044,0.24440856176711478,0.20516841950384007,0.35117206104509724,0.21281662525641173,0.21010054567632483,0.2499290611060964,0.07708122127468303,0.25018956788038355,0.23749336718967234,0.24512512883919318,0.2316935802152075,0.07970334190249431,0.23517431450495666,0.24718112512292587,0.2762478695104692,0.23697438980486785,0.2517251020483021,0.23495308444649737,0.37304249925455046,0.17829540641985722,0.2511747703154824,0.2468549270586885,0.09576944227169695,0.2576376707792511,0.29459102892562405,0.07627059805739214,0.38444385327572334,0.2729511514252745,0.07751130991318739,0.23175070027851394,0.07237791373959697,0.36201039853059214,0.2671426117451957,0.0,0.2861285144422659,0.24120534560376164,0.08837278212051929,0.3030188948376176,0.250425422437605,0.25827302926702755,0.11712248913718339,0.2641724940195829,0.2666953917466868,0.23707104874996127,0.06290602111386255,0.09719928195027462
syn_Ni_0029,0.2535602988597646,0.3633128983556336,0.24718929522314334,0.24168829834452452,0.31475281366133695,0.20548090547135128,0.21014994542614346,0.22522229902720878,0.20622200178848202,0.23415728979403458,0.19722335416199127,0.31760328543243543,0.29578747045910536,0.32258301175087684,0.22522905433675397,0.25641990269493375,0.22397277480675878,0.22633040669330817,0.2364703291135475,0.22502671702951552,0.32727609683621783,0.24152393264652433,0.22674974971907255,0.23037180617918435,0.23487844098757166,0.23330995172579574,0.2829777866919496,0.25594306235509995,0.2528093536827152,0.2575665846836391,0.3334081313812221,0.3156825029580899,0.1908259838729817,0.29392143984308744,0.2387832574236911,0.2152000144951878,0.27730919431066564,0.22944911255947498,0.3165392160707363,0.36770110155114777,0.27718687981904305,0.2132879323569046,0.2179853298715069,0.204004735629188,0.22589317647986995,0.27930285504452085,0.13091085388522644,0.12983015122476502,0.08320667758787104,0.14627208819001294,0.20226961982535063,0.14627384329605217,0.2817761076698457,0.23190333773458666,0.20046341736249515,0.20790574620637203,0.2938509928387882,0.1631540258461717,0.09251375037574089,0.2942193599567178,0.3034324144292744,0.07976379207532669,0.30933456272062376,0.22126825934128455,0.2848559671641106,0.29158451534740737,0.19585027325419851,0.2861285144422659,0.0,0.21850020222730776,0.2634092927734576,0.18951181604770756,0.12813295521859402,0.14287161843321486,0.2411800416065084,0.19930929329416402,0.20929376590093576,0.1403870576674358,0.28138344742224614,0.2899640581557023
syn_Ni_0030,0.1865191144434268,0.31531630959131896,0.15955542334172887,0.16618754052734944,0.2786701524275382,0.1948208595816008,0.20319577851578852,0.2065259238854841,0.19589549572343834,0.21493302115440371,0.1853039535535985,0.28759236141843236,0.2664145916983391,0.2869192107796247,0.16147665829811772,0.16978503645206636,0.20310168428030842,0.14822356514858206,0.15198864562892617,0.1357910284006961,0.2910204542198436,0.15601555161998173,0.1856599182088015,0.1392556276254935,0.16120384986178282,0.20008984192633567,0.2529903234734457,0.2621000394081168,0.1666032285950066,0.16136163953464427,0.2958977665802504,0.27811838520087984,0.17855101695092354,0.23178775747400182,0.1600673992546489,0.1851571726062141,0.24687947304146335,0.2033928301837775,0.28178713234817676,0.317562161592972,0.2421360284901467,0.07520146822550523,0.0713104357664119,0.08769925254694744,0.08419565888565779,0.24343144214401904,0.20182055741458071,0.22108743292796382,0.21400106129154559,0.20345621037411235,0.08084324225531328,0.21610435901370037,0.2730640287285756,0.2906509913014513,0.08561864443310821,0.08920638565136282,0.2525410913112326,0.2403170638675171,0.2368292713929612,0.24766747830966768,0.27944760653285955,0.203903689766529,0.26661801637385146,0.06842753815497683,0.2427984631509995,0.2589144874864424,0.08330390698017237,0.24120534560376164,0.21850020222730776,0.0,0.22960543311379242,0.1319954958231559,0.21994192124106687,0.24059280032772873,0.24468071114405787,0.08030135844350994,0.0953832838655356,0.20510588916267952,0.24541543372068825,0.25598923202104956
syn_Ni_0031,0.24755815159220548,0.28491725631172693,0.2511629468179969,0.23861594580954631,0.24444259474934674,0.2201505735575239,0.21166922451179834,0.23639377393320093,0.2081350694717188,0.23300174838511786,0.21805701639043942,0.24443363468919546,0.23555498157774643,0.24833142838352526,0.23826254259853893,0.23815389976709406,0.21953629151141166,0.2243065088117043,0.23182917178847914,0.22869014067945592,0.25522445038131353,0.23937363317796853,0.24314719059151307,0.21855581262980833,0.23853402730962434,0.2161775040815985,0.2116902106162143,0.23132338648853226,0.24040826685518257,0.2447234162938784,0.254928521590303,0.24217711280377374,0.21933734012627024,0.31431904230708724,0.24309930410837619,0.20153149244999746,0.3296246325209471,0.2188239051219089,0.24656492367592941,0.2882919572884974,0.06777136130540046,0.24014032111786787,0.23041973761192358,0.2302538821778733,0.23343386113305717,0.061561312133641355,0.21036830050049368,0.21971197379504215,0.2524025371146577,0.21078058691610027,0.2394648534195211,0.21727353034595684,0.35316914996317833,0.14771275421300842,0.23900578412344414,0.2370458388292788,0.10689491403448853,0.22499273928308305,0.26892091519021405,0.08276045890018732,0.36563294583498607,0.2547639124616839,0.10220336013545903,0.2263942699922961,0.07625693972505364,0.3458261655576986,0.2530190334950213,0.08837278212051929,0.2634092927734576,0.22960543311379242,0.0,0.2903548745378136,0.22760190474547132,0.23555858891521303,0.08890172372753766,0.2520890593276405,0.25544846869539817,0.2216002732844929,0.0662893950130523,0.07364673943225396
syn_Ni_0032,0.24654700924805287,0.35823469800290075,0.22669577265457497,0.22785511773764758,0.31724752259078853,0.26169812751794275,0.2681735581111729,0.2742269412115151,0.26679902948686646,0.28662658964846566,0.2500383820365094,0.3280167554156743,0.30538289347520753,0.3256837165995633,0.217696588644493,0.23519696923089337,0.2786702545481529,0.20445183419264965,0.21989365215304937,0.18798129435212182,0.3280368692742589,0.22157817744110833,0.22763576094010796,0.21364658991407892,0.2237617966355976,0.2754503139655528,0.2936194611412823,0.2712309302151922,0.23072609549410586,0.23320615408363032,0.34060183242766684,0.3136907944638181,0.24157227854727117,0.24700086042564598,0.226257211121246,0.26445820474721937,0.2267505364021924,0.2773118352246933,0.3172867619196531,0.3641133410792974,0.3057983461400557,0.11258399659860127,0.13312376936070064,0.11956113273016596,0.1459447371258351,0.3060256138998368,0.22794340694264184,0.24755725956932162,0.1995743735522002,0.24244575201023688,0.10670556590871202,0.25087429473601164,0.24498200632832987,0.2658196965194799,0.11874400389033384,0.12464906267171545,0.3167211092526109,0.2742138121270987,0.21380907342224031,0.31039785765631805,0.260291959260868,0.1883663591837471,0.33002087271461583,0.14146002429575702,0.3049980616196537,0.24603407130135457,0.09304840798332488,0.3030188948376176,0.18951181604770756,0.1319954958231559,0.2903548745378136,0.0,0.2421856187353841,0.24936188687815627,0.2674246407797867,0.10172052999097249,0.11631831787031287,0.2351660024482469,0.30538106917698643,0.3173498188381413
syn_Ni_0033,0.2300221774931421,0.34945983687422877,0.23654348340445353,0.2223169468015679,0.30609397509780706,0.1572356385607323,0.1632686255183015,0.1777168040933203,0.15669828677705414,0.19667637416039477,0.15166993365077028,0.3121134940541715,0.28741114115029476,0.31180623501238924,0.20857501207535978,0.24192380265184799,0.17874824595993147,0.21469893650741023,0.22943941514190772,0.22220824809048823,0.32470445388323604,0.22429642566935923,0.19306570317807853,0.2179184191539737,0.2113755993313878,0.20048963796176536,0.27843314928620183,0.25769476166094624,0.23437824009614489,0.2484357162061197,0.32712080935794724,0.3072129014983731,0.1501005929337987,0.3004361533712475,0.2212389266837692,0.17053803295642997,0.3060413006190624,0.19551467234793257,0.3087663562294303,0.3474090594068544,0.23350233342587443,0.23136688828958624,0.22574698851110583,0.2184867159010906,0.2354400739057772,0.23422866173801826,0.06812276125529906,0.06801639658143857,0.11912756479865211,0.07760135226270709,0.21777496998717374,0.07442298179885022,0.30798444791834295,0.22638301034331387,0.21684400082232577,0.22317920113054743,0.25726075487894834,0.0868828670132879,0.11323480434704174,0.25742603491921634,0.3232898247133818,0.1112415794440827,0.27297462744715023,0.22532835816130517,0.25251136077389613,0.3039222171409109,0.22405836534104176,0.250425422437605,0.12813295521859402,0.21994192124106687,0.22760190474547132,0.2421856187353841,0.0,0.07654874602384223,0.214940912398944,0.22538186573536872,0.24725028428088305,0.0715299910538424,0.24497300673008682,0.24923976664280484
syn_Ni_0034,0.2558753704565023,0.3506736905384267,0.26236364466841083,0.24679049427406838,0.3071985276804488,0.18536789496589665,0.1891446125962075,0.2054987879455868,0.1829676333064455,0.22677848784005067,0.17730029305548634,0.31538619643002763,0.2898215876356614,0.3125068363731995,0.22905264751415763,0.26223951737316237,0.20933602858991793,0.23708138665258552,0.24645860361723682,0.2407962385175359,0.3251482817571688,0.2488965861924577,0.20971682816410409,0.23710625890309397,0.2373566013323375,0.22437436265257518,0.28054244444002585,0.2522290500154416,0.25331836178501627,0.27011126274568487,0.3256037817409984,0.3076183696465636,0.17561766632753442,0.31295354730219294,0.24469476240352608,0.2015067845820006,0.31314847401771895,0.21867409308274602,0.310938305607074,0.3504531483459888,0.24765580561335532,0.24402293275398151,0.24033332770507823,0.22974326694698918,0.2532847405082901,0.24687240151112935,0.09124245895175045,0.091318938217921,0.13408828162809597,0.10500717130271232,0.22876917175882816,0.09352195253935854,0.3135664289746122,0.22302035961667632,0.22957259548982636,0.23166648107895327,0.2694187065558402,0.10008594958665235,0.1249152147195642,0.2693407075421378,0.3272616699458135,0.1286444686600024,0.28224985144612247,0.24739695606396273,0.25596921418934115,0.3092249172198891,0.23300781696059497,0.25827302926702755,0.14287161843321486,0.24059280032772873,0.23555858891521303,0.24936188687815627,0.07654874602384223,0.0,0.21841894935653378,0.23848668095001574,0.2572778060562101,0.09552373949425084,0.2573235074062081,0.25676887662715003
syn_Ni_0035,0.2692386811288229,0.3017784581062151,0.27153236006290005,0.25989416836908674,0.2602391184584793,0.23471162936780496,0.2298089672171095,0.25547048563915664,0.22538724588959513,0.2526036517275105,0.22921743520038607,0.25982696326790544,0.24898569917625596,0.2662289640893619,0.2563599795131808,0.26741525245087416,0.24202932657123793,0.24568301318957775,0.2548462115905199,0.24956318311696726,0.27256149956911235,0.2604338410380717,0.25882297708401714,0.24055970288255746,0.25739204893503936,0.23907262093501316,0.22897400351871894,0.2222858862789009,0.26574558226540224,0.27126609417454783,0.2749520058479194,0.2593816487262323,0.22867084425111117,0.32384724758151845,0.2636616788085915,0.22545298936881422,0.32081851529312155,0.24200489170367764,0.26352317644447426,0.30327779660533605,0.09870099985490768,0.24151905068199817,0.24409706434862757,0.2268120625848229,0.2507105590733053,0.10129855104111753,0.20273390082726986,0.21031693716713235,0.22928720370013608,0.21608203015467126,0.23042412537103266,0.22019537099492612,0.3407831380060658,0.11844326967602004,0.23529156225738632,0.2333808002374272,0.14155144417079615,0.23475087347929854,0.24330018729044908,0.12460944730272572,0.352715473956097,0.22873766693406267,0.14133485987620956,0.24551204034113322,0.10770481066449739,0.33306924474224037,0.23535697660277055,0.11712248913718339,0.2411800416065084,0.24468071114405787,0.08890172372753766,0.2674246407797867,0.214940912398944,0.21841894935653378,0.0,0.23892568387302343,0.2482599049476621,0.2164844792127998,0.10387524856775268,0.10241954719107918
syn_Ni_0036,0.22079561437014028,0.31738449151814546,0.19220024941674846,0.19319399017406555,0.28187351323084914,0.2085615481813083,0.21904348577641028,0.22587610361866464,0.2179216701927017,0.23298918345632402,0.20147945499141362,0.29377971573954775,0.26969174901658377,0.29146742943669146,0.19058655564495977,0.2032401706241875,0.22282815440764914,0.1801771564370937,0.18655698527633158,0.1608832406480627,0.29968024301064317,0.1885705069171902,0.20537625573292828,0.17366448530508882,0.18851788581524723,0.22449499251111582,0.2604703088059726,0.24281089589062463,0.20016814999933344,0.19716577035080105,0.30366394029023,0.2810672265228623,0.19533955047655596,0.23994215902701882,0.1942391989419466,0.2086064768236222,0.23872955537399826,0.2283605363437387,0.2833220024524419,0.32431544491195335,0.26825358397841687,0.06855694927314147,0.08491474390509297,0.07420706660073416,0.10210306840223736,0.2674942177240506,0.20692244332719079,0.22696151199499334,0.1940869098294425,0.21887233614455057,0.06890124746387265,0.2264891164765986,0.25961997465962766,0.2788429896233124,0.06919380654044065,0.07561039270527031,0.27689073707167383,0.2539593826801516,0.22414057123086129,0.2741515154390599,0.26894794960630775,0.1893241637974477,0.29108100523059804,0.09198091290348032,0.2653502007587013,0.2456672337412955,0.05646614012822445,0.2641724940195829,0.19930929329416402,0.08030135844350994,0.2520890593276405,0.10172052999097249,0.22538186573536872,0.23848668095001574,0.23892568387302343,0.0,0.07401202585357503,0.21197818380278413,0.26771005281120175,0.2797657618445663
syn_Ni_0037,0.2224343107359877,0.31592827544573315,0.19925636245786876,0.19749335387872782,0.28440336547560996,0.22591368506777953,0.23258811837464324,0.24152817216201017,0.23201690053847007,0.24536280697063884,0.21487185799694786,0.29128052000242843,0.2667964458988059,0.2871071467511039,0.1975029267725147,0.2026808094067378,0.23537356864044554,0.18575361961961592,0.1949329499666278,0.16821013462540424,0.28600556539960625,0.1939408589306267,0.21704133668187137,0.1748149412992093,0.1972650660906256,0.2321073525159202,0.26083373004013044,0.25378235800861343,0.20223389176055387,0.1937253266322015,0.30132529035527517,0.2792766184796872,0.2119537325790556,0.25754471713624755,0.19817183934397223,0.21838942932275462,0.25826007153496355,0.2343423773739597,0.2787900610834428,0.3227347922555483,0.26830930135922776,0.07182771654820658,0.09223107775795683,0.07908194525431131,0.09433338387811797,0.27018156568014634,0.22765960914642816,0.24597560736764806,0.21250666414167116,0.23723598938146462,0.09238549647467775,0.24862385683803281,0.28427935910670343,0.2922056474646439,0.08866718901147023,0.08480281935574757,0.27814404541609733,0.27254463767469195,0.2429523981010611,0.276501320551011,0.2880935278319749,0.2062606050937465,0.29436278205330907,0.09608620527664341,0.2672578867404724,0.26936700061955154,0.07899694673262025,0.2666953917466868,0.20929376590093576,0.0953832838655356,0.25544846869539817,0.11631831787031287,0.24725028428088305,0.2572778060562101,0.2482599049476621,0.07401202585357503,0.0,0.23252505607534465,0.27213183118647516,0.2816157255159978
syn_Ni_0038,0.21971743247392791,0.3349565826576714,0.22381327648821184,0.21133871544368663,0.2913572705950886,0.1427253723253958,0.15764068558305966,0.16881815608670322,0.1498030923347275,0.1911129472671307,0.14167560730803383,0.2982606921996868,0.2729587791160183,0.2983211058120636,0.19826827808992756,0.22746514934638604,0.17345889930808134,0.20111968924149246,0.21312245976872354,0.2036079423246378,0.3114408961674324,0.21195449067579591,0.18832932000819216,0.20150725360010305,0.19555521588313085,0.1906660414303253,0.26656389209353865,0.2555061866958229,0.21935777095499115,0.23376775475179826,0.31423067544838995,0.2923458863239465,0.14293691680750825,0.3000101916876824,0.20676493301647253,0.1639895768427363,0.3056522370807909,0.18377850734214518,0.29438446891060377,0.3350926196150764,0.22964934836013604,0.21903258493218664,0.20700146150667173,0.2053082584782792,0.21672007631844056,0.22937430816949297,0.06928471571610066,0.07186378083823418,0.13692607779352767,0.06580848168689557,0.20573741793257766,0.06454841469330766,0.3124157398228781,0.23637746746156407,0.20426746422243564,0.21094364850409025,0.2491779808699228,0.087698595155553,0.1322058220816489,0.25135794647068105,0.3268358571518598,0.12268083361019307,0.2620300532122874,0.20592147354317486,0.23889199376385603,0.31078050925077405,0.21087855783509327,0.23707104874996127,0.1403870576674358,0.20510588916267952,0.2216002732844929,0.2351660024482469,0.0715299910538424,0.09552373949425084,0.2164844792127998,0.21197818380278413,0.23252505607534465,0.0,0.24023120774183654,0.23996767819739231
syn_Ni_0039,0.2507289261244565,0.2659047367017423,0.25142638193813677,0.2375221604004194,0.2192461787216842,0.22185011586310904,0.21107515202024033,0.2316043964678535,0.2067874345634277,0.2299545416041933,0.22025121807112658,0.22192789812113495,0.22317041497059648,0.22909613319377414,0.23948449219325552,0.23964319157284591,0.21766573496002006,0.22860768806377682,0.23363783369273,0.2348644637181063,0.2352742794967553,0.24016676539730233,0.2532824254175666,0.2238642631679752,0.24167923243947617,0.20713507970246345,0.20013293123126377,0.2376960940200521,0.24235514863589522,0.24481370582970888,0.23620491218124998,0.2205551054249723,0.22341379085184687,0.3366649539993615,0.2452028801326878,0.19705763740605148,0.35178281243613485,0.20772801984919428,0.22820017158755326,0.2639496980790803,0.05889940161127768,0.2534982997490636,0.23964416387104456,0.247435015340916,0.23446991145614757,0.06709945454299608,0.23008695669729068,0.2391039331114298,0.27274285239386037,0.22800891019782796,0.25608481833392455,0.2347585532305231,0.3752429320885261,0.1689329669155405,0.2559171432375975,0.25086389447712665,0.08334412640547618,0.24574537863251447,0.29014335490470716,0.06884557572727436,0.38617038720941005,0.2720963048976677,0.07901737631171545,0.23185433539679753,0.06988766005031953,0.36686889870641465,0.2686073630607292,0.06290602111386255,0.28138344742224614,0.24541543372068825,0.0662893950130523,0.30538106917698643,0.24497300673008682,0.2573235074062081,0.10387524856775268,0.26771005281120175,0.27213183118647516,0.24023120774183654,0.0,0.0768272142010534
syn_Ni_0040,0.2561802117027708,0.2908747431741333,0.2584379921884364,0.24510318555432253,0.255640428043865,0.22477514127328624,0.21408944963392373,0.23258527204272297,0.21603397569952346,0.23291481575708362,0.22711036349704075,0.25570066895867843,0.2526022972518156,0.2606727972195725,0.24888693521343044,0.24214614801784085,0.22971372888916514,0.23581625771074377,0.24235178598471055,0.24100003637293294,0.26874337926931413,0.2482163480520435,0.2503562948814834,0.22986829564319872,0.2445333214626369,0.22534747307631317,0.22854960426693355,0.25279711888368384,0.2431431743694562,0.2534947066591999,0.2672615581230928,0.2540794847222039,0.22954570466755614,0.33852128956401145,0.24872948669647402,0.21144193148046134,0.3519548209184329,0.22211151179167896,0.2591019306441863,0.2914593579038307,0.062304671385242434,0.26656831224506733,0.25228456502888447,0.2581249880593585,0.2583627801796151,0.06011359807784312,0.2310118640557315,0.24037918387827403,0.27621345908185424,0.22991716033241424,0.2619339206199888,0.23559150921358973,0.37274333135977356,0.16171398020291455,0.26221527995185806,0.2598673174227266,0.11461275192324064,0.23735820153874992,0.2914592796979955,0.09698009755916584,0.3843219569046175,0.2763617800609661,0.10309333154010511,0.2469410778554541,0.07257127359507011,0.3677707838342893,0.2775702005485304,0.09719928195027462,0.2899640581557023,0.25598923202104956,0.07364673943225396,0.3173498188381413,0.24923976664280484,0.25676887662715003,0.10241954719107918,0.2797657618445663,0.2816157255159978,0.23996767819739231,0.0768272142010534,0.0
