modality,split,metric,value
protein,0,abundance,0.11181327081846906
protein,0,prevalence,0.2428906329630007
protein,0,distance,0.3285108024691358
protein,0,dispersion,0.6594427244582043
protein,0,omega2,39.86313713864835
protein,0,deff,0.49005211423414824
protein,0,tf_topology,0.24458204334365324
protein,0,source_r2,0.019870505513087066
protein,1,abundance,0.08001223116909591
protein,1,prevalence,0.37264295178880846
protein,1,distance,0.1863425925925926
protein,1,dispersion,0.25696594427244585
protein,1,omega2,2.3023422761148002
protein,1,deff,0.10735842558617904
protein,1,tf_topology,0.18675721782922985
protein,1,source_r2,0.016895927954405646
protein,2,abundance,0.09540311894811945
protein,2,prevalence,0.28590357761696056
protein,2,distance,0.39166666666666666
protein,2,dispersion,0.5201238390092879
protein,2,omega2,36.78284015559769
protein,2,deff,0.402682237241537
protein,2,tf_topology,0.24458204334365324
protein,2,source_r2,0.019311952316608903
protein,3,abundance,0.46182855977983894
protein,3,prevalence,0.45408215268576085
protein,3,distance,0.35011574074074076
protein,3,dispersion,0.3126934984520124
protein,3,omega2,0.29856682594503814
protein,3,deff,0.6644033357168522
protein,3,tf_topology,1.4851148808690007
protein,3,source_r2,0.13340444913849234
protein,4,abundance,0.12078279482213841
protein,4,prevalence,0.2667414127000306
protein,4,distance,0.31539351851851855
protein,4,dispersion,0.4117647058823529
protein,4,omega2,4.425880008017919
protein,4,deff,0.8461131091478203
protein,4,tf_topology,0.29721362229102166
protein,4,source_r2,0.035258047043145925
protein,5,abundance,0.08001223116909591
protein,5,prevalence,0.32137396799510753
protein,5,distance,0.16944444444444445
protein,5,dispersion,0.18885448916408668
protein,5,omega2,1.1449580746229078
protein,5,deff,0.2456797981827414
protein,5,tf_topology,0.1609907120743034
protein,5,source_r2,0.01716632816468482
protein,6,abundance,0.06421363775354194
protein,6,prevalence,0.32606258281520745
protein,6,distance,0.24166666666666667
protein,6,dispersion,0.25696594427244585
protein,6,omega2,0.5649141725371757
protein,6,deff,0.11833247214142222
protein,6,tf_topology,0.31823569120975814
protein,6,source_r2,0.022600997367587007
protein,7,abundance,0.1839771684843543
protein,7,prevalence,0.2344307410049944
protein,7,distance,0.10555555555555556
protein,7,dispersion,0.38390092879256965
protein,7,omega2,0.4050378679376377
protein,7,deff,0.1327903886179441
protein,7,tf_topology,0.20908042392942078
protein,7,source_r2,0.015373912406308586
protein,8,abundance,0.025481602283151564
protein,8,prevalence,0.3628580165120783
protein,8,distance,0.19166666666666668
protein,8,dispersion,0.4674922600619195
protein,8,omega2,36.35951435532332
protein,8,deff,0.17509667482474794
protein,8,tf_topology,0.2839197852114156
protein,8,source_r2,0.026285930808829412
protein,9,abundance,0.25165630414840484
protein,9,prevalence,0.22943634695749668
protein,9,distance,0.15354938271604937
protein,9,dispersion,0.29102167182662536
protein,9,omega2,3.4989619956548257
protein,9,deff,0.060689208119938436
protein,9,tf_topology,0.4148606811145511
protein,9,source_r2,0.015173222378378376
protein,10,abundance,0.01936601773519519
protein,10,prevalence,0.3079196819896035
protein,10,distance,0.20277777777777778
protein,10,dispersion,0.39009287925696595
protein,10,omega2,3.1112825059927536
protein,10,deff,0.06019531736909569
protein,10,tf_topology,0.26980151606524844
protein,10,source_r2,0.018144050496050737
protein,11,abundance,0.05086127815717052
protein,11,prevalence,0.4153501172153705
protein,11,distance,0.3138888888888889
protein,11,dispersion,0.39628482972136225
protein,11,omega2,36.5295559145727
protein,11,deff,0.29779574335813547
protein,11,tf_topology,0.7255983507317355
protein,11,source_r2,0.07566029774996354
protein,12,abundance,0.1173172969116298
protein,12,prevalence,0.40841912139435327
protein,12,distance,0.35833333333333334
protein,12,dispersion,0.5263157894736842
protein,12,omega2,37.076950161227366
protein,12,deff,0.19612940415327226
protein,12,tf_topology,0.3126934984520124
protein,12,source_r2,0.01727287157485054
protein,13,abundance,0.09224340026500866
protein,13,prevalence,0.26082968097033943
protein,13,distance,0.19444444444444445
protein,13,dispersion,0.48297213622291024
protein,13,omega2,39.86313713864835
protein,13,deff,0.20664285047831227
protein,13,tf_topology,0.25790835492526193
protein,13,source_r2,0.015969128527372634
protein,14,abundance,0.18774844562226073
protein,14,prevalence,0.4608092956885129
protein,14,distance,0.2777777777777778
protein,14,dispersion,0.26006191950464397
protein,14,omega2,1.8058960820098775
protein,14,deff,0.09606693807039794
protein,14,tf_topology,0.2795300709349988
protein,14,source_r2,0.01342867279893166
protein,15,abundance,0.3049638161247579
protein,15,prevalence,0.3042503312608297
protein,15,distance,0.21666666666666667
protein,15,dispersion,0.33126934984520123
protein,15,omega2,3.1189087787557233
protein,15,deff,0.037857494515565075
protein,15,tf_topology,0.4517662196734546
protein,15,source_r2,0.023255948960253927
protein,16,abundance,0.11915197227601672
protein,16,prevalence,0.27774946488635205
protein,16,distance,0.2881944444444444
protein,16,dispersion,0.7120743034055728
protein,16,omega2,39.86313713864835
protein,16,deff,0.477080330886995
protein,16,tf_topology,0.1826625386996904
protein,16,source_r2,0.01304778012517619
protein,17,abundance,0.13474671287330547
protein,17,prevalence,0.38681072265824074
protein,17,distance,0.23244598765432098
protein,17,dispersion,0.39009287925696595
protein,17,omega2,39.86313713864835
protein,17,deff,0.4522329533818219
protein,17,tf_topology,0.3414579344483625
protein,17,source_r2,0.028508498301234562
protein,18,abundance,0.06961573743757007
protein,18,prevalence,0.264295178880848
protein,18,distance,0.24444444444444444
protein,18,dispersion,0.3715170278637771
protein,18,omega2,39.86313713864835
protein,18,deff,0.1446079291354548
protein,18,tf_topology,0.4672487479544044
protein,18,source_r2,0.03548937190732434
protein,19,abundance,0.03373764142289267
protein,19,prevalence,0.342472734685557
protein,19,distance,0.2816358024691358
protein,19,dispersion,0.6006191950464397
protein,19,omega2,39.86313713864835
protein,19,deff,0.55627815931613
protein,19,tf_topology,0.17647058823529413
protein,19,source_r2,0.01423134121342447
protein,20,abundance,0.016104372642951788
protein,20,prevalence,0.3487921720517786
protein,20,distance,0.18055555555555555
protein,20,dispersion,0.25696594427244585
protein,20,omega2,0.6700035941073562
protein,20,deff,0.0319326161832895
protein,20,tf_topology,0.18575851393188855
protein,20,source_r2,0.019031187401840143
protein,21,abundance,0.06767913566405055
protein,21,prevalence,0.27469167261237387
protein,21,distance,0.25555555555555554
protein,21,dispersion,0.47678018575851394
protein,21,omega2,39.86313713864835
protein,21,deff,0.2933815880351594
protein,21,tf_topology,0.478740227165626
protein,21,source_r2,0.03599275245289927
protein,22,abundance,0.23351340332280093
protein,22,prevalence,0.23035368463969014
protein,22,distance,0.19444444444444445
protein,22,dispersion,0.25696594427244585
protein,22,omega2,1.4154047285279903
protein,22,deff,0.04792646310837335
protein,22,tf_topology,0.18575851393188855
protein,22,source_r2,0.017611838635389662
protein,23,abundance,0.08276424421567628
protein,23,prevalence,0.2953827336662929
protein,23,distance,0.3472222222222222
protein,23,dispersion,0.631578947368421
protein,23,omega2,37.93647942314939
protein,23,deff,0.3126260038157041
protein,23,tf_topology,0.17956656346749225
protein,23,source_r2,0.014722192216011728
protein,24,abundance,0.10518805422484966
protein,24,prevalence,0.36397920701253694
protein,24,distance,0.17881944444444445
protein,24,dispersion,0.2631578947368421
protein,24,omega2,0.12686600077272114
protein,24,deff,0.1435754828138438
protein,24,tf_topology,0.17956656346749225
protein,24,source_r2,0.01441642234396056
protein,25,abundance,0.27723983284068904
protein,25,prevalence,0.27723983284068904
protein,25,distance,0.28684413580246915
protein,25,dispersion,0.4674922600619195
protein,25,omega2,36.540002975863885
protein,25,deff,0.5719130961506841
protein,25,tf_topology,0.4530550927627286
protein,25,source_r2,0.02651375912826949
protein,26,abundance,0.25787381510549384
protein,26,prevalence,0.5120782794822138
protein,26,distance,0.3304398148148148
protein,26,dispersion,0.5201238390092879
protein,26,omega2,36.993751552142406
protein,26,deff,0.6488075822807688
protein,26,tf_topology,0.5113727192236284
protein,26,source_r2,0.0200680844313296
protein,27,abundance,0.03108755478544491
protein,27,prevalence,0.3331974314544899
protein,27,distance,0.325
protein,27,dispersion,0.4891640866873065
protein,27,omega2,5.066325915951487
protein,27,deff,0.37491911498175656
protein,27,tf_topology,0.3065015479876161
protein,27,source_r2,0.02456172415038993
protein,28,abundance,0.11670573845683417
protein,28,prevalence,0.27825909693201506
protein,28,distance,0.5194444444444445
protein,28,dispersion,0.42105263157894735
protein,28,omega2,37.89148592252664
protein,28,deff,0.1040080988576558
protein,28,tf_topology,0.30340557275541796
protein,28,source_r2,0.03205592626949293
protein,29,abundance,0.0357761696055448
protein,29,prevalence,0.3857914585669147
protein,29,distance,0.30833333333333335
protein,29,dispersion,0.3157894736842105
protein,29,omega2,37.385376083213856
protein,29,deff,0.027246715338425213
protein,29,tf_topology,0.44193712886020386
protein,29,source_r2,0.03787812393483939
protein,30,abundance,0.12241361736826012
protein,30,prevalence,0.3175007644480685
protein,30,distance,0.3194444444444444
protein,30,dispersion,0.33126934984520123
protein,30,omega2,4.049813697956399
protein,30,deff,0.16723846019011648
protein,30,tf_topology,0.2025071686558729
protein,30,source_r2,0.02560801513866428
protein,31,abundance,0.20884721231271022
protein,31,prevalence,0.19253898685149323
protein,31,distance,0.2111111111111111
protein,31,dispersion,0.24148606811145512
protein,31,omega2,2.1064532130013043
protein,31,deff,0.2527705543411271
protein,31,tf_topology,0.37244504050465693
protein,31,source_r2,0.02288111005243744
protein,32,abundance,0.08092956885128937
protein,32,prevalence,0.25634491896850475
protein,32,distance,0.28684413580246915
protein,32,dispersion,0.4148606811145511
protein,32,omega2,36.32464165005454
protein,32,deff,0.4490547395938595
protein,32,tf_topology,0.3625349519956606
protein,32,source_r2,0.019900674354702722
protein,33,abundance,0.1287330547344817
protein,33,prevalence,0.31505453062888594
protein,33,distance,0.30833333333333335
protein,33,dispersion,0.2786377708978328
protein,33,omega2,1.015627776843963
protein,33,deff,0.4725214367224592
protein,33,tf_topology,0.17337461300309598
protein,33,source_r2,0.019194715440401123
protein,34,abundance,0.05310365915808786
protein,34,prevalence,0.29517888084802774
protein,34,distance,0.3
protein,34,dispersion,0.2786377708978328
protein,34,omega2,3.4805701056172187
protein,34,deff,0.5623935968596517
protein,34,tf_topology,0.3065015479876161
protein,34,source_r2,0.029962242069192208
protein,35,abundance,0.09102028335541738
protein,35,prevalence,0.4459280399551524
protein,35,distance,0.3425925925925926
protein,35,dispersion,0.4613003095975232
protein,35,omega2,0.08034220464738802
protein,35,deff,0.7640252989379809
protein,35,tf_topology,0.7744141150955272
protein,35,source_r2,0.08330230895502617
protein,36,abundance,0.0293548058301906
protein,36,prevalence,0.3579655488737132
protein,36,distance,0.14467592592592593
protein,36,dispersion,0.10835913312693499
protein,36,omega2,0.3604547401622013
protein,36,deff,0.11593856953248458
protein,36,tf_topology,0.1238390092879257
protein,36,source_r2,0.014033896944849652
protein,37,abundance,0.06299052084395067
protein,37,prevalence,0.3095505045357252
protein,37,distance,0.16068672839506173
protein,37,dispersion,0.2724458204334365
protein,37,omega2,0.3162066803996816
protein,37,deff,0.49449916877385947
protein,37,tf_topology,0.2043343653250774
protein,37,source_r2,0.019598761733069556
protein,38,abundance,0.042809091835694625
protein,38,prevalence,0.28794210579961266
protein,38,distance,0.20601851851851852
protein,38,dispersion,0.24148606811145512
protein,38,omega2,1.6864568780596103
protein,38,deff,0.36735272459913
protein,38,tf_topology,0.41962110825315846
protein,38,source_r2,0.037055849669411896
protein,39,abundance,0.1549281418815615
protein,39,prevalence,0.25777188869636125
protein,39,distance,0.17222222222222222
protein,39,dispersion,0.25696594427244585
protein,39,omega2,0.901202571646775
protein,39,deff,0.31712575817790584
protein,39,tf_topology,0.19814241486068113
protein,39,source_r2,0.021265353130984252
protein,40,abundance,0.22872286209356843
protein,40,prevalence,0.22770359800224238
protein,40,distance,0.18209876543209877
protein,40,dispersion,0.24148606811145512
protein,40,omega2,1.341101711995881
protein,40,deff,0.01186476087931556
protein,40,tf_topology,0.5551051307413135
protein,40,source_r2,0.027695959302701745
protein,41,abundance,0.08266231780654368
protein,41,prevalence,0.25481602283151567
protein,41,distance,0.4388888888888889
protein,41,dispersion,0.5479876160990712
protein,41,omega2,39.86313713864835
protein,41,deff,0.5599386836966943
protein,41,tf_topology,0.34712770456039704
protein,41,source_r2,0.038090932830351795
protein,42,abundance,0.16094180002038527
protein,42,prevalence,0.22576699622872287
protein,42,distance,0.6138888888888889
protein,42,dispersion,0.47058823529411764
protein,42,omega2,39.86313713864835
protein,42,deff,0.1450511068690611
protein,42,tf_topology,0.3653250773993808
protein,42,source_r2,0.044931590243080334
protein,43,abundance,0.09193762103761084
protein,43,prevalence,0.2914076037101213
protein,43,distance,0.17222222222222222
protein,43,dispersion,0.13312693498452013
protein,43,omega2,1.810790385653974
protein,43,deff,0.1926046817620474
protein,43,tf_topology,0.23839009287925697
protein,43,source_r2,0.01210233720852148
protein,44,abundance,0.3468555702782591
protein,44,prevalence,0.3466517174599939
protein,44,distance,0.3527777777777778
protein,44,dispersion,0.30030959752321984
protein,44,omega2,39.86313713864835
protein,44,deff,0.21747853748123255
protein,44,tf_topology,1.0909977045952595
protein,44,source_r2,0.10280356426782052
protein,45,abundance,0.11201712363673427
protein,45,prevalence,0.39628987870757315
protein,45,distance,0.32222222222222224
protein,45,dispersion,0.25696594427244585
protein,45,omega2,2.158100580393483
protein,45,deff,0.2663329206582355
protein,45,tf_topology,0.25696594427244585
protein,45,source_r2,0.016297106400697425
protein,46,abundance,0.17551727652634797
protein,46,prevalence,0.24248292732647028
protein,46,distance,0.22665895061728394
protein,46,dispersion,0.6068111455108359
protein,46,omega2,39.86313713864835
protein,46,deff,0.038063692135584415
protein,46,tf_topology,0.25696594427244585
protein,46,source_r2,0.018626079879318993
protein,47,abundance,0.0700234430741005
protein,47,prevalence,0.29711548262154724
protein,47,distance,0.20775462962962962
protein,47,dispersion,0.4674922600619195
protein,47,omega2,36.518660175977494
protein,47,deff,0.17883164877860522
protein,47,tf_topology,0.21052631578947367
protein,47,source_r2,0.018445663818484993
protein,48,abundance,0.09754357353990419
protein,48,prevalence,0.4420548364081133
protein,48,distance,0.21388888888888888
protein,48,dispersion,0.14551083591331268
protein,48,omega2,3.9517836091155414
protein,48,deff,0.15196176660985705
protein,48,tf_topology,0.6137191082605875
protein,48,source_r2,0.039865416229335975
protein,49,abundance,0.16848435429619815
protein,49,prevalence,0.22515543777392721
protein,49,distance,0.24722222222222223
protein,49,dispersion,0.4179566563467492
protein,49,omega2,6.155550664532507
protein,49,deff,0.40513686391408527
protein,49,tf_topology,0.4102191051728707
protein,49,source_r2,0.045646449553556706
protein,50,abundance,0.18560799103047598
protein,50,prevalence,0.2003873203547039
protein,50,distance,0.12770061728395063
protein,50,dispersion,0.2724458204334365
protein,50,omega2,0.17786151502620495
protein,50,deff,0.3358891652622691
protein,50,tf_topology,0.4039577545802201
protein,50,source_r2,0.026383149160602047
protein,51,abundance,0.18703496075833248
protein,51,prevalence,0.19783916012638875
protein,51,distance,0.1871141975308642
protein,51,dispersion,0.3684210526315789
protein,51,omega2,0.8348989019581838
protein,51,deff,0.330376996428202
protein,51,tf_topology,0.36890430764705495
protein,51,source_r2,0.01715656339597863
protein,52,abundance,0.10131485067781063
protein,52,prevalence,0.2842727550708389
protein,52,distance,0.12222222222222222
protein,52,dispersion,0.37770897832817335
protein,52,omega2,1.72803034760497
protein,52,deff,0.290026612817946
protein,52,tf_topology,0.2260061919504644
protein,52,source_r2,0.014448765934746755
protein,53,abundance,0.11130363877280604
protein,53,prevalence,0.34359392518601567
protein,53,distance,0.12222222222222222
protein,53,dispersion,0.33746130030959753
protein,53,omega2,0.6299847176925388
protein,53,deff,0.2122304903091896
protein,53,tf_topology,0.26006191950464397
protein,53,source_r2,0.021424214638758945
protein,54,abundance,0.12424829273264702
protein,54,prevalence,0.4282947711752115
protein,54,distance,0.21388888888888888
protein,54,dispersion,0.4086687306501548
protein,54,omega2,36.39838149692184
protein,54,deff,0.34303466124038834
protein,54,tf_topology,0.23182316020369
protein,54,source_r2,0.01815644506966975
protein,55,abundance,0.09540311894811945
protein,55,prevalence,0.29263072061971257
protein,55,distance,0.12222222222222222
protein,55,dispersion,0.23839009287925697
protein,55,omega2,0.6825515515347989
protein,55,deff,0.15376817848028507
protein,55,tf_topology,0.1393188854489164
protein,55,source_r2,0.014843056503754302
protein,56,abundance,0.15207420242584854
protein,56,prevalence,0.258077667923759
protein,56,distance,0.4
protein,56,dispersion,0.4613003095975232
protein,56,omega2,38.04054153309063
protein,56,deff,0.012139819964506714
protein,56,tf_topology,0.2631578947368421
protein,56,source_r2,0.0198797578498445
protein,57,abundance,0.20150851085516258
protein,57,prevalence,0.20150851085516258
protein,57,distance,0.29996141975308643
protein,57,dispersion,0.3653250773993808
protein,57,omega2,36.271809832292256
protein,57,deff,0.3343943073993189
protein,57,tf_topology,0.5144927011666068
protein,57,source_r2,0.04659333843580067
protein,58,abundance,0.11905004586688411
protein,58,prevalence,0.3989399653450209
protein,58,distance,0.15354938271604937
protein,58,dispersion,0.30959752321981426
protein,58,omega2,1.3961339633768157
protein,58,deff,0.09823391267681739
protein,58,tf_topology,0.2043343653250774
protein,58,source_r2,0.01171828307247469
protein,59,abundance,0.07766792375904596
protein,59,prevalence,0.3635715013760065
protein,59,distance,0.17222222222222222
protein,59,dispersion,0.2786377708978328
protein,59,omega2,36.24281480295733
protein,59,deff,0.19927604762059725
protein,59,tf_topology,0.1609907120743034
protein,59,source_r2,0.014261469578949462
protein,60,abundance,0.35225766996228725
protein,60,prevalence,0.34756905514218733
protein,60,distance,0.29444444444444445
protein,60,dispersion,0.20123839009287925
protein,60,omega2,4.767433041667403
protein,60,deff,0.2599755456129375
protein,60,tf_topology,0.943147285517574
protein,60,source_r2,0.07231735661764498
protein,61,abundance,0.1628784017939048
protein,61,prevalence,0.4856793395168688
protein,61,distance,0.3229166666666667
protein,61,dispersion,0.3591331269349845
protein,61,omega2,39.86313713864835
protein,61,deff,0.38321851886652153
protein,61,tf_topology,0.7800023775649467
protein,61,source_r2,0.058225861176994444
protein,62,abundance,0.16654775252267862
protein,62,prevalence,0.45785342982366733
protein,62,distance,0.22357253086419754
protein,62,dispersion,0.30959752321981426
protein,62,omega2,3.6587893398121043
protein,62,deff,0.03962670748704283
protein,62,tf_topology,0.46711949329173563
protein,62,source_r2,0.0184815263186166
protein,63,abundance,0.10080521863214759
protein,63,prevalence,0.3694832331056977
protein,63,distance,0.24444444444444444
protein,63,dispersion,0.5727554179566563
protein,63,omega2,37.03706839708494
protein,63,deff,0.0250059730047168
protein,63,tf_topology,0.2786377708978328
protein,63,source_r2,0.018286557195187295
protein,64,abundance,0.10824584649882785
protein,64,prevalence,0.3483844664152482
protein,64,distance,0.1638888888888889
protein,64,dispersion,0.33746130030959753
protein,64,omega2,1.6446923045396915
protein,64,deff,0.26244350838193936
protein,64,tf_topology,0.20123839009287925
protein,64,source_r2,0.021157911778856512
protein,65,abundance,0.04128019569870554
protein,65,prevalence,0.30200795025991234
protein,65,distance,0.24722222222222223
protein,65,dispersion,0.4086687306501548
protein,65,omega2,36.402368056818325
protein,65,deff,0.26142869195762114
protein,65,tf_topology,0.30340557275541796
protein,65,source_r2,0.02322531469722613
protein,66,abundance,0.07624095403118948
protein,66,prevalence,0.3206604831311793
protein,66,distance,0.16666666666666666
protein,66,dispersion,0.25386996904024767
protein,66,omega2,1.6093312618582694
protein,66,deff,0.14692879405288944
protein,66,tf_topology,0.17956656346749225
protein,66,source_r2,0.015375752817272026
protein,67,abundance,0.08388543471613495
protein,67,prevalence,0.4131077362144532
protein,67,distance,0.33611111111111114
protein,67,dispersion,0.3684210526315789
protein,67,omega2,37.234861390326245
protein,67,deff,0.15637521315859754
protein,67,tf_topology,0.43309213510732397
protein,67,source_r2,0.045445559531348996
protein,68,abundance,0.10060136581388238
protein,68,prevalence,0.24798695341963103
protein,68,distance,0.24459876543209877
protein,68,dispersion,0.34365325077399383
protein,68,omega2,3.2814586200479487
protein,68,deff,0.20109996819180476
protein,68,tf_topology,0.3580087014398453
protein,68,source_r2,0.02024277971043377
protein,69,abundance,0.05952502293344206
protein,69,prevalence,0.3099582101722556
protein,69,distance,0.175
protein,69,dispersion,0.3498452012383901
protein,69,omega2,0.8148843164508848
protein,69,deff,0.19486731954083553
protein,69,tf_topology,0.19195046439628483
protein,69,source_r2,0.012611130278951463
protein,70,abundance,0.06441749057180715
protein,70,prevalence,0.32371827540515746
protein,70,distance,0.16512345679012347
protein,70,dispersion,0.20743034055727555
protein,70,omega2,0.3827161039276361
protein,70,deff,0.43610851468693973
protein,70,tf_topology,0.13622291021671826
protein,70,source_r2,0.010646640638438041
protein,71,abundance,0.08490469880746102
protein,71,prevalence,0.38467026806645604
protein,71,distance,0.275
protein,71,dispersion,0.33126934984520123
protein,71,omega2,39.86313713864835
protein,71,deff,0.10908997324005819
protein,71,tf_topology,0.18885448916408668
protein,71,source_r2,0.016517801132817832
protein,72,abundance,0.08245846498827847
protein,72,prevalence,0.3927224543879319
protein,72,distance,0.15
protein,72,dispersion,0.3188854489164087
protein,72,omega2,7.614531479612954
protein,72,deff,0.10484175270829316
protein,72,tf_topology,0.21113640484656446
protein,72,source_r2,0.015505202945562438
protein,73,abundance,0.27917643461420855
protein,73,prevalence,0.27754561206808687
protein,73,distance,0.13599537037037038
protein,73,dispersion,0.2786377708978328
protein,73,omega2,0.7413725640596107
protein,73,deff,0.14019361636664007
protein,73,tf_topology,0.4706941178975738
protein,73,source_r2,0.021769558576215414
protein,74,abundance,0.11915197227601672
protein,74,prevalence,0.2912037508918561
protein,74,distance,0.21944444444444444
protein,74,dispersion,0.30340557275541796
protein,74,omega2,36.56826567278086
protein,74,deff,0.09168756861360544
protein,74,tf_topology,0.23798940989449502
protein,74,source_r2,0.024958358607571667
protein,75,abundance,0.18662725512180206
protein,75,prevalence,0.46315360309856285
protein,75,distance,0.28414351851851855
protein,75,dispersion,0.6470588235294118
protein,75,omega2,39.86313713864835
protein,75,deff,0.46240083838369017
protein,75,tf_topology,0.30030959752321984
protein,75,source_r2,0.012108964347319515
protein,76,abundance,0.16899398634186116
protein,76,prevalence,0.45499949036795434
protein,76,distance,0.1888503086419753
protein,76,dispersion,0.30340557275541796
protein,76,omega2,2.01706167713306
protein,76,deff,0.34425141431290984
protein,76,tf_topology,0.3065015479876161
protein,76,source_r2,0.015657374760965747
protein,77,abundance,0.025481602283151564
protein,77,prevalence,0.3369687085923963
protein,77,distance,0.16107253086419754
protein,77,dispersion,0.2476780185758514
protein,77,omega2,3.6561051223228107
protein,77,deff,0.05667160681163323
protein,77,tf_topology,0.17337461300309598
protein,77,source_r2,0.015519898934153346
protein,78,abundance,0.09846091122209764
protein,78,prevalence,0.4227907450820508
protein,78,distance,0.19714506172839505
protein,78,dispersion,0.33746130030959753
protein,78,omega2,2.233242940280464
protein,78,deff,0.22134839127552375
protein,78,tf_topology,0.3653250773993808
protein,78,source_r2,0.016323044630123764
protein,79,abundance,0.06553868107226582
protein,79,prevalence,0.4275812863112832
protein,79,distance,0.2586805555555556
protein,79,dispersion,0.29411764705882354
protein,79,omega2,2.333570268138879
protein,79,deff,0.32349723668569985
protein,79,tf_topology,0.663962728857866
protein,79,source_r2,0.0649914801080712
protein,80,abundance,0.10508612781571705
protein,80,prevalence,0.33819182550198756
protein,80,distance,0.23842592592592593
protein,80,dispersion,0.25077399380804954
protein,80,omega2,36.61409909526175
protein,80,deff,0.2109637336133013
protein,80,tf_topology,0.2878984566149672
protein,80,source_r2,0.025049080062826825
protein,81,abundance,0.21883600040770565
protein,81,prevalence,0.49087758638263174
protein,81,distance,0.14660493827160495
protein,81,dispersion,0.25696594427244585
protein,81,omega2,0.0019904239203109306
protein,81,deff,0.2892046071437407
protein,81,tf_topology,0.4107256746600369
protein,81,source_r2,0.018673282993488083
protein,82,abundance,0.028131688920599328
protein,82,prevalence,0.3109774742635817
protein,82,distance,0.2013888888888889
protein,82,dispersion,0.1609907120743034
protein,82,omega2,1.6844976656796689
protein,82,deff,0.5201023999321168
protein,82,tf_topology,0.19504643962848298
protein,82,source_r2,0.017382237718956153
protein,83,abundance,0.22576699622872287
protein,83,prevalence,0.2231169095912751
protein,83,distance,0.1417824074074074
protein,83,dispersion,0.33746130030959753
protein,83,omega2,1.0044636913453573
protein,83,deff,0.09278844842843245
protein,83,tf_topology,0.35164792492652563
protein,83,source_r2,0.017773821022028097
protein,84,abundance,0.03598002242381001
protein,84,prevalence,0.35103455305269593
protein,84,distance,0.38333333333333336
protein,84,dispersion,0.38390092879256965
protein,84,omega2,37.776584367309134
protein,84,deff,0.23276031959085386
protein,84,tf_topology,0.2631578947368421
protein,84,source_r2,0.02234181503335279
protein,85,abundance,0.025481602283151564
protein,85,prevalence,0.3148506778106207
protein,85,distance,0.3138888888888889
protein,85,dispersion,0.4179566563467492
protein,85,omega2,39.86313713864835
protein,85,deff,0.19017760421723925
protein,85,tf_topology,0.29152675856425203
protein,85,source_r2,0.03679341596692925
protein,86,abundance,0.10314952604219753
protein,86,prevalence,0.2809091835694629
protein,86,distance,0.1638888888888889
protein,86,dispersion,0.44272445820433437
protein,86,omega2,4.397320828728001
protein,86,deff,0.006215194926232823
protein,86,tf_topology,0.1238390092879257
protein,86,source_r2,0.016582629430378637
protein,87,abundance,0.08245846498827847
protein,87,prevalence,0.3159718683110794
protein,87,distance,0.3304398148148148
protein,87,dispersion,0.35294117647058826
protein,87,omega2,0.14965013544000924
protein,87,deff,0.8091093031035648
protein,87,tf_topology,0.3126934984520124
protein,87,source_r2,0.03717623858163693
protein,88,abundance,0.12108857404953624
protein,88,prevalence,0.23728468046070736
protein,88,distance,0.48055555555555557
protein,88,dispersion,0.43034055727554177
protein,88,omega2,39.86313713864835
protein,88,deff,0.7453682774462081
protein,88,tf_topology,0.44904605502163153
protein,88,source_r2,0.04407135319951123
protein,89,abundance,0.1710325145245133
protein,89,prevalence,0.46478442564468453
protein,89,distance,0.3088348765432099
protein,89,dispersion,0.34365325077399383
protein,89,omega2,1.760894794828488
protein,89,deff,0.4047160052573636
protein,89,tf_topology,0.7704048280030228
protein,89,source_r2,0.07449001086629167
protein,90,abundance,0.28203037406992154
protein,90,prevalence,0.5235959637141984
protein,90,distance,0.21388888888888888
protein,90,dispersion,0.30959752321981426
protein,90,omega2,36.47369846889009
protein,90,deff,0.5466994710103085
protein,90,tf_topology,0.6987593434153776
protein,90,source_r2,0.043513267953635554
protein,91,abundance,0.2785648761594129
protein,91,prevalence,0.27469167261237387
protein,91,distance,0.275
protein,91,dispersion,0.48297213622291024
protein,91,omega2,39.86313713864835
protein,91,deff,0.11202973079969347
protein,91,tf_topology,0.6734928485944023
protein,91,source_r2,0.03879510347902428
protein,92,abundance,0.1321985526449903
protein,92,prevalence,0.4057690347569055
protein,92,distance,0.21412037037037038
protein,92,dispersion,0.33746130030959753
protein,92,omega2,39.86313713864835
protein,92,deff,0.16851647025250258
protein,92,tf_topology,0.25386996904024767
protein,92,source_r2,0.014882441328995463
protein,93,abundance,0.09713586790337377
protein,93,prevalence,0.3030272143512384
protein,93,distance,0.20833333333333334
protein,93,dispersion,0.44272445820433437
protein,93,omega2,2.3816355359555224
protein,93,deff,0.18449979100443306
protein,93,tf_topology,0.1609907120743034
protein,93,source_r2,0.01039321826825243
protein,94,abundance,0.14147385587605749
protein,94,prevalence,0.3945571297523188
protein,94,distance,0.16415895061728394
protein,94,dispersion,0.24148606811145512
protein,94,omega2,0.7106775694667472
protein,94,deff,0.11705438208825009
protein,94,tf_topology,0.30030959752321984
protein,94,source_r2,0.027360172762368143
protein,95,abundance,0.10732850881663439
protein,95,prevalence,0.4154520436245031
protein,95,distance,0.2361111111111111
protein,95,dispersion,0.5139318885448917
protein,95,omega2,36.62821189178155
protein,95,deff,0.006496411934512092
protein,95,tf_topology,0.21052631578947367
protein,95,source_r2,0.017072965401707947
protein,96,abundance,0.028233615329731933
protein,96,prevalence,0.335745591682805
protein,96,distance,0.24054783950617284
protein,96,dispersion,0.4148606811145511
protein,96,omega2,2.885710065451882
protein,96,deff,0.11959000056785545
protein,96,tf_topology,0.2544130690387164
protein,96,source_r2,0.01693477384477739
protein,97,abundance,0.0715523392110896
protein,97,prevalence,0.2749974518397717
protein,97,distance,0.15856481481481483
protein,97,dispersion,0.25077399380804954
protein,97,omega2,1.8556275357656273
protein,97,deff,0.35911486256937303
protein,97,tf_topology,0.230955568558352
protein,97,source_r2,0.016145772540134867
protein,98,abundance,0.12791764346142084
protein,98,prevalence,0.2688818672918153
protein,98,distance,0.49166666666666664
protein,98,dispersion,0.7058823529411765
protein,98,omega2,39.86313713864835
protein,98,deff,0.003875881464118635
protein,98,tf_topology,0.23529411764705882
protein,98,source_r2,0.02475885761575581
protein,99,abundance,0.15421465701763326
protein,99,prevalence,0.38324329833859955
protein,99,distance,0.11882716049382716
protein,99,dispersion,0.25696594427244585
protein,99,omega2,0.5749042315773691
protein,99,deff,0.07468765752283171
protein,99,tf_topology,0.17647058823529413
protein,99,source_r2,0.014397313346736506
protein,100,abundance,0.1888696361227194
protein,100,prevalence,0.2003873203547039
protein,100,distance,0.3138888888888889
protein,100,dispersion,0.4179566563467492
protein,100,omega2,39.86313713864835
protein,100,deff,0.22869483717499786
protein,100,tf_topology,0.30340557275541796
protein,100,source_r2,0.02128033648515515
protein,101,abundance,0.04433798797268372
protein,101,prevalence,0.30007134848639283
protein,101,distance,0.2611111111111111
protein,101,dispersion,0.29411764705882354
protein,101,omega2,6.77059155177056
protein,101,deff,0.6773237758846182
protein,101,tf_topology,0.30030959752321984
protein,101,source_r2,0.02865447823331279
protein,102,abundance,0.11303638772806034
protein,102,prevalence,0.22403424727346855
protein,102,distance,0.19868827160493827
protein,102,dispersion,0.24148606811145512
protein,102,omega2,3.0143196286131793
protein,102,deff,0.32476352760126925
protein,102,tf_topology,0.5501590783972887
protein,102,source_r2,0.04000482686819594
protein,103,abundance,0.19936805626337784
protein,103,prevalence,0.19926612985424524
protein,103,distance,0.23055555555555557
protein,103,dispersion,0.3188854489164087
protein,103,omega2,39.86313713864835
protein,103,deff,0.30570372143154545
protein,103,tf_topology,0.5230279965978485
protein,103,source_r2,0.05411348409828693
protein,104,abundance,0.14402201610437265
protein,104,prevalence,0.27081846906533485
protein,104,distance,0.2111111111111111
protein,104,dispersion,0.47678018575851394
protein,104,omega2,6.787444045622466
protein,104,deff,0.3871823962470184
protein,104,tf_topology,0.29559705996847846
protein,104,source_r2,0.023227170029558205
protein,105,abundance,0.09744164713077158
protein,105,prevalence,0.28885944348180614
protein,105,distance,0.29552469135802467
protein,105,dispersion,0.4953560371517028
protein,105,omega2,39.86313713864835
protein,105,deff,0.8584498013000358
protein,105,tf_topology,0.2043343653250774
protein,105,source_r2,0.016061640424877843
protein,106,abundance,0.0864335949444501
protein,106,prevalence,0.3239221282234227
protein,106,distance,0.225
protein,106,dispersion,0.19814241486068113
protein,106,omega2,36.08829098385828
protein,106,deff,0.09628466054700882
protein,106,tf_topology,0.2940732215067148
protein,106,source_r2,0.02999479206762507
protein,107,abundance,0.07348894098460912
protein,107,prevalence,0.3146468249923555
protein,107,distance,0.2486496913580247
protein,107,dispersion,0.44272445820433437
protein,107,omega2,5.6725354136688075
protein,107,deff,0.35525161192914756
protein,107,tf_topology,0.1826625386996904
protein,107,source_r2,0.016469814609370845
protein,108,abundance,0.24166751605340944
protein,108,prevalence,0.24156558964427682
protein,108,distance,0.2027391975308642
protein,108,dispersion,0.42105263157894735
protein,108,omega2,2.698378177144493
protein,108,deff,0.2757212173157521
protein,108,tf_topology,0.49270049450371184
protein,108,source_r2,0.01966666148793573
protein,109,abundance,0.21883600040770565
protein,109,prevalence,0.46019773723371726
protein,109,distance,0.17222222222222222
protein,109,dispersion,0.29102167182662536
protein,109,omega2,3.0677007870678725
protein,109,deff,0.10288944398606657
protein,109,tf_topology,0.520965673255184
protein,109,source_r2,0.029026213082606646
protein,110,abundance,0.02425848537356029
protein,110,prevalence,0.3289165222709204
protein,110,distance,0.14911265432098766
protein,110,dispersion,0.10835913312693499
protein,110,omega2,1.2200899086140773
protein,110,deff,0.09828645311752054
protein,110,tf_topology,0.13312693498452013
protein,110,source_r2,0.013652290154611663
protein,111,abundance,0.31658342676587503
protein,111,prevalence,0.30435225766996227
protein,111,distance,0.2111111111111111
protein,111,dispersion,0.3126934984520124
protein,111,omega2,39.86313713864835
protein,111,deff,0.27276198061176593
protein,111,tf_topology,0.5986361561629442
protein,111,source_r2,0.025699494263272983
protein,112,abundance,0.09703394149424116
protein,112,prevalence,0.3945571297523188
protein,112,distance,0.2017746913580247
protein,112,dispersion,0.25696594427244585
protein,112,omega2,0.8927002385263563
protein,112,deff,0.45588368717554684
protein,112,tf_topology,0.21052631578947367
protein,112,source_r2,0.013898146332609527
protein,113,abundance,0.2346345938232596
protein,113,prevalence,0.23035368463969014
protein,113,distance,0.325
protein,113,dispersion,0.44891640866873067
protein,113,omega2,36.36535811227647
protein,113,deff,0.3712724426139937
protein,113,tf_topology,0.37584563756807865
protein,113,source_r2,0.02375339686911764
protein,114,abundance,0.044439914381816326
protein,114,prevalence,0.31882580776679237
protein,114,distance,0.24444444444444444
protein,114,dispersion,0.43653250773993807
protein,114,omega2,1.050543612649515
protein,114,deff,0.2958720154716968
protein,114,tf_topology,0.24458204334365324
protein,114,source_r2,0.014434720642035296
protein,115,abundance,0.17235755784323717
protein,115,prevalence,0.21934563245336866
protein,115,distance,0.19270833333333334
protein,115,dispersion,0.4891640866873065
protein,115,omega2,3.07701412324557
protein,115,deff,0.34522539157368887
protein,115,tf_topology,0.3560371517027864
protein,115,source_r2,0.016036061716968343
protein,116,abundance,0.07032922230149832
protein,116,prevalence,0.3518499643257568
protein,116,distance,0.225
protein,116,dispersion,0.14551083591331268
protein,116,omega2,0.008461742673973009
protein,116,deff,0.20536794437504086
protein,116,tf_topology,0.2043343653250774
protein,116,source_r2,0.014911383831172822
protein,117,abundance,0.17184792579757416
protein,117,prevalence,0.22719396595657934
protein,117,distance,0.35833333333333334
protein,117,dispersion,0.4117647058823529
protein,117,omega2,39.86313713864835
protein,117,deff,0.02323838491205741
protein,117,tf_topology,0.3393643209627335
protein,117,source_r2,0.024939581650024887
protein,118,abundance,0.2186321475894404
protein,118,prevalence,0.4789521965141168
protein,118,distance,0.2777777777777778
protein,118,dispersion,0.4551083591331269
protein,118,omega2,37.51124853697272
protein,118,deff,0.3006864169399853
protein,118,tf_topology,0.48360984779532923
protein,118,source_r2,0.0329739638059048
protein,119,abundance,0.1025379675874019
protein,119,prevalence,0.2865151360717562
protein,119,distance,0.2916666666666667
protein,119,dispersion,0.5727554179566563
protein,119,omega2,37.59874319159196
protein,119,deff,0.5618186389549266
protein,119,tf_topology,0.24148606811145512
protein,119,source_r2,0.014705011670438717
protein,120,abundance,0.04454184079094894
protein,120,prevalence,0.4083171949852207
protein,120,distance,0.3177083333333333
protein,120,dispersion,0.4024767801857585
protein,120,omega2,5.8439804010335585
protein,120,deff,0.29149909950155534
protein,120,tf_topology,0.6130174174058632
protein,120,source_r2,0.0639937672676494
protein,121,abundance,0.10610539190704311
protein,121,prevalence,0.3980226276628274
protein,121,distance,0.3368055555555556
protein,121,dispersion,0.718266253869969
protein,121,omega2,4.563768017736113
protein,121,deff,0.735112569185004
protein,121,tf_topology,0.2777469079919382
protein,121,source_r2,0.013213947929363591
protein,122,abundance,0.11120171236367343
protein,122,prevalence,0.35103455305269593
protein,122,distance,0.275
protein,122,dispersion,0.4117647058823529
protein,122,omega2,39.86313713864835
protein,122,deff,0.1293921172290787
protein,122,tf_topology,0.35294117647058826
protein,122,source_r2,0.028546614666874404
protein,123,abundance,0.176026908572011
protein,123,prevalence,0.22546121700132504
protein,123,distance,0.20833333333333334
protein,123,dispersion,0.7120743034055728
protein,123,omega2,39.86313713864835
protein,123,deff,0.005702512299631481
protein,123,tf_topology,0.25696594427244585
protein,123,source_r2,0.014940319143132652
protein,124,abundance,0.09020487208235654
protein,124,prevalence,0.303129140760371
protein,124,distance,0.17222222222222222
protein,124,dispersion,0.33126934984520123
protein,124,omega2,1.7814917206144898
protein,124,deff,0.1592136977391016
protein,124,tf_topology,0.1609907120743034
protein,124,source_r2,0.013512846587334992
protein,125,abundance,0.19162164916929977
protein,125,prevalence,0.49719702374885333
protein,125,distance,0.325
protein,125,dispersion,0.25696594427244585
protein,125,omega2,36.48611760482826
protein,125,deff,0.4708730916270785
protein,125,tf_topology,0.8267539650583049
protein,125,source_r2,0.08680693402371494
protein,126,abundance,0.06971766384670268
protein,126,prevalence,0.2643971052899806
protein,126,distance,0.16666666666666666
protein,126,dispersion,0.24148606811145512
protein,126,omega2,0.4942627416661725
protein,126,deff,0.4100371315316867
protein,126,tf_topology,0.50264929079552
protein,126,source_r2,0.03927390411550543
protein,127,abundance,0.12587911527876872
protein,127,prevalence,0.25114667210274183
protein,127,distance,0.17881944444444445
protein,127,dispersion,0.39009287925696595
protein,127,omega2,1.7596560497609361
protein,127,deff,0.14500697837576224
protein,127,tf_topology,0.21362229102167182
protein,127,source_r2,0.017989719776877695
protein,128,abundance,0.04342065029049027
protein,128,prevalence,0.35602894710019367
protein,128,distance,0.1712962962962963
protein,128,dispersion,0.4024767801857585
protein,128,omega2,35.94706158926371
protein,128,deff,0.29937266630628506
protein,128,tf_topology,0.24458204334365324
protein,128,source_r2,0.02889960981610862
protein,129,abundance,0.12475792477831006
protein,129,prevalence,0.25165630414840484
protein,129,distance,0.23977623456790123
protein,129,dispersion,0.6191950464396285
protein,129,omega2,36.75317827268289
protein,129,deff,0.05284124774597614
protein,129,tf_topology,0.17956656346749225
protein,129,source_r2,0.01651605121161911
protein,130,abundance,0.08245846498827847
protein,130,prevalence,0.258077667923759
protein,130,distance,0.23055555555555557
protein,130,dispersion,0.3065015479876161
protein,130,omega2,4.9439290464564705
protein,130,deff,0.25951071044741764
protein,130,tf_topology,0.34712770456039704
protein,130,source_r2,0.015280247293790844
protein,131,abundance,0.1256752624605035
protein,131,prevalence,0.2688818672918153
protein,131,distance,0.2152777777777778
protein,131,dispersion,0.33746130030959753
protein,131,omega2,35.97157025718075
protein,131,deff,0.5001886771029331
protein,131,tf_topology,0.16718266253869968
protein,131,source_r2,0.014976361993688882
protein,132,abundance,0.1056976862705127
protein,132,prevalence,0.35409234532667416
protein,132,distance,0.21450617283950618
protein,132,dispersion,0.2724458204334365
protein,132,omega2,36.159168441938554
protein,132,deff,0.556659694876883
protein,132,tf_topology,0.3126934984520124
protein,132,source_r2,0.01725280933009458
protein,133,abundance,0.1677708694322699
protein,133,prevalence,0.4658036897360106
protein,133,distance,0.24479166666666666
protein,133,dispersion,0.3065015479876161
protein,133,omega2,4.922908092341846
protein,133,deff,0.09388286611584659
protein,133,tf_topology,0.5134574802415064
protein,133,source_r2,0.02738862281633704
protein,134,abundance,0.07511976353073081
protein,134,prevalence,0.35409234532667416
protein,134,distance,0.19116512345679013
protein,134,dispersion,0.4551083591331269
protein,134,omega2,36.79956737413319
protein,134,deff,0.26421150774870844
protein,134,tf_topology,0.14241486068111456
protein,134,source_r2,0.019559479797804095
protein,135,abundance,0.039853225970849046
protein,135,prevalence,0.35378656609927633
protein,135,distance,0.4027777777777778
protein,135,dispersion,0.42105263157894735
protein,135,omega2,37.065834915800814
protein,135,deff,0.6616427672811414
protein,135,tf_topology,0.34132045879042394
protein,135,source_r2,0.046940578061232946
protein,136,abundance,0.201916216491693
protein,136,prevalence,0.20232392212822342
protein,136,distance,0.1527777777777778
protein,136,dispersion,0.18885448916408668
protein,136,omega2,1.0073357613655152
protein,136,deff,0.32076332421564724
protein,136,tf_topology,0.4605066570491703
protein,136,source_r2,0.03358775878795827
protein,137,abundance,0.11456528386504944
protein,137,prevalence,0.3049638161247579
protein,137,distance,0.2957175925925926
protein,137,dispersion,0.7120743034055728
protein,137,omega2,39.86313713864835
protein,137,deff,0.3229923879620412
protein,137,tf_topology,0.21052631578947367
protein,137,source_r2,0.023904734647396796
protein,138,abundance,0.030374069921516665
protein,138,prevalence,0.3339109163184181
protein,138,distance,0.3055555555555556
protein,138,dispersion,0.7058823529411765
protein,138,omega2,39.86313713864835
protein,138,deff,0.40211829189170945
protein,138,tf_topology,0.17956656346749225
protein,138,source_r2,0.020484032588456186
protein,139,abundance,0.14687595556008562
protein,139,prevalence,0.39058199979614716
protein,139,distance,0.19166666666666668
protein,139,dispersion,0.33746130030959753
protein,139,omega2,2.0987007987275623
protein,139,deff,0.17972919741686327
protein,139,tf_topology,0.1609907120743034
protein,139,source_r2,0.018760764665600414
protein,140,abundance,0.16399959229436348
protein,140,prevalence,0.46672102741820404
protein,140,distance,0.125
protein,140,dispersion,0.23839009287925697
protein,140,omega2,2.9242144969825214
protein,140,deff,0.0722764064888714
protein,140,tf_topology,0.5791173747317121
protein,140,source_r2,0.03705475569751425
protein,141,abundance,0.2884517378452757
protein,141,prevalence,0.2756090102945673
protein,141,distance,0.26666666666666666
protein,141,dispersion,0.3591331269349845
protein,141,omega2,39.86313713864835
protein,141,deff,0.6784170492443206
protein,141,tf_topology,0.8882365578075819
protein,141,source_r2,0.07744567804369555
protein,142,abundance,0.022016104372642953
protein,142,prevalence,0.3782489042911018
protein,142,distance,0.21666666666666667
protein,142,dispersion,0.29721362229102166
protein,142,omega2,36.64880808224698
protein,142,deff,0.021617374366703728
protein,142,tf_topology,0.3977615166134316
protein,142,source_r2,0.024820327801235612
protein,143,abundance,0.22760167159310976
protein,143,prevalence,0.5120782794822138
protein,143,distance,0.2569444444444444
protein,143,dispersion,0.3591331269349845
protein,143,omega2,4.8661861135646465
protein,143,deff,0.38303912711833576
protein,143,tf_topology,0.6342322989313687
protein,143,source_r2,0.04216719409128084
protein,144,abundance,0.032922230149831824
protein,144,prevalence,0.33289165222709205
protein,144,distance,0.22395833333333334
protein,144,dispersion,0.33126934984520123
protein,144,omega2,3.103098041907627
protein,144,deff,0.19701504664919428
protein,144,tf_topology,0.30340557275541796
protein,144,source_r2,0.012993475001458508
protein,145,abundance,0.19325247171542145
protein,145,prevalence,0.1971256752624605
protein,145,distance,0.1638888888888889
protein,145,dispersion,0.4241486068111455
protein,145,omega2,2.1561460340895824
protein,145,deff,0.2259412292167941
protein,145,tf_topology,0.26266390329662115
protein,145,source_r2,0.01355130820673884
protein,146,abundance,0.07348894098460912
protein,146,prevalence,0.3207624095403119
protein,146,distance,0.10277777777777777
protein,146,dispersion,0.25696594427244585
protein,146,omega2,0.8139396181994388
protein,146,deff,0.15195778298770923
protein,146,tf_topology,0.2476780185758514
protein,146,source_r2,0.009616876342737498
protein,147,abundance,0.22923249413923147
protein,147,prevalence,0.19743145448985833
protein,147,distance,0.18055555555555555
protein,147,dispersion,0.3622291021671827
protein,147,omega2,36.119309518202414
protein,147,deff,0.08309297838989534
protein,147,tf_topology,0.3560371517027864
protein,147,source_r2,0.01764616975451638
protein,148,abundance,0.19987768830904087
protein,148,prevalence,0.19936805626337784
protein,148,distance,0.29899691358024694
protein,148,dispersion,0.5603715170278638
protein,148,omega2,37.11523026453434
protein,148,deff,0.011993219332518502
protein,148,tf_topology,0.5312851260103494
protein,148,source_r2,0.027234345149749158
protein,149,abundance,0.1383141371929467
protein,149,prevalence,0.45163591886657833
protein,149,distance,0.28055555555555556
protein,149,dispersion,0.33746130030959753
protein,149,omega2,1.6693192403434303
protein,149,deff,0.38015783508497486
protein,149,tf_topology,0.6786552391959656
protein,149,source_r2,0.06472547137808332
protein,150,abundance,0.1206808684130058
protein,150,prevalence,0.27622056874936296
protein,150,distance,0.1381172839506173
protein,150,dispersion,0.2724458204334365
protein,150,omega2,1.1029868913491665
protein,150,deff,0.030504166120128358
protein,150,tf_topology,0.2043343653250774
protein,150,source_r2,0.02010245956523224
protein,151,abundance,0.12465599836917746
protein,151,prevalence,0.4056671083477729
protein,151,distance,0.35833333333333334
protein,151,dispersion,0.541795665634675
protein,151,omega2,39.86313713864835
protein,151,deff,0.16553858563920434
protein,151,tf_topology,0.19504643962848298
protein,151,source_r2,0.01941101599650528
protein,152,abundance,0.040974416471307715
protein,152,prevalence,0.33727448781979413
protein,152,distance,0.3132716049382716
protein,152,dispersion,0.3622291021671827
protein,152,omega2,7.449771234486929
protein,152,deff,0.5809131552534106
protein,152,tf_topology,0.2476780185758514
protein,152,source_r2,0.018894922198638392
protein,153,abundance,0.02150647232697992
protein,153,prevalence,0.3273876261339313
protein,153,distance,0.25
protein,153,dispersion,0.2260061919504644
protein,153,omega2,1.4546308413838853
protein,153,deff,0.34628358446072316
protein,153,tf_topology,0.24072310377007977
protein,153,source_r2,0.020890527304792485
protein,154,abundance,0.08673937417184792
protein,154,prevalence,0.36571195596779127
protein,154,distance,0.2604166666666667
protein,154,dispersion,0.631578947368421
protein,154,omega2,37.522564081274034
protein,154,deff,0.036101334382071214
protein,154,tf_topology,0.15170278637770898
protein,154,source_r2,0.015487649012238
protein,155,abundance,0.18438487412088472
protein,155,prevalence,0.21771480990724698
protein,155,distance,0.24166666666666667
protein,155,dispersion,0.24148606811145512
protein,155,omega2,2.1626325831888087
protein,155,deff,0.7255032995725221
protein,155,tf_topology,0.33781250718870054
protein,155,source_r2,0.029539112758937714
protein,156,abundance,0.12078279482213841
protein,156,prevalence,0.27958414025073897
protein,156,distance,0.2191358024691358
protein,156,dispersion,0.30959752321981426
protein,156,omega2,2.5572649725228445
protein,156,deff,0.3263496068541427
protein,156,tf_topology,0.3157894736842105
protein,156,source_r2,0.01598901668232384
protein,157,abundance,0.06074813984303333
protein,157,prevalence,0.3080216083987361
protein,157,distance,0.18325617283950618
protein,157,dispersion,0.2476780185758514
protein,157,omega2,1.5564681275175132
protein,157,deff,0.20440435266920176
protein,157,tf_topology,0.21981424148606812
protein,157,source_r2,0.01627571164577644
protein,158,abundance,0.2610335337886046
protein,158,prevalence,0.5470390378146978
protein,158,distance,0.2638888888888889
protein,158,dispersion,0.29721362229102166
protein,158,omega2,3.872483382957074
protein,158,deff,0.21831458020872324
protein,158,tf_topology,0.8270427099490896
protein,158,source_r2,0.06058503707129144
protein,159,abundance,0.10814392008969524
protein,159,prevalence,0.24329833859953115
protein,159,distance,0.1568287037037037
protein,159,dispersion,0.30959752321981426
protein,159,omega2,1.4003144414653206
protein,159,deff,0.4116555422712005
protein,159,tf_topology,0.2167387575901379
protein,159,source_r2,0.020455422763369605
protein,160,abundance,0.14320660483131178
protein,160,prevalence,0.24156558964427682
protein,160,distance,0.17573302469135801
protein,160,dispersion,0.3622291021671827
protein,160,omega2,1.0076653387664736
protein,160,deff,0.2171445152789114
protein,160,tf_topology,0.25077399380804954
protein,160,source_r2,0.01365396308614631
protein,161,abundance,0.23178065436754663
protein,161,prevalence,0.5001528896136989
protein,161,distance,0.2611111111111111
protein,161,dispersion,0.4148606811145511
protein,161,omega2,36.78428613112148
protein,161,deff,0.21157603383941398
protein,161,tf_topology,0.6340916383738022
protein,161,source_r2,0.03471595120496617
protein,162,abundance,0.0422994597900316
protein,162,prevalence,0.35623279991845885
protein,162,distance,0.2835648148148148
protein,162,dispersion,0.6253869969040248
protein,162,omega2,37.26348662064871
protein,162,deff,0.33241838515998245
protein,162,tf_topology,0.21052631578947367
protein,162,source_r2,0.01615399334044682
protein,163,abundance,0.05432677606767913
protein,163,prevalence,0.3210681887677097
protein,163,distance,0.13831018518518517
protein,163,dispersion,0.38390092879256965
protein,163,omega2,3.133155035291068
protein,163,deff,0.03281934053646242
protein,163,tf_topology,0.24458204334365324
protein,163,source_r2,0.01347748362052116
protein,164,abundance,0.21384160636020794
protein,164,prevalence,0.21373967995107532
protein,164,distance,0.26944444444444443
protein,164,dispersion,0.26625386996904027
protein,164,omega2,3.674258095756909
protein,164,deff,0.41058094855055
protein,164,tf_topology,0.6840613236793945
protein,164,source_r2,0.05850731663740595
protein,165,abundance,0.15839363979207013
protein,165,prevalence,0.4494954642747936
protein,165,distance,0.2808641975308642
protein,165,dispersion,0.47368421052631576
protein,165,omega2,39.86313713864835
protein,165,deff,0.3878583634073965
protein,165,tf_topology,0.5754822015780382
protein,165,source_r2,0.038100617842111474
protein,166,abundance,0.07134848639282439
protein,166,prevalence,0.36887167465090204
protein,166,distance,0.24209104938271606
protein,166,dispersion,0.39009287925696595
protein,166,omega2,39.86313713864835
protein,166,deff,0.12410729750023435
protein,166,tf_topology,0.1609907120743034
protein,166,source_r2,0.017171595206716964
protein,167,abundance,0.04413413515441851
protein,167,prevalence,0.33156660890836814
protein,167,distance,0.2689043209876543
protein,167,dispersion,0.4891640866873065
protein,167,omega2,2.579418484530752
protein,167,deff,0.6320802584845783
protein,167,tf_topology,0.25386996904024767
protein,167,source_r2,0.023020635312866723
protein,168,abundance,0.09897054326776068
protein,168,prevalence,0.2897767811639996
protein,168,distance,0.33055555555555555
protein,168,dispersion,0.25696594427244585
protein,168,omega2,1.4347628576663445
protein,168,deff,0.4705387818445702
protein,168,tf_topology,0.19195046439628483
protein,168,source_r2,0.015179179675620394
protein,169,abundance,0.07267352971154827
protein,169,prevalence,0.42982366731220056
protein,169,distance,0.18611111111111112
protein,169,dispersion,0.23839009287925697
protein,169,omega2,0.9430359856286388
protein,169,deff,0.2992693519872975
protein,169,tf_topology,0.6281859007416065
protein,169,source_r2,0.056637896661661274
protein,170,abundance,0.10528998063398226
protein,170,prevalence,0.4018958312098665
protein,170,distance,0.16396604938271606
protein,170,dispersion,0.2724458204334365
protein,170,omega2,0.2973065404779712
protein,170,deff,0.3818499753815482
protein,170,tf_topology,0.22154749751234526
protein,170,source_r2,0.020583875073699794
protein,171,abundance,0.046988074610131485
protein,171,prevalence,0.35715013760065234
protein,171,distance,0.20871913580246915
protein,171,dispersion,0.11764705882352941
protein,171,omega2,1.9243615879264147
protein,171,deff,0.5096764655417537
protein,171,tf_topology,0.3065015479876161
protein,171,source_r2,0.013377936935772806
protein,172,abundance,0.05086127815717052
protein,172,prevalence,0.3858933849760473
protein,172,distance,0.2611111111111111
protein,172,dispersion,0.47368421052631576
protein,172,omega2,36.88829146541448
protein,172,deff,0.1018699570103271
protein,172,tf_topology,0.42894781221731004
protein,172,source_r2,0.026760692370972537
protein,173,abundance,0.20599327285699726
protein,173,prevalence,0.20599327285699726
protein,173,distance,0.3194444444444444
protein,173,dispersion,0.5356037151702786
protein,173,omega2,39.86313713864835
protein,173,deff,0.1710596624447855
protein,173,tf_topology,0.5752229889205657
protein,173,source_r2,0.03666784980465118
protein,174,abundance,0.18968504739578024
protein,174,prevalence,0.47915604933238204
protein,174,distance,0.2833333333333333
protein,174,dispersion,0.3157894736842105
protein,174,omega2,36.92003115516831
protein,174,deff,0.16953624571812204
protein,174,tf_topology,0.6721533932971879
protein,174,source_r2,0.0645175449604314
protein,175,abundance,0.038018550606462136
protein,175,prevalence,0.3077158291713383
protein,175,distance,0.3244598765432099
protein,175,dispersion,0.6470588235294118
protein,175,omega2,39.86313713864835
protein,175,deff,0.752502156399812
protein,175,tf_topology,0.14551083591331268
protein,175,source_r2,0.013325572060449507
protein,176,abundance,0.08816634389970442
protein,176,prevalence,0.3369687085923963
protein,176,distance,0.19166666666666668
protein,176,dispersion,0.25696594427244585
protein,176,omega2,0.6499624123508027
protein,176,deff,0.007949680858146315
protein,176,tf_topology,0.18575851393188855
protein,176,source_r2,0.015216954825945093
protein,177,abundance,0.19264091326062582
protein,177,prevalence,0.44572418713688716
protein,177,distance,0.1697530864197531
protein,177,dispersion,0.25696594427244585
protein,177,omega2,3.757448613130642
protein,177,deff,0.4617082855314432
protein,177,tf_topology,0.4333684629928997
protein,177,source_r2,0.022486952882570573
protein,178,abundance,0.25002548160228316
protein,178,prevalence,0.25002548160228316
protein,178,distance,0.225
protein,178,dispersion,0.24148606811145512
protein,178,omega2,3.077891733744983
protein,178,deff,0.4170059307865937
protein,178,tf_topology,0.42503988941758175
protein,178,source_r2,0.023335383949602998
protein,179,abundance,0.03975129956171644
protein,179,prevalence,0.36571195596779127
protein,179,distance,0.2
protein,179,dispersion,0.25696594427244585
protein,179,omega2,3.087165632949333
protein,179,deff,0.06609337779749995
protein,179,tf_topology,0.3126934984520124
protein,179,source_r2,0.018009026017821166
protein,180,abundance,0.06971766384670268
protein,180,prevalence,0.3366629293649985
protein,180,distance,0.3472222222222222
protein,180,dispersion,0.24458204334365324
protein,180,omega2,36.50354496806052
protein,180,deff,0.476847140663999
protein,180,tf_topology,0.33126934984520123
protein,180,source_r2,0.021309833392365675
protein,181,abundance,0.04087249006217511
protein,181,prevalence,0.34440933645907656
protein,181,distance,0.24074074074074073
protein,181,dispersion,0.4613003095975232
protein,181,omega2,36.77185380579139
protein,181,deff,0.36216031088766615
protein,181,tf_topology,0.21981424148606812
protein,181,source_r2,0.017468430105580537
protein,182,abundance,0.08816634389970442
protein,182,prevalence,0.30730812353480785
protein,182,distance,0.30833333333333335
protein,182,dispersion,0.47368421052631576
protein,182,omega2,36.90809235017149
protein,182,deff,0.24701748977428792
protein,182,tf_topology,0.20123839009287925
protein,182,source_r2,0.022509244287514666
protein,183,abundance,0.14086229742126186
protein,183,prevalence,0.41320966262358577
protein,183,distance,0.16917438271604937
protein,183,dispersion,0.44272445820433437
protein,183,omega2,1.6935477019498144
protein,183,deff,0.2619954229616997
protein,183,tf_topology,0.3591331269349845
protein,183,source_r2,0.015470062266718909
protein,184,abundance,0.06299052084395067
protein,184,prevalence,0.36061563551116094
protein,184,distance,0.2808641975308642
protein,184,dispersion,0.3126934984520124
protein,184,omega2,39.86313713864835
protein,184,deff,0.5256684339695482
protein,184,tf_topology,0.1978504428087137
protein,184,source_r2,0.02339915010023204
protein,185,abundance,0.09387422281113036
protein,185,prevalence,0.31556416267454895
protein,185,distance,0.21944444444444444
protein,185,dispersion,0.4024767801857585
protein,185,omega2,36.26732639015776
protein,185,deff,0.02502270451037681
protein,185,tf_topology,0.21332809511010553
protein,185,source_r2,0.021989559221140077
protein,186,abundance,0.09458770767505861
protein,186,prevalence,0.3482825400061156
protein,186,distance,0.3304398148148148
protein,186,dispersion,0.35294117647058826
protein,186,omega2,1.1380830955491015
protein,186,deff,0.7358381693325092
protein,186,tf_topology,0.3126934984520124
protein,186,source_r2,0.045463261734170805
protein,187,abundance,0.06767913566405055
protein,187,prevalence,0.36571195596779127
protein,187,distance,0.28888888888888886
protein,187,dispersion,0.631578947368421
protein,187,omega2,37.30750255238931
protein,187,deff,0.061327785843582054
protein,187,tf_topology,0.18885448916408668
protein,187,source_r2,0.013519485336419116
protein,188,abundance,0.11374987259198859
protein,188,prevalence,0.36632351442258687
protein,188,distance,0.16010802469135801
protein,188,dispersion,0.25696594427244585
protein,188,omega2,1.1565984518630008
protein,188,deff,0.05844053313713947
protein,188,tf_topology,0.17647058823529413
protein,188,source_r2,0.017512665847855637
protein,189,abundance,0.17857506880032617
protein,189,prevalence,0.44388951177250024
protein,189,distance,0.1638888888888889
protein,189,dispersion,0.15479876160990713
protein,189,omega2,1.9065367676846425
protein,189,deff,0.27302638159331577
protein,189,tf_topology,0.29915116417963955
protein,189,source_r2,0.016071815381709063
protein,190,abundance,0.08245846498827847
protein,190,prevalence,0.24666191010090716
protein,190,distance,0.3472222222222222
protein,190,dispersion,0.29411764705882354
protein,190,omega2,39.86313713864835
protein,190,deff,0.24316848529680263
protein,190,tf_topology,0.560346623673838
protein,190,source_r2,0.05546048181834507
protein,191,abundance,0.1124248292732647
protein,191,prevalence,0.2543063907858526
protein,191,distance,0.1896219135802469
protein,191,dispersion,0.4086687306501548
protein,191,omega2,3.7684935302123397
protein,191,deff,0.13421128935873428
protein,191,tf_topology,0.3280848727348959
protein,191,source_r2,0.025163504220626298
protein,192,abundance,0.0765467332585873
protein,192,prevalence,0.2961981449393538
protein,192,distance,0.1712962962962963
protein,192,dispersion,0.33126934984520123
protein,192,omega2,1.8555906080829185
protein,192,deff,0.0047581431566529764
protein,192,tf_topology,0.178358877627307
protein,192,source_r2,0.016588712450350502
protein,193,abundance,0.07695443889511773
protein,193,prevalence,0.2754051574763021
protein,193,distance,0.33912037037037035
protein,193,dispersion,0.6068111455108359
protein,193,omega2,39.86313713864835
protein,193,deff,0.3620233793510438
protein,193,tf_topology,0.23219814241486067
protein,193,source_r2,0.021385108283809913
protein,194,abundance,0.13270818469065335
protein,194,prevalence,0.4353276934053613
protein,194,distance,0.2611111111111111
protein,194,dispersion,0.2043343653250774
protein,194,omega2,35.84461470738074
protein,194,deff,0.0456043280526014
protein,194,tf_topology,0.502620677036108
protein,194,source_r2,0.033415553146020176
protein,195,abundance,0.11527876872897767
protein,195,prevalence,0.42931403526653755
protein,195,distance,0.28055555555555556
protein,195,dispersion,0.3684210526315789
protein,195,omega2,37.35973072905268
protein,195,deff,0.15551004676479796
protein,195,tf_topology,0.3297753687334139
protein,195,source_r2,0.030356145558654114
protein,196,abundance,0.06604831311792886
protein,196,prevalence,0.33431862195494855
protein,196,distance,0.22067901234567902
protein,196,dispersion,0.47678018575851394
protein,196,omega2,39.86313713864835
protein,196,deff,0.06838198404293576
protein,196,tf_topology,0.2724458204334365
protein,196,source_r2,0.028980804373763783
protein,197,abundance,0.07787177657731117
protein,197,prevalence,0.31301600244623384
protein,197,distance,0.14444444444444443
protein,197,dispersion,0.34365325077399383
protein,197,omega2,0.6809529181546784
protein,197,deff,0.14531653837032954
protein,197,tf_topology,0.1393188854489164
protein,197,source_r2,0.01595355687096028
protein,198,abundance,0.21679747222505352
protein,198,prevalence,0.21679747222505352
protein,198,distance,0.275
protein,198,dispersion,0.3065015479876161
protein,198,omega2,2.8483549278170956
protein,198,deff,0.11333490448613419
protein,198,tf_topology,0.5468155409416995
protein,198,source_r2,0.044686350600604996
protein,199,abundance,0.2395270614616247
protein,199,prevalence,0.2395270614616247
protein,199,distance,0.2532793209876543
protein,199,dispersion,0.26625386996904027
protein,199,omega2,1.4904479294536044
protein,199,deff,0.84814074649146
protein,199,tf_topology,0.738145909518154
protein,199,source_r2,0.05969798029707248
protein,200,abundance,0.1140556518193864
protein,200,prevalence,0.27112424829273263
protein,200,distance,0.22777777777777777
protein,200,dispersion,0.5356037151702786
protein,200,omega2,39.86313713864835
protein,200,deff,0.18993206860715922
protein,200,tf_topology,0.1826625386996904
protein,200,source_r2,0.020603021121272505
protein,201,abundance,0.14045459178473144
protein,201,prevalence,0.2572622566506982
protein,201,distance,0.3
protein,201,dispersion,0.4674922600619195
protein,201,omega2,37.065681323556724
protein,201,deff,0.34718805569246114
protein,201,tf_topology,0.15170278637770898
protein,201,source_r2,0.016145275130948777
protein,202,abundance,0.10233411476913669
protein,202,prevalence,0.44225868922637857
protein,202,distance,0.3388888888888889
protein,202,dispersion,0.25696594427244585
protein,202,omega2,36.55989521548732
protein,202,deff,0.46024357583706743
protein,202,tf_topology,0.788895732121203
protein,202,source_r2,0.08843427784480964
protein,203,abundance,0.2006930995821017
protein,203,prevalence,0.2006930995821017
protein,203,distance,0.29996141975308643
protein,203,dispersion,0.30030959752321984
protein,203,omega2,36.2405001102965
protein,203,deff,0.5617601355838293
protein,203,tf_topology,0.5143481354783749
protein,203,source_r2,0.041889320064690184
protein,204,abundance,0.05667108347772908
protein,204,prevalence,0.35439812455407194
protein,204,distance,0.24166666666666667
protein,204,dispersion,0.5944272445820433
protein,204,omega2,39.86313713864835
protein,204,deff,0.36941920355299535
protein,204,tf_topology,0.1826625386996904
protein,204,source_r2,0.01482271868221746
protein,205,abundance,0.23514422586892264
protein,205,prevalence,0.5110590153908878
protein,205,distance,0.2972222222222222
protein,205,dispersion,0.25077399380804954
protein,205,omega2,36.37958796829243
protein,205,deff,0.1862280065456211
protein,205,tf_topology,0.6013770370269158
protein,205,source_r2,0.03792570563017267
protein,206,abundance,0.07246967689328306
protein,206,prevalence,0.335235959637142
protein,206,distance,0.20679012345679013
protein,206,dispersion,0.29411764705882354
protein,206,omega2,2.2821552181090654
protein,206,deff,0.22770891124856033
protein,206,tf_topology,0.2083968739355861
protein,206,source_r2,0.014716235425244332
protein,207,abundance,0.06961573743757007
protein,207,prevalence,0.31199673835490777
protein,207,distance,0.34444444444444444
protein,207,dispersion,0.5944272445820433
protein,207,omega2,39.86313713864835
protein,207,deff,0.5309358566118215
protein,207,tf_topology,0.23219814241486067
protein,207,source_r2,0.021718741416605323
protein,208,abundance,0.1679747222505351
protein,208,prevalence,0.25451024360411784
protein,208,distance,0.23333333333333334
protein,208,dispersion,0.4551083591331269
protein,208,omega2,36.465617566762525
protein,208,deff,0.6532333644189905
protein,208,tf_topology,0.2631578947368421
protein,208,source_r2,0.016518552923909063
protein,209,abundance,0.13546019773723372
protein,209,prevalence,0.24523494037305066
protein,209,distance,0.16415895061728394
protein,209,dispersion,0.2848297213622291
protein,209,omega2,0.8745566155985006
protein,209,deff,0.22149437644007136
protein,209,tf_topology,0.3239997401110245
protein,209,source_r2,0.02442044215863679
protein,210,abundance,0.1691978391601264
protein,210,prevalence,0.2067067577209255
protein,210,distance,0.30478395061728397
protein,210,dispersion,0.6253869969040248
protein,210,omega2,36.50926387435095
protein,210,deff,0.1785336588866309
protein,210,tf_topology,0.2838121060781262
protein,210,source_r2,0.01615701664066456
protein,211,abundance,0.16114565283865048
protein,211,prevalence,0.4332891652227092
protein,211,distance,0.21026234567901234
protein,211,dispersion,0.3653250773993808
protein,211,omega2,2.021191893319214
protein,211,deff,0.14782200016003344
protein,211,tf_topology,0.3954179703708996
protein,211,source_r2,0.016049095595476345
protein,212,abundance,0.046784221791866275
protein,212,prevalence,0.33146468249923555
protein,212,distance,0.25277777777777777
protein,212,dispersion,0.19814241486068113
protein,212,omega2,0.5091071454244104
protein,212,deff,0.11471750485910187
protein,212,tf_topology,0.15789473684210525
protein,212,source_r2,0.013154808168862173
protein,213,abundance,0.05228824788502701
protein,213,prevalence,0.32422790745082053
protein,213,distance,0.3861111111111111
protein,213,dispersion,0.3715170278637771
protein,213,omega2,39.86313713864835
protein,213,deff,0.05801326915724849
protein,213,tf_topology,0.25386996904024767
protein,213,source_r2,0.026547900708288667
protein,214,abundance,0.0894913872184283
protein,214,prevalence,0.33146468249923555
protein,214,distance,0.18888888888888888
protein,214,dispersion,0.2043343653250774
protein,214,omega2,1.158377275753698
protein,214,deff,0.09252303292171177
protein,214,tf_topology,0.2932498500941549
protein,214,source_r2,0.03026180891636569
protein,215,abundance,0.12761186423402304
protein,215,prevalence,0.208643359494445
protein,215,distance,0.18888888888888888
protein,215,dispersion,0.24148606811145512
protein,215,omega2,2.764416581274514
protein,215,deff,0.15924543177967082
protein,215,tf_topology,0.5699681724865233
protein,215,source_r2,0.037951636538143714
protein,216,abundance,0.19315054530628886
protein,216,prevalence,0.20059117317296912
protein,216,distance,0.2199074074074074
protein,216,dispersion,0.653250773993808
protein,216,omega2,39.86313713864835
protein,216,deff,0.06510625579912195
protein,216,tf_topology,0.2631578947368421
protein,216,source_r2,0.01706129577547363
protein,217,abundance,0.032208745285903576
protein,217,prevalence,0.3661196616043217
protein,217,distance,0.15354938271604937
protein,217,dispersion,0.30340557275541796
protein,217,omega2,1.6881282717529256
protein,217,deff,0.1233800864450461
protein,217,tf_topology,0.2724458204334365
protein,217,source_r2,0.014241877398142427
protein,218,abundance,0.09081643053715217
protein,218,prevalence,0.36061563551116094
protein,218,distance,0.17862654320987653
protein,218,dispersion,0.44272445820433437
protein,218,omega2,4.027723627126307
protein,218,deff,0.3189351705016644
protein,218,tf_topology,0.12693498452012383
protein,218,source_r2,0.011750189762183878
protein,219,abundance,0.12638874732443175
protein,219,prevalence,0.4042401386199164
protein,219,distance,0.2611111111111111
protein,219,dispersion,0.5944272445820433
protein,219,omega2,39.86313713864835
protein,219,deff,0.16458851049827553
protein,219,tf_topology,0.1826625386996904
protein,219,source_r2,0.011070510336529352
protein,220,abundance,0.045866884109672816
protein,220,prevalence,0.3331974314544899
protein,220,distance,0.28055555555555556
protein,220,dispersion,0.48297213622291024
protein,220,omega2,39.86313713864835
protein,220,deff,0.42959644840777345
protein,220,tf_topology,0.2678416544422324
protein,220,source_r2,0.020787312511012294
protein,221,abundance,0.16022831515645705
protein,221,prevalence,0.4595861787789216
protein,221,distance,0.2638888888888889
protein,221,dispersion,0.5944272445820433
protein,221,omega2,39.86313713864835
protein,221,deff,0.5453692114196168
protein,221,tf_topology,0.31082001181324365
protein,221,source_r2,0.019336744469417105
protein,222,abundance,0.11018244827234737
protein,222,prevalence,0.26021812251554377
protein,222,distance,0.2722222222222222
protein,222,dispersion,0.47678018575851394
protein,222,omega2,39.86313713864835
protein,222,deff,0.009224439294460028
protein,222,tf_topology,0.38605631197048484
protein,222,source_r2,0.02573750584338412
protein,223,abundance,0.22515543777392721
protein,223,prevalence,0.5192131281214962
protein,223,distance,0.28055555555555556
protein,223,dispersion,0.2631578947368421
protein,223,omega2,36.729054765287934
protein,223,deff,0.08401713401990099
protein,223,tf_topology,0.7378425776864106
protein,223,source_r2,0.06127352828484417
protein,224,abundance,0.20426052390174293
protein,224,prevalence,0.46223626541636936
protein,224,distance,0.275
protein,224,dispersion,0.5944272445820433
protein,224,omega2,39.86313713864835
protein,224,deff,0.4088313238544072
protein,224,tf_topology,0.4117647058823529
protein,224,source_r2,0.01634821885265039
protein,225,abundance,0.07848333503210682
protein,225,prevalence,0.27754561206808687
protein,225,distance,0.30169753086419754
protein,225,dispersion,0.4613003095975232
protein,225,omega2,36.323448014193964
protein,225,deff,0.7613866604023131
protein,225,tf_topology,0.3010737562386235
protein,225,source_r2,0.02196324146497456
protein,226,abundance,0.17786158393639792
protein,226,prevalence,0.24961777596575271
protein,226,distance,0.18611111111111112
protein,226,dispersion,0.2786377708978328
protein,226,omega2,4.024045548564796
protein,226,deff,0.3753753243898006
protein,226,tf_topology,0.24458204334365324
protein,226,source_r2,0.018204247911217865
protein,227,abundance,0.2087452859035776
protein,227,prevalence,0.4818061359698298
protein,227,distance,0.3138888888888889
protein,227,dispersion,0.30340557275541796
protein,227,omega2,36.29120738319741
protein,227,deff,0.26355889773090957
protein,227,tf_topology,0.5276436992153152
protein,227,source_r2,0.026852633937443547
protein,228,abundance,0.17969625930078484
protein,228,prevalence,0.2117011517684232
protein,228,distance,0.1541280864197531
protein,228,dispersion,0.2724458204334365
protein,228,omega2,0.3037144027658724
protein,228,deff,0.044921580915683955
protein,228,tf_topology,0.387475525992283
protein,228,source_r2,0.019177665040972066
protein,229,abundance,0.09519926612985424
protein,229,prevalence,0.36571195596779127
protein,229,distance,0.37777777777777777
protein,229,dispersion,0.6594427244582043
protein,229,omega2,39.86313713864835
protein,229,deff,0.455170354935371
protein,229,tf_topology,0.2260061919504644
protein,229,source_r2,0.023751672394384856
protein,230,abundance,0.04036285801651208
protein,230,prevalence,0.3829375191112017
protein,230,distance,0.22106481481481483
protein,230,dispersion,0.3157894736842105
protein,230,omega2,0.06053705277262647
protein,230,deff,0.15521701909678332
protein,230,tf_topology,0.21362229102167182
protein,230,source_r2,0.014327024072345127
protein,231,abundance,0.22362654163693813
protein,231,prevalence,0.22352461522780553
protein,231,distance,0.1880787037037037
protein,231,dispersion,0.35294117647058826
protein,231,omega2,36.040740780148575
protein,231,deff,0.43358190049522133
protein,231,tf_topology,0.45420096024696904
protein,231,source_r2,0.03338201908411975
protein,232,abundance,0.09183569462847824
protein,232,prevalence,0.3079196819896035
protein,232,distance,0.22646604938271606
protein,232,dispersion,0.2848297213622291
protein,232,omega2,0.8923317265284609
protein,232,deff,0.37621009958814955
protein,232,tf_topology,0.19195046439628483
protein,232,source_r2,0.012705736386962468
protein,233,abundance,0.17531342370808276
protein,233,prevalence,0.23657119559677914
protein,233,distance,0.19058641975308643
protein,233,dispersion,0.17337461300309598
protein,233,omega2,1.4557679844347988
protein,233,deff,0.49445325693178876
protein,233,tf_topology,0.19504643962848298
protein,233,source_r2,0.011540177591005108
protein,234,abundance,0.18785037203139335
protein,234,prevalence,0.22168993986341862
protein,234,distance,0.1861496913580247
protein,234,dispersion,0.44891640866873067
protein,234,omega2,2.4019736881809246
protein,234,deff,0.2577405985948442
protein,234,tf_topology,0.25696594427244585
protein,234,source_r2,0.01581658379048556
protein,235,abundance,0.20762409540311894
protein,235,prevalence,0.49954133115890326
protein,235,distance,0.16030092592592593
protein,235,dispersion,0.15170278637770898
protein,235,omega2,2.147242751621016
protein,235,deff,0.029866165725018774
protein,235,tf_topology,0.6307164526631824
protein,235,source_r2,0.03903002935613
protein,236,abundance,0.22821323004790542
protein,236,prevalence,0.1934563245336867
protein,236,distance,0.2638888888888889
protein,236,dispersion,0.35294117647058826
protein,236,omega2,39.86313713864835
protein,236,deff,0.1805082171608114
protein,236,tf_topology,0.6346790321435732
protein,236,source_r2,0.05831569697823956
protein,237,abundance,0.09265110590153909
protein,237,prevalence,0.3001732748955254
protein,237,distance,0.29444444444444445
protein,237,dispersion,0.47368421052631576
protein,237,omega2,37.53322220757741
protein,237,deff,0.014782399399156598
protein,237,tf_topology,0.19195046439628483
protein,237,source_r2,0.023841095847357698
protein,238,abundance,0.19294669248802365
protein,238,prevalence,0.23229028641320967
protein,238,distance,0.17222222222222222
protein,238,dispersion,0.25696594427244585
protein,238,omega2,1.7006682502785306
protein,238,deff,0.12028616057004039
protein,238,tf_topology,0.2043343653250774
protein,238,source_r2,0.01563060793512663
protein,239,abundance,0.10651309754357353
protein,239,prevalence,0.3255529507695444
protein,239,distance,0.23881172839506173
protein,239,dispersion,0.4613003095975232
protein,239,omega2,36.28342065311323
protein,239,deff,0.02634107915125272
protein,239,tf_topology,0.17647058823529413
protein,239,source_r2,0.01740636593631682
protein,240,abundance,0.1122209764549995
protein,240,prevalence,0.28060340434206504
protein,240,distance,0.20277777777777778
protein,240,dispersion,0.653250773993808
protein,240,omega2,39.86313713864835
protein,240,deff,0.17539625538678894
protein,240,tf_topology,0.14241486068111456
protein,240,source_r2,0.012481934988312614
protein,241,abundance,0.18275405157476302
protein,241,prevalence,0.21251656304148406
protein,241,distance,0.16145833333333334
protein,241,dispersion,0.24148606811145512
protein,241,omega2,0.8989499508714495
protein,241,deff,0.018423480057764393
protein,241,tf_topology,0.4035310360346877
protein,241,source_r2,0.022172159471720448
protein,242,abundance,0.12710223218836
protein,242,prevalence,0.319437366221588
protein,242,distance,0.21666666666666667
protein,242,dispersion,0.21362229102167182
protein,242,omega2,3.743534706838697
protein,242,deff,0.04187154842857153
protein,242,tf_topology,0.24045610485656177
protein,242,source_r2,0.029292443795430865
protein,243,abundance,0.09265110590153909
protein,243,prevalence,0.37692386097237796
protein,243,distance,0.33371913580246915
protein,243,dispersion,0.3684210526315789
protein,243,omega2,36.10986421244377
protein,243,deff,0.5839128913076042
protein,243,tf_topology,0.2476780185758514
protein,243,source_r2,0.02160780309937793
protein,244,abundance,0.048822749974518395
protein,244,prevalence,0.3965956579349709
protein,244,distance,0.18888888888888888
protein,244,dispersion,0.2631578947368421
protein,244,omega2,0.23610637290782002
protein,244,deff,0.3328985191851791
protein,244,tf_topology,0.4622732323046377
protein,244,source_r2,0.04706018662266195
protein,245,abundance,0.1452451330139639
protein,245,prevalence,0.293548058301906
protein,245,distance,0.30833333333333335
protein,245,dispersion,0.2043343653250774
protein,245,omega2,36.38252518259952
protein,245,deff,0.2144367163768785
protein,245,tf_topology,0.29721362229102166
protein,245,source_r2,0.03631389530762457
protein,246,abundance,0.08531240444399144
protein,246,prevalence,0.3511364794618286
protein,246,distance,0.2
protein,246,dispersion,0.2724458204334365
protein,246,omega2,2.2556434762457838
protein,246,deff,0.2393152466002395
protein,246,tf_topology,0.23529411764705882
protein,246,source_r2,0.0157382948403863
protein,247,abundance,0.10467842217918663
protein,247,prevalence,0.44684537763734583
protein,247,distance,0.2861111111111111
protein,247,dispersion,0.23839009287925697
protein,247,omega2,2.4008301641133514
protein,247,deff,0.265156638870703
protein,247,tf_topology,0.7724091805222062
protein,247,source_r2,0.063298549259958
protein,248,abundance,0.17561920293548058
protein,248,prevalence,0.48292732647028846
protein,248,distance,0.20277777777777778
protein,248,dispersion,0.2043343653250774
protein,248,omega2,2.994891119671179
protein,248,deff,0.6434229681260226
protein,248,tf_topology,0.7732683667969068
protein,248,source_r2,0.061520941496783825
protein,249,abundance,0.13811028437468148
protein,249,prevalence,0.4296198144939354
protein,249,distance,0.21180555555555555
protein,249,dispersion,0.6068111455108359
protein,249,omega2,39.86313713864835
protein,249,deff,0.29418854087033436
protein,249,tf_topology,0.21702671205770824
protein,249,source_r2,0.012647034203138435
protein,250,abundance,0.04709000101926409
protein,250,prevalence,0.3193354398124554
protein,250,distance,0.2
protein,250,dispersion,0.23839009287925697
protein,250,omega2,6.6682239441535796
protein,250,deff,0.04577030505007582
protein,250,tf_topology,0.18867450063439883
protein,250,source_r2,0.024731840039649858
protein,251,abundance,0.02802976251146672
protein,251,prevalence,0.3421669554581592
protein,251,distance,0.22916666666666666
protein,251,dispersion,0.7368421052631579
protein,251,omega2,36.860816518230116
protein,251,deff,0.15817055014998962
protein,251,tf_topology,0.13622291021671826
protein,251,source_r2,0.012586753487208838
protein,252,abundance,0.2939557639384365
protein,252,prevalence,0.2939557639384365
protein,252,distance,0.28433641975308643
protein,252,dispersion,0.35294117647058826
protein,252,omega2,36.36265964922855
protein,252,deff,0.49086473896491684
protein,252,tf_topology,0.7718615636696422
protein,252,source_r2,0.05101027584235839
protein,253,abundance,0.32626643563347263
protein,253,prevalence,0.5812863112832535
protein,253,distance,0.3194444444444444
protein,253,dispersion,0.30959752321981426
protein,253,omega2,37.00214196061646
protein,253,deff,0.12779161438806252
protein,253,tf_topology,0.8863763358496243
protein,253,source_r2,0.05657254582242749
protein,254,abundance,0.03812047701559474
protein,254,prevalence,0.3374783406380593
protein,254,distance,0.29444444444444445
protein,254,dispersion,0.34365325077399383
protein,254,omega2,3.428940127923136
protein,254,deff,0.4516852337591855
protein,254,tf_topology,0.25077399380804954
protein,254,source_r2,0.02646867117845359
protein,255,abundance,0.04015900519824687
protein,255,prevalence,0.35908673937417185
protein,255,distance,0.26666666666666666
protein,255,dispersion,0.43034055727554177
protein,255,omega2,39.86313713864835
protein,255,deff,0.3080069171008599
protein,255,tf_topology,0.13110305683611806
protein,255,source_r2,0.014004388446484436
protein,256,abundance,0.14738558760574866
protein,256,prevalence,0.24350219141779636
protein,256,distance,0.21682098765432098
protein,256,dispersion,0.35294117647058826
protein,256,omega2,36.05993235952859
protein,256,deff,0.43667528369763753
protein,256,tf_topology,0.3467040606415713
protein,256,source_r2,0.03214618550726848
protein,257,abundance,0.30516766894302316
protein,257,prevalence,0.302619508714708
protein,257,distance,0.21682098765432098
protein,257,dispersion,0.24148606811145512
protein,257,omega2,0.8705117927658561
protein,257,deff,0.2371772004231241
protein,257,tf_topology,0.7061627826844414
protein,257,source_r2,0.030756281221077108
protein,258,abundance,0.06319437366221588
protein,258,prevalence,0.2734685557027826
protein,258,distance,0.19618055555555555
protein,258,dispersion,0.33126934984520123
protein,258,omega2,2.814769118792653
protein,258,deff,0.404467956293975
protein,258,tf_topology,0.393297051231119
protein,258,source_r2,0.02700978540709146
protein,259,abundance,0.08184690653348282
protein,259,prevalence,0.316073794720212
protein,259,distance,0.3527777777777778
protein,259,dispersion,0.3684210526315789
protein,259,omega2,37.707030169656726
protein,259,deff,0.4198387221351161
protein,259,tf_topology,0.2848297213622291
protein,259,source_r2,0.025659521992548912
protein,260,abundance,0.2410559575986138
protein,260,prevalence,0.519009275303231
protein,260,distance,0.28888888888888886
protein,260,dispersion,0.19195046439628483
protein,260,omega2,2.7379568779275543
protein,260,deff,0.08408485480073649
protein,260,tf_topology,0.748252043211981
protein,260,source_r2,0.053072414678169616
protein,261,abundance,0.07878911425950463
protein,261,prevalence,0.34777290796045257
protein,261,distance,0.3138888888888889
protein,261,dispersion,0.3684210526315789
protein,261,omega2,37.228017630807834
protein,261,deff,0.18792843858781078
protein,261,tf_topology,0.35149591507136
protein,261,source_r2,0.033656150841893766
protein,262,abundance,0.06482519620833758
protein,262,prevalence,0.286820915299154
protein,262,distance,0.2388888888888889
protein,262,dispersion,0.25696594427244585
protein,262,omega2,1.9680211624283321
protein,262,deff,0.2176309162115243
protein,262,tf_topology,0.14551083591331268
protein,262,source_r2,0.02221363957513939
protein,263,abundance,0.06339822648048109
protein,263,prevalence,0.27611864234023037
protein,263,distance,0.16030092592592593
protein,263,dispersion,0.2260061919504644
protein,263,omega2,1.9714466463074332
protein,263,deff,0.41853410674964425
protein,263,tf_topology,0.33597891329084373
protein,263,source_r2,0.028721805071493543
protein,264,abundance,0.06135969829782897
protein,264,prevalence,0.36866782183263686
protein,264,distance,0.2864583333333333
protein,264,dispersion,0.3126934984520124
protein,264,omega2,0.8318980877430265
protein,264,deff,0.28598463461133045
protein,264,tf_topology,0.25077399380804954
protein,264,source_r2,0.03333242513503184
protein,265,abundance,0.05504026093160738
protein,265,prevalence,0.3525634491896851
protein,265,distance,0.4388888888888889
protein,265,dispersion,0.4179566563467492
protein,265,omega2,39.86313713864835
protein,265,deff,0.5382375135390033
protein,265,tf_topology,0.3126934984520124
protein,265,source_r2,0.0399498290949403
protein,266,abundance,0.20619712567526247
protein,266,prevalence,0.5180919376210376
protein,266,distance,0.39444444444444443
protein,266,dispersion,0.29102167182662536
protein,266,omega2,36.614823073746415
protein,266,deff,0.14744374972887084
protein,266,tf_topology,0.9154612174799205
protein,266,source_r2,0.09316227931076014
protein,267,abundance,0.04749770665579452
protein,267,prevalence,0.2929364998471104
protein,267,distance,0.3388888888888889
protein,267,dispersion,0.5356037151702786
protein,267,omega2,39.86313713864835
protein,267,deff,0.07404240770901624
protein,267,tf_topology,0.44890291806995847
protein,267,source_r2,0.03584577729601154
protein,268,abundance,0.15523392110895934
protein,268,prevalence,0.21068188767709714
protein,268,distance,0.29147376543209874
protein,268,dispersion,0.2260061919504644
protein,268,omega2,1.8109405211929792
protein,268,deff,0.5301009326940044
protein,268,tf_topology,0.40196660962112907
protein,268,source_r2,0.027666848312801622
protein,269,abundance,0.1452451330139639
protein,269,prevalence,0.4056671083477729
protein,269,distance,0.18888888888888888
protein,269,dispersion,0.3498452012383901
protein,269,omega2,36.14956378803033
protein,269,deff,0.1769475456937238
protein,269,tf_topology,0.24148606811145512
protein,269,source_r2,0.017183468262445722
protein,270,abundance,0.1937621037610845
protein,270,prevalence,0.5519315054530629
protein,270,distance,0.33055555555555555
protein,270,dispersion,0.3560371517027864
protein,270,omega2,1.1651662224436317
protein,270,deff,0.8153063793933283
protein,270,tf_topology,1.1549735719448684
protein,270,source_r2,0.13322260064868116
protein,271,abundance,0.04331872388135766
protein,271,prevalence,0.3633676485577413
protein,271,distance,0.17777777777777778
protein,271,dispersion,0.1609907120743034
protein,271,omega2,2.0813134985097874
protein,271,deff,0.013832556309015172
protein,271,tf_topology,0.17647058823529413
protein,271,source_r2,0.015010608599424243
protein,272,abundance,0.10111099785954542
protein,272,prevalence,0.31026398939965344
protein,272,distance,0.31790123456790126
protein,272,dispersion,0.653250773993808
protein,272,omega2,39.86313713864835
protein,272,deff,0.5744273643223765
protein,272,tf_topology,0.23839009287925697
protein,272,source_r2,0.025161885220109093
protein,273,abundance,0.08347772907960453
protein,273,prevalence,0.30547344817042094
protein,273,distance,0.2111111111111111
protein,273,dispersion,0.5201238390092879
protein,273,omega2,36.81501708287046
protein,273,deff,0.15780179152044085
protein,273,tf_topology,0.21981424148606812
protein,273,source_r2,0.02597573483751031
protein,274,abundance,0.10325145245133013
protein,274,prevalence,0.38140862297421263
protein,274,distance,0.2861111111111111
protein,274,dispersion,0.4086687306501548
protein,274,omega2,36.070275491854176
protein,274,deff,0.4989737344864089
protein,274,tf_topology,0.25696594427244585
protein,274,source_r2,0.017241914143729956
protein,275,abundance,0.2101722556314341
protein,275,prevalence,0.23167872795841402
protein,275,distance,0.20679012345679013
protein,275,dispersion,0.29411764705882354
protein,275,omega2,5.478371609693163
protein,275,deff,0.30047943226662444
protein,275,tf_topology,0.25696594427244585
protein,275,source_r2,0.020423910282071325
protein,276,abundance,0.1610437264295179
protein,276,prevalence,0.17684231984507187
protein,276,distance,0.29444444444444445
protein,276,dispersion,0.3653250773993808
protein,276,omega2,39.86313713864835
protein,276,deff,0.2509637987658167
protein,276,tf_topology,0.7091570013368654
protein,276,source_r2,0.0449225514863981
protein,277,abundance,0.21119151972276018
protein,277,prevalence,0.21119151972276018
protein,277,distance,0.25277777777777777
protein,277,dispersion,0.5356037151702786
protein,277,omega2,39.86313713864835
protein,277,deff,0.09291192702639091
protein,277,tf_topology,0.50264929079552
protein,277,source_r2,0.02590953117938044
protein,278,abundance,0.13230047905412293
protein,278,prevalence,0.2916114565283865
protein,278,distance,0.32600308641975306
protein,278,dispersion,0.3684210526315789
protein,278,omega2,1.4132498374706037
protein,278,deff,0.8179919893374448
protein,278,tf_topology,0.30959752321981426
protein,278,source_r2,0.028553828938759414
protein,279,abundance,0.035266537559881767
protein,279,prevalence,0.3366629293649985
protein,279,distance,0.2183641975308642
protein,279,dispersion,0.6842105263157895
protein,279,omega2,36.55229991654562
protein,279,deff,0.00045692495619226593
protein,279,tf_topology,0.185661638187488
protein,279,source_r2,0.01825507866318425
protein,280,abundance,0.2343288145958618
protein,280,prevalence,0.2261747018652533
protein,280,distance,0.48333333333333334
protein,280,dispersion,0.43034055727554177
protein,280,omega2,39.86313713864835
protein,280,deff,0.7018797409600303
protein,280,tf_topology,0.3619690318578377
protein,280,source_r2,0.025913867605977824
protein,281,abundance,0.06278666802568546
protein,281,prevalence,0.3777392722454388
protein,281,distance,0.15354938271604937
protein,281,dispersion,0.5077399380804953
protein,281,omega2,36.43084729367055
protein,281,deff,0.06961474150712259
protein,281,tf_topology,0.14551083591331268
protein,281,source_r2,0.015735262904502646
protein,282,abundance,0.2002853939455713
protein,282,prevalence,0.19845071858118438
protein,282,distance,0.22777777777777777
protein,282,dispersion,0.541795665634675
protein,282,omega2,39.86313713864835
protein,282,deff,0.19863838821366506
protein,282,tf_topology,0.25696594427244585
protein,282,source_r2,0.01720608511733191
protein,283,abundance,0.07226582407501783
protein,283,prevalence,0.3176026908572011
protein,283,distance,0.23630401234567902
protein,283,dispersion,0.5139318885448917
protein,283,omega2,37.00656618492232
protein,283,deff,0.14984181072963293
protein,283,tf_topology,0.23839009287925697
protein,283,source_r2,0.02059624854636252
protein,284,abundance,0.23279991845887268
protein,284,prevalence,0.19141779635103456
protein,284,distance,0.14583333333333334
protein,284,dispersion,0.24148606811145512
protein,284,omega2,1.256414445050762
protein,284,deff,0.1789198677951708
protein,284,tf_topology,0.4154884392846124
protein,284,source_r2,0.028874549392338224
protein,285,abundance,0.1791866272551218
protein,285,prevalence,0.22332076240954032
protein,285,distance,0.25713734567901236
protein,285,dispersion,0.6594427244582043
protein,285,omega2,39.86313713864835
protein,285,deff,0.11356040034089754
protein,285,tf_topology,0.25696594427244585
protein,285,source_r2,0.016363690071074133
protein,286,abundance,0.11864234023035368
protein,286,prevalence,0.28559779838956273
protein,286,distance,0.13503086419753085
protein,286,dispersion,0.25696594427244585
protein,286,omega2,3.105311110438915
protein,286,deff,0.21559733344892326
protein,286,tf_topology,0.17337461300309598
protein,286,source_r2,0.01635446648023247
protein,287,abundance,0.32473753949648354
protein,287,prevalence,0.31658342676587503
protein,287,distance,0.2966820987654321
protein,287,dispersion,0.3715170278637771
protein,287,omega2,0.5227140811418756
protein,287,deff,0.5415079455910841
protein,287,tf_topology,1.0345784925905859
protein,287,source_r2,0.0990899969967053
protein,288,abundance,0.10274182040566711
protein,288,prevalence,0.24075017837121598
protein,288,distance,0.24444444444444444
protein,288,dispersion,0.23219814241486067
protein,288,omega2,0.41412646434239025
protein,288,deff,0.5130115216133906
protein,288,tf_topology,0.37697949687105603
protein,288,source_r2,0.0179835653455578
protein,289,abundance,0.2706146162470696
protein,289,prevalence,0.270512689837937
protein,289,distance,0.25385802469135804
protein,289,dispersion,0.3065015479876161
protein,289,omega2,36.28170752677394
protein,289,deff,0.5741230097195299
protein,289,tf_topology,0.7420645012699475
protein,289,source_r2,0.057342888590742366
protein,290,abundance,0.20986647640403627
protein,290,prevalence,0.23748853327897257
protein,290,distance,0.2111111111111111
protein,290,dispersion,0.3188854489164087
protein,290,omega2,2.189231844769928
protein,290,deff,0.3844735846786038
protein,290,tf_topology,0.3601300657398807
protein,290,source_r2,0.01936603280784619
protein,291,abundance,0.10957088981755173
protein,291,prevalence,0.37651615533584754
protein,291,distance,0.2388888888888889
protein,291,dispersion,0.33126934984520123
protein,291,omega2,39.86313713864835
protein,291,deff,0.1234547604628794
protein,291,tf_topology,0.1826625386996904
protein,291,source_r2,0.01772500124579145
protein,292,abundance,0.08001223116909591
protein,292,prevalence,0.29752318825807766
protein,292,distance,0.1385030864197531
protein,292,dispersion,0.3591331269349845
protein,292,omega2,1.5085350310115098
protein,292,deff,0.02367986483013796
protein,292,tf_topology,0.18885448916408668
protein,292,source_r2,0.015678922283669957
protein,293,abundance,0.0603404342065029
protein,293,prevalence,0.4290082560391397
protein,293,distance,0.39444444444444443
protein,293,dispersion,0.3157894736842105
protein,293,omega2,37.45379986116993
protein,293,deff,0.11192553383969163
protein,293,tf_topology,0.6730011672044238
protein,293,source_r2,0.05197946847926495
protein,294,abundance,0.09897054326776068
protein,294,prevalence,0.3467536438691265
protein,294,distance,0.3231095679012346
protein,294,dispersion,0.3498452012383901
protein,294,omega2,36.18603742852123
protein,294,deff,0.8034318374404196
protein,294,tf_topology,0.2476780185758514
protein,294,source_r2,0.02346478442615571
protein,295,abundance,0.0554479665681378
protein,295,prevalence,0.3277953317704617
protein,295,distance,0.31886574074074076
protein,295,dispersion,0.6594427244582043
protein,295,omega2,4.537825913042751
protein,295,deff,0.15143985080212083
protein,295,tf_topology,0.26625386996904027
protein,295,source_r2,0.01280729388268415
protein,296,abundance,0.24523494037305066
protein,296,prevalence,0.22393232086433595
protein,296,distance,0.16493055555555555
protein,296,dispersion,0.3622291021671827
protein,296,omega2,3.6527749654790402
protein,296,deff,0.36976736305329877
protein,296,tf_topology,0.401682203561437
protein,296,source_r2,0.015424579075510808
protein,297,abundance,0.17816736316379575
protein,297,prevalence,0.45744572418713686
protein,297,distance,0.15007716049382716
protein,297,dispersion,0.14551083591331268
protein,297,omega2,2.273614243106423
protein,297,deff,0.12303219437908358
protein,297,tf_topology,0.3591331269349845
protein,297,source_r2,0.014150424639136254
protein,298,abundance,0.029252879421057996
protein,298,prevalence,0.33442054836408114
protein,298,distance,0.15007716049382716
protein,298,dispersion,0.21981424148606812
protein,298,omega2,1.6374477863969443
protein,298,deff,0.13121280123051765
protein,298,tf_topology,0.16718266253869968
protein,298,source_r2,0.015355902693422747
protein,299,abundance,0.2731627764753848
protein,299,prevalence,0.5148302925287942
protein,299,distance,0.19166666666666668
protein,299,dispersion,0.5201238390092879
protein,299,omega2,36.55141736285935
protein,299,deff,0.0020132447113799493
protein,299,tf_topology,0.45991994781279927
protein,299,source_r2,0.020977966213818602
protein,300,abundance,0.051574763021098764
protein,300,prevalence,0.3229028641320966
protein,300,distance,0.23333333333333334
protein,300,dispersion,0.5201238390092879
protein,300,omega2,36.625487407068654
protein,300,deff,0.2552719183965543
protein,300,tf_topology,0.17956656346749225
protein,300,source_r2,0.019148002873718324
protein,301,abundance,0.0896952400366935
protein,301,prevalence,0.3626541636938131
protein,301,distance,0.19270833333333334
protein,301,dispersion,0.4086687306501548
protein,301,omega2,0.581700791253238
protein,301,deff,0.1536531079661902
protein,301,tf_topology,0.1393188854489164
protein,301,source_r2,0.012587752438695348
protein,302,abundance,0.2113953725410254
protein,302,prevalence,0.21119151972276018
protein,302,distance,0.2361111111111111
protein,302,dispersion,0.3715170278637771
protein,302,omega2,39.86313713864835
protein,302,deff,0.05672119100422721
protein,302,tf_topology,0.6306952622916708
protein,302,source_r2,0.049618850946761016
protein,303,abundance,0.08867597594536744
protein,303,prevalence,0.3209662623585771
protein,303,distance,0.18333333333333332
protein,303,dispersion,0.25696594427244585
protein,303,omega2,1.3969928731884347
protein,303,deff,0.15898799452978282
protein,303,tf_topology,0.21981424148606812
protein,303,source_r2,0.01134854748965682
protein,304,abundance,0.12638874732443175
protein,304,prevalence,0.3289165222709204
protein,304,distance,0.5138888888888888
protein,304,dispersion,0.3684210526315789
protein,304,omega2,37.490837758533644
protein,304,deff,0.6275842376523867
protein,304,tf_topology,0.3560371517027864
protein,304,source_r2,0.05194770653876878
protein,305,abundance,0.06237896238915503
protein,305,prevalence,0.25002548160228316
protein,305,distance,0.35833333333333334
protein,305,dispersion,0.4117647058823529
protein,305,omega2,39.86313713864835
protein,305,deff,0.6272789716842804
protein,305,tf_topology,0.48506903341683805
protein,305,source_r2,0.06441569538306699
protein,306,abundance,0.19773723371725613
protein,306,prevalence,0.2411578840077464
protein,306,distance,0.2222222222222222
protein,306,dispersion,0.56656346749226
protein,306,omega2,36.933864295382634
protein,306,deff,0.1677346999177618
protein,306,tf_topology,0.24458204334365324
protein,306,source_r2,0.022553132753146833
protein,307,abundance,0.13861991642034452
protein,307,prevalence,0.20986647640403627
protein,307,distance,0.19926697530864199
protein,307,dispersion,0.24148606811145512
protein,307,omega2,0.27947697912777153
protein,307,deff,0.058195991870582074
protein,307,tf_topology,0.5924808522360369
protein,307,source_r2,0.02985065870753044
protein,308,abundance,0.1172153705024972
protein,308,prevalence,0.42544083171949854
protein,308,distance,0.27662037037037035
protein,308,dispersion,0.25696594427244585
protein,308,omega2,0.022683894418306143
protein,308,deff,0.1727048738877955
protein,308,tf_topology,0.3681445048945292
protein,308,source_r2,0.0262225939929347
protein,309,abundance,0.11762307613902762
protein,309,prevalence,0.2764244215676282
protein,309,distance,0.2111111111111111
protein,309,dispersion,0.3188854489164087
protein,309,omega2,2.455175926290556
protein,309,deff,0.6096617101186695
protein,309,tf_topology,0.26006191950464397
protein,309,source_r2,0.019340450490215808
protein,310,abundance,0.19437366221588012
protein,310,prevalence,0.19763530730812354
protein,310,distance,0.32021604938271603
protein,310,dispersion,0.5479876160990712
protein,310,omega2,39.86313713864835
protein,310,deff,0.2472393196341359
protein,310,tf_topology,0.23219814241486067
protein,310,source_r2,0.0177074451970463
protein,311,abundance,0.2085414330853124
protein,311,prevalence,0.20405667108347772
protein,311,distance,0.34683641975308643
protein,311,dispersion,0.47368421052631576
protein,311,omega2,36.797337805922275
protein,311,deff,0.7567428703236249
protein,311,tf_topology,0.5886737850037161
protein,311,source_r2,0.03841977953110334
protein,312,abundance,0.08663744776271531
protein,312,prevalence,0.4381816328610743
protein,312,distance,0.15555555555555556
protein,312,dispersion,0.30340557275541796
protein,312,omega2,3.529519122735421
protein,312,deff,0.15302600385042947
protein,312,tf_topology,0.45078739901283976
protein,312,source_r2,0.027742278124167737
protein,313,abundance,0.22434002650086637
protein,313,prevalence,0.22383039445520334
protein,313,distance,0.24444444444444444
protein,313,dispersion,0.25696594427244585
protein,313,omega2,1.9302908530718432
protein,313,deff,0.34287341707184243
protein,313,tf_topology,0.39372319085556035
protein,313,source_r2,0.01888322207163764
protein,314,abundance,0.15533584751809193
protein,314,prevalence,0.4410355723167873
protein,314,distance,0.2330246913580247
protein,314,dispersion,0.25696594427244585
protein,314,omega2,0.869067151532777
protein,314,deff,0.26593095348060325
protein,314,tf_topology,0.3591331269349845
protein,314,source_r2,0.016535728826425223
protein,315,abundance,0.10641117113444093
protein,315,prevalence,0.29405769034756907
protein,315,distance,0.2808641975308642
protein,315,dispersion,0.5944272445820433
protein,315,omega2,39.86313713864835
protein,315,deff,0.4762320163360017
protein,315,tf_topology,0.13622291021671826
protein,315,source_r2,0.014339179738587097
protein,316,abundance,0.2832534909795128
protein,316,prevalence,0.575986138008358
protein,316,distance,0.36651234567901236
protein,316,dispersion,0.42105263157894735
protein,316,omega2,39.86313713864835
protein,316,deff,0.3515409716951491
protein,316,tf_topology,0.9282236727601
protein,316,source_r2,0.06189769640962412
protein,317,abundance,0.07043114871063093
protein,317,prevalence,0.32606258281520745
protein,317,distance,0.24444444444444444
protein,317,dispersion,0.33746130030959753
protein,317,omega2,36.18194581441446
protein,317,deff,0.014581468209442719
protein,317,tf_topology,0.19195046439628483
protein,317,source_r2,0.014379084344389432
protein,318,abundance,0.19101009071450412
protein,318,prevalence,0.48985832229130566
protein,318,distance,0.2652391975308642
protein,318,dispersion,0.6470588235294118
protein,318,omega2,39.86313713864835
protein,318,deff,0.4046526038116742
protein,318,tf_topology,0.47626287106034687
protein,318,source_r2,0.019322916889570597
protein,319,abundance,0.16858628070533074
protein,319,prevalence,0.26908572011008053
protein,319,distance,0.16111111111111112
protein,319,dispersion,0.24148606811145512
protein,319,omega2,0.7556168229678991
protein,319,deff,0.20798010348528434
protein,319,tf_topology,0.17337461300309598
protein,319,source_r2,0.019639725289119753
protein,320,abundance,0.04484762001834675
protein,320,prevalence,0.4107634288044032
protein,320,distance,0.2972222222222222
protein,320,dispersion,0.2631578947368421
protein,320,omega2,36.82594863077547
protein,320,deff,0.2547024082156073
protein,320,tf_topology,0.618632438231154
protein,320,source_r2,0.061074066929047724
protein,321,abundance,0.22097645499949037
protein,321,prevalence,0.5344001630822546
protein,321,distance,0.26871141975308643
protein,321,dispersion,0.18575851393188855
protein,321,omega2,0.92302921091892
protein,321,deff,0.012323544339691133
protein,321,tf_topology,0.7512493329099128
protein,321,source_r2,0.052951914206065986
protein,322,abundance,0.01712363673427785
protein,322,prevalence,0.3454286005504026
protein,322,distance,0.21450617283950618
protein,322,dispersion,0.33126934984520123
protein,322,omega2,5.064898641049688
protein,322,deff,0.03121403164762114
protein,322,tf_topology,0.24458204334365324
protein,322,source_r2,0.016054152135770647
protein,323,abundance,0.2067067577209255
protein,323,prevalence,0.20477015594740597
protein,323,distance,0.14722222222222223
protein,323,dispersion,0.33746130030959753
protein,323,omega2,39.86313713864835
protein,323,deff,0.05147940755396333
protein,323,tf_topology,0.2794666298408742
protein,323,source_r2,0.016184977752603438
protein,324,abundance,0.21394353276934053
protein,324,prevalence,0.49454693711140557
protein,324,distance,0.21585648148148148
protein,324,dispersion,0.3065015479876161
protein,324,omega2,39.86313713864835
protein,324,deff,0.41562745178747784
protein,324,tf_topology,0.6264992625389891
protein,324,source_r2,0.035810662679294
protein,325,abundance,0.08245846498827847
protein,325,prevalence,0.3567424319641219
protein,325,distance,0.30833333333333335
protein,325,dispersion,0.33126934984520123
protein,325,omega2,2.3766179114856865
protein,325,deff,0.4453605753237788
protein,325,tf_topology,0.2043343653250774
protein,325,source_r2,0.020051041769794352
protein,326,abundance,0.27469167261237387
protein,326,prevalence,0.5339924574457242
protein,326,distance,0.36666666666666664
protein,326,dispersion,0.3157894736842105
protein,326,omega2,36.75502058068021
protein,326,deff,0.487686736926717
protein,326,tf_topology,0.8694891067699417
protein,326,source_r2,0.07051397062905539
protein,327,abundance,0.06482519620833758
protein,327,prevalence,0.2685760880644175
protein,327,distance,0.3333333333333333
protein,327,dispersion,0.6470588235294118
protein,327,omega2,39.86313713864835
protein,327,deff,0.16989836803020578
protein,327,tf_topology,0.39741740362465705
protein,327,source_r2,0.039112558582681305
protein,328,abundance,0.04209560697176638
protein,328,prevalence,0.2945673223932321
protein,328,distance,0.18888888888888888
protein,328,dispersion,0.6006191950464397
protein,328,omega2,3.4420382332773034
protein,328,deff,0.10794317235449637
protein,328,tf_topology,0.19814241486068113
protein,328,source_r2,0.019392562843839122
protein,329,abundance,0.13739679951075323
protein,329,prevalence,0.3975129956171644
protein,329,distance,0.15833333333333333
protein,329,dispersion,0.25696594427244585
protein,329,omega2,1.491537521749361
protein,329,deff,0.04266551849788099
protein,329,tf_topology,0.30030959752321984
protein,329,source_r2,0.0173944154531184
protein,330,abundance,0.20466822953827338
protein,330,prevalence,0.20456630312914076
protein,330,distance,0.25833333333333336
protein,330,dispersion,0.5944272445820433
protein,330,omega2,39.86313713864835
protein,330,deff,0.2166991229116463
protein,330,tf_topology,0.3965647330548791
protein,330,source_r2,0.028356506301549126
protein,331,abundance,0.06686372439098971
protein,331,prevalence,0.34298236673122007
protein,331,distance,0.3005401234567901
protein,331,dispersion,0.7647058823529411
protein,331,omega2,39.86313713864835
protein,331,deff,0.27592716413451224
protein,331,tf_topology,0.20743034055727555
protein,331,source_r2,0.01463545341138735
protein,332,abundance,0.16879013352359595
protein,332,prevalence,0.44388951177250024
protein,332,distance,0.1548996913580247
protein,332,dispersion,0.2786377708978328
protein,332,omega2,2.8211793161062886
protein,332,deff,0.04184778261773866
protein,332,tf_topology,0.33857111699995474
protein,332,source_r2,0.017380219372470404
protein,333,abundance,0.08928753440016308
protein,333,prevalence,0.2828457853429824
protein,333,distance,0.1880787037037037
protein,333,dispersion,0.21981424148606812
protein,333,omega2,1.2444975198028783
protein,333,deff,0.49301251329893975
protein,333,tf_topology,0.20123839009287925
protein,333,source_r2,0.014778056389830537
protein,334,abundance,0.1645092243400265
protein,334,prevalence,0.24075017837121598
protein,334,distance,0.28510802469135804
protein,334,dispersion,0.5727554179566563
protein,334,omega2,36.88668577960492
protein,334,deff,0.27923809492280066
protein,334,tf_topology,0.3533436479455667
protein,334,source_r2,0.020932751959861925
protein,335,abundance,0.07318316175721129
protein,335,prevalence,0.3786566099276322
protein,335,distance,0.16944444444444445
protein,335,dispersion,0.4086687306501548
protein,335,omega2,36.379505415093845
protein,335,deff,0.2752034349018454
protein,335,tf_topology,0.2476780185758514
protein,335,source_r2,0.017730113872766733
protein,336,abundance,0.1321985526449903
protein,336,prevalence,0.4092345326674141
protein,336,distance,0.31867283950617287
protein,336,dispersion,0.3684210526315789
protein,336,omega2,1.956259821916132
protein,336,deff,0.534762225884297
protein,336,tf_topology,0.24717159945516218
protein,336,source_r2,0.021156379335660044
protein,337,abundance,0.08276424421567628
protein,337,prevalence,0.3113851799001121
protein,337,distance,0.2569444444444444
protein,337,dispersion,0.30959752321981426
protein,337,omega2,1.9816754028671606
protein,337,deff,0.8119361920865542
protein,337,tf_topology,0.2848297213622291
protein,337,source_r2,0.03509468398243681
protein,338,abundance,0.051370910202833554
protein,338,prevalence,0.32565487717867697
protein,338,distance,0.14166666666666666
protein,338,dispersion,0.19814241486068113
protein,338,omega2,0.7146489805855392
protein,338,deff,0.12641393317931277
protein,338,tf_topology,0.1826625386996904
protein,338,source_r2,0.01411039161622391
protein,339,abundance,0.2428906329630007
protein,339,prevalence,0.497808582203649
protein,339,distance,0.25289351851851855
protein,339,dispersion,0.47678018575851394
protein,339,omega2,39.86313713864835
protein,339,deff,0.2038670675925445
protein,339,tf_topology,0.588631023745269
protein,339,source_r2,0.028421265129620368
protein,340,abundance,0.23178065436754663
protein,340,prevalence,0.2279074508205076
protein,340,distance,0.2833333333333333
protein,340,dispersion,0.44272445820433437
protein,340,omega2,36.30575827448663
protein,340,deff,0.22382189686421294
protein,340,tf_topology,0.42375612698975135
protein,340,source_r2,0.022565488896319978
protein,341,abundance,0.10814392008969524
protein,341,prevalence,0.416777086943227
protein,341,distance,0.28888888888888886
protein,341,dispersion,0.42105263157894735
protein,341,omega2,37.51509518904053
protein,341,deff,0.12472618088155232
protein,341,tf_topology,0.30807397262072345
protein,341,source_r2,0.025824549950120203
protein,342,abundance,0.05932117011517684
protein,342,prevalence,0.28355927020691063
protein,342,distance,0.22183641975308643
protein,342,dispersion,0.35294117647058826
protein,342,omega2,35.977005538006736
protein,342,deff,0.30858286347151626
protein,342,tf_topology,0.2632235291717696
protein,342,source_r2,0.03217938373935242
protein,343,abundance,0.16226684333910915
protein,343,prevalence,0.23595963714198348
protein,343,distance,0.32523148148148145
protein,343,dispersion,0.5882352941176471
protein,343,omega2,39.86313713864835
protein,343,deff,0.44786976758520214
protein,343,tf_topology,0.3048672454755942
protein,343,source_r2,0.023993718640056293
protein,344,abundance,0.13250433187238814
protein,344,prevalence,0.41952909998980736
protein,344,distance,0.2619598765432099
protein,344,dispersion,0.6253869969040248
protein,344,omega2,36.96332438707422
protein,344,deff,0.019752456683403127
protein,344,tf_topology,0.2476780185758514
protein,344,source_r2,0.015362735604712746
protein,345,abundance,0.11436143104678421
protein,345,prevalence,0.2895729283457344
protein,345,distance,0.13055555555555556
protein,345,dispersion,0.19814241486068113
protein,345,omega2,0.991767584500487
protein,345,deff,0.14588406623925249
protein,345,tf_topology,0.2043343653250774
protein,345,source_r2,0.01258094304740015
protein,346,abundance,0.22209764549994904
protein,346,prevalence,0.20976454999490368
protein,346,distance,0.30324074074074076
protein,346,dispersion,0.5077399380804953
protein,346,omega2,36.8317412052145
protein,346,deff,0.558602546952778
protein,346,tf_topology,0.5508861816865737
protein,346,source_r2,0.028833644993792932
protein,347,abundance,0.061971256752624604
protein,347,prevalence,0.41270003057792276
protein,347,distance,0.4
protein,347,dispersion,0.39628482972136225
protein,347,omega2,2.816164727671875
protein,347,deff,0.476679077684613
protein,347,tf_topology,0.5900308647220136
protein,347,source_r2,0.05195918901881708
protein,348,abundance,0.21424931199673836
protein,348,prevalence,0.4137192946692488
protein,348,distance,0.3194444444444444
protein,348,dispersion,0.653250773993808
protein,348,omega2,39.86313713864835
protein,348,deff,0.16241391072483127
protein,348,tf_topology,0.18894840017201858
protein,348,source_r2,0.014267331934202673
protein,349,abundance,0.12261747018652533
protein,349,prevalence,0.2886555906635409
protein,349,distance,0.2586805555555556
protein,349,dispersion,0.653250773993808
protein,349,omega2,39.86313713864835
protein,349,deff,0.49502266624553176
protein,349,tf_topology,0.15789473684210525
protein,349,source_r2,0.01840411027697129
protein,350,abundance,0.13230047905412293
protein,350,prevalence,0.2615431658342677
protein,350,distance,0.18074845679012347
protein,350,dispersion,0.5944272445820433
protein,350,omega2,3.0878395526344717
protein,350,deff,0.05116326412625417
protein,350,tf_topology,0.12693498452012383
protein,350,source_r2,0.012169593105211108
protein,351,abundance,0.16644582611354602
protein,351,prevalence,0.452247477321374
protein,351,distance,0.18888888888888888
protein,351,dispersion,0.4613003095975232
protein,351,omega2,4.506560804462502
protein,351,deff,0.3116723597090876
protein,351,tf_topology,0.33650932287921675
protein,351,source_r2,0.026471016471035707
protein,352,abundance,0.11476913668331465
protein,352,prevalence,0.3676485577413108
protein,352,distance,0.23333333333333334
protein,352,dispersion,0.44891640866873067
protein,352,omega2,39.86313713864835
protein,352,deff,0.29049043074596276
protein,352,tf_topology,0.18885448916408668
protein,352,source_r2,0.01347986621133916
protein,353,abundance,0.37835083070023445
protein,353,prevalence,0.37682193456324536
protein,353,distance,0.37222222222222223
protein,353,dispersion,0.3591331269349845
protein,353,omega2,39.86313713864835
protein,353,deff,1.1107273057045066
protein,353,tf_topology,1.060232742404404
protein,353,source_r2,0.09608556820137784
protein,354,abundance,0.14555091224136174
protein,354,prevalence,0.26898379370094794
protein,354,distance,0.25555555555555554
protein,354,dispersion,0.2260061919504644
protein,354,omega2,36.48408378985912
protein,354,deff,0.29720994229852743
protein,354,tf_topology,0.23219814241486067
protein,354,source_r2,0.021178224360271454
protein,355,abundance,0.0814392008969524
protein,355,prevalence,0.4366527367240852
protein,355,distance,0.2808641975308642
protein,355,dispersion,0.29721362229102166
protein,355,omega2,3.0521536048680806
protein,355,deff,0.5332086470708258
protein,355,tf_topology,0.6391568296503652
protein,355,source_r2,0.08151361076325471
protein,356,abundance,0.17551727652634797
protein,356,prevalence,0.24064825196208336
protein,356,distance,0.24633487654320987
protein,356,dispersion,0.44891640866873067
protein,356,omega2,36.195324820610836
protein,356,deff,0.15975188411868
protein,356,tf_topology,0.25696594427244585
protein,356,source_r2,0.016584822738596437
protein,357,abundance,0.10376108449699317
protein,357,prevalence,0.4169809397614922
protein,357,distance,0.2152777777777778
protein,357,dispersion,0.25696594427244585
protein,357,omega2,1.7918685185910803
protein,357,deff,0.09835612045226544
protein,357,tf_topology,0.35108330598559795
protein,357,source_r2,0.029176201329054748
protein,358,abundance,0.1890734889409846
protein,358,prevalence,0.25063704005707876
protein,358,distance,0.0935570987654321
protein,358,dispersion,0.2260061919504644
protein,358,omega2,0.426326214195392
protein,358,deff,0.10414429916289575
protein,358,tf_topology,0.21052631578947367
protein,358,source_r2,0.011429533991142521
protein,359,abundance,0.1694016919783916
protein,359,prevalence,0.23708082764244215
protein,359,distance,0.2111111111111111
protein,359,dispersion,0.4241486068111455
protein,359,omega2,39.86313713864835
protein,359,deff,0.08955657202248347
protein,359,tf_topology,0.3469864875148077
protein,359,source_r2,0.01950694826307547
protein,360,abundance,0.09570889817551728
protein,360,prevalence,0.3821221078381409
protein,360,distance,0.341820987654321
protein,360,dispersion,0.6780185758513931
protein,360,omega2,37.36230964476751
protein,360,deff,0.01681928005652195
protein,360,tf_topology,0.15170278637770898
protein,360,source_r2,0.015189375283012762
protein,361,abundance,0.09407807562939557
protein,361,prevalence,0.32229130567730097
protein,361,distance,0.25771604938271603
protein,361,dispersion,0.25696594427244585
protein,361,omega2,1.1332877806683523
protein,361,deff,0.09357199484000422
protein,361,tf_topology,0.20123839009287925
protein,361,source_r2,0.015394415810517098
protein,362,abundance,0.048822749974518395
protein,362,prevalence,0.3254510243604118
protein,362,distance,0.18055555555555555
protein,362,dispersion,0.43653250773993807
protein,362,omega2,3.625036283944258
protein,362,deff,0.2813133248346295
protein,362,tf_topology,0.1393188854489164
protein,362,source_r2,0.013260126052181126
protein,363,abundance,0.10151870349607583
protein,363,prevalence,0.4102537967587402
protein,363,distance,0.2966820987654321
protein,363,dispersion,0.6842105263157895
protein,363,omega2,37.534162608169694
protein,363,deff,0.36673083941163376
protein,363,tf_topology,0.20743034055727555
protein,363,source_r2,0.017759600923839446
protein,364,abundance,0.05228824788502701
protein,364,prevalence,0.40699215166649677
protein,364,distance,0.19444444444444445
protein,364,dispersion,0.26625386996904027
protein,364,omega2,1.4608409050785867
protein,364,deff,0.3180613416521338
protein,364,tf_topology,0.40313907304785646
protein,364,source_r2,0.017401425244143894
protein,365,abundance,0.2017123636734278
protein,365,prevalence,0.20629905208439506
protein,365,distance,0.23055555555555557
protein,365,dispersion,0.3653250773993808
protein,365,omega2,39.86313713864835
protein,365,deff,0.10114089655791911
protein,365,tf_topology,0.39386524270363055
protein,365,source_r2,0.013004291071380627
protein,366,abundance,0.17633268779940883
protein,366,prevalence,0.45673223932320867
protein,366,distance,0.2816358024691358
protein,366,dispersion,0.6006191950464397
protein,366,omega2,39.86313713864835
protein,366,deff,0.34942850517781315
protein,366,tf_topology,0.36346504167304
protein,366,source_r2,0.011944628729379183
protein,367,abundance,0.18499643257568035
protein,367,prevalence,0.482009988788095
protein,367,distance,0.24722222222222223
protein,367,dispersion,0.2631578947368421
protein,367,omega2,36.29990671424315
protein,367,deff,0.4973888988862952
protein,367,tf_topology,0.5977335975425782
protein,367,source_r2,0.051737464590519755
protein,368,abundance,0.05819997961471817
protein,368,prevalence,0.3224951584955662
protein,368,distance,0.2037037037037037
protein,368,dispersion,0.4148606811145511
protein,368,omega2,35.85996779828352
protein,368,deff,0.33534870531896604
protein,368,tf_topology,0.21362229102167182
protein,368,source_r2,0.015570511091756313
protein,369,abundance,0.14697788196921824
protein,369,prevalence,0.24676383651003975
protein,369,distance,0.3055555555555556
protein,369,dispersion,0.5882352941176471
protein,369,omega2,39.86313713864835
protein,369,deff,0.2846496202793925
protein,369,tf_topology,0.3252673332443984
protein,369,source_r2,0.03229585406560593
protein,370,abundance,0.02976251146672103
protein,370,prevalence,0.40016308225461217
protein,370,distance,0.3
protein,370,dispersion,0.30340557275541796
protein,370,omega2,36.344377861172006
protein,370,deff,0.2047671535165631
protein,370,tf_topology,0.40589744449856563
protein,370,source_r2,0.02619753091946724
protein,371,abundance,0.04933238202018143
protein,371,prevalence,0.3573539904189175
protein,371,distance,0.25289351851851855
protein,371,dispersion,0.37770897832817335
protein,371,omega2,39.86313713864835
protein,371,deff,0.206521473009891
protein,371,tf_topology,0.27527806066398286
protein,371,source_r2,0.02590600307137265
protein,372,abundance,0.12027316277647539
protein,372,prevalence,0.2877382529813475
protein,372,distance,0.28742283950617287
protein,372,dispersion,0.6068111455108359
protein,372,omega2,8.067398216301477
protein,372,deff,0.6592251247106052
protein,372,tf_topology,0.18575851393188855
protein,372,source_r2,0.01863442932560677
protein,373,abundance,0.1971256752624605
protein,373,prevalence,0.19916420344511263
protein,373,distance,0.3611111111111111
protein,373,dispersion,0.35294117647058826
protein,373,omega2,39.86313713864835
protein,373,deff,0.053727872743604486
protein,373,tf_topology,0.4939972931106511
protein,373,source_r2,0.04279605847690331
protein,374,abundance,0.19926612985424524
protein,374,prevalence,0.502191417796351
protein,374,distance,0.17222222222222222
protein,374,dispersion,0.30030959752321984
protein,374,omega2,1.3612665330646798
protein,374,deff,0.3572401524591002
protein,374,tf_topology,0.525278121167451
protein,374,source_r2,0.02846952654976176
protein,375,abundance,0.09835898481296504
protein,375,prevalence,0.39649373152583833
protein,375,distance,0.16994598765432098
protein,375,dispersion,0.38390092879256965
protein,375,omega2,1.0311253827107494
protein,375,deff,0.42733777229318337
protein,375,tf_topology,0.26625386996904027
protein,375,source_r2,0.01989998950838106
protein,376,abundance,0.19478136785241057
protein,376,prevalence,0.19631026398939966
protein,376,distance,0.21666666666666667
protein,376,dispersion,0.43653250773993807
protein,376,omega2,39.86313713864835
protein,376,deff,0.028514679773471517
protein,376,tf_topology,0.3157894736842105
protein,376,source_r2,0.01587648342499453
protein,377,abundance,0.23402303536846397
protein,377,prevalence,0.228315156457038
protein,377,distance,0.325
protein,377,dispersion,0.32507739938080493
protein,377,omega2,39.86313713864835
protein,377,deff,0.36153160446696014
protein,377,tf_topology,0.5069796789735479
protein,377,source_r2,0.037296212011194964
protein,378,abundance,0.1449393537865661
protein,378,prevalence,0.2329018448680053
protein,378,distance,0.2926311728395062
protein,378,dispersion,0.29411764705882354
protein,378,omega2,1.1285202004373023
protein,378,deff,0.8314904202089993
protein,378,tf_topology,0.3961384338128718
protein,378,source_r2,0.04493994148219822
protein,379,abundance,0.433085312404444
protein,379,prevalence,0.42941596167567014
protein,379,distance,0.44722222222222224
protein,379,dispersion,0.35294117647058826
protein,379,omega2,39.86313713864835
protein,379,deff,0.4525911798035954
protein,379,tf_topology,1.4102005285329733
protein,379,source_r2,0.131143184470034
protein,380,abundance,0.05361329120375089
protein,380,prevalence,0.28437468147997147
protein,380,distance,0.3638888888888889
protein,380,dispersion,0.4117647058823529
protein,380,omega2,39.86313713864835
protein,380,deff,0.016200582601920123
protein,380,tf_topology,0.3915927311638502
protein,380,source_r2,0.03622379286122359
protein,381,abundance,0.04199368056263378
protein,381,prevalence,0.2865151360717562
protein,381,distance,0.32523148148148145
protein,381,dispersion,0.6594427244582043
protein,381,omega2,39.86313713864835
protein,381,deff,0.45937789107758376
protein,381,tf_topology,0.2260061919504644
protein,381,source_r2,0.016235040985234563
protein,382,abundance,0.16542656202221995
protein,382,prevalence,0.42727550708388545
protein,382,distance,0.13055555555555556
protein,382,dispersion,0.15479876160990713
protein,382,omega2,0.7262892563689455
protein,382,deff,0.09117626576216092
protein,382,tf_topology,0.23529411764705882
protein,382,source_r2,0.010157183078642136
protein,383,abundance,0.29212108857404956
protein,383,prevalence,0.2881459586178779
protein,383,distance,0.34444444444444444
protein,383,dispersion,0.3591331269349845
protein,383,omega2,39.86313713864835
protein,383,deff,0.185030300098025
protein,383,tf_topology,0.7114038587980582
protein,383,source_r2,0.03219242849198812
protein,384,abundance,0.169299765569259
protein,384,prevalence,0.4429721740903068
protein,384,distance,0.15555555555555556
protein,384,dispersion,0.43653250773993807
protein,384,omega2,39.86313713864835
protein,384,deff,0.26382038957417187
protein,384,tf_topology,0.2476780185758514
protein,384,source_r2,0.011463524600686326
protein,385,abundance,0.1026398939965345
protein,385,prevalence,0.37366221588013454
protein,385,distance,0.12249228395061729
protein,385,dispersion,0.33746130030959753
protein,385,omega2,0.7968570812859445
protein,385,deff,0.1900748767419976
protein,385,tf_topology,0.17647058823529413
protein,385,source_r2,0.017534641305205368
protein,386,abundance,0.1174192233207624
protein,386,prevalence,0.40301702171032516
protein,386,distance,0.38333333333333336
protein,386,dispersion,0.5882352941176471
protein,386,omega2,39.86313713864835
protein,386,deff,0.27733500362549385
protein,386,tf_topology,0.30030959752321984
protein,386,source_r2,0.022164057610869047
protein,387,abundance,0.22678626032004892
protein,387,prevalence,0.4687595556008562
protein,387,distance,0.21682098765432098
protein,387,dispersion,0.5201238390092879
protein,387,omega2,36.4062471527867
protein,387,deff,0.07229258714864956
protein,387,tf_topology,0.3715170278637771
protein,387,source_r2,0.016190705528619807
protein,388,abundance,0.2034451126286821
protein,388,prevalence,0.2033431862195495
protein,388,distance,0.3410493827160494
protein,388,dispersion,0.3715170278637771
protein,388,omega2,2.6557371245878967
protein,388,deff,0.6744236078151532
protein,388,tf_topology,0.6992829400161296
protein,388,source_r2,0.06875774354618616
protein,389,abundance,0.07634288044032209
protein,389,prevalence,0.4115788400774641
protein,389,distance,0.30497685185185186
protein,389,dispersion,0.30959752321981426
protein,389,omega2,2.2090645972263614
protein,389,deff,0.21875054730562282
protein,389,tf_topology,0.3842558548617582
protein,389,source_r2,0.026568077162695405
protein,390,abundance,0.18754459280399552
protein,390,prevalence,0.47966568137804505
protein,390,distance,0.16944444444444445
protein,390,dispersion,0.19814241486068113
protein,390,omega2,2.561411716460512
protein,390,deff,0.03634276075128672
protein,390,tf_topology,0.5988545079343705
protein,390,source_r2,0.03270637320671583
protein,391,abundance,0.0358780960146774
protein,391,prevalence,0.3221893792681684
protein,391,distance,0.28684413580246915
protein,391,dispersion,0.29411764705882354
protein,391,omega2,0.2322725039495443
protein,391,deff,0.9608200002668618
protein,391,tf_topology,0.34613923574620215
protein,391,source_r2,0.045522278603266464
protein,392,abundance,0.0765467332585873
protein,392,prevalence,0.2673529711548262
protein,392,distance,0.19039351851851852
protein,392,dispersion,0.20743034055727555
protein,392,omega2,0.5157169935451563
protein,392,deff,0.5057996866244326
protein,392,tf_topology,0.5176739898447996
protein,392,source_r2,0.049300078593266676
protein,393,abundance,0.05972887575170727
protein,393,prevalence,0.3241259810416879
protein,393,distance,0.17777777777777778
protein,393,dispersion,0.34365325077399383
protein,393,omega2,4.3633691522511775
protein,393,deff,0.14624498032956906
protein,393,tf_topology,0.24059314685975183
protein,393,source_r2,0.027790174806184054
protein,394,abundance,0.08602588930791968
protein,394,prevalence,0.2862093568443584
protein,394,distance,0.24166666666666667
protein,394,dispersion,0.3126934984520124
protein,394,omega2,39.86313713864835
protein,394,deff,0.01966195355536324
protein,394,tf_topology,0.20240102004227936
protein,394,source_r2,0.015746945063682537
protein,395,abundance,0.05412292324941392
protein,395,prevalence,0.31637957394760985
protein,395,distance,0.25555555555555554
protein,395,dispersion,0.5944272445820433
protein,395,omega2,39.86313713864835
protein,395,deff,0.04451090495938855
protein,395,tf_topology,0.19504643962848298
protein,395,source_r2,0.028773823680108973
protein,396,abundance,0.045663031291407606
protein,396,prevalence,0.2919172357557843
protein,396,distance,0.19618055555555555
protein,396,dispersion,0.30959752321981426
protein,396,omega2,1.2219896152330658
protein,396,deff,0.061714170388420975
protein,396,tf_topology,0.17956656346749225
protein,396,source_r2,0.014455653349664676
protein,397,abundance,0.08694322699011314
protein,397,prevalence,0.31852002853939454
protein,397,distance,0.2824074074074074
protein,397,dispersion,0.5944272445820433
protein,397,omega2,39.86313713864835
protein,397,deff,0.44632042974523006
protein,397,tf_topology,0.20743034055727555
protein,397,source_r2,0.014158548922299568
protein,398,abundance,0.07073692793802874
protein,398,prevalence,0.30934665171746
protein,398,distance,0.16473765432098766
protein,398,dispersion,0.4148606811145511
protein,398,omega2,0.07590055992081772
protein,398,deff,0.33336515005558615
protein,398,tf_topology,0.1393188854489164
protein,398,source_r2,0.012195239582448766
protein,399,abundance,0.07226582407501783
protein,399,prevalence,0.31056976862705127
protein,399,distance,0.1527777777777778
protein,399,dispersion,0.33126934984520123
protein,399,omega2,0.47558271243128747
protein,399,deff,0.1118133933968089
protein,399,tf_topology,0.15170278637770898
protein,399,source_r2,0.014023562375552684
protein,400,abundance,0.153501172153705
protein,400,prevalence,0.24788502701049842
protein,400,distance,0.175
protein,400,dispersion,0.25077399380804954
protein,400,omega2,2.1403284586793974
protein,400,deff,0.4748562110990972
protein,400,tf_topology,0.24148606811145512
protein,400,source_r2,0.015752785491625954
protein,401,abundance,0.06441749057180715
protein,401,prevalence,0.3192335134033228
protein,401,distance,0.24093364197530864
protein,401,dispersion,0.631578947368421
protein,401,omega2,36.67963130906015
protein,401,deff,0.24898376485867835
protein,401,tf_topology,0.21052631578947367
protein,401,source_r2,0.014741852573637339
protein,402,abundance,0.09438385485679339
protein,402,prevalence,0.26755682397309144
protein,402,distance,0.19722222222222222
protein,402,dispersion,0.29721362229102166
protein,402,omega2,4.204173828495062
protein,402,deff,0.16552506653082655
protein,402,tf_topology,0.25832787098435445
protein,402,source_r2,0.01791357561858492
protein,403,abundance,0.05840383243298339
protein,403,prevalence,0.33329935786362247
protein,403,distance,0.11130401234567901
protein,403,dispersion,0.2724458204334365
protein,403,omega2,0.9336535665336589
protein,403,deff,0.29194300555981473
protein,403,tf_topology,0.21949255919499644
protein,403,source_r2,0.017509437129776484
protein,404,abundance,0.179390480073387
protein,404,prevalence,0.4794618285597798
protein,404,distance,0.2816358024691358
protein,404,dispersion,0.3684210526315789
protein,404,omega2,3.1406309395593897
protein,404,deff,0.8457913719941857
protein,404,tf_topology,0.5711496651066017
protein,404,source_r2,0.03901103276053495
protein,405,abundance,0.04749770665579452
protein,405,prevalence,0.35582509428192843
protein,405,distance,0.22067901234567902
protein,405,dispersion,0.38390092879256965
protein,405,omega2,39.86313713864835
protein,405,deff,0.054776605261840784
protein,405,tf_topology,0.14860681114551083
protein,405,source_r2,0.016276205207257963
protein,406,abundance,0.16695545815920906
protein,406,prevalence,0.4269697278564876
protein,406,distance,0.3705632716049383
protein,406,dispersion,0.7120743034055728
protein,406,omega2,39.86313713864835
protein,406,deff,0.5758734951107467
protein,406,tf_topology,0.3281265206971245
protein,406,source_r2,0.01926110523670041
protein,407,abundance,0.17398838038935888
protein,407,prevalence,0.22077260218122516
protein,407,distance,0.325
protein,407,dispersion,0.4117647058823529
protein,407,omega2,39.86313713864835
protein,407,deff,0.3439692990398984
protein,407,tf_topology,0.40609171343065387
protein,407,source_r2,0.04546569097581159
protein,408,abundance,0.1353582713281011
protein,408,prevalence,0.25206400978493526
protein,408,distance,0.17222222222222222
protein,408,dispersion,0.4024767801857585
protein,408,omega2,36.06698018734691
protein,408,deff,0.3216439812027652
protein,408,tf_topology,0.20198368645391784
protein,408,source_r2,0.01358525756647457
protein,409,abundance,0.2847823871165019
protein,409,prevalence,0.2846804607073693
protein,409,distance,0.24131944444444445
protein,409,dispersion,0.25386996904024767
protein,409,omega2,0.6723352670102787
protein,409,deff,0.16894785127123904
protein,409,tf_topology,0.7573175117507184
protein,409,source_r2,0.03306999821508999
protein,410,abundance,0.027112424829273264
protein,410,prevalence,0.4007746407094078
protein,410,distance,0.3333333333333333
protein,410,dispersion,0.3157894736842105
protein,410,omega2,37.24181566529472
protein,410,deff,0.3033671147268482
protein,410,tf_topology,0.5103999556324554
protein,410,source_r2,0.0381386349905305
protein,411,abundance,0.12170013250433187
protein,411,prevalence,0.44236061563551116
protein,411,distance,0.4444444444444444
protein,411,dispersion,0.3157894736842105
protein,411,omega2,37.44597123779724
protein,411,deff,0.10308378780049504
protein,411,tf_topology,0.6906832837528217
protein,411,source_r2,0.05889372460994567
protein,412,abundance,0.04790541229232494
protein,412,prevalence,0.3878299867495668
protein,412,distance,0.2222222222222222
protein,412,dispersion,0.4891640866873065
protein,412,omega2,3.463496652013463
protein,412,deff,0.07397725499165138
protein,412,tf_topology,0.20123839009287925
protein,412,source_r2,0.013799509430300765
protein,413,abundance,0.22219957190908166
protein,413,prevalence,0.491081439200897
protein,413,distance,0.3194444444444444
protein,413,dispersion,0.33746130030959753
protein,413,omega2,1.7479599688940406
protein,413,deff,0.8315381718687338
protein,413,tf_topology,0.8026893797169421
protein,413,source_r2,0.06968387407721385
protein,414,abundance,0.14290082560391398
protein,414,prevalence,0.38467026806645604
protein,414,distance,0.3888888888888889
protein,414,dispersion,0.4117647058823529
protein,414,omega2,39.86313713864835
protein,414,deff,0.44362586043613733
protein,414,tf_topology,0.23529411764705882
protein,414,source_r2,0.024680624752098215
protein,415,abundance,0.12598104168790134
protein,415,prevalence,0.1955967791254714
protein,415,distance,0.32222222222222224
protein,415,dispersion,0.32507739938080493
protein,415,omega2,2.8166052366112018
protein,415,deff,0.710299128493345
protein,415,tf_topology,0.8663213522273602
protein,415,source_r2,0.09922552799623943
protein,416,abundance,0.04056671083477729
protein,416,prevalence,0.3298338599531139
protein,416,distance,0.25277777777777777
protein,416,dispersion,0.24148606811145512
protein,416,omega2,1.111487814702111
protein,416,deff,0.503555068409326
protein,416,tf_topology,0.2738624855517055
protein,416,source_r2,0.030913731687534356
protein,417,abundance,0.11670573845683417
protein,417,prevalence,0.3269799204974009
protein,417,distance,0.325
protein,417,dispersion,0.3684210526315789
protein,417,omega2,37.419926919373815
protein,417,deff,0.03836027254404262
protein,417,tf_topology,0.25077399380804954
protein,417,source_r2,0.03630166409388393
protein,418,abundance,0.04688614820099888
protein,418,prevalence,0.33635715013760065
protein,418,distance,0.3194444444444444
protein,418,dispersion,0.541795665634675
protein,418,omega2,39.86313713864835
protein,418,deff,0.07901576845757513
protein,418,tf_topology,0.17337461300309598
protein,418,source_r2,0.014171590593942586
protein,419,abundance,0.07787177657731117
protein,419,prevalence,0.3566405055549893
protein,419,distance,0.19270833333333334
protein,419,dispersion,0.33126934984520123
protein,419,omega2,2.787728368201613
protein,419,deff,0.4572341954651007
protein,419,tf_topology,0.1393188854489164
protein,419,source_r2,0.015841026830512903
protein,420,abundance,0.11130363877280604
protein,420,prevalence,0.4178982774436857
protein,420,distance,0.2861111111111111
protein,420,dispersion,0.5944272445820433
protein,420,omega2,39.86313713864835
protein,420,deff,0.23616349146114504
protein,420,tf_topology,0.23529411764705882
protein,420,source_r2,0.01398062142003512
protein,421,abundance,0.04219753338089899
protein,421,prevalence,0.3350321068188768
protein,421,distance,0.25833333333333336
protein,421,dispersion,0.3126934984520124
protein,421,omega2,39.86313713864835
protein,421,deff,0.16807007468768784
protein,421,tf_topology,0.23514055053147356
protein,421,source_r2,0.027449384665090254
protein,422,abundance,0.04637651615533585
protein,422,prevalence,0.3272856997247987
protein,422,distance,0.3333333333333333
protein,422,dispersion,0.653250773993808
protein,422,omega2,39.86313713864835
protein,422,deff,0.6544161310610294
protein,422,tf_topology,0.1826625386996904
protein,422,source_r2,0.01655730165743118
protein,423,abundance,0.11660381204770157
protein,423,prevalence,0.23595963714198348
protein,423,distance,0.2991898148148148
protein,423,dispersion,0.32507739938080493
protein,423,omega2,2.2055462801348664
protein,423,deff,0.5817164052788817
protein,423,tf_topology,0.5959973447593503
protein,423,source_r2,0.05041889839480376
protein,424,abundance,0.1499337478340638
protein,424,prevalence,0.24686576291917237
protein,424,distance,0.14444444444444443
protein,424,dispersion,0.43653250773993807
protein,424,omega2,2.023266979896506
protein,424,deff,0.029235829591248146
protein,424,tf_topology,0.15479876160990713
protein,424,source_r2,0.016895763554666984
protein,425,abundance,0.09183569462847824
protein,425,prevalence,0.25981041687901335
protein,425,distance,0.17777777777777778
protein,425,dispersion,0.2848297213622291
protein,425,omega2,36.245476204436414
protein,425,deff,0.12461828530077239
protein,425,tf_topology,0.19814241486068113
protein,425,source_r2,0.01588902707987571
protein,426,abundance,0.06890225257364183
protein,426,prevalence,0.43125063704005706
protein,426,distance,0.22029320987654322
protein,426,dispersion,0.19814241486068113
protein,426,omega2,0.6171429220730248
protein,426,deff,0.08961676994584697
protein,426,tf_topology,0.4689199707418042
protein,426,source_r2,0.019226693805900946
protein,427,abundance,0.14035266537559882
protein,427,prevalence,0.28498623993476707
protein,427,distance,0.30632716049382713
protein,427,dispersion,0.6006191950464397
protein,427,omega2,39.86313713864835
protein,427,deff,0.5547481408464787
protein,427,tf_topology,0.18575851393188855
protein,427,source_r2,0.013989117885492088
protein,428,abundance,0.06900417898277443
protein,428,prevalence,0.39832840689022525
protein,428,distance,0.17824074074074073
protein,428,dispersion,0.29411764705882354
protein,428,omega2,0.6968351172057957
protein,428,deff,0.06817421648123956
protein,428,tf_topology,0.34434511381251526
protein,428,source_r2,0.023777010356261556
protein,429,abundance,0.04790541229232494
protein,429,prevalence,0.33982264804810924
protein,429,distance,0.24166666666666667
protein,429,dispersion,0.4613003095975232
protein,429,omega2,36.76458986215701
protein,429,deff,0.09596686914645951
protein,429,tf_topology,0.23839009287925697
protein,429,source_r2,0.023192286398453422
protein,430,abundance,0.012842727550708389
protein,430,prevalence,0.35123840587096117
protein,430,distance,0.17222222222222222
protein,430,dispersion,0.2724458204334365
protein,430,omega2,1.7279338039730752
protein,430,deff,0.2698770382869995
protein,430,tf_topology,0.21031453620645552
protein,430,source_r2,0.01587222159704242
protein,431,abundance,0.1075323616348996
protein,431,prevalence,0.27622056874936296
protein,431,distance,0.3111111111111111
protein,431,dispersion,0.541795665634675
protein,431,omega2,39.86313713864835
protein,431,deff,0.1467538106794894
protein,431,tf_topology,0.19195046439628483
protein,431,source_r2,0.015113725129254373
protein,432,abundance,0.06492712261747019
protein,432,prevalence,0.4299255937213332
protein,432,distance,0.4111111111111111
protein,432,dispersion,0.7120743034055728
protein,432,omega2,39.86313713864835
protein,432,deff,0.09368337292977243
protein,432,tf_topology,0.46144261578503015
protein,432,source_r2,0.030940426657383894
protein,433,abundance,0.25349097951279176
protein,433,prevalence,0.24961777596575271
protein,433,distance,0.21944444444444444
protein,433,dispersion,0.3653250773993808
protein,433,omega2,4.205132629188399
protein,433,deff,0.442707752989133
protein,433,tf_topology,0.45649326871319257
protein,433,source_r2,0.028516478088618236
protein,434,abundance,0.2329018448680053
protein,434,prevalence,0.2329018448680053
protein,434,distance,0.25
protein,434,dispersion,0.30030959752321984
protein,434,omega2,1.6814431356867319
protein,434,deff,0.0663650932278922
protein,434,tf_topology,0.6189086944175376
protein,434,source_r2,0.04470721580587742
protein,435,abundance,0.12628682091529916
protein,435,prevalence,0.4042401386199164
protein,435,distance,0.25277777777777777
protein,435,dispersion,0.4024767801857585
protein,435,omega2,2.5551209454594668
protein,435,deff,0.31054323425442243
protein,435,tf_topology,0.32840132107864145
protein,435,source_r2,0.025231710417089884
protein,436,abundance,0.10620731831617572
protein,436,prevalence,0.40505554989297726
protein,436,distance,0.2816358024691358
protein,436,dispersion,0.6006191950464397
protein,436,omega2,39.86313713864835
protein,436,deff,0.42612272383172467
protein,436,tf_topology,0.17647058823529413
protein,436,source_r2,0.013231432175581388
protein,437,abundance,0.09998980735908673
protein,437,prevalence,0.3748853327897258
protein,437,distance,0.2175925925925926
protein,437,dispersion,0.5541795665634675
protein,437,omega2,39.86313713864835
protein,437,deff,0.03987665514536197
protein,437,tf_topology,0.1826625386996904
protein,437,source_r2,0.012925046331582394
protein,438,abundance,0.14942411578840079
protein,438,prevalence,0.2263785546835185
protein,438,distance,0.2611882716049383
protein,438,dispersion,0.44891640866873067
protein,438,omega2,36.35342439000479
protein,438,deff,0.29604026598740496
protein,438,tf_topology,0.3092247015666446
protein,438,source_r2,0.01990250507302705
protein,439,abundance,0.12842727550708388
protein,439,prevalence,0.39639180511670574
protein,439,distance,0.2972222222222222
protein,439,dispersion,0.38390092879256965
protein,439,omega2,1.7140704979561217
protein,439,deff,0.38312003478433987
protein,439,tf_topology,0.2476780185758514
protein,439,source_r2,0.015705908981748947
protein,440,abundance,0.24299255937213332
protein,440,prevalence,0.2428906329630007
protein,440,distance,0.2222222222222222
protein,440,dispersion,0.3065015479876161
protein,440,omega2,1.5258415136850738
protein,440,deff,0.2668427827258482
protein,440,tf_topology,0.8697332118931406
protein,440,source_r2,0.07360126063445364
protein,441,abundance,0.08378350830700235
protein,441,prevalence,0.33931301600244623
protein,441,distance,0.2332175925925926
protein,441,dispersion,0.30030959752321984
protein,441,omega2,2.2095425452550432
protein,441,deff,0.21687394808719473
protein,441,tf_topology,0.19814241486068113
protein,441,source_r2,0.018465958128692207
protein,442,abundance,0.13097543573539905
protein,442,prevalence,0.3408419121394353
protein,442,distance,0.24166666666666667
protein,442,dispersion,0.5015479876160991
protein,442,omega2,36.601039844499326
protein,442,deff,0.09965886823667158
protein,442,tf_topology,0.25696594427244585
protein,442,source_r2,0.016496139244934288
protein,443,abundance,0.08673937417184792
protein,443,prevalence,0.29252879421058
protein,443,distance,0.20833333333333334
protein,443,dispersion,0.43653250773993807
protein,443,omega2,2.5200652739981884
protein,443,deff,0.016622832144224324
protein,443,tf_topology,0.13003095975232198
protein,443,source_r2,0.01331108980970442
protein,444,abundance,0.11425950463765161
protein,444,prevalence,0.26602792783610235
protein,444,distance,0.17222222222222222
protein,444,dispersion,0.2724458204334365
protein,444,omega2,0.5898952493700726
protein,444,deff,0.06070471832511071
protein,444,tf_topology,0.2260061919504644
protein,444,source_r2,0.013415745834424099
protein,445,abundance,0.1206808684130058
protein,445,prevalence,0.352053817144022
protein,445,distance,0.23055555555555557
protein,445,dispersion,0.32507739938080493
protein,445,omega2,3.3781863104691747
protein,445,deff,0.18478176261950932
protein,445,tf_topology,0.18885448916408668
protein,445,source_r2,0.01974640917611349
protein,446,abundance,0.07542554275812863
protein,446,prevalence,0.26745489756395885
protein,446,distance,0.2833333333333333
protein,446,dispersion,0.5294117647058824
protein,446,omega2,39.86313713864835
protein,446,deff,0.19195999614810322
protein,446,tf_topology,0.2476780185758514
protein,446,source_r2,0.0207226921279538
protein,447,abundance,0.18122515543777393
protein,447,prevalence,0.4585669146875956
protein,447,distance,0.28935185185185186
protein,447,dispersion,0.4674922600619195
protein,447,omega2,36.4985995089703
protein,447,deff,0.2692060811828555
protein,447,tf_topology,0.39721006597791586
protein,447,source_r2,0.019486973533077698
protein,448,abundance,0.29711548262154724
protein,448,prevalence,0.28264193252471714
protein,448,distance,0.11944444444444445
protein,448,dispersion,0.3188854489164087
protein,448,omega2,0.9548821656946137
protein,448,deff,0.27275722512902245
protein,448,tf_topology,0.5736168451930973
protein,448,source_r2,0.02704151696804542
protein,449,abundance,0.22597084904698808
protein,449,prevalence,0.21282234226888186
protein,449,distance,0.2991898148148148
protein,449,dispersion,0.29411764705882354
protein,449,omega2,2.624790027282836
protein,449,deff,0.651145208341969
protein,449,tf_topology,0.5952645612748289
protein,449,source_r2,0.04713615691648353
protein,450,abundance,0.15237998165324634
protein,450,prevalence,0.45887269391499336
protein,450,distance,0.33611111111111114
protein,450,dispersion,0.33746130030959753
protein,450,omega2,4.185374746731856
protein,450,deff,1.0024225838631076
protein,450,tf_topology,0.723607016388603
protein,450,source_r2,0.10234695730452421
protein,451,abundance,0.0537152176128835
protein,451,prevalence,0.31790847008459894
protein,451,distance,0.30632716049382713
protein,451,dispersion,0.3684210526315789
protein,451,omega2,39.86313713864835
protein,451,deff,0.7083822905731406
protein,451,tf_topology,0.29721362229102166
protein,451,source_r2,0.0406592322648467
protein,452,abundance,0.06941188461930486
protein,452,prevalence,0.31892773417592496
protein,452,distance,0.3388888888888889
protein,452,dispersion,0.39628482972136225
protein,452,omega2,4.608638403857011
protein,452,deff,0.4245449432584884
protein,452,tf_topology,0.25077399380804954
protein,452,source_r2,0.018744407574046742
protein,453,abundance,0.17663846702680663
protein,453,prevalence,0.22260727754561208
protein,453,distance,0.1527777777777778
protein,453,dispersion,0.37770897832817335
protein,453,omega2,0.7162804668618931
protein,453,deff,0.030034991023552237
protein,453,tf_topology,0.25077399380804954
protein,453,source_r2,0.01397618706969112
protein,454,abundance,0.08806441749057181
protein,454,prevalence,0.24859851187442666
protein,454,distance,0.28684413580246915
protein,454,dispersion,0.4148606811145511
protein,454,omega2,36.37072664343968
protein,454,deff,0.544745556373118
protein,454,tf_topology,0.4484735249436734
protein,454,source_r2,0.027407973398447086
protein,455,abundance,0.02099684028131689
protein,455,prevalence,0.3535827132810111
protein,455,distance,0.25555555555555554
protein,455,dispersion,0.17337461300309598
protein,455,omega2,36.32464563614918
protein,455,deff,0.44004274778608776
protein,455,tf_topology,0.2848297213622291
protein,455,source_r2,0.026470289195106304
protein,456,abundance,0.13647946182855977
protein,456,prevalence,0.4324737539496484
protein,456,distance,0.1550925925925926
protein,456,dispersion,0.33126934984520123
protein,456,omega2,36.2670317285277
protein,456,deff,0.07929976744841029
protein,456,tf_topology,0.21052631578947367
protein,456,source_r2,0.013969946585855722
protein,457,abundance,0.08663744776271531
protein,457,prevalence,0.3645907654673326
protein,457,distance,0.21489197530864199
protein,457,dispersion,0.541795665634675
protein,457,omega2,39.86313713864835
protein,457,deff,0.02809894728238806
protein,457,tf_topology,0.20743034055727555
protein,457,source_r2,0.014383177256043036
protein,458,abundance,0.19967383549077566
protein,458,prevalence,0.25491794924064826
protein,458,distance,0.25833333333333336
protein,458,dispersion,0.2631578947368421
protein,458,omega2,36.54293327619326
protein,458,deff,0.17342236558301244
protein,458,tf_topology,0.25696594427244585
protein,458,source_r2,0.03147399021431092
protein,459,abundance,0.14911833656100296
protein,459,prevalence,0.2360615635511161
protein,459,distance,0.24421296296296297
protein,459,dispersion,0.24148606811145512
protein,459,omega2,0.5717183109585733
protein,459,deff,0.3607416388218855
protein,459,tf_topology,0.2770844684620002
protein,459,source_r2,0.026327366599767615
protein,460,abundance,0.1287330547344817
protein,460,prevalence,0.40943838548567935
protein,460,distance,0.16944444444444445
protein,460,dispersion,0.26006191950464397
protein,460,omega2,6.65600653313629
protein,460,deff,0.12817772618303355
protein,460,tf_topology,0.17956656346749225
protein,460,source_r2,0.013182407853748166
protein,461,abundance,0.04902660279278361
protein,461,prevalence,0.41973295280807255
protein,461,distance,0.3472222222222222
protein,461,dispersion,0.3157894736842105
protein,461,omega2,37.085404243987306
protein,461,deff,0.06396487443928874
protein,461,tf_topology,0.5686348438699876
protein,461,source_r2,0.05256370870028619
protein,462,abundance,0.08938946080929569
protein,462,prevalence,0.2815207420242585
protein,462,distance,0.2208719135802469
protein,462,dispersion,0.6253869969040248
protein,462,omega2,36.83228447010403
protein,462,deff,0.13084817101396165
protein,462,tf_topology,0.21052631578947367
protein,462,source_r2,0.017328558675030713
protein,463,abundance,0.08184690653348282
protein,463,prevalence,0.26806645601875445
protein,463,distance,0.2111111111111111
protein,463,dispersion,0.32507739938080493
protein,463,omega2,3.38987845588043
protein,463,deff,0.257443549064169
protein,463,tf_topology,0.2537141572733642
protein,463,source_r2,0.020120511308439667
protein,464,abundance,0.1697074712057894
protein,464,prevalence,0.21241463663235144
protein,464,distance,0.25277777777777777
protein,464,dispersion,0.26006191950464397
protein,464,omega2,1.89964240723403
protein,464,deff,0.6423752029569547
protein,464,tf_topology,0.4534847707090347
protein,464,source_r2,0.032663743608580306
protein,465,abundance,0.20130465803689737
protein,465,prevalence,0.198552644990317
protein,465,distance,0.3304398148148148
protein,465,dispersion,0.35294117647058826
protein,465,omega2,0.3294236315370672
protein,465,deff,0.6546115293000879
protein,465,tf_topology,0.43360417806426704
protein,465,source_r2,0.04056658369511585
protein,466,abundance,0.0715523392110896
protein,466,prevalence,0.43226990113138314
protein,466,distance,0.22665895061728394
protein,466,dispersion,0.3653250773993808
protein,466,omega2,0.30052409472456315
protein,466,deff,0.25175210716285207
protein,466,tf_topology,0.5051206141890922
protein,466,source_r2,0.024644511091049714
protein,467,abundance,0.22219957190908166
protein,467,prevalence,0.2214860870451534
protein,467,distance,0.2111111111111111
protein,467,dispersion,0.24148606811145512
protein,467,omega2,3.6435337762483697
protein,467,deff,0.5604809763240478
protein,467,tf_topology,0.46423549452575064
protein,467,source_r2,0.029684347555209132
protein,468,abundance,0.12720415859749262
protein,468,prevalence,0.4753847721944756
protein,468,distance,0.3472222222222222
protein,468,dispersion,0.29102167182662536
protein,468,omega2,36.49059693431985
protein,468,deff,0.09535095047794334
protein,468,tf_topology,0.8739973677796307
protein,468,source_r2,0.08060968782249073
protein,469,abundance,0.1285292019162165
protein,469,prevalence,0.22342268881867292
protein,469,distance,0.3416666666666667
protein,469,dispersion,0.3591331269349845
protein,469,omega2,39.86313713864835
protein,469,deff,0.16442804671412392
protein,469,tf_topology,0.6024499664804654
protein,469,source_r2,0.0595762900852338
protein,470,abundance,0.09642238303944552
protein,470,prevalence,0.40638059321170117
protein,470,distance,0.20277777777777778
protein,470,dispersion,0.2786377708978328
protein,470,omega2,0.36331811796291436
protein,470,deff,0.35943122459889326
protein,470,tf_topology,0.24580101645294267
protein,470,source_r2,0.01392441554573484
protein,471,abundance,0.16838242788706553
protein,471,prevalence,0.40464784425644684
protein,471,distance,0.175
protein,471,dispersion,0.38390092879256965
protein,471,omega2,1.9230880474395353
protein,471,deff,0.18008874871712827
protein,471,tf_topology,0.26006191950464397
protein,471,source_r2,0.019095839528672696
protein,472,abundance,0.1661400468861482
protein,472,prevalence,0.19508714707980837
protein,472,distance,0.2777777777777778
protein,472,dispersion,0.2476780185758514
protein,472,omega2,1.4867498437973674
protein,472,deff,0.3208654730994968
protein,472,tf_topology,0.6925618360944045
protein,472,source_r2,0.07027385393307237
protein,473,abundance,0.015085108551625726
protein,473,prevalence,0.34532667414127
protein,473,distance,0.2835648148148148
protein,473,dispersion,0.6253869969040248
protein,473,omega2,37.223176812834616
protein,473,deff,0.5690418274672909
protein,473,tf_topology,0.15479876160990713
protein,473,source_r2,0.015223494268675334
protein,474,abundance,0.06767913566405055
protein,474,prevalence,0.3350321068188768
protein,474,distance,0.3416666666666667
protein,474,dispersion,0.42105263157894735
protein,474,omega2,37.38984070646164
protein,474,deff,0.07195964065239707
protein,474,tf_topology,0.3238675001643925
protein,474,source_r2,0.03336356938001707
protein,475,abundance,0.20415859749261034
protein,475,prevalence,0.21261848945061665
protein,475,distance,0.31666666666666665
protein,475,dispersion,0.5139318885448917
protein,475,omega2,36.798934157596065
protein,475,deff,0.038939642128926706
protein,475,tf_topology,0.24458204334365324
protein,475,source_r2,0.027196395699785856
protein,476,abundance,0.059015390887779025
protein,476,prevalence,0.3539904189175415
protein,476,distance,0.18325617283950618
protein,476,dispersion,0.2043343653250774
protein,476,omega2,35.92347181110191
protein,476,deff,0.139668260867808
protein,476,tf_topology,0.3349974547511023
protein,476,source_r2,0.028732305581417754
protein,477,abundance,0.13923147487514015
protein,477,prevalence,0.26460095810824585
protein,477,distance,0.20555555555555555
protein,477,dispersion,0.30030959752321984
protein,477,omega2,39.86313713864835
protein,477,deff,0.02713786583306596
protein,477,tf_topology,0.27344230632361594
protein,477,source_r2,0.017240624158098777
protein,478,abundance,0.09071450412801957
protein,478,prevalence,0.3182142493119967
protein,478,distance,0.15046296296296297
protein,478,dispersion,0.6006191950464397
protein,478,omega2,3.132584560597454
protein,478,deff,0.029021071469450828
protein,478,tf_topology,0.19504643962848298
protein,478,source_r2,0.013576663197310802
protein,479,abundance,0.1317908470084599
protein,479,prevalence,0.42391193558250945
protein,479,distance,0.22067901234567902
protein,479,dispersion,0.25696594427244585
protein,479,omega2,0.4032957703083341
protein,479,deff,0.2947468530914534
protein,479,tf_topology,0.40024325911291664
protein,479,source_r2,0.02576738930445835
protein,480,abundance,0.13372744878197942
protein,480,prevalence,0.2036489654469473
protein,480,distance,0.20555555555555555
protein,480,dispersion,0.25386996904024767
protein,480,omega2,1.9239778656192335
protein,480,deff,0.6533535785596396
protein,480,tf_topology,0.6757238028779664
protein,480,source_r2,0.06749623946002069
protein,481,abundance,0.17296911629803283
protein,481,prevalence,0.22586892263785546
protein,481,distance,0.2388888888888889
protein,481,dispersion,0.3498452012383901
protein,481,omega2,0.2507314186002943
protein,481,deff,0.278110629996517
protein,481,tf_topology,0.23839009287925697
protein,481,source_r2,0.01424811276587932
protein,482,abundance,0.1658342676587504
protein,482,prevalence,0.42646009581082456
protein,482,distance,0.30632716049382713
protein,482,dispersion,0.7058823529411765
protein,482,omega2,39.86313713864835
protein,482,deff,0.6345983328302258
protein,482,tf_topology,0.3126934984520124
protein,482,source_r2,0.016536639546929164
protein,483,abundance,0.29701355621241465
protein,483,prevalence,0.5455101416777087
protein,483,distance,0.25733024691358025
protein,483,dispersion,0.19504643962848298
protein,483,omega2,2.1128726086823075
protein,483,deff,0.2907335786017525
protein,483,tf_topology,0.5562094227123442
protein,483,source_r2,0.026863571904267327
protein,484,abundance,0.16002446233819181
protein,484,prevalence,0.23198450718581184
protein,484,distance,0.23055555555555557
protein,484,dispersion,0.541795665634675
protein,484,omega2,39.86313713864835
protein,484,deff,0.05108849707575483
protein,484,tf_topology,0.25696594427244585
protein,484,source_r2,0.013566576380954997
protein,485,abundance,0.34502089491387217
protein,485,prevalence,0.34502089491387217
protein,485,distance,0.28510802469135804
protein,485,dispersion,0.3715170278637771
protein,485,omega2,1.4959663930193037
protein,485,deff,0.8773951882360524
protein,485,tf_topology,1.0174673125385911
protein,485,source_r2,0.0778266196052535
protein,486,abundance,0.04219753338089899
protein,486,prevalence,0.34104576495770056
protein,486,distance,0.14293981481481483
protein,486,dispersion,0.38390092879256965
protein,486,omega2,1.002262383275351
protein,486,deff,0.32396051627889133
protein,486,tf_topology,0.20123839009287925
protein,486,source_r2,0.021271892123652117
protein,487,abundance,0.15095301192538987
protein,487,prevalence,0.19671796962593008
protein,487,distance,0.2916666666666667
protein,487,dispersion,0.3653250773993808
protein,487,omega2,39.86313713864835
protein,487,deff,0.3133654246006124
protein,487,tf_topology,0.5990760786591758
protein,487,source_r2,0.04903072833404739
protein,488,abundance,0.1383141371929467
protein,488,prevalence,0.3496075833248395
protein,488,distance,0.1388888888888889
protein,488,dispersion,0.33746130030959753
protein,488,omega2,0.6565808853301092
protein,488,deff,0.03427435640843562
protein,488,tf_topology,0.17647058823529413
protein,488,source_r2,0.023004009966085894
protein,489,abundance,0.1172153705024972
protein,489,prevalence,0.24839465905616145
protein,489,distance,0.19463734567901234
protein,489,dispersion,0.42105263157894735
protein,489,omega2,1.5321368413227263
protein,489,deff,0.0922482660965005
protein,489,tf_topology,0.29102167182662536
protein,489,source_r2,0.01576452335142306
protein,490,abundance,0.16257262256650698
protein,490,prevalence,0.44684537763734583
protein,490,distance,0.2334104938271605
protein,490,dispersion,0.3065015479876161
protein,490,omega2,4.88658936709501
protein,490,deff,0.15265855210910526
protein,490,tf_topology,0.45645995540371065
protein,490,source_r2,0.024389634487869957
protein,491,abundance,0.12170013250433187
protein,491,prevalence,0.3782489042911018
protein,491,distance,0.1568287037037037
protein,491,dispersion,0.2631578947368421
protein,491,omega2,3.3766062471269063
protein,491,deff,0.2819391972117949
protein,491,tf_topology,0.21981424148606812
protein,491,source_r2,0.016609277764507383
protein,492,abundance,0.09907246967689329
protein,492,prevalence,0.2756090102945673
protein,492,distance,0.2833333333333333
protein,492,dispersion,0.2786377708978328
protein,492,omega2,36.032709328381536
protein,492,deff,0.3773571381153037
protein,492,tf_topology,0.1609907120743034
protein,492,source_r2,0.022540087655763402
protein,493,abundance,0.13291203750891856
protein,493,prevalence,0.36234838446641526
protein,493,distance,0.28888888888888886
protein,493,dispersion,0.3684210526315789
protein,493,omega2,37.154317870858385
protein,493,deff,0.18458685079382683
protein,493,tf_topology,0.4054836603727581
protein,493,source_r2,0.053576776724848216
protein,494,abundance,0.30343491998776884
protein,494,prevalence,0.30333299357863625
protein,494,distance,0.25636574074074076
protein,494,dispersion,0.3126934984520124
protein,494,omega2,1.7776017116858367
protein,494,deff,1.107861755945362
protein,494,tf_topology,0.8306606490110447
protein,494,source_r2,0.08224304997436203
protein,495,abundance,0.03995515237998165
protein,495,prevalence,0.37519111201712363
protein,495,distance,0.20833333333333334
protein,495,dispersion,0.25696594427244585
protein,495,omega2,0.49558286847757954
protein,495,deff,0.6193205080477614
protein,495,tf_topology,0.21579381969142888
protein,495,source_r2,0.017104916467071553
protein,496,abundance,0.015187034960758333
protein,496,prevalence,0.32422790745082053
protein,496,distance,0.31666666666666665
protein,496,dispersion,0.39009287925696595
protein,496,omega2,1.6317240679010672
protein,496,deff,0.43987826903680793
protein,496,tf_topology,0.21981424148606812
protein,496,source_r2,0.01784659399133698
protein,497,abundance,0.057588421159922534
protein,497,prevalence,0.3302415655896443
protein,497,distance,0.3277777777777778
protein,497,dispersion,0.39009287925696595
protein,497,omega2,36.92260258742207
protein,497,deff,0.254210254978917
protein,497,tf_topology,0.2631578947368421
protein,497,source_r2,0.023708528205455083
protein,498,abundance,0.11059015390887779
protein,498,prevalence,0.2552237284680461
protein,498,distance,0.1896219135802469
protein,498,dispersion,0.3560371517027864
protein,498,omega2,2.0050525248409468
protein,498,deff,0.30696544852277213
protein,498,tf_topology,0.3249856298462688
protein,498,source_r2,0.023930566149239295
protein,499,abundance,0.10080521863214759
protein,499,prevalence,0.2659260014269697
protein,499,distance,0.28684413580246915
protein,499,dispersion,0.4148606811145511
protein,499,omega2,36.409876184732596
protein,499,deff,0.6358970176489769
protein,499,tf_topology,0.309505900496949
protein,499,source_r2,0.02682667581715604
gene,0,abundance,0.11662531017369727
gene,0,prevalence,0.07444168734491315
gene,0,distance,0.48
gene,0,dispersion,0.6
gene,0,omega2,0.8067946983284301
gene,0,deff,0.08793411533308267
gene,0,library_sparsity,0.4
gene,0,source_r2,0.05702108241975085
gene,1,abundance,0.10421836228287841
gene,1,prevalence,0.07692307692307693
gene,1,distance,0.3
gene,1,dispersion,0.5
gene,1,omega2,0.2530851245242234
gene,1,deff,0.3655703484722985
gene,1,library_sparsity,0.3
gene,1,source_r2,0.027616759983590533
gene,2,abundance,0.10173697270471464
gene,2,prevalence,0.09181141439205956
gene,2,distance,0.32
gene,2,dispersion,0.4
gene,2,omega2,0.19409324243513024
gene,2,deff,0.28300588902924245
gene,2,library_sparsity,0.4
gene,2,source_r2,0.010298231228890734
gene,3,abundance,0.05707196029776675
gene,3,prevalence,0.04218362282878412
gene,3,distance,0.16
gene,3,dispersion,0.5
gene,3,omega2,0.5523785054939513
gene,3,deff,0.15210520114937637
gene,3,library_sparsity,0.2
gene,3,source_r2,0.0023516636260491044
gene,4,abundance,0.1315136476426799
gene,4,prevalence,0.08684863523573201
gene,4,distance,0.28
gene,4,dispersion,0.6
gene,4,omega2,0.000554871584092127
gene,4,deff,0.32294688999533905
gene,4,library_sparsity,0.3
gene,4,source_r2,0.032866743637985626
gene,5,abundance,0.062034739454094295
gene,5,prevalence,0.10918114143920596
gene,5,distance,0.35
gene,5,dispersion,0.7
gene,5,omega2,0.930677568624918
gene,5,deff,0.550587002933512
gene,5,library_sparsity,0.4
gene,5,source_r2,0.06388105845197475
gene,6,abundance,0.11662531017369727
gene,6,prevalence,0.09925558312655088
gene,6,distance,0.35
gene,6,dispersion,0.6
gene,6,omega2,0.1755491907215104
gene,6,deff,0.4384121534962662
gene,6,library_sparsity,0.5
gene,6,source_r2,0.029540004185985434
gene,7,abundance,0.06947890818858561
gene,7,prevalence,0.019851116625310174
gene,7,distance,0.2
gene,7,dispersion,0.5
gene,7,omega2,0.5184381951218587
gene,7,deff,0.1368139341064085
gene,7,library_sparsity,0.4
gene,7,source_r2,0.00211786959970218
gene,8,abundance,0.0967741935483871
gene,8,prevalence,0.02729528535980149
gene,8,distance,0.36
gene,8,dispersion,0.5
gene,8,omega2,0.10669440147473572
gene,8,deff,0.2354780064822413
gene,8,library_sparsity,0.3
gene,8,source_r2,0.013314689389065664
gene,9,abundance,0.06699751861042183
gene,9,prevalence,0.05707196029776675
gene,9,distance,0.2
gene,9,dispersion,0.5
gene,9,omega2,0.5555814521894883
gene,9,deff,0.16085730013961808
gene,9,library_sparsity,0.5
gene,9,source_r2,0.001781185300412447
gene,10,abundance,0.052109181141439205
gene,10,prevalence,0.05459057071960298
gene,10,distance,0.3
gene,10,dispersion,0.6
gene,10,omega2,0.9272867583513331
gene,10,deff,0.06742690009901256
gene,10,library_sparsity,0.3
gene,10,source_r2,0.021602015168335258
gene,11,abundance,0.11166253101736973
gene,11,prevalence,0.05459057071960298
gene,11,distance,0.32
gene,11,dispersion,0.4
gene,11,omega2,0.4938190287322974
gene,11,deff,0.42234343924357615
gene,11,library_sparsity,0.2
gene,11,source_r2,0.005488328725876826
gene,12,abundance,0.12158808933002481
gene,12,prevalence,0.052109181141439205
gene,12,distance,0.24
gene,12,dispersion,0.5
gene,12,omega2,0.05424222098305492
gene,12,deff,0.5198160263933022
gene,12,library_sparsity,0.3
gene,12,source_r2,0.02509662756838525
gene,13,abundance,0.09181141439205956
gene,13,prevalence,0.062034739454094295
gene,13,distance,0.2
gene,13,dispersion,0.5
gene,13,omega2,0.24332752072536729
gene,13,deff,0.3402775555885665
gene,13,library_sparsity,0.3
gene,13,source_r2,0.027028820917915246
gene,14,abundance,0.04218362282878412
gene,14,prevalence,0.09429280397022333
gene,14,distance,0.3
gene,14,dispersion,0.7
gene,14,omega2,0.9236863996493603
gene,14,deff,0.06467108456264421
gene,14,library_sparsity,0.4
gene,14,source_r2,0.021803337768968558
gene,15,abundance,0.052109181141439205
gene,15,prevalence,0.0794044665012407
gene,15,distance,0.3
gene,15,dispersion,0.7
gene,15,omega2,1.049223013717837
gene,15,deff,0.029700143812534958
gene,15,library_sparsity,0.4
gene,15,source_r2,0.02392807882453532
gene,16,abundance,0.15384615384615385
gene,16,prevalence,0.06699751861042183
gene,16,distance,0.35
gene,16,dispersion,0.4
gene,16,omega2,0.7683512342646995
gene,16,deff,0.35149229678721466
gene,16,library_sparsity,0.4
gene,16,source_r2,0.007103857829022381
gene,17,abundance,0.17121588089330025
gene,17,prevalence,0.10421836228287841
gene,17,distance,0.28
gene,17,dispersion,0.6
gene,17,omega2,0.24336930077062457
gene,17,deff,0.49748438120569466
gene,17,library_sparsity,0.4
gene,17,source_r2,0.03158017843453956
gene,18,abundance,0.0967741935483871
gene,18,prevalence,0.09181141439205956
gene,18,distance,0.32
gene,18,dispersion,0.4
gene,18,omega2,0.45096112878358424
gene,18,deff,0.33376669292389205
gene,18,library_sparsity,0.3
gene,18,source_r2,0.010040642567335379
gene,19,abundance,0.04962779156327544
gene,19,prevalence,0.02729528535980149
gene,19,distance,0.28
gene,19,dispersion,0.4
gene,19,omega2,0.3062926069806091
gene,19,deff,0.19276067595195462
gene,19,library_sparsity,0.4
gene,19,source_r2,0.006650529955913254
gene,20,abundance,0.07444168734491315
gene,20,prevalence,0.141439205955335
gene,20,distance,0.55
gene,20,dispersion,0.9
gene,20,omega2,1.4367764516964217
gene,20,deff,0.12118903487851895
gene,20,library_sparsity,0.4
gene,20,source_r2,0.10496717182744138
gene,21,abundance,0.15632754342431762
gene,21,prevalence,0.03722084367245657
gene,21,distance,0.36
gene,21,dispersion,0.6
gene,21,omega2,1.1388991790774157
gene,21,deff,0.22286686093602354
gene,21,library_sparsity,0.6
gene,21,source_r2,0.0007959874677867035
gene,22,abundance,0.10918114143920596
gene,22,prevalence,0.10918114143920596
gene,22,distance,0.4
gene,22,dispersion,0.7
gene,22,omega2,1.3452699973050666
gene,22,deff,0.2327063093898795
gene,22,library_sparsity,0.4
gene,22,source_r2,0.016816107138797432
gene,23,abundance,0.1141439205955335
gene,23,prevalence,0.02977667493796526
gene,23,distance,0.32
gene,23,dispersion,0.5
gene,23,omega2,0.9184688548128969
gene,23,deff,0.27958414841139795
gene,23,library_sparsity,0.3
gene,23,source_r2,0.00042869606494139076
gene,24,abundance,0.1513647642679901
gene,24,prevalence,0.04218362282878412
gene,24,distance,0.36
gene,24,dispersion,0.6
gene,24,omega2,1.0961378567694113
gene,24,deff,0.2342672116346867
gene,24,library_sparsity,0.3
gene,24,source_r2,0.0009190328956022551
gene,25,abundance,0.18114143920595532
gene,25,prevalence,0.08684863523573201
gene,25,distance,0.52
gene,25,dispersion,0.5
gene,25,omega2,0.25892580190887454
gene,25,deff,0.8323078505141028
gene,25,library_sparsity,0.4
gene,25,source_r2,0.06121066366727284
gene,26,abundance,0.062034739454094295
gene,26,prevalence,0.01488833746898263
gene,26,distance,0.24
gene,26,dispersion,0.5
gene,26,omega2,0.5335601409267646
gene,26,deff,0.1302995950540376
gene,26,library_sparsity,0.3
gene,26,source_r2,0.002299989010138633
gene,27,abundance,0.14392059553349876
gene,27,prevalence,0.04466501240694789
gene,27,distance,0.32
gene,27,dispersion,0.4
gene,27,omega2,0.6992450131945422
gene,27,deff,0.362298517677392
gene,27,library_sparsity,0.3
gene,27,source_r2,0.006370899413264472
gene,28,abundance,0.1315136476426799
gene,28,prevalence,0.0794044665012407
gene,28,distance,0.28
gene,28,dispersion,0.6
gene,28,omega2,0.027015540461734083
gene,28,deff,0.3048642148343187
gene,28,library_sparsity,0.4
gene,28,source_r2,0.03235716276061928
gene,29,abundance,0.0967741935483871
gene,29,prevalence,0.07692307692307693
gene,29,distance,0.25
gene,29,dispersion,0.5
gene,29,omega2,0.22918379908910258
gene,29,deff,0.3747827060042476
gene,29,library_sparsity,0.3
gene,29,source_r2,0.028342903440749866
gene,30,abundance,0.08684863523573201
gene,30,prevalence,0.07196029776674938
gene,30,distance,0.2
gene,30,dispersion,0.5
gene,30,omega2,0.229194327087604
gene,30,deff,0.3426424530658512
gene,30,library_sparsity,0.3
gene,30,source_r2,0.026879904856728018
gene,31,abundance,0.07196029776674938
gene,31,prevalence,0.02481389578163772
gene,31,distance,0.2
gene,31,dispersion,0.5
gene,31,omega2,0.4644004308818498
gene,31,deff,0.1820723963768561
gene,31,library_sparsity,0.3
gene,31,source_r2,0.0010691406215774554
gene,32,abundance,0.06451612903225806
gene,32,prevalence,0.11166253101736973
gene,32,distance,0.45
gene,32,dispersion,0.8
gene,32,omega2,1.4487586741884984
gene,32,deff,0.071775986213016
gene,32,library_sparsity,0.5
gene,32,source_r2,0.06984606379521643
gene,33,abundance,0.07196029776674938
gene,33,prevalence,0.05707196029776675
gene,33,distance,0.28
gene,33,dispersion,0.5
gene,33,omega2,0.6340034229377218
gene,33,deff,0.34868083776261405
gene,33,library_sparsity,0.3
gene,33,source_r2,0.0018127964969601852
gene,34,abundance,0.07444168734491315
gene,34,prevalence,0.022332506203473945
gene,34,distance,0.24
gene,34,dispersion,0.4
gene,34,omega2,0.12405160231999211
gene,34,deff,0.2895326653913878
gene,34,library_sparsity,0.4
gene,34,source_r2,0.010682470739434718
gene,35,abundance,0.062034739454094295
gene,35,prevalence,0.06947890818858561
gene,35,distance,0.36
gene,35,dispersion,0.7
gene,35,omega2,0.673666512754531
gene,35,deff,0.15621748692056717
gene,35,library_sparsity,0.2
gene,35,source_r2,0.027625139575965414
gene,36,abundance,0.0967741935483871
gene,36,prevalence,0.07444168734491315
gene,36,distance,0.25
gene,36,dispersion,0.5
gene,36,omega2,0.324044061048917
gene,36,deff,0.38948352230205907
gene,36,library_sparsity,0.3
gene,36,source_r2,0.02696518790564449
gene,37,abundance,0.04218362282878412
gene,37,prevalence,0.10669975186104218
gene,37,distance,0.3
gene,37,dispersion,0.6
gene,37,omega2,0.5115895350498971
gene,37,deff,0.4169479191052348
gene,37,library_sparsity,0.3
gene,37,source_r2,0.02823100065323577
gene,38,abundance,0.11662531017369727
gene,38,prevalence,0.06699751861042183
gene,38,distance,0.32
gene,38,dispersion,0.5
gene,38,omega2,0.14505488227845945
gene,38,deff,0.48226392134032225
gene,38,library_sparsity,0.3
gene,38,source_r2,0.026788103094743904
gene,39,abundance,0.08933002481389578
gene,39,prevalence,0.0967741935483871
gene,39,distance,0.55
gene,39,dispersion,0.9
gene,39,omega2,1.7418722744749602
gene,39,deff,0.13366762063643303
gene,39,library_sparsity,0.5
gene,39,source_r2,0.09964581432429731
gene,40,abundance,0.12158808933002481
gene,40,prevalence,0.08684863523573201
gene,40,distance,0.45
gene,40,dispersion,0.5
gene,40,omega2,0.7617322361329307
gene,40,deff,0.38539217903830275
gene,40,library_sparsity,0.4
gene,40,source_r2,0.012298507526205366
gene,41,abundance,0.12903225806451613
gene,41,prevalence,0.04962779156327544
gene,41,distance,0.6
gene,41,dispersion,0.5
gene,41,omega2,0.10891094375866588
gene,41,deff,0.7965531646175392
gene,41,library_sparsity,0.5
gene,41,source_r2,0.026520288505743783
gene,42,abundance,0.08188585607940446
gene,42,prevalence,0.13399503722084366
gene,42,distance,0.55
gene,42,dispersion,0.9
gene,42,omega2,1.4857839902561174
gene,42,deff,0.15222957959110006
gene,42,library_sparsity,0.5
gene,42,source_r2,0.10854941930728186
gene,43,abundance,0.17121588089330025
gene,43,prevalence,0.0967741935483871
gene,43,distance,0.28
gene,43,dispersion,0.6
gene,43,omega2,0.24048146025665063
gene,43,deff,0.4818501160038597
gene,43,library_sparsity,0.4
gene,43,source_r2,0.029909483153228902
gene,44,abundance,0.05707196029776675
gene,44,prevalence,0.019851116625310174
gene,44,distance,0.2
gene,44,dispersion,0.5
gene,44,omega2,0.5873097995611596
gene,44,deff,0.12575860212159437
gene,44,library_sparsity,0.5
gene,44,source_r2,0.002644114008352674
gene,45,abundance,0.062034739454094295
gene,45,prevalence,0.04962779156327544
gene,45,distance,0.2
gene,45,dispersion,0.5
gene,45,omega2,0.5563243039338284
gene,45,deff,0.15925834380840023
gene,45,library_sparsity,0.3
gene,45,source_r2,0.0018654426112194287
gene,46,abundance,0.12158808933002481
gene,46,prevalence,0.10669975186104218
gene,46,distance,0.55
gene,46,dispersion,0.9
gene,46,omega2,2.052621987500038
gene,46,deff,0.07884560824578338
gene,46,library_sparsity,0.6
gene,46,source_r2,0.08911878703585345
gene,47,abundance,0.10918114143920596
gene,47,prevalence,0.02481389578163772
gene,47,distance,0.28
gene,47,dispersion,0.5
gene,47,omega2,0.8846580748580489
gene,47,deff,0.28067202329518653
gene,47,library_sparsity,0.3
gene,47,source_r2,0.0002750198986526886
gene,48,abundance,0.10918114143920596
gene,48,prevalence,0.02481389578163772
gene,48,distance,0.28
gene,48,dispersion,0.5
gene,48,omega2,0.8880886078617398
gene,48,deff,0.27250617772230523
gene,48,library_sparsity,0.3
gene,48,source_r2,0.0003458174852652387
gene,49,abundance,0.07692307692307693
gene,49,prevalence,0.04962779156327544
gene,49,distance,0.3
gene,49,dispersion,0.7
gene,49,omega2,0.7278009701138042
gene,49,deff,0.11173223030107879
gene,49,library_sparsity,0.3
gene,49,source_r2,0.03199717595461062
gene,50,abundance,0.12655086848635236
gene,50,prevalence,0.08188585607940446
gene,50,distance,0.44
gene,50,dispersion,0.7
gene,50,omega2,0.4779197192261212
gene,50,deff,0.18441083354601484
gene,50,library_sparsity,0.3
gene,50,source_r2,0.04271516546409003
gene,51,abundance,0.07692307692307693
gene,51,prevalence,0.07692307692307693
gene,51,distance,0.4
gene,51,dispersion,0.8
gene,51,omega2,1.1390545687382858
gene,51,deff,0.2607536977720618
gene,51,library_sparsity,0.3
gene,51,source_r2,0.022673090790920534
gene,52,abundance,0.10421836228287841
gene,52,prevalence,0.11910669975186104
gene,52,distance,0.35
gene,52,dispersion,0.6
gene,52,omega2,0.6958664068176502
gene,52,deff,0.5006963680028964
gene,52,library_sparsity,0.4
gene,52,source_r2,0.06966228773254382
gene,53,abundance,0.03225806451612903
gene,53,prevalence,0.062034739454094295
gene,53,distance,0.35
gene,53,dispersion,0.7
gene,53,omega2,1.0071514926396032
gene,53,deff,0.044809083440303085
gene,53,library_sparsity,0.3
gene,53,source_r2,0.0238865783676236
gene,54,abundance,0.08188585607940446
gene,54,prevalence,0.1141439205955335
gene,54,distance,0.55
gene,54,dispersion,0.9
gene,54,omega2,1.5973823201771364
gene,54,deff,0.23360754540860046
gene,54,library_sparsity,0.4
gene,54,source_r2,0.07272035027385694
gene,55,abundance,0.03722084367245657
gene,55,prevalence,0.06947890818858561
gene,55,distance,0.3
gene,55,dispersion,0.6
gene,55,omega2,0.9773770527520901
gene,55,deff,0.06035800868185592
gene,55,library_sparsity,0.3
gene,55,source_r2,0.02212327015159697
gene,56,abundance,0.04466501240694789
gene,56,prevalence,0.02977667493796526
gene,56,distance,0.25
gene,56,dispersion,0.4
gene,56,omega2,0.060170276033872774
gene,56,deff,0.33447869125998925
gene,56,library_sparsity,0.3
gene,56,source_r2,0.018057125528845037
gene,57,abundance,0.05955334987593052
gene,57,prevalence,0.03970223325062035
gene,57,distance,0.2
gene,57,dispersion,0.5
gene,57,omega2,0.580328542788998
gene,57,deff,0.11880001101214234
gene,57,library_sparsity,0.4
gene,57,source_r2,0.00289910762673974
gene,58,abundance,0.10421836228287841
gene,58,prevalence,0.06451612903225806
gene,58,distance,0.2
gene,58,dispersion,0.5
gene,58,omega2,0.2336731292364274
gene,58,deff,0.3581871150030534
gene,58,library_sparsity,0.4
gene,58,source_r2,0.026491747289506384
gene,59,abundance,0.11166253101736973
gene,59,prevalence,0.0967741935483871
gene,59,distance,0.4
gene,59,dispersion,0.7
gene,59,omega2,0.5184279258821106
gene,59,deff,0.12785441791416566
gene,59,library_sparsity,0.3
gene,59,source_r2,0.04612509704314096
gene,60,abundance,0.12158808933002481
gene,60,prevalence,0.11166253101736973
gene,60,distance,0.3
gene,60,dispersion,0.5
gene,60,omega2,0.0879583566314923
gene,60,deff,0.4893547006896435
gene,60,library_sparsity,0.3
gene,60,source_r2,0.026649763642814545
gene,61,abundance,0.08684863523573201
gene,61,prevalence,0.07444168734491315
gene,61,distance,0.2
gene,61,dispersion,0.5
gene,61,omega2,0.28812264414459415
gene,61,deff,0.38624609202897986
gene,61,library_sparsity,0.3
gene,61,source_r2,0.02688240842376133
gene,62,abundance,0.12655086848635236
gene,62,prevalence,0.08684863523573201
gene,62,distance,0.4
gene,62,dispersion,0.7
gene,62,omega2,1.5655631444663503
gene,62,deff,0.18611081409913446
gene,62,library_sparsity,0.5
gene,62,source_r2,0.011559916570333327
gene,63,abundance,0.12158808933002481
gene,63,prevalence,0.07444168734491315
gene,63,distance,0.4
gene,63,dispersion,0.7
gene,63,omega2,1.4227037063714543
gene,63,deff,0.21979305750352474
gene,63,library_sparsity,0.6
gene,63,source_r2,0.03541715702938103
gene,64,abundance,0.08933002481389578
gene,64,prevalence,0.06699751861042183
gene,64,distance,0.2
gene,64,dispersion,0.5
gene,64,omega2,0.34575675997602395
gene,64,deff,0.41481532583431074
gene,64,library_sparsity,0.4
gene,64,source_r2,0.024938659133413615
gene,65,abundance,0.04466501240694789
gene,65,prevalence,0.062034739454094295
gene,65,distance,0.4
gene,65,dispersion,0.7
gene,65,omega2,1.171992125592185
gene,65,deff,0.009473250026610132
gene,65,library_sparsity,0.4
gene,65,source_r2,0.036127325635651096
gene,66,abundance,0.24069478908188585
gene,66,prevalence,0.09181141439205956
gene,66,distance,0.56
gene,66,dispersion,0.6
gene,66,omega2,0.648709736683173
gene,66,deff,0.33595657501941406
gene,66,library_sparsity,0.5
gene,66,source_r2,0.040020433262103014
gene,67,abundance,0.08188585607940446
gene,67,prevalence,0.08933002481389578
gene,67,distance,0.32
gene,67,dispersion,0.4
gene,67,omega2,0.01876003746288205
gene,67,deff,0.25970754873078167
gene,67,library_sparsity,0.5
gene,67,source_r2,0.00825864648612843
gene,68,abundance,0.05459057071960298
gene,68,prevalence,0.02481389578163772
gene,68,distance,0.2
gene,68,dispersion,0.5
gene,68,omega2,0.5873258254897141
gene,68,deff,0.12893598362172537
gene,68,library_sparsity,0.5
gene,68,source_r2,0.003170087343963106
gene,69,abundance,0.16377171215880892
gene,69,prevalence,0.0794044665012407
gene,69,distance,0.4
gene,69,dispersion,0.6
gene,69,omega2,0.4122530970858304
gene,69,deff,0.39895535599510706
gene,69,library_sparsity,0.5
gene,69,source_r2,0.03238053259551398
gene,70,abundance,0.062034739454094295
gene,70,prevalence,0.01488833746898263
gene,70,distance,0.24
gene,70,dispersion,0.5
gene,70,omega2,0.6089436463928061
gene,70,deff,0.11767109262462455
gene,70,library_sparsity,0.6
gene,70,source_r2,0.002557081120995233
gene,71,abundance,0.11662531017369727
gene,71,prevalence,0.03722084367245657
gene,71,distance,0.24
gene,71,dispersion,0.4
gene,71,omega2,0.32061252815425134
gene,71,deff,0.25697918529656005
gene,71,library_sparsity,0.3
gene,71,source_r2,0.008913276172527872
gene,72,abundance,0.10669975186104218
gene,72,prevalence,0.03722084367245657
gene,72,distance,0.32
gene,72,dispersion,0.4
gene,72,omega2,0.5321719066667213
gene,72,deff,0.41273291102076737
gene,72,library_sparsity,0.3
gene,72,source_r2,0.0068778361642673974
gene,73,abundance,0.052109181141439205
gene,73,prevalence,0.12655086848635236
gene,73,distance,0.36
gene,73,dispersion,0.5
gene,73,omega2,0.2819937705653143
gene,73,deff,0.23277478388202327
gene,73,library_sparsity,0.4
gene,73,source_r2,0.033362715004689354
gene,74,abundance,0.17369727047146402
gene,74,prevalence,0.08436724565756824
gene,74,distance,0.28
gene,74,dispersion,0.6
gene,74,omega2,0.260702310259582
gene,74,deff,0.4781149667997781
gene,74,library_sparsity,0.3
gene,74,source_r2,0.031679826350648206
gene,75,abundance,0.1315136476426799
gene,75,prevalence,0.08684863523573201
gene,75,distance,0.3
gene,75,dispersion,0.7
gene,75,omega2,0.003146748424694238
gene,75,deff,0.28595568896700435
gene,75,library_sparsity,0.3
gene,75,source_r2,0.03245516138003608
gene,76,abundance,0.12406947890818859
gene,76,prevalence,0.05707196029776675
gene,76,distance,0.32
gene,76,dispersion,0.6
gene,76,omega2,0.14684368800994063
gene,76,deff,0.49227939727972075
gene,76,library_sparsity,0.4
gene,76,source_r2,0.02744592599531067
gene,77,abundance,0.04218362282878412
gene,77,prevalence,0.062034739454094295
gene,77,distance,0.35
gene,77,dispersion,0.7
gene,77,omega2,1.048462044094088
gene,77,deff,0.047685952107358064
gene,77,library_sparsity,0.3
gene,77,source_r2,0.022021927013425306
gene,78,abundance,0.05459057071960298
gene,78,prevalence,0.017369727047146403
gene,78,distance,0.24
gene,78,dispersion,0.4
gene,78,omega2,0.17552239253811325
gene,78,deff,0.2636287663951126
gene,78,library_sparsity,0.3
gene,78,source_r2,0.01325507100317383
gene,79,abundance,0.052109181141439205
gene,79,prevalence,0.07444168734491315
gene,79,distance,0.52
gene,79,dispersion,0.7
gene,79,omega2,1.0073407374802645
gene,79,deff,0.0386740410548236
gene,79,library_sparsity,0.5
gene,79,source_r2,0.04658384284734508
gene,80,abundance,0.05955334987593052
gene,80,prevalence,0.022332506203473945
gene,80,distance,0.25
gene,80,dispersion,0.5
gene,80,omega2,0.4529157408036334
gene,80,deff,0.1727059065641875
gene,80,library_sparsity,0.3
gene,80,source_r2,0.0013761599420006499
gene,81,abundance,0.1315136476426799
gene,81,prevalence,0.08436724565756824
gene,81,distance,0.28
gene,81,dispersion,0.6
gene,81,omega2,0.028756658577355588
gene,81,deff,0.3043212077002785
gene,81,library_sparsity,0.5
gene,81,source_r2,0.03233866068772866
gene,82,abundance,0.06699751861042183
gene,82,prevalence,0.11910669975186104
gene,82,distance,0.3
gene,82,dispersion,0.7
gene,82,omega2,0.9326863911831735
gene,82,deff,0.5594085165040856
gene,82,library_sparsity,0.5
gene,82,source_r2,0.06447723013966583
gene,83,abundance,0.12158808933002481
gene,83,prevalence,0.019851116625310174
gene,83,distance,0.25
gene,83,dispersion,0.5
gene,83,omega2,0.8966906088722988
gene,83,deff,0.26715749224290974
gene,83,library_sparsity,0.4
gene,83,source_r2,0.0002550704649032462
gene,84,abundance,0.052109181141439205
gene,84,prevalence,0.02977667493796526
gene,84,distance,0.2
gene,84,dispersion,0.5
gene,84,omega2,0.4049049334821726
gene,84,deff,0.16485660095583818
gene,84,library_sparsity,0.5
gene,84,source_r2,0.00860559838554588
gene,85,abundance,0.062034739454094295
gene,85,prevalence,0.03722084367245657
gene,85,distance,0.2
gene,85,dispersion,0.5
gene,85,omega2,0.6386509084861349
gene,85,deff,0.12009045610368768
gene,85,library_sparsity,0.6
gene,85,source_r2,0.0031354259675379823
gene,86,abundance,0.19106699751861042
gene,86,prevalence,0.1488833746898263
gene,86,distance,0.5
gene,86,dispersion,0.8
gene,86,omega2,0.5884433835265608
gene,86,deff,0.9115122875623338
gene,86,library_sparsity,0.5
gene,86,source_r2,0.12782712440923788
gene,87,abundance,0.1513647642679901
gene,87,prevalence,0.04218362282878412
gene,87,distance,0.4
gene,87,dispersion,0.4
gene,87,omega2,0.8337689298784536
gene,87,deff,0.3019716750582472
gene,87,library_sparsity,0.4
gene,87,source_r2,0.008569573416539909
gene,88,abundance,0.05459057071960298
gene,88,prevalence,0.11910669975186104
gene,88,distance,0.45
gene,88,dispersion,0.8
gene,88,omega2,1.3881053090851168
gene,88,deff,0.03557321170381032
gene,88,library_sparsity,0.5
gene,88,source_r2,0.0671429985518173
gene,89,abundance,0.05459057071960298
gene,89,prevalence,0.08436724565756824
gene,89,distance,0.44
gene,89,dispersion,0.7
gene,89,omega2,0.9796796831914375
gene,89,deff,0.04133177506678395
gene,89,library_sparsity,0.5
gene,89,source_r2,0.04984446419105547
gene,90,abundance,0.09181141439205956
gene,90,prevalence,0.08188585607940446
gene,90,distance,0.2
gene,90,dispersion,0.5
gene,90,omega2,0.34048322580155593
gene,90,deff,0.4176098799463182
gene,90,library_sparsity,0.4
gene,90,source_r2,0.02760349384092911
gene,91,abundance,0.10173697270471464
gene,91,prevalence,0.052109181141439205
gene,91,distance,0.2
gene,91,dispersion,0.5
gene,91,omega2,0.2441934771850231
gene,91,deff,0.3570471416346235
gene,91,library_sparsity,0.4
gene,91,source_r2,0.026730777780079585
gene,92,abundance,0.10173697270471464
gene,92,prevalence,0.04218362282878412
gene,92,distance,0.4
gene,92,dispersion,0.7
gene,92,omega2,1.5023573414623625
gene,92,deff,0.18305477909557488
gene,92,library_sparsity,0.5
gene,92,source_r2,0.015894622839047915
gene,93,abundance,0.07692307692307693
gene,93,prevalence,0.02481389578163772
gene,93,distance,0.24
gene,93,dispersion,0.4
gene,93,omega2,0.1588934116849574
gene,93,deff,0.27259636401923854
gene,93,library_sparsity,0.3
gene,93,source_r2,0.013652814131927387
gene,94,abundance,0.06947890818858561
gene,94,prevalence,0.11662531017369727
gene,94,distance,0.3
gene,94,dispersion,0.7
gene,94,omega2,0.7218305863434672
gene,94,deff,0.1367347364300593
gene,94,library_sparsity,0.4
gene,94,source_r2,0.03077771634197638
gene,95,abundance,0.0967741935483871
gene,95,prevalence,0.10173697270471464
gene,95,distance,0.24
gene,95,dispersion,0.4
gene,95,omega2,0.40435741374504625
gene,95,deff,0.3840670745764314
gene,95,library_sparsity,0.4
gene,95,source_r2,0.01068582421944884
gene,96,abundance,0.06451612903225806
gene,96,prevalence,0.019851116625310174
gene,96,distance,0.25
gene,96,dispersion,0.5
gene,96,omega2,0.44733026256055486
gene,96,deff,0.19689131402932472
gene,96,library_sparsity,0.3
gene,96,source_r2,0.0011314783824141032
gene,97,abundance,0.0967741935483871
gene,97,prevalence,0.02977667493796526
gene,97,distance,0.36
gene,97,dispersion,0.5
gene,97,omega2,0.09323292534691371
gene,97,deff,0.28080683437808923
gene,97,library_sparsity,0.3
gene,97,source_r2,0.012323710091111198
gene,98,abundance,0.07692307692307693
gene,98,prevalence,0.02729528535980149
gene,98,distance,0.24
gene,98,dispersion,0.4
gene,98,omega2,0.17076056877138018
gene,98,deff,0.269446199353025
gene,98,library_sparsity,0.3
gene,98,source_r2,0.0135852626451013
gene,99,abundance,0.2109181141439206
gene,99,prevalence,0.1761786600496278
gene,99,distance,0.5
gene,99,dispersion,0.9
gene,99,omega2,1.0493191253761027
gene,99,deff,0.2250538745489832
gene,99,library_sparsity,0.7
gene,99,source_r2,0.21541680150182185
gene,100,abundance,0.08188585607940446
gene,100,prevalence,0.02729528535980149
gene,100,distance,0.24
gene,100,dispersion,0.4
gene,100,omega2,0.15937091731939113
gene,100,deff,0.25937456501274914
gene,100,library_sparsity,0.3
gene,100,source_r2,0.01188292276605414
gene,101,abundance,0.052109181141439205
gene,101,prevalence,0.05459057071960298
gene,101,distance,0.2
gene,101,dispersion,0.4
gene,101,omega2,0.29984359153125145
gene,101,deff,0.20367157315922604
gene,101,library_sparsity,0.2
gene,101,source_r2,0.006281487916296989
gene,102,abundance,0.05955334987593052
gene,102,prevalence,0.017369727047146403
gene,102,distance,0.25
gene,102,dispersion,0.5
gene,102,omega2,0.5101900593717882
gene,102,deff,0.1382985134189276
gene,102,library_sparsity,0.3
gene,102,source_r2,0.0018713497234725848
gene,103,abundance,0.07444168734491315
gene,103,prevalence,0.05707196029776675
gene,103,distance,0.4
gene,103,dispersion,0.8
gene,103,omega2,1.1481680520426454
gene,103,deff,0.27151788633235413
gene,103,library_sparsity,0.3
gene,103,source_r2,0.023926464102764076
gene,104,abundance,0.06451612903225806
gene,104,prevalence,0.022332506203473945
gene,104,distance,0.16
gene,104,dispersion,0.5
gene,104,omega2,0.47335445592283304
gene,104,deff,0.20024458689588895
gene,104,library_sparsity,0.3
gene,104,source_r2,0.0013999769325953103
gene,105,abundance,0.11662531017369727
gene,105,prevalence,0.07692307692307693
gene,105,distance,0.28
gene,105,dispersion,0.4
gene,105,omega2,0.4289769412087864
gene,105,deff,0.38336705049923414
gene,105,library_sparsity,0.4
gene,105,source_r2,0.010752047542738785
gene,106,abundance,0.04714640198511166
gene,106,prevalence,0.022332506203473945
gene,106,distance,0.32
gene,106,dispersion,0.4
gene,106,omega2,0.02744873838221096
gene,106,deff,0.2715297441779183
gene,106,library_sparsity,0.3
gene,106,source_r2,0.02171091262192405
gene,107,abundance,0.11166253101736973
gene,107,prevalence,0.02481389578163772
gene,107,distance,0.32
gene,107,dispersion,0.5
gene,107,omega2,0.8950977337393958
gene,107,deff,0.2975488497424813
gene,107,library_sparsity,0.5
gene,107,source_r2,8.867328249608174e-05
gene,108,abundance,0.062034739454094295
gene,108,prevalence,0.07196029776674938
gene,108,distance,0.32
gene,108,dispersion,0.7
gene,108,omega2,0.7154982225333818
gene,108,deff,0.155590162997498
gene,108,library_sparsity,0.4
gene,108,source_r2,0.027807864167110365
gene,109,abundance,0.03970223325062035
gene,109,prevalence,0.019851116625310174
gene,109,distance,0.25
gene,109,dispersion,0.4
gene,109,omega2,0.03518953597480753
gene,109,deff,0.31679599398220076
gene,109,library_sparsity,0.3
gene,109,source_r2,0.018669583808132686
gene,110,abundance,0.11166253101736973
gene,110,prevalence,0.04714640198511166
gene,110,distance,0.24
gene,110,dispersion,0.5
gene,110,omega2,0.8898929511369711
gene,110,deff,0.27617978897560463
gene,110,library_sparsity,0.4
gene,110,source_r2,0.00023195814008166756
gene,111,abundance,0.05707196029776675
gene,111,prevalence,0.017369727047146403
gene,111,distance,0.2
gene,111,dispersion,0.5
gene,111,omega2,0.5541198112081704
gene,111,deff,0.13239059108662293
gene,111,library_sparsity,0.3
gene,111,source_r2,0.0027811102714031793
gene,112,abundance,0.10669975186104218
gene,112,prevalence,0.052109181141439205
gene,112,distance,0.45
gene,112,dispersion,0.8
gene,112,omega2,1.4599821019982635
gene,112,deff,0.1649155073788519
gene,112,library_sparsity,0.4
gene,112,source_r2,0.017489063864457546
gene,113,abundance,0.12406947890818859
gene,113,prevalence,0.02729528535980149
gene,113,distance,0.35
gene,113,dispersion,0.4
gene,113,omega2,0.5068158224613428
gene,113,deff,0.3958972080392658
gene,113,library_sparsity,0.3
gene,113,source_r2,0.006207201631426308
gene,114,abundance,0.20347394540942929
gene,114,prevalence,0.1513647642679901
gene,114,distance,0.5
gene,114,dispersion,0.9
gene,114,omega2,1.1399500313367799
gene,114,deff,0.230125212972367
gene,114,library_sparsity,0.6
gene,114,source_r2,0.20882765745544044
gene,115,abundance,0.1141439205955335
gene,115,prevalence,0.05459057071960298
gene,115,distance,0.36
gene,115,dispersion,0.7
gene,115,omega2,1.4198760628104525
gene,115,deff,0.20610231987186917
gene,115,library_sparsity,0.3
gene,115,source_r2,0.015503300553811767
gene,116,abundance,0.07692307692307693
gene,116,prevalence,0.07692307692307693
gene,116,distance,0.4
gene,116,dispersion,0.8
gene,116,omega2,1.1394482285538792
gene,116,deff,0.2598444660272738
gene,116,library_sparsity,0.3
gene,116,source_r2,0.022489856853994534
gene,117,abundance,0.052109181141439205
gene,117,prevalence,0.05459057071960298
gene,117,distance,0.3
gene,117,dispersion,0.4
gene,117,omega2,0.09409634159200232
gene,117,deff,0.34901093229422675
gene,117,library_sparsity,0.4
gene,117,source_r2,0.014728721237973056
gene,118,abundance,0.10173697270471464
gene,118,prevalence,0.07444168734491315
gene,118,distance,0.4
gene,118,dispersion,0.7
gene,118,omega2,1.5287332675779453
gene,118,deff,0.1728687096983456
gene,118,library_sparsity,0.6
gene,118,source_r2,0.01694893093710838
gene,119,abundance,0.07196029776674938
gene,119,prevalence,0.02729528535980149
gene,119,distance,0.24
gene,119,dispersion,0.4
gene,119,omega2,0.13266865413887677
gene,119,deff,0.2592762368834596
gene,119,library_sparsity,0.3
gene,119,source_r2,0.011882517554578798
gene,120,abundance,0.10669975186104218
gene,120,prevalence,0.02481389578163772
gene,120,distance,0.35
gene,120,dispersion,0.4
gene,120,omega2,0.5556783599097153
gene,120,deff,0.40946819753000535
gene,120,library_sparsity,0.3
gene,120,source_r2,0.006530766044396179
gene,121,abundance,0.11910669975186104
gene,121,prevalence,0.08436724565756824
gene,121,distance,0.32
gene,121,dispersion,0.5
gene,121,omega2,0.12278551856035733
gene,121,deff,0.5182121997656356
gene,121,library_sparsity,0.4
gene,121,source_r2,0.028007653312230874
gene,122,abundance,0.11662531017369727
gene,122,prevalence,0.11166253101736973
gene,122,distance,0.24
gene,122,dispersion,0.5
gene,122,omega2,0.06610856424042602
gene,122,deff,0.5027161251238437
gene,122,library_sparsity,0.4
gene,122,source_r2,0.02698730161858408
gene,123,abundance,0.062034739454094295
gene,123,prevalence,0.06451612903225806
gene,123,distance,0.45
gene,123,dispersion,0.7
gene,123,omega2,0.9735940197841677
gene,123,deff,0.04792112234626913
gene,123,library_sparsity,0.4
gene,123,source_r2,0.047785558733800554
gene,124,abundance,0.09429280397022333
gene,124,prevalence,0.07444168734491315
gene,124,distance,0.2
gene,124,dispersion,0.5
gene,124,omega2,0.2798049729346341
gene,124,deff,0.4022602312495605
gene,124,library_sparsity,0.4
gene,124,source_r2,0.027845732388777397
gene,125,abundance,0.04218362282878412
gene,125,prevalence,0.07444168734491315
gene,125,distance,0.25
gene,125,dispersion,0.6
gene,125,omega2,0.3981736698240288
gene,125,deff,0.376493602404495
gene,125,library_sparsity,0.4
gene,125,source_r2,0.030045722847673297
gene,126,abundance,0.04962779156327544
gene,126,prevalence,0.02481389578163772
gene,126,distance,0.2
gene,126,dispersion,0.4
gene,126,omega2,0.31514959414602345
gene,126,deff,0.1865170880329381
gene,126,library_sparsity,0.2
gene,126,source_r2,0.006705555182470268
gene,127,abundance,0.10918114143920596
gene,127,prevalence,0.034739454094292806
gene,127,distance,0.3
gene,127,dispersion,0.5
gene,127,omega2,0.8469992324525664
gene,127,deff,0.28461103793286147
gene,127,library_sparsity,0.3
gene,127,source_r2,0.00041048341907044453
gene,128,abundance,0.04962779156327544
gene,128,prevalence,0.11910669975186104
gene,128,distance,0.5
gene,128,dispersion,0.9
gene,128,omega2,1.6209530829953884
gene,128,deff,0.18061214776140253
gene,128,library_sparsity,0.4
gene,128,source_r2,0.0925182591557196
gene,129,abundance,0.11662531017369727
gene,129,prevalence,0.0794044665012407
gene,129,distance,0.24
gene,129,dispersion,0.5
gene,129,omega2,0.09056129782438406
gene,129,deff,0.5072031807410241
gene,129,library_sparsity,0.3
gene,129,source_r2,0.025043644106708698
gene,130,abundance,0.14640198511166252
gene,130,prevalence,0.05707196029776675
gene,130,distance,0.35
gene,130,dispersion,0.4
gene,130,omega2,0.7552562086848452
gene,130,deff,0.36176006666586175
gene,130,library_sparsity,0.4
gene,130,source_r2,0.005918813189828128
gene,131,abundance,0.10173697270471464
gene,131,prevalence,0.04962779156327544
gene,131,distance,0.45
gene,131,dispersion,0.7
gene,131,omega2,1.4666200152910163
gene,131,deff,0.16678569572820753
gene,131,library_sparsity,0.3
gene,131,source_r2,0.018002765716025892
gene,132,abundance,0.1687344913151365
gene,132,prevalence,0.1687344913151365
gene,132,distance,0.5
gene,132,dispersion,0.9
gene,132,omega2,1.347614018677352
gene,132,deff,0.12421080894341138
gene,132,library_sparsity,0.7
gene,132,source_r2,0.21507952048384948
gene,133,abundance,0.04962779156327544
gene,133,prevalence,0.04962779156327544
gene,133,distance,0.24
gene,133,dispersion,0.5
gene,133,omega2,0.2622885872495373
gene,133,deff,0.22584964992374015
gene,133,library_sparsity,0.2
gene,133,source_r2,0.0055006174087522015
gene,134,abundance,0.10421836228287841
gene,134,prevalence,0.04466501240694789
gene,134,distance,0.35
gene,134,dispersion,0.4
gene,134,omega2,0.487632078393023
gene,134,deff,0.41714078472828436
gene,134,library_sparsity,0.3
gene,134,source_r2,0.00582826836576265
gene,135,abundance,0.13647642679900746
gene,135,prevalence,0.141439205955335
gene,135,distance,0.55
gene,135,dispersion,0.7
gene,135,omega2,0.7262075981337878
gene,135,deff,0.9445500148499736
gene,135,library_sparsity,0.4
gene,135,source_r2,0.11842331403413714
gene,136,abundance,0.0967741935483871
gene,136,prevalence,0.03722084367245657
gene,136,distance,0.2
gene,136,dispersion,0.5
gene,136,omega2,0.3171583832810153
gene,136,deff,0.3805488441461292
gene,136,library_sparsity,0.2
gene,136,source_r2,0.025982490027028217
gene,137,abundance,0.12903225806451613
gene,137,prevalence,0.02729528535980149
gene,137,distance,0.3
gene,137,dispersion,0.4
gene,137,omega2,0.5082236087245348
gene,137,deff,0.3877084542781114
gene,137,library_sparsity,0.4
gene,137,source_r2,0.006682749991469241
gene,138,abundance,0.05459057071960298
gene,138,prevalence,0.10421836228287841
gene,138,distance,0.4
gene,138,dispersion,0.5
gene,138,omega2,0.35320958393409263
gene,138,deff,0.20639810902023292
gene,138,library_sparsity,0.3
gene,138,source_r2,0.033874570943235885
gene,139,abundance,0.09429280397022333
gene,139,prevalence,0.10918114143920596
gene,139,distance,0.45
gene,139,dispersion,0.7
gene,139,omega2,1.3155939607750826
gene,139,deff,0.2376561153142865
gene,139,library_sparsity,0.4
gene,139,source_r2,0.018439325190687087
gene,140,abundance,0.04714640198511166
gene,140,prevalence,0.05955334987593052
gene,140,distance,0.4
gene,140,dispersion,0.7
gene,140,omega2,1.1183229786924342
gene,140,deff,0.0033597205662436232
gene,140,library_sparsity,0.5
gene,140,source_r2,0.0372284361248645
gene,141,abundance,0.04962779156327544
gene,141,prevalence,0.08684863523573201
gene,141,distance,0.48
gene,141,dispersion,0.7
gene,141,omega2,1.0014067924060368
gene,141,deff,0.0381242903170429
gene,141,library_sparsity,0.4
gene,141,source_r2,0.0471260592758403
gene,142,abundance,0.04962779156327544
gene,142,prevalence,0.019851116625310174
gene,142,distance,0.28
gene,142,dispersion,0.5
gene,142,omega2,0.2867371917141451
gene,142,deff,0.2174663163688367
gene,142,library_sparsity,0.3
gene,142,source_r2,0.005647791047620193
gene,143,abundance,0.10173697270471464
gene,143,prevalence,0.05955334987593052
gene,143,distance,0.36
gene,143,dispersion,0.7
gene,143,omega2,1.43474936137564
gene,143,deff,0.21392502074095665
gene,143,library_sparsity,0.5
gene,143,source_r2,0.015942063120986463
gene,144,abundance,0.04218362282878412
gene,144,prevalence,0.10173697270471464
gene,144,distance,0.3
gene,144,dispersion,0.7
gene,144,omega2,0.9767689667933863
gene,144,deff,0.06028665217562591
gene,144,library_sparsity,0.3
gene,144,source_r2,0.02246069287352501
gene,145,abundance,0.08684863523573201
gene,145,prevalence,0.15384615384615385
gene,145,distance,0.4
gene,145,dispersion,0.7
gene,145,omega2,0.48933277912053924
gene,145,deff,0.6686744108672455
gene,145,library_sparsity,0.5
gene,145,source_r2,0.06618784065790762
gene,146,abundance,0.07444168734491315
gene,146,prevalence,0.07692307692307693
gene,146,distance,0.4
gene,146,dispersion,0.8
gene,146,omega2,1.1469942405587472
gene,146,deff,0.24175834900226606
gene,146,library_sparsity,0.3
gene,146,source_r2,0.025896331407395407
gene,147,abundance,0.04466501240694789
gene,147,prevalence,0.04714640198511166
gene,147,distance,0.3
gene,147,dispersion,0.6
gene,147,omega2,0.9832057345333789
gene,147,deff,0.05892540298232988
gene,147,library_sparsity,0.3
gene,147,source_r2,0.02179433174072489
gene,148,abundance,0.13895781637717122
gene,148,prevalence,0.14392059553349876
gene,148,distance,0.4
gene,148,dispersion,0.7
gene,148,omega2,0.7944889658725107
gene,148,deff,0.9712224037483814
gene,148,library_sparsity,0.5
gene,148,source_r2,0.11571497891664344
gene,149,abundance,0.06451612903225806
gene,149,prevalence,0.06947890818858561
gene,149,distance,0.3
gene,149,dispersion,0.7
gene,149,omega2,0.724713012061073
gene,149,deff,0.12408909384096017
gene,149,library_sparsity,0.3
gene,149,source_r2,0.03236102992072437
gene,150,abundance,0.03970223325062035
gene,150,prevalence,0.1141439205955335
gene,150,distance,0.25
gene,150,dispersion,0.6
gene,150,omega2,0.5138355585982785
gene,150,deff,0.4338216741161535
gene,150,library_sparsity,0.5
gene,150,source_r2,0.028824658387597433
gene,151,abundance,0.04218362282878412
gene,151,prevalence,0.04714640198511166
gene,151,distance,0.3
gene,151,dispersion,0.7
gene,151,omega2,0.9315697218523004
gene,151,deff,0.07600440192404202
gene,151,library_sparsity,0.3
gene,151,source_r2,0.022207263621554427
gene,152,abundance,0.11910669975186104
gene,152,prevalence,0.022332506203473945
gene,152,distance,0.28
gene,152,dispersion,0.6
gene,152,omega2,0.9026647471422141
gene,152,deff,0.2834769525431388
gene,152,library_sparsity,0.4
gene,152,source_r2,0.00015624255387158685
gene,153,abundance,0.0794044665012407
gene,153,prevalence,0.03225806451612903
gene,153,distance,0.32
gene,153,dispersion,0.7
gene,153,omega2,1.25868043784356
gene,153,deff,0.011566328470418415
gene,153,library_sparsity,0.3
gene,153,source_r2,0.014716911256962993
gene,154,abundance,0.07196029776674938
gene,154,prevalence,0.01488833746898263
gene,154,distance,0.2
gene,154,dispersion,0.5
gene,154,omega2,0.5368642289168715
gene,154,deff,0.15569366156318973
gene,154,library_sparsity,0.4
gene,154,source_r2,0.0019873012328102927
gene,155,abundance,0.18362282878411912
gene,155,prevalence,0.13399503722084366
gene,155,distance,0.32
gene,155,dispersion,0.7
gene,155,omega2,0.18240445005652517
gene,155,deff,0.6268410959800121
gene,155,library_sparsity,0.5
gene,155,source_r2,0.08419690236238411
gene,156,abundance,0.12406947890818859
gene,156,prevalence,0.04962779156327544
gene,156,distance,0.35
gene,156,dispersion,0.8
gene,156,omega2,1.313206239362653
gene,156,deff,0.24607306420240074
gene,156,library_sparsity,0.4
gene,156,source_r2,0.014631993608757622
gene,157,abundance,0.062034739454094295
gene,157,prevalence,0.07444168734491315
gene,157,distance,0.44
gene,157,dispersion,0.7
gene,157,omega2,0.9937612128521525
gene,157,deff,0.030229428737116863
gene,157,library_sparsity,0.4
gene,157,source_r2,0.046790064038262094
gene,158,abundance,0.08188585607940446
gene,158,prevalence,0.16129032258064516
gene,158,distance,0.65
gene,158,dispersion,1.0
gene,158,omega2,2.026407364778085
gene,158,deff,0.0069939770142327376
gene,158,library_sparsity,0.6
gene,158,source_r2,0.1935648873333774
gene,159,abundance,0.12158808933002481
gene,159,prevalence,0.052109181141439205
gene,159,distance,0.24
gene,159,dispersion,0.5
gene,159,omega2,0.12450841916435805
gene,159,deff,0.48745974650871526
gene,159,library_sparsity,0.4
gene,159,source_r2,0.02713726391770896
gene,160,abundance,0.04218362282878412
gene,160,prevalence,0.02729528535980149
gene,160,distance,0.28
gene,160,dispersion,0.4
gene,160,omega2,0.023377963974966054
gene,160,deff,0.31799501571868966
gene,160,library_sparsity,0.3
gene,160,source_r2,0.018113525196535783
gene,161,abundance,0.12158808933002481
gene,161,prevalence,0.08436724565756824
gene,161,distance,0.24
gene,161,dispersion,0.5
gene,161,omega2,0.11161360268903033
gene,161,deff,0.49422055059432035
gene,161,library_sparsity,0.4
gene,161,source_r2,0.02574967532405854
gene,162,abundance,0.1488833746898263
gene,162,prevalence,0.04218362282878412
gene,162,distance,0.44
gene,162,dispersion,0.6
gene,162,omega2,1.1511937649834731
gene,162,deff,0.20278024491157212
gene,162,library_sparsity,0.3
gene,162,source_r2,0.0005809954900226616
gene,163,abundance,0.11910669975186104
gene,163,prevalence,0.03722084367245657
gene,163,distance,0.3
gene,163,dispersion,0.4
gene,163,omega2,0.4366209473438022
gene,163,deff,0.4437635509968302
gene,163,library_sparsity,0.3
gene,163,source_r2,0.004309862948745571
gene,164,abundance,0.14640198511166252
gene,164,prevalence,0.04218362282878412
gene,164,distance,0.48
gene,164,dispersion,0.6
gene,164,omega2,1.2310842352846387
gene,164,deff,0.1877135321924257
gene,164,library_sparsity,0.4
gene,164,source_r2,0.0001479835921332896
gene,165,abundance,0.1488833746898263
gene,165,prevalence,0.04714640198511166
gene,165,distance,0.35
gene,165,dispersion,0.4
gene,165,omega2,0.6520324393226872
gene,165,deff,0.38692123337994944
gene,165,library_sparsity,0.4
gene,165,source_r2,0.005448153142386736
gene,166,abundance,0.04466501240694789
gene,166,prevalence,0.05707196029776675
gene,166,distance,0.3
gene,166,dispersion,0.7
gene,166,omega2,1.0178575662280929
gene,166,deff,0.037575117052376004
gene,166,library_sparsity,0.4
gene,166,source_r2,0.021170693308447855
gene,167,abundance,0.08684863523573201
gene,167,prevalence,0.06451612903225806
gene,167,distance,0.3
gene,167,dispersion,0.6
gene,167,omega2,0.15142692567311836
gene,167,deff,0.5465999314807916
gene,167,library_sparsity,0.2
gene,167,source_r2,0.024107878648244114
gene,168,abundance,0.11166253101736973
gene,168,prevalence,0.07196029776674938
gene,168,distance,0.24
gene,168,dispersion,0.5
gene,168,omega2,0.1046534716040382
gene,168,deff,0.49390887720889254
gene,168,library_sparsity,0.3
gene,168,source_r2,0.025339176635597652
gene,169,abundance,0.11910669975186104
gene,169,prevalence,0.07444168734491315
gene,169,distance,0.24
gene,169,dispersion,0.5
gene,169,omega2,0.04590012499018659
gene,169,deff,0.5156500935098868
gene,169,library_sparsity,0.4
gene,169,source_r2,0.024647793630074764
gene,170,abundance,0.13647642679900746
gene,170,prevalence,0.12158808933002481
gene,170,distance,0.55
gene,170,dispersion,0.9
gene,170,omega2,1.3087562834374096
gene,170,deff,0.11281040788630628
gene,170,library_sparsity,0.4
gene,170,source_r2,0.12347768948082945
gene,171,abundance,0.11662531017369727
gene,171,prevalence,0.08933002481389578
gene,171,distance,0.52
gene,171,dispersion,0.7
gene,171,omega2,0.8043773580990031
gene,171,deff,0.07966346288332521
gene,171,library_sparsity,0.4
gene,171,source_r2,0.059575551914843976
gene,172,abundance,0.12655086848635236
gene,172,prevalence,0.05459057071960298
gene,172,distance,0.35
gene,172,dispersion,0.7
gene,172,omega2,1.3155019573763178
gene,172,deff,0.2347833846050668
gene,172,library_sparsity,0.3
gene,172,source_r2,0.016127177257083673
gene,173,abundance,0.11662531017369727
gene,173,prevalence,0.04962779156327544
gene,173,distance,0.28
gene,173,dispersion,0.4
gene,173,omega2,0.40444389136855285
gene,173,deff,0.1965601106693092
gene,173,library_sparsity,0.4
gene,173,source_r2,0.010955938594335917
gene,174,abundance,0.062034739454094295
gene,174,prevalence,0.08933002481389578
gene,174,distance,0.36
gene,174,dispersion,0.5
gene,174,omega2,0.4763713594198604
gene,174,deff,0.2112735686459117
gene,174,library_sparsity,0.3
gene,174,source_r2,0.020345013246759157
gene,175,abundance,0.1761786600496278
gene,175,prevalence,0.08684863523573201
gene,175,distance,0.4
gene,175,dispersion,0.6
gene,175,omega2,0.4028085284965628
gene,175,deff,0.3954707795424292
gene,175,library_sparsity,0.4
gene,175,source_r2,0.03234208069428374
gene,176,abundance,0.07444168734491315
gene,176,prevalence,0.10918114143920596
gene,176,distance,0.45
gene,176,dispersion,0.8
gene,176,omega2,1.4668447597449654
gene,176,deff,0.06929662678840186
gene,176,library_sparsity,0.5
gene,176,source_r2,0.06852462846975838
gene,177,abundance,0.062034739454094295
gene,177,prevalence,0.05459057071960298
gene,177,distance,0.4
gene,177,dispersion,0.8
gene,177,omega2,1.097268323131052
gene,177,deff,0.26251112925787745
gene,177,library_sparsity,0.3
gene,177,source_r2,0.024141082968847004
gene,178,abundance,0.10669975186104218
gene,178,prevalence,0.04714640198511166
gene,178,distance,0.35
gene,178,dispersion,0.7
gene,178,omega2,1.3778223090831738
gene,178,deff,0.21675026622864008
gene,178,library_sparsity,0.3
gene,178,source_r2,0.015636290516709672
gene,179,abundance,0.04962779156327544
gene,179,prevalence,0.017369727047146403
gene,179,distance,0.16
gene,179,dispersion,0.4
gene,179,omega2,0.3370016313002017
gene,179,deff,0.2126849418801365
gene,179,library_sparsity,0.3
gene,179,source_r2,0.006698083260343911
gene,180,abundance,0.1141439205955335
gene,180,prevalence,0.034739454094292806
gene,180,distance,0.24
gene,180,dispersion,0.4
gene,180,omega2,0.36821084065846416
gene,180,deff,0.19512412172142923
gene,180,library_sparsity,0.3
gene,180,source_r2,0.01061683906355292
gene,181,abundance,0.12406947890818859
gene,181,prevalence,0.05459057071960298
gene,181,distance,0.6
gene,181,dispersion,0.5
gene,181,omega2,0.4918994845255198
gene,181,deff,0.13636861046259702
gene,181,library_sparsity,0.4
gene,181,source_r2,0.016967039946534156
gene,182,abundance,0.10421836228287841
gene,182,prevalence,0.09925558312655088
gene,182,distance,0.28
gene,182,dispersion,0.4
gene,182,omega2,0.4601884650166487
gene,182,deff,0.35169411809671175
gene,182,library_sparsity,0.3
gene,182,source_r2,0.010079945540488024
gene,183,abundance,0.13895781637717122
gene,183,prevalence,0.034739454094292806
gene,183,distance,0.4
gene,183,dispersion,0.6
gene,183,omega2,1.1096809783771886
gene,183,deff,0.22065079328784992
gene,183,library_sparsity,0.3
gene,183,source_r2,0.0007386067489295929
gene,184,abundance,0.20595533498759305
gene,184,prevalence,0.1761786600496278
gene,184,distance,0.5
gene,184,dispersion,0.9
gene,184,omega2,1.0716746328334688
gene,184,deff,0.21626122931898867
gene,184,library_sparsity,0.7
gene,184,source_r2,0.21278819750143305
gene,185,abundance,0.1315136476426799
gene,185,prevalence,0.08684863523573201
gene,185,distance,0.28
gene,185,dispersion,0.6
gene,185,omega2,0.09870410199036517
gene,185,deff,0.37268551571876823
gene,185,library_sparsity,0.4
gene,185,source_r2,0.029847945765218604
gene,186,abundance,0.04218362282878412
gene,186,prevalence,0.0794044665012407
gene,186,distance,0.3
gene,186,dispersion,0.7
gene,186,omega2,1.0363538399649688
gene,186,deff,0.02997388254322434
gene,186,library_sparsity,0.3
gene,186,source_r2,0.0244815540110432
gene,187,abundance,0.04714640198511166
gene,187,prevalence,0.10918114143920596
gene,187,distance,0.36
gene,187,dispersion,0.5
gene,187,omega2,0.3300850258986405
gene,187,deff,0.20364098033975112
gene,187,library_sparsity,0.4
gene,187,source_r2,0.035087051639303236
gene,188,abundance,0.05955334987593052
gene,188,prevalence,0.04466501240694789
gene,188,distance,0.2
gene,188,dispersion,0.5
gene,188,omega2,0.5247028042454549
gene,188,deff,0.1533548420905034
gene,188,library_sparsity,0.3
gene,188,source_r2,0.0021003642926603794
gene,189,abundance,0.09925558312655088
gene,189,prevalence,0.15384615384615385
gene,189,distance,0.3
gene,189,dispersion,0.6
gene,189,omega2,0.6393120200982526
gene,189,deff,0.4914170693558508
gene,189,library_sparsity,0.5
gene,189,source_r2,0.07170806838497021
gene,190,abundance,0.10669975186104218
gene,190,prevalence,0.02481389578163772
gene,190,distance,0.28
gene,190,dispersion,0.5
gene,190,omega2,0.8984487259948607
gene,190,deff,0.26971646051584747
gene,190,library_sparsity,0.3
gene,190,source_r2,0.000349784262853584
gene,191,abundance,0.07444168734491315
gene,191,prevalence,0.09925558312655088
gene,191,distance,0.5
gene,191,dispersion,0.9
gene,191,omega2,1.482853603980906
gene,191,deff,0.1592458885136594
gene,191,library_sparsity,0.5
gene,191,source_r2,0.10825294007493608
gene,192,abundance,0.04466501240694789
gene,192,prevalence,0.10173697270471464
gene,192,distance,0.25
gene,192,dispersion,0.6
gene,192,omega2,0.3926918912392472
gene,192,deff,0.41183008619839073
gene,192,library_sparsity,0.4
gene,192,source_r2,0.03128343048452598
gene,193,abundance,0.1588089330024814
gene,193,prevalence,0.1662531017369727
gene,193,distance,0.45
gene,193,dispersion,0.8
gene,193,omega2,0.8483975255496224
gene,193,deff,0.8405129481562675
gene,193,library_sparsity,0.6
gene,193,source_r2,0.13126538478114003
gene,194,abundance,0.1687344913151365
gene,194,prevalence,0.08684863523573201
gene,194,distance,0.32
gene,194,dispersion,0.6
gene,194,omega2,0.358209961431625
gene,194,deff,0.44441231736122677
gene,194,library_sparsity,0.4
gene,194,source_r2,0.030036868946857195
gene,195,abundance,0.1141439205955335
gene,195,prevalence,0.07444168734491315
gene,195,distance,0.32
gene,195,dispersion,0.6
gene,195,omega2,0.20124439901696908
gene,195,deff,0.4372344746664981
gene,195,library_sparsity,0.4
gene,195,source_r2,0.02623651768433191
gene,196,abundance,0.13647642679900746
gene,196,prevalence,0.10918114143920596
gene,196,distance,0.4
gene,196,dispersion,0.5
gene,196,omega2,0.7799221244668435
gene,196,deff,0.39043787349805104
gene,196,library_sparsity,0.3
gene,196,source_r2,0.010961254371256026
gene,197,abundance,0.13895781637717122
gene,197,prevalence,0.13647642679900746
gene,197,distance,0.36
gene,197,dispersion,0.7
gene,197,omega2,0.48642138683091435
gene,197,deff,0.4495625059756354
gene,197,library_sparsity,0.4
gene,197,source_r2,0.07635276884432966
gene,198,abundance,0.12158808933002481
gene,198,prevalence,0.062034739454094295
gene,198,distance,0.24
gene,198,dispersion,0.5
gene,198,omega2,0.11747099334381199
gene,198,deff,0.5029099595632414
gene,198,library_sparsity,0.4
gene,198,source_r2,0.027111814419921262
gene,199,abundance,0.05707196029776675
gene,199,prevalence,0.017369727047146403
gene,199,distance,0.28
gene,199,dispersion,0.5
gene,199,omega2,0.27054821112369015
gene,199,deff,0.24558621145785084
gene,199,library_sparsity,0.2
gene,199,source_r2,0.0047427598538920465
gene,200,abundance,0.24317617866004962
gene,200,prevalence,0.06451612903225806
gene,200,distance,0.48
gene,200,dispersion,0.4
gene,200,omega2,0.8582911854981399
gene,200,deff,0.3619793736097264
gene,200,library_sparsity,0.5
gene,200,source_r2,0.008896148981566335
gene,201,abundance,0.06947890818858561
gene,201,prevalence,0.1141439205955335
gene,201,distance,0.55
gene,201,dispersion,0.9
gene,201,omega2,1.5154150108273459
gene,201,deff,0.15627452236524947
gene,201,library_sparsity,0.5
gene,201,source_r2,0.10616225808632125
gene,202,abundance,0.11910669975186104
gene,202,prevalence,0.11166253101736973
gene,202,distance,0.35
gene,202,dispersion,0.7
gene,202,omega2,0.3691095611077202
gene,202,deff,0.649263940704511
gene,202,library_sparsity,0.4
gene,202,source_r2,0.0733770764528036
gene,203,abundance,0.05955334987593052
gene,203,prevalence,0.02481389578163772
gene,203,distance,0.24
gene,203,dispersion,0.5
gene,203,omega2,0.5507574466979854
gene,203,deff,0.13513675887961962
gene,203,library_sparsity,0.4
gene,203,source_r2,0.002137755169442192
gene,204,abundance,0.09429280397022333
gene,204,prevalence,0.1141439205955335
gene,204,distance,0.28
gene,204,dispersion,0.4
gene,204,omega2,0.36961387071904644
gene,204,deff,0.4040845965839074
gene,204,library_sparsity,0.3
gene,204,source_r2,0.009650635993599306
gene,205,abundance,0.04962779156327544
gene,205,prevalence,0.02481389578163772
gene,205,distance,0.24
gene,205,dispersion,0.4
gene,205,omega2,0.29385057143978827
gene,205,deff,0.23434192226283834
gene,205,library_sparsity,0.3
gene,205,source_r2,0.005971932290399967
gene,206,abundance,0.06947890818858561
gene,206,prevalence,0.019851116625310174
gene,206,distance,0.2
gene,206,dispersion,0.5
gene,206,omega2,0.540207159546516
gene,206,deff,0.14099023990678702
gene,206,library_sparsity,0.4
gene,206,source_r2,0.0019467540754815964
gene,207,abundance,0.11662531017369727
gene,207,prevalence,0.04466501240694789
gene,207,distance,0.3
gene,207,dispersion,0.4
gene,207,omega2,0.5238821898566378
gene,207,deff,0.3817107532024351
gene,207,library_sparsity,0.3
gene,207,source_r2,0.006394667388995249
gene,208,abundance,0.24813895781637718
gene,208,prevalence,0.09429280397022333
gene,208,distance,0.48
gene,208,dispersion,0.3
gene,208,omega2,0.06251266198684853
gene,208,deff,0.730047506910316
gene,208,library_sparsity,0.5
gene,208,source_r2,0.07238868339287685
gene,209,abundance,0.08933002481389578
gene,209,prevalence,0.09925558312655088
gene,209,distance,0.55
gene,209,dispersion,0.9
gene,209,omega2,1.7216974641805716
gene,209,deff,0.15763316656439036
gene,209,library_sparsity,0.5
gene,209,source_r2,0.09778265244821842
gene,210,abundance,0.13647642679900746
gene,210,prevalence,0.12655086848635236
gene,210,distance,0.36
gene,210,dispersion,0.6
gene,210,omega2,0.018018310863115915
gene,210,deff,0.2826815182016129
gene,210,library_sparsity,0.4
gene,210,source_r2,0.03266720404137709
gene,211,abundance,0.12903225806451613
gene,211,prevalence,0.11662531017369727
gene,211,distance,0.35
gene,211,dispersion,0.7
gene,211,omega2,0.33398533044283873
gene,211,deff,0.6318395093388176
gene,211,library_sparsity,0.5
gene,211,source_r2,0.07365821051388469
gene,212,abundance,0.24317617866004962
gene,212,prevalence,0.0967741935483871
gene,212,distance,0.52
gene,212,dispersion,0.6
gene,212,omega2,0.5923551146597394
gene,212,deff,0.3800383863622106
gene,212,library_sparsity,0.5
gene,212,source_r2,0.04014185492866021
gene,213,abundance,0.05707196029776675
gene,213,prevalence,0.02977667493796526
gene,213,distance,0.16
gene,213,dispersion,0.5
gene,213,omega2,0.5408792912878071
gene,213,deff,0.14607610163302343
gene,213,library_sparsity,0.3
gene,213,source_r2,0.0025672348969615066
gene,214,abundance,0.05955334987593052
gene,214,prevalence,0.12655086848635236
gene,214,distance,0.24
gene,214,dispersion,0.4
gene,214,omega2,0.15206059371396252
gene,214,deff,0.21697205524339938
gene,214,library_sparsity,0.4
gene,214,source_r2,0.00843724673414635
gene,215,abundance,0.16377171215880892
gene,215,prevalence,0.08933002481389578
gene,215,distance,0.4
gene,215,dispersion,0.6
gene,215,omega2,0.426608549713997
gene,215,deff,0.4043194959892223
gene,215,library_sparsity,0.4
gene,215,source_r2,0.03495565375265583
gene,216,abundance,0.04218362282878412
gene,216,prevalence,0.052109181141439205
gene,216,distance,0.3
gene,216,dispersion,0.6
gene,216,omega2,0.9962847284806718
gene,216,deff,0.04671164530391098
gene,216,library_sparsity,0.2
gene,216,source_r2,0.021716715170729286
gene,217,abundance,0.05459057071960298
gene,217,prevalence,0.01240694789081886
gene,217,distance,0.25
gene,217,dispersion,0.5
gene,217,omega2,0.30454712049397525
gene,217,deff,0.20416442077677027
gene,217,library_sparsity,0.3
gene,217,source_r2,0.005826788730628317
gene,218,abundance,0.11166253101736973
gene,218,prevalence,0.034739454094292806
gene,218,distance,0.28
gene,218,dispersion,0.4
gene,218,omega2,0.4205219112783063
gene,218,deff,0.20473148590222984
gene,218,library_sparsity,0.3
gene,218,source_r2,0.010694052114001285
gene,219,abundance,0.24813895781637718
gene,219,prevalence,0.05955334987593052
gene,219,distance,0.48
gene,219,dispersion,0.4
gene,219,omega2,0.9472711607006666
gene,219,deff,0.3003795748296371
gene,219,library_sparsity,0.5
gene,219,source_r2,0.009703754008618946
gene,220,abundance,0.11166253101736973
gene,220,prevalence,0.02977667493796526
gene,220,distance,0.32
gene,220,dispersion,0.5
gene,220,omega2,0.9657941172205278
gene,220,deff,0.267918540857845
gene,220,library_sparsity,0.6
gene,220,source_r2,0.00032187450714502805
gene,221,abundance,0.07444168734491315
gene,221,prevalence,0.052109181141439205
gene,221,distance,0.4
gene,221,dispersion,0.7
gene,221,omega2,0.9701590035333928
gene,221,deff,0.042123961570542844
gene,221,library_sparsity,0.4
gene,221,source_r2,0.046879950228283236
gene,222,abundance,0.0967741935483871
gene,222,prevalence,0.04962779156327544
gene,222,distance,0.36
gene,222,dispersion,0.6
gene,222,omega2,0.8510707446498541
gene,222,deff,0.06132740772935563
gene,222,library_sparsity,0.4
gene,222,source_r2,0.0011922752017723655
gene,223,abundance,0.12655086848635236
gene,223,prevalence,0.08684863523573201
gene,223,distance,0.45
gene,223,dispersion,0.5
gene,223,omega2,0.7708153844020076
gene,223,deff,0.38590126513549305
gene,223,library_sparsity,0.3
gene,223,source_r2,0.012000431619262971
gene,224,abundance,0.1687344913151365
gene,224,prevalence,0.09925558312655088
gene,224,distance,0.28
gene,224,dispersion,0.6
gene,224,omega2,0.21301331385740283
gene,224,deff,0.4951880193083151
gene,224,library_sparsity,0.4
gene,224,source_r2,0.03134207309197931
gene,225,abundance,0.052109181141439205
gene,225,prevalence,0.01240694789081886
gene,225,distance,0.16
gene,225,dispersion,0.4
gene,225,omega2,0.34655889420599506
gene,225,deff,0.19695543288362768
gene,225,library_sparsity,0.2
gene,225,source_r2,0.007167262847650582
gene,226,abundance,0.05955334987593052
gene,226,prevalence,0.022332506203473945
gene,226,distance,0.2
gene,226,dispersion,0.5
gene,226,omega2,0.5510473461977673
gene,226,deff,0.14086965574954424
gene,226,library_sparsity,0.3
gene,226,source_r2,0.0022402105659977377
gene,227,abundance,0.11662531017369727
gene,227,prevalence,0.02977667493796526
gene,227,distance,0.3
gene,227,dispersion,0.4
gene,227,omega2,0.5132366184456569
gene,227,deff,0.3698099385354615
gene,227,library_sparsity,0.3
gene,227,source_r2,0.00685347921219244
gene,228,abundance,0.14640198511166252
gene,228,prevalence,0.05707196029776675
gene,228,distance,0.35
gene,228,dispersion,0.4
gene,228,omega2,0.7213015804420935
gene,228,deff,0.3345282091172672
gene,228,library_sparsity,0.4
gene,228,source_r2,0.006394119218170573
gene,229,abundance,0.062034739454094295
gene,229,prevalence,0.034739454094292806
gene,229,distance,0.28
gene,229,dispersion,0.4
gene,229,omega2,0.1605488429317192
gene,229,deff,0.2579466158223443
gene,229,library_sparsity,0.3
gene,229,source_r2,0.01151455038893016
gene,230,abundance,0.03970223325062035
gene,230,prevalence,0.11166253101736973
gene,230,distance,0.5
gene,230,dispersion,0.8
gene,230,omega2,1.6669443605083043
gene,230,deff,0.16445442467422194
gene,230,library_sparsity,0.5
gene,230,source_r2,0.09469441041546822
gene,231,abundance,0.062034739454094295
gene,231,prevalence,0.04962779156327544
gene,231,distance,0.2
gene,231,dispersion,0.5
gene,231,omega2,0.507753228775185
gene,231,deff,0.16596038487280848
gene,231,library_sparsity,0.4
gene,231,source_r2,0.0013346508567177698
gene,232,abundance,0.10918114143920596
gene,232,prevalence,0.04962779156327544
gene,232,distance,0.28
gene,232,dispersion,0.4
gene,232,omega2,0.3364287466451569
gene,232,deff,0.24875954787413804
gene,232,library_sparsity,0.3
gene,232,source_r2,0.009503681197233426
gene,233,abundance,0.1141439205955335
gene,233,prevalence,0.05955334987593052
gene,233,distance,0.35
gene,233,dispersion,0.7
gene,233,omega2,1.3866032647408117
gene,233,deff,0.22291561115133474
gene,233,library_sparsity,0.3
gene,233,source_r2,0.015554795257328908
gene,234,abundance,0.10421836228287841
gene,234,prevalence,0.10173697270471464
gene,234,distance,0.35
gene,234,dispersion,0.7
gene,234,omega2,1.3618570944884822
gene,234,deff,0.21544322296009208
gene,234,library_sparsity,0.3
gene,234,source_r2,0.016683351985969003
gene,235,abundance,0.04714640198511166
gene,235,prevalence,0.0794044665012407
gene,235,distance,0.3
gene,235,dispersion,0.7
gene,235,omega2,0.9817688506529488
gene,235,deff,0.0457901126769651
gene,235,library_sparsity,0.4
gene,235,source_r2,0.021692781848465903
gene,236,abundance,0.04466501240694789
gene,236,prevalence,0.019851116625310174
gene,236,distance,0.25
gene,236,dispersion,0.4
gene,236,omega2,0.06036143866618882
gene,236,deff,0.31670033442399265
gene,236,library_sparsity,0.3
gene,236,source_r2,0.016753647138151185
gene,237,abundance,0.08933002481389578
gene,237,prevalence,0.04714640198511166
gene,237,distance,0.32
gene,237,dispersion,0.7
gene,237,omega2,1.2400350333330803
gene,237,deff,0.005280207252401836
gene,237,library_sparsity,0.4
gene,237,source_r2,0.015207263466078685
gene,238,abundance,0.1588089330024814
gene,238,prevalence,0.04962779156327544
gene,238,distance,0.28
gene,238,dispersion,0.4
gene,238,omega2,0.6672818934077163
gene,238,deff,0.36168424345122246
gene,238,library_sparsity,0.3
gene,238,source_r2,0.005641549648973988
gene,239,abundance,0.07196029776674938
gene,239,prevalence,0.1141439205955335
gene,239,distance,0.45
gene,239,dispersion,0.8
gene,239,omega2,1.2176253935053212
gene,239,deff,0.000889654740457934
gene,239,library_sparsity,0.4
gene,239,source_r2,0.08532171832628771
gene,240,abundance,0.05955334987593052
gene,240,prevalence,0.07692307692307693
gene,240,distance,0.52
gene,240,dispersion,0.7
gene,240,omega2,1.0355304648139707
gene,240,deff,0.04846819263625181
gene,240,library_sparsity,0.6
gene,240,source_r2,0.04554096785440652
gene,241,abundance,0.052109181141439205
gene,241,prevalence,0.02977667493796526
gene,241,distance,0.28
gene,241,dispersion,0.4
gene,241,omega2,0.22536390711017262
gene,241,deff,0.2253323935671327
gene,241,library_sparsity,0.3
gene,241,source_r2,0.005201210281763316
gene,242,abundance,0.11662531017369727
gene,242,prevalence,0.12406947890818859
gene,242,distance,0.4
gene,242,dispersion,0.6
gene,242,omega2,0.3241626708587295
gene,242,deff,0.6340055290335178
gene,242,library_sparsity,0.4
gene,242,source_r2,0.07481533306291269
gene,243,abundance,0.05707196029776675
gene,243,prevalence,0.05459057071960298
gene,243,distance,0.2
gene,243,dispersion,0.5
gene,243,omega2,0.528502273906728
gene,243,deff,0.1376383105470728
gene,243,library_sparsity,0.3
gene,243,source_r2,0.0020504583763007195
gene,244,abundance,0.14392059553349876
gene,244,prevalence,0.05459057071960298
gene,244,distance,0.36
gene,244,dispersion,0.7
gene,244,omega2,1.593242360813236
gene,244,deff,0.17383503900162373
gene,244,library_sparsity,0.3
gene,244,source_r2,0.012591532751983164
gene,245,abundance,0.1141439205955335
gene,245,prevalence,0.02977667493796526
gene,245,distance,0.3
gene,245,dispersion,0.5
gene,245,omega2,0.8794830202007453
gene,245,deff,0.28792256895388507
gene,245,library_sparsity,0.4
gene,245,source_r2,0.0003641152662204802
gene,246,abundance,0.11662531017369727
gene,246,prevalence,0.10669975186104218
gene,246,distance,0.5
gene,246,dispersion,0.9
gene,246,omega2,2.0303724491940742
gene,246,deff,0.07232858368113294
gene,246,library_sparsity,0.5
gene,246,source_r2,0.09040754514378671
gene,247,abundance,0.05955334987593052
gene,247,prevalence,0.06451612903225806
gene,247,distance,0.35
gene,247,dispersion,0.7
gene,247,omega2,0.788416635733278
gene,247,deff,0.12280934737743539
gene,247,library_sparsity,0.2
gene,247,source_r2,0.032081367177805964
gene,248,abundance,0.11910669975186104
gene,248,prevalence,0.034739454094292806
gene,248,distance,0.32
gene,248,dispersion,0.4
gene,248,omega2,0.4669572423686951
gene,248,deff,0.45480372915085776
gene,248,library_sparsity,0.3
gene,248,source_r2,0.004595287753433282
gene,249,abundance,0.11662531017369727
gene,249,prevalence,0.02977667493796526
gene,249,distance,0.28
gene,249,dispersion,0.5
gene,249,omega2,0.9063374506368538
gene,249,deff,0.27314180702180024
gene,249,library_sparsity,0.4
gene,249,source_r2,0.00022431262100372834
gene,250,abundance,0.07196029776674938
gene,250,prevalence,0.03225806451612903
gene,250,distance,0.28
gene,250,dispersion,0.4
gene,250,omega2,0.1742962298479531
gene,250,deff,0.25705301517879275
gene,250,library_sparsity,0.3
gene,250,source_r2,0.013681469356519288
gene,251,abundance,0.11166253101736973
gene,251,prevalence,0.07444168734491315
gene,251,distance,0.36
gene,251,dispersion,0.5
gene,251,omega2,0.6955099291431903
gene,251,deff,0.09390465175929362
gene,251,library_sparsity,0.4
gene,251,source_r2,0.017026767783247798
gene,252,abundance,0.08933002481389578
gene,252,prevalence,0.08436724565756824
gene,252,distance,0.2
gene,252,dispersion,0.5
gene,252,omega2,0.31969112752272716
gene,252,deff,0.40728967088831447
gene,252,library_sparsity,0.4
gene,252,source_r2,0.026575605190126802
gene,253,abundance,0.2456575682382134
gene,253,prevalence,0.0967741935483871
gene,253,distance,0.52
gene,253,dispersion,0.6
gene,253,omega2,0.49636018770227797
gene,253,deff,0.45953970320002363
gene,253,library_sparsity,0.5
gene,253,source_r2,0.041088798522995615
gene,254,abundance,0.04714640198511166
gene,254,prevalence,0.07196029776674938
gene,254,distance,0.3
gene,254,dispersion,0.7
gene,254,omega2,0.9186725401183572
gene,254,deff,0.09319446930185335
gene,254,library_sparsity,0.3
gene,254,source_r2,0.0201931616448197
gene,255,abundance,0.06947890818858561
gene,255,prevalence,0.05955334987593052
gene,255,distance,0.28
gene,255,dispersion,0.4
gene,255,omega2,0.2461249858271911
gene,255,deff,0.49475595462463223
gene,255,library_sparsity,0.2
gene,255,source_r2,0.0074400955760275935
gene,256,abundance,0.09181141439205956
gene,256,prevalence,0.05459057071960298
gene,256,distance,0.25
gene,256,dispersion,0.5
gene,256,omega2,0.219426998833059
gene,256,deff,0.3521212791443595
gene,256,library_sparsity,0.3
gene,256,source_r2,0.03020074965879737
gene,257,abundance,0.08684863523573201
gene,257,prevalence,0.07196029776674938
gene,257,distance,0.2
gene,257,dispersion,0.5
gene,257,omega2,0.22919432708760412
gene,257,deff,0.34264245306585156
gene,257,library_sparsity,0.3
gene,257,source_r2,0.026879904856728018
gene,258,abundance,0.1761786600496278
gene,258,prevalence,0.10918114143920596
gene,258,distance,0.52
gene,258,dispersion,0.5
gene,258,omega2,0.21681221292923814
gene,258,deff,0.8060971471062534
gene,258,library_sparsity,0.5
gene,258,source_r2,0.0650858563696784
gene,259,abundance,0.09429280397022333
gene,259,prevalence,0.12158808933002481
gene,259,distance,0.3
gene,259,dispersion,0.6
gene,259,omega2,0.6565206208652946
gene,259,deff,0.4842963196652433
gene,259,library_sparsity,0.5
gene,259,source_r2,0.07222176166040283
gene,260,abundance,0.07692307692307693
gene,260,prevalence,0.10421836228287841
gene,260,distance,0.55
gene,260,dispersion,0.9
gene,260,omega2,1.4116241486076593
gene,260,deff,0.1079871010630094
gene,260,library_sparsity,0.4
gene,260,source_r2,0.10838391577127358
gene,261,abundance,0.14392059553349876
gene,261,prevalence,0.03970223325062035
gene,261,distance,0.35
gene,261,dispersion,0.4
gene,261,omega2,0.731594155655605
gene,261,deff,0.35867460149644637
gene,261,library_sparsity,0.4
gene,261,source_r2,0.0060729254769839374
gene,262,abundance,0.06699751861042183
gene,262,prevalence,0.13399503722084366
gene,262,distance,0.45
gene,262,dispersion,0.8
gene,262,omega2,1.146685080687928
gene,262,deff,0.04704447396013299
gene,262,library_sparsity,0.4
gene,262,source_r2,0.07999596755779118
gene,263,abundance,0.11662531017369727
gene,263,prevalence,0.08188585607940446
gene,263,distance,0.24
gene,263,dispersion,0.5
gene,263,omega2,0.022517116587963716
gene,263,deff,0.5559055062783794
gene,263,library_sparsity,0.4
gene,263,source_r2,0.025987693525091133
gene,264,abundance,0.04962779156327544
gene,264,prevalence,0.01488833746898263
gene,264,distance,0.24
gene,264,dispersion,0.4
gene,264,omega2,0.32423103657091884
gene,264,deff,0.1822091666875285
gene,264,library_sparsity,0.2
gene,264,source_r2,0.006819197664009948
gene,265,abundance,0.2456575682382134
gene,265,prevalence,0.10173697270471464
gene,265,distance,0.52
gene,265,dispersion,0.6
gene,265,omega2,0.5645521853455883
gene,265,deff,0.3847842724611342
gene,265,library_sparsity,0.5
gene,265,source_r2,0.03974931829657105
gene,266,abundance,0.08684863523573201
gene,266,prevalence,0.08188585607940446
gene,266,distance,0.2
gene,266,dispersion,0.5
gene,266,omega2,0.27717427365762626
gene,266,deff,0.3767758014752697
gene,266,library_sparsity,0.3
gene,266,source_r2,0.027822084675794855
gene,267,abundance,0.07196029776674938
gene,267,prevalence,0.02977667493796526
gene,267,distance,0.28
gene,267,dispersion,0.4
gene,267,omega2,0.16248236639099123
gene,267,deff,0.27495270369520247
gene,267,library_sparsity,0.2
gene,267,source_r2,0.012959532176561562
gene,268,abundance,0.062034739454094295
gene,268,prevalence,0.07196029776674938
gene,268,distance,0.48
gene,268,dispersion,0.7
gene,268,omega2,0.9583262516611311
gene,268,deff,0.03129073174262463
gene,268,library_sparsity,0.4
gene,268,source_r2,0.047441065730338336
gene,269,abundance,0.04714640198511166
gene,269,prevalence,0.07196029776674938
gene,269,distance,0.3
gene,269,dispersion,0.7
gene,269,omega2,0.9159715494754526
gene,269,deff,0.09343037731835901
gene,269,library_sparsity,0.3
gene,269,source_r2,0.02037034500349742
gene,270,abundance,0.04466501240694789
gene,270,prevalence,0.022332506203473945
gene,270,distance,0.28
gene,270,dispersion,0.4
gene,270,omega2,0.10230463400893054
gene,270,deff,0.3498295603739357
gene,270,library_sparsity,0.3
gene,270,source_r2,0.015431723466746775
gene,271,abundance,0.15384615384615385
gene,271,prevalence,0.052109181141439205
gene,271,distance,0.35
gene,271,dispersion,0.4
gene,271,omega2,0.6859212045492998
gene,271,deff,0.37473710755138534
gene,271,library_sparsity,0.4
gene,271,source_r2,0.006191243235865914
gene,272,abundance,0.1488833746898263
gene,272,prevalence,0.03225806451612903
gene,272,distance,0.48
gene,272,dispersion,0.6
gene,272,omega2,1.2256834656862572
gene,272,deff,0.1828064867894494
gene,272,library_sparsity,0.4
gene,272,source_r2,0.000169393108603913
gene,273,abundance,0.13895781637717122
gene,273,prevalence,0.10918114143920596
gene,273,distance,0.4
gene,273,dispersion,0.7
gene,273,omega2,0.753621481170787
gene,273,deff,0.9768791343862507
gene,273,library_sparsity,0.5
gene,273,source_r2,0.11710452239526353
gene,274,abundance,0.04714640198511166
gene,274,prevalence,0.05707196029776675
gene,274,distance,0.3
gene,274,dispersion,0.7
gene,274,omega2,0.9108090689764915
gene,274,deff,0.1028877287764582
gene,274,library_sparsity,0.3
gene,274,source_r2,0.02119021488261961
gene,275,abundance,0.18362282878411912
gene,275,prevalence,0.08684863523573201
gene,275,distance,0.48
gene,275,dispersion,0.4
gene,275,omega2,0.24229045629196086
gene,275,deff,0.7914116450284522
gene,275,library_sparsity,0.4
gene,275,source_r2,0.06093502124327991
gene,276,abundance,0.08933002481389578
gene,276,prevalence,0.07196029776674938
gene,276,distance,0.2
gene,276,dispersion,0.5
gene,276,omega2,0.340110746381652
gene,276,deff,0.43037542202738854
gene,276,library_sparsity,0.4
gene,276,source_r2,0.025997376310480515
gene,277,abundance,0.08436724565756824
gene,277,prevalence,0.09925558312655088
gene,277,distance,0.35
gene,277,dispersion,0.6
gene,277,omega2,0.06741019004010979
gene,277,deff,0.5037553215797639
gene,277,library_sparsity,0.3
gene,277,source_r2,0.026730796362035878
gene,278,abundance,0.11662531017369727
gene,278,prevalence,0.07196029776674938
gene,278,distance,0.28
gene,278,dispersion,0.5
gene,278,omega2,0.15149313600047118
gene,278,deff,0.4707933610601969
gene,278,library_sparsity,0.3
gene,278,source_r2,0.025637449553014533
gene,279,abundance,0.05955334987593052
gene,279,prevalence,0.02729528535980149
gene,279,distance,0.2
gene,279,dispersion,0.5
gene,279,omega2,0.4920882190983711
gene,279,deff,0.17995696915918863
gene,279,library_sparsity,0.3
gene,279,source_r2,0.0014645551194241622
gene,280,abundance,0.08684863523573201
gene,280,prevalence,0.022332506203473945
gene,280,distance,0.24
gene,280,dispersion,0.4
gene,280,omega2,0.17392353126322072
gene,280,deff,0.23151253713986342
gene,280,library_sparsity,0.3
gene,280,source_r2,0.013218001818728562
gene,281,abundance,0.11662531017369727
gene,281,prevalence,0.02481389578163772
gene,281,distance,0.28
gene,281,dispersion,0.5
gene,281,omega2,0.8886493183515273
gene,281,deff,0.26004509892826055
gene,281,library_sparsity,0.4
gene,281,source_r2,0.00017218347062691617
gene,282,abundance,0.10173697270471464
gene,282,prevalence,0.08933002481389578
gene,282,distance,0.28
gene,282,dispersion,0.4
gene,282,omega2,0.47605349550251885
gene,282,deff,0.35220378105755895
gene,282,library_sparsity,0.6
gene,282,source_r2,0.01035803190685119
gene,283,abundance,0.1141439205955335
gene,283,prevalence,0.04466501240694789
gene,283,distance,0.32
gene,283,dispersion,0.4
gene,283,omega2,0.5553466259427837
gene,283,deff,0.39222335686204496
gene,283,library_sparsity,0.3
gene,283,source_r2,0.006849127749343071
gene,284,abundance,0.07444168734491315
gene,284,prevalence,0.022332506203473945
gene,284,distance,0.28
gene,284,dispersion,0.5
gene,284,omega2,0.724515742655168
gene,284,deff,0.2984570544746757
gene,284,library_sparsity,0.4
gene,284,source_r2,0.00372394309642451
gene,285,abundance,0.12903225806451613
gene,285,prevalence,0.02729528535980149
gene,285,distance,0.25
gene,285,dispersion,0.4
gene,285,omega2,0.5398078992930034
gene,285,deff,0.362658578472901
gene,285,library_sparsity,0.3
gene,285,source_r2,0.007443842450383085
gene,286,abundance,0.05459057071960298
gene,286,prevalence,0.052109181141439205
gene,286,distance,0.3
gene,286,dispersion,0.7
gene,286,omega2,0.9688283672870628
gene,286,deff,0.08383516853268581
gene,286,library_sparsity,0.3
gene,286,source_r2,0.020977184728919598
gene,287,abundance,0.1513647642679901
gene,287,prevalence,0.12655086848635236
gene,287,distance,0.4
gene,287,dispersion,0.5
gene,287,omega2,0.6188879447315615
gene,287,deff,0.33355006165553486
gene,287,library_sparsity,0.6
gene,287,source_r2,0.016688873369665947
gene,288,abundance,0.17369727047146402
gene,288,prevalence,0.13399503722084366
gene,288,distance,0.32
gene,288,dispersion,0.7
gene,288,omega2,0.1476770910140473
gene,288,deff,0.6036584272792677
gene,288,library_sparsity,0.5
gene,288,source_r2,0.08547529774051653
gene,289,abundance,0.04962779156327544
gene,289,prevalence,0.034739454094292806
gene,289,distance,0.2
gene,289,dispersion,0.5
gene,289,omega2,0.5973542052370612
gene,289,deff,0.13982900078695445
gene,289,library_sparsity,0.4
gene,289,source_r2,0.003042203138680259
gene,290,abundance,0.12406947890818859
gene,290,prevalence,0.02481389578163772
gene,290,distance,0.25
gene,290,dispersion,0.4
gene,290,omega2,0.4237054659956982
gene,290,deff,0.43484981885210816
gene,290,library_sparsity,0.3
gene,290,source_r2,0.004911017977439556
gene,291,abundance,0.10918114143920596
gene,291,prevalence,0.03722084367245657
gene,291,distance,0.2
gene,291,dispersion,0.5
gene,291,omega2,0.30050798631289405
gene,291,deff,0.38280591749934295
gene,291,library_sparsity,0.2
gene,291,source_r2,0.026589449944787475
gene,292,abundance,0.08188585607940446
gene,292,prevalence,0.08436724565756824
gene,292,distance,0.2
gene,292,dispersion,0.5
gene,292,omega2,0.17524817855605404
gene,292,deff,0.3576027505423132
gene,292,library_sparsity,0.4
gene,292,source_r2,0.030189112446789984
gene,293,abundance,0.24317617866004962
gene,293,prevalence,0.08684863523573201
gene,293,distance,0.52
gene,293,dispersion,0.6
gene,293,omega2,0.5920427507444913
gene,293,deff,0.35944827283680286
gene,293,library_sparsity,0.5
gene,293,source_r2,0.03871117980698409
gene,294,abundance,0.07444168734491315
gene,294,prevalence,0.08188585607940446
gene,294,distance,0.24
gene,294,dispersion,0.4
gene,294,omega2,0.12230068044502614
gene,294,deff,0.22792160752453794
gene,294,library_sparsity,0.4
gene,294,source_r2,0.00836542013419245
gene,295,abundance,0.17369727047146402
gene,295,prevalence,0.1315136476426799
gene,295,distance,0.4
gene,295,dispersion,0.7
gene,295,omega2,0.11630245108330367
gene,295,deff,0.5768837827329418
gene,295,library_sparsity,0.4
gene,295,source_r2,0.0841959429213613
gene,296,abundance,0.052109181141439205
gene,296,prevalence,0.02977667493796526
gene,296,distance,0.48
gene,296,dispersion,0.6
gene,296,omega2,0.7415834899609873
gene,296,deff,0.07094840645442342
gene,296,library_sparsity,0.5
gene,296,source_r2,0.007889604053176309
gene,297,abundance,0.06947890818858561
gene,297,prevalence,0.11662531017369727
gene,297,distance,0.45
gene,297,dispersion,0.8
gene,297,omega2,1.2397456150579826
gene,297,deff,0.0013702081745210664
gene,297,library_sparsity,0.4
gene,297,source_r2,0.08488144689527186
gene,298,abundance,0.03970223325062035
gene,298,prevalence,0.06451612903225806
gene,298,distance,0.45
gene,298,dispersion,0.7
gene,298,omega2,1.111817380075467
gene,298,deff,0.002847031176074106
gene,298,library_sparsity,0.4
gene,298,source_r2,0.037299179585704244
gene,299,abundance,0.09925558312655088
gene,299,prevalence,0.03970223325062035
gene,299,distance,0.3
gene,299,dispersion,0.4
gene,299,omega2,0.4621760176788618
gene,299,deff,0.40112129335261637
gene,299,library_sparsity,0.3
gene,299,source_r2,0.005261176344637321
gene,300,abundance,0.06699751861042183
gene,300,prevalence,0.08684863523573201
gene,300,distance,0.35
gene,300,dispersion,0.7
gene,300,omega2,0.6577259697397022
gene,300,deff,0.14035207262631952
gene,300,library_sparsity,0.3
gene,300,source_r2,0.02986854079904059
gene,301,abundance,0.06451612903225806
gene,301,prevalence,0.019851116625310174
gene,301,distance,0.16
gene,301,dispersion,0.5
gene,301,omega2,0.5047079642224049
gene,301,deff,0.14369000645813224
gene,301,library_sparsity,0.3
gene,301,source_r2,0.002264833299188875
gene,302,abundance,0.12406947890818859
gene,302,prevalence,0.11662531017369727
gene,302,distance,0.25
gene,302,dispersion,0.5
gene,302,omega2,0.17196510453125388
gene,302,deff,0.4727427348587844
gene,302,library_sparsity,0.4
gene,302,source_r2,0.028386626897455865
gene,303,abundance,0.08436724565756824
gene,303,prevalence,0.0967741935483871
gene,303,distance,0.28
gene,303,dispersion,0.6
gene,303,omega2,0.12392872523590712
gene,303,deff,0.5681199675114816
gene,303,library_sparsity,0.5
gene,303,source_r2,0.025494421203014494
gene,304,abundance,0.17121588089330025
gene,304,prevalence,0.13399503722084366
gene,304,distance,0.4
gene,304,dispersion,0.7
gene,304,omega2,0.06793047228820569
gene,304,deff,0.5571969783125102
gene,304,library_sparsity,0.5
gene,304,source_r2,0.08591447709532721
gene,305,abundance,0.052109181141439205
gene,305,prevalence,0.017369727047146403
gene,305,distance,0.24
gene,305,dispersion,0.4
gene,305,omega2,0.3212193332149083
gene,305,deff,0.17864662966781888
gene,305,library_sparsity,0.3
gene,305,source_r2,0.006917183792877189
gene,306,abundance,0.04218362282878412
gene,306,prevalence,0.09181141439205956
gene,306,distance,0.25
gene,306,dispersion,0.6
gene,306,omega2,0.3858683357538062
gene,306,deff,0.395284764401102
gene,306,library_sparsity,0.4
gene,306,source_r2,0.03174669457090991
gene,307,abundance,0.05459057071960298
gene,307,prevalence,0.02481389578163772
gene,307,distance,0.16
gene,307,dispersion,0.4
gene,307,omega2,0.3493987968627182
gene,307,deff,0.18952264614501257
gene,307,library_sparsity,0.4
gene,307,source_r2,0.008185949081140887
gene,308,abundance,0.04218362282878412
gene,308,prevalence,0.08188585607940446
gene,308,distance,0.3
gene,308,dispersion,0.6
gene,308,omega2,0.4379250392071884
gene,308,deff,0.40985735521542194
gene,308,library_sparsity,0.4
gene,308,source_r2,0.03106253680660579
gene,309,abundance,0.11910669975186104
gene,309,prevalence,0.06699751861042183
gene,309,distance,0.28
gene,309,dispersion,0.5
gene,309,omega2,0.12349820178667992
gene,309,deff,0.509753628906299
gene,309,library_sparsity,0.3
gene,309,source_r2,0.027388001571912658
gene,310,abundance,0.11662531017369727
gene,310,prevalence,0.034739454094292806
gene,310,distance,0.3
gene,310,dispersion,0.5
gene,310,omega2,0.8676525081616019
gene,310,deff,0.28721957002770304
gene,310,library_sparsity,0.4
gene,310,source_r2,0.00029439060661567745
gene,311,abundance,0.11910669975186104
gene,311,prevalence,0.04714640198511166
gene,311,distance,0.35
gene,311,dispersion,0.8
gene,311,omega2,1.3097599660499728
gene,311,deff,0.23376478090278932
gene,311,library_sparsity,0.3
gene,311,source_r2,0.015126038727498563
gene,312,abundance,0.1141439205955335
gene,312,prevalence,0.03970223325062035
gene,312,distance,0.32
gene,312,dispersion,0.4
gene,312,omega2,0.47871742428611885
gene,312,deff,0.15849667005153292
gene,312,library_sparsity,0.4
gene,312,source_r2,0.013826847627511043
gene,313,abundance,0.08684863523573201
gene,313,prevalence,0.062034739454094295
gene,313,distance,0.32
gene,313,dispersion,0.7
gene,313,omega2,1.2496842338972332
gene,313,deff,0.006890649223251485
gene,313,library_sparsity,0.3
gene,313,source_r2,0.015458302669615651
gene,314,abundance,0.04466501240694789
gene,314,prevalence,0.06451612903225806
gene,314,distance,0.28
gene,314,dispersion,0.6
gene,314,omega2,0.5733047377108489
gene,314,deff,0.4472174453587487
gene,314,library_sparsity,0.2
gene,314,source_r2,0.025140077396944342
gene,315,abundance,0.12903225806451613
gene,315,prevalence,0.0967741935483871
gene,315,distance,0.36
gene,315,dispersion,0.7
gene,315,omega2,0.08420353715969399
gene,315,deff,0.2685208755069073
gene,315,library_sparsity,0.4
gene,315,source_r2,0.03245480968996716
gene,316,abundance,0.062034739454094295
gene,316,prevalence,0.07444168734491315
gene,316,distance,0.35
gene,316,dispersion,0.7
gene,316,omega2,0.7637533910752166
gene,316,deff,0.10371159722476397
gene,316,library_sparsity,0.3
gene,316,source_r2,0.03347123499327523
gene,317,abundance,0.0967741935483871
gene,317,prevalence,0.09181141439205956
gene,317,distance,0.45
gene,317,dispersion,0.8
gene,317,omega2,1.3699702843997827
gene,317,deff,0.23091187086938608
gene,317,library_sparsity,0.4
gene,317,source_r2,0.01741632039091375
gene,318,abundance,0.09429280397022333
gene,318,prevalence,0.06947890818858561
gene,318,distance,0.25
gene,318,dispersion,0.5
gene,318,omega2,0.34831695976048516
gene,318,deff,0.39430305403120347
gene,318,library_sparsity,0.4
gene,318,source_r2,0.025476979045387736
gene,319,abundance,0.07692307692307693
gene,319,prevalence,0.1141439205955335
gene,319,distance,0.5
gene,319,dispersion,0.9
gene,319,omega2,1.4734134050985261
gene,319,deff,0.14797955563790546
gene,319,library_sparsity,0.5
gene,319,source_r2,0.11038795174741697
gene,320,abundance,0.11662531017369727
gene,320,prevalence,0.052109181141439205
gene,320,distance,0.28
gene,320,dispersion,0.4
gene,320,omega2,0.3303555998253311
gene,320,deff,0.24577071107683346
gene,320,library_sparsity,0.4
gene,320,source_r2,0.009778153047779601
gene,321,abundance,0.1141439205955335
gene,321,prevalence,0.15632754342431762
gene,321,distance,0.6
gene,321,dispersion,0.9
gene,321,omega2,1.6049595102392331
gene,321,deff,0.21966960173386135
gene,321,library_sparsity,0.6
gene,321,source_r2,0.1935377670237047
gene,322,abundance,0.06947890818858561
gene,322,prevalence,0.10421836228287841
gene,322,distance,0.5
gene,322,dispersion,0.9
gene,322,omega2,1.4805240580760213
gene,322,deff,0.14094521875255955
gene,322,library_sparsity,0.5
gene,322,source_r2,0.10599608918572452
gene,323,abundance,0.11662531017369727
gene,323,prevalence,0.10669975186104218
gene,323,distance,0.36
gene,323,dispersion,0.7
gene,323,omega2,1.3915922442184807
gene,323,deff,0.2202096286748002
gene,323,library_sparsity,0.5
gene,323,source_r2,0.0371885907339172
gene,324,abundance,0.14392059553349876
gene,324,prevalence,0.05459057071960298
gene,324,distance,0.32
gene,324,dispersion,0.4
gene,324,omega2,0.6979966132341905
gene,324,deff,0.3894492946280287
gene,324,library_sparsity,0.3
gene,324,source_r2,0.0060341032850917175
gene,325,abundance,0.04962779156327544
gene,325,prevalence,0.03225806451612903
gene,325,distance,0.28
gene,325,dispersion,0.4
gene,325,omega2,0.27983791157978033
gene,325,deff,0.24142217607225758
gene,325,library_sparsity,0.2
gene,325,source_r2,0.005148866761178115
gene,326,abundance,0.07196029776674938
gene,326,prevalence,0.03722084367245657
gene,326,distance,0.32
gene,326,dispersion,0.4
gene,326,omega2,0.24009398762260037
gene,326,deff,0.22411571726413954
gene,326,library_sparsity,0.4
gene,326,source_r2,0.0165510570216533
gene,327,abundance,0.08684863523573201
gene,327,prevalence,0.06947890818858561
gene,327,distance,0.2
gene,327,dispersion,0.5
gene,327,omega2,0.2848541781956026
gene,327,deff,0.3775934356762138
gene,327,library_sparsity,0.3
gene,327,source_r2,0.028062371548695456
gene,328,abundance,0.07444168734491315
gene,328,prevalence,0.09181141439205956
gene,328,distance,0.24
gene,328,dispersion,0.4
gene,328,omega2,0.15577135048000323
gene,328,deff,0.20630640954242774
gene,328,library_sparsity,0.6
gene,328,source_r2,0.009451428409513156
gene,329,abundance,0.04466501240694789
gene,329,prevalence,0.06451612903225806
gene,329,distance,0.3
gene,329,dispersion,0.7
gene,329,omega2,1.0092711707068038
gene,329,deff,0.022374548082333162
gene,329,library_sparsity,0.3
gene,329,source_r2,0.02340500607196535
gene,330,abundance,0.12158808933002481
gene,330,prevalence,0.07692307692307693
gene,330,distance,0.52
gene,330,dispersion,0.7
gene,330,omega2,0.8310959690383957
gene,330,deff,0.07638071516681828
gene,330,library_sparsity,0.4
gene,330,source_r2,0.05833210400400699
gene,331,abundance,0.08436724565756824
gene,331,prevalence,0.10669975186104218
gene,331,distance,0.25
gene,331,dispersion,0.5
gene,331,omega2,0.211269168423433
gene,331,deff,0.33406212858334255
gene,331,library_sparsity,0.4
gene,331,source_r2,0.03131256535264654
gene,332,abundance,0.13895781637717122
gene,332,prevalence,0.03970223325062035
gene,332,distance,0.4
gene,332,dispersion,0.6
gene,332,omega2,1.1226712950906306
gene,332,deff,0.22762786594932974
gene,332,library_sparsity,0.3
gene,332,source_r2,0.0008565104629642996
gene,333,abundance,0.052109181141439205
gene,333,prevalence,0.022332506203473945
gene,333,distance,0.32
gene,333,dispersion,0.5
gene,333,omega2,0.2606485757524798
gene,333,deff,0.26637243256297033
gene,333,library_sparsity,0.2
gene,333,source_r2,0.004276952101211822
gene,334,abundance,0.03970223325062035
gene,334,prevalence,0.05459057071960298
gene,334,distance,0.3
gene,334,dispersion,0.6
gene,334,omega2,0.4993373163323525
gene,334,deff,0.41796860596890045
gene,334,library_sparsity,0.2
gene,334,source_r2,0.02762561848371053
gene,335,abundance,0.1662531017369727
gene,335,prevalence,0.07444168734491315
gene,335,distance,0.44
gene,335,dispersion,0.6
gene,335,omega2,0.43285511448646175
gene,335,deff,0.37157243771525866
gene,335,library_sparsity,0.4
gene,335,source_r2,0.031807757067636215
gene,336,abundance,0.04218362282878412
gene,336,prevalence,0.02729528535980149
gene,336,distance,0.28
gene,336,dispersion,0.4
gene,336,omega2,0.0031944840713878414
gene,336,deff,0.29698900972527686
gene,336,library_sparsity,0.2
gene,336,source_r2,0.018547210497317015
gene,337,abundance,0.06947890818858561
gene,337,prevalence,0.04466501240694789
gene,337,distance,0.28
gene,337,dispersion,0.4
gene,337,omega2,0.19048954180058922
gene,337,deff,0.2614025472799809
gene,337,library_sparsity,0.3
gene,337,source_r2,0.013276991217248381
gene,338,abundance,0.16129032258064516
gene,338,prevalence,0.052109181141439205
gene,338,distance,0.25
gene,338,dispersion,0.4
gene,338,omega2,0.6332160855126945
gene,338,deff,0.3914032154779315
gene,338,library_sparsity,0.3
gene,338,source_r2,0.005838383757455708
gene,339,abundance,0.11662531017369727
gene,339,prevalence,0.05707196029776675
gene,339,distance,0.24
gene,339,dispersion,0.5
gene,339,omega2,0.10163823281886852
gene,339,deff,0.4826552265306468
gene,339,library_sparsity,0.4
gene,339,source_r2,0.024990110271886478
gene,340,abundance,0.052109181141439205
gene,340,prevalence,0.01240694789081886
gene,340,distance,0.28
gene,340,dispersion,0.5
gene,340,omega2,0.34489762720770906
gene,340,deff,0.18214560380998215
gene,340,library_sparsity,0.3
gene,340,source_r2,0.006606223097602712
gene,341,abundance,0.05955334987593052
gene,341,prevalence,0.1141439205955335
gene,341,distance,0.28
gene,341,dispersion,0.4
gene,341,omega2,0.09928760656930914
gene,341,deff,0.2328055067267252
gene,341,library_sparsity,0.3
gene,341,source_r2,0.007613811789506763
gene,342,abundance,0.05459057071960298
gene,342,prevalence,0.06947890818858561
gene,342,distance,0.48
gene,342,dispersion,0.7
gene,342,omega2,0.9411893833831853
gene,342,deff,0.05606770262368447
gene,342,library_sparsity,0.4
gene,342,source_r2,0.0436458098502141
gene,343,abundance,0.05955334987593052
gene,343,prevalence,0.052109181141439205
gene,343,distance,0.4
gene,343,dispersion,0.8
gene,343,omega2,1.1366408910704182
gene,343,deff,0.2847919172106578
gene,343,library_sparsity,0.3
gene,343,source_r2,0.023691774921413753
gene,344,abundance,0.1588089330024814
gene,344,prevalence,0.08933002481389578
gene,344,distance,0.4
gene,344,dispersion,0.5
gene,344,omega2,0.9444292489992873
gene,344,deff,0.33235150897106464
gene,344,library_sparsity,0.3
gene,344,source_r2,0.007947069858465048
gene,345,abundance,0.06947890818858561
gene,345,prevalence,0.11166253101736973
gene,345,distance,0.45
gene,345,dispersion,0.8
gene,345,omega2,1.627340763276248
gene,345,deff,0.08907283270968294
gene,345,library_sparsity,0.5
gene,345,source_r2,0.05620606700891047
gene,346,abundance,0.08933002481389578
gene,346,prevalence,0.08933002481389578
gene,346,distance,0.2
gene,346,dispersion,0.5
gene,346,omega2,0.3499537474283594
gene,346,deff,0.42377906207036087
gene,346,library_sparsity,0.4
gene,346,source_r2,0.026159905386570835
gene,347,abundance,0.08436724565756824
gene,347,prevalence,0.06699751861042183
gene,347,distance,0.25
gene,347,dispersion,0.6
gene,347,omega2,0.14981721648153498
gene,347,deff,0.5555770453212335
gene,347,library_sparsity,0.3
gene,347,source_r2,0.024577758815438076
gene,348,abundance,0.07692307692307693
gene,348,prevalence,0.09181141439205956
gene,348,distance,0.32
gene,348,dispersion,0.4
gene,348,omega2,0.04723053154655228
gene,348,deff,0.27298113779164235
gene,348,library_sparsity,0.3
gene,348,source_r2,0.007295082380350135
gene,349,abundance,0.17866004962779156
gene,349,prevalence,0.08684863523573201
gene,349,distance,0.48
gene,349,dispersion,0.4
gene,349,omega2,0.22742080391999414
gene,349,deff,0.820627790470555
gene,349,library_sparsity,0.5
gene,349,source_r2,0.06040004897060016
gene,350,abundance,0.24069478908188585
gene,350,prevalence,0.09429280397022333
gene,350,distance,0.52
gene,350,dispersion,0.6
gene,350,omega2,0.5681002689595238
gene,350,deff,0.3885142711307162
gene,350,library_sparsity,0.5
gene,350,source_r2,0.0398464183990321
gene,351,abundance,0.141439205955335
gene,351,prevalence,0.08684863523573201
gene,351,distance,0.48
gene,351,dispersion,0.5
gene,351,omega2,0.48882392932231744
gene,351,deff,0.7080352853857995
gene,351,library_sparsity,0.5
gene,351,source_r2,0.06363061370359854
gene,352,abundance,0.03970223325062035
gene,352,prevalence,0.03970223325062035
gene,352,distance,0.3
gene,352,dispersion,0.7
gene,352,omega2,1.0027142504166011
gene,352,deff,0.07386914455120222
gene,352,library_sparsity,0.3
gene,352,source_r2,0.02187248100656873
gene,353,abundance,0.05459057071960298
gene,353,prevalence,0.03225806451612903
gene,353,distance,0.3
gene,353,dispersion,0.4
gene,353,omega2,0.010592039324813323
gene,353,deff,0.27359191044034886
gene,353,library_sparsity,0.3
gene,353,source_r2,0.022082975371376087
gene,354,abundance,0.12406947890818859
gene,354,prevalence,0.0794044665012407
gene,354,distance,0.28
gene,354,dispersion,0.5
gene,354,omega2,0.14679809461445203
gene,354,deff,0.4910966550350354
gene,354,library_sparsity,0.3
gene,354,source_r2,0.02811638266693893
gene,355,abundance,0.11166253101736973
gene,355,prevalence,0.07196029776674938
gene,355,distance,0.24
gene,355,dispersion,0.5
gene,355,omega2,0.10465347160403751
gene,355,deff,0.4939088772088914
gene,355,library_sparsity,0.3
gene,355,source_r2,0.025339176635597652
gene,356,abundance,0.1141439205955335
gene,356,prevalence,0.11910669975186104
gene,356,distance,0.24
gene,356,dispersion,0.4
gene,356,omega2,0.4371872870477353
gene,356,deff,0.3864066259018098
gene,356,library_sparsity,0.4
gene,356,source_r2,0.01044821609285963
gene,357,abundance,0.1141439205955335
gene,357,prevalence,0.02977667493796526
gene,357,distance,0.3
gene,357,dispersion,0.4
gene,357,omega2,0.504689482279473
gene,357,deff,0.3698430630081286
gene,357,library_sparsity,0.3
gene,357,source_r2,0.006808631140930281
gene,358,abundance,0.08684863523573201
gene,358,prevalence,0.09429280397022333
gene,358,distance,0.48
gene,358,dispersion,0.5
gene,358,omega2,0.6706622007643913
gene,358,deff,0.7725255771946139
gene,358,library_sparsity,0.6
gene,358,source_r2,0.06095937548445065
gene,359,abundance,0.11166253101736973
gene,359,prevalence,0.03970223325062035
gene,359,distance,0.32
gene,359,dispersion,0.4
gene,359,omega2,0.4642007388005296
gene,359,deff,0.14235844232492786
gene,359,library_sparsity,0.3
gene,359,source_r2,0.01261165995290071
gene,360,abundance,0.04466501240694789
gene,360,prevalence,0.062034739454094295
gene,360,distance,0.4
gene,360,dispersion,0.7
gene,360,omega2,1.171992125592184
gene,360,deff,0.009473250026610511
gene,360,library_sparsity,0.4
gene,360,source_r2,0.036127325635651096
gene,361,abundance,0.11910669975186104
gene,361,prevalence,0.05707196029776675
gene,361,distance,0.48
gene,361,dispersion,0.6
gene,361,omega2,0.9815666572305755
gene,361,deff,0.3153619481213558
gene,361,library_sparsity,0.6
gene,361,source_r2,0.008401935069252289
gene,362,abundance,0.06451612903225806
gene,362,prevalence,0.02977667493796526
gene,362,distance,0.28
gene,362,dispersion,0.4
gene,362,omega2,0.16008093559943434
gene,362,deff,0.26030609738685345
gene,362,library_sparsity,0.3
gene,362,source_r2,0.01368861628281719
gene,363,abundance,0.16129032258064516
gene,363,prevalence,0.12158808933002481
gene,363,distance,0.5
gene,363,dispersion,0.8
gene,363,omega2,0.8770356824655925
gene,363,deff,0.8425098563017295
gene,363,library_sparsity,0.4
gene,363,source_r2,0.12766837150619142
gene,364,abundance,0.08188585607940446
gene,364,prevalence,0.10421836228287841
gene,364,distance,0.3
gene,364,dispersion,0.5
gene,364,omega2,0.2651074943898464
gene,364,deff,0.3636827106832168
gene,364,library_sparsity,0.3
gene,364,source_r2,0.027239171823721518
gene,365,abundance,0.24813895781637718
gene,365,prevalence,0.05955334987593052
gene,365,distance,0.48
gene,365,dispersion,0.4
gene,365,omega2,0.9238996820395972
gene,365,deff,0.30755766075634433
gene,365,library_sparsity,0.5
gene,365,source_r2,0.009212511655235896
gene,366,abundance,0.11166253101736973
gene,366,prevalence,0.03225806451612903
gene,366,distance,0.28
gene,366,dispersion,0.5
gene,366,omega2,0.8608019547535349
gene,366,deff,0.2886572080522098
gene,366,library_sparsity,0.4
gene,366,source_r2,9.823735166643164e-05
gene,367,abundance,0.03970223325062035
gene,367,prevalence,0.06451612903225806
gene,367,distance,0.3
gene,367,dispersion,0.6
gene,367,omega2,0.5262975672584529
gene,367,deff,0.4165291554502887
gene,367,library_sparsity,0.3
gene,367,source_r2,0.027590130478366236
gene,368,abundance,0.14640198511166252
gene,368,prevalence,0.1513647642679901
gene,368,distance,0.4
gene,368,dispersion,0.8
gene,368,omega2,0.4234916420485541
gene,368,deff,0.42291952987644355
gene,368,library_sparsity,0.5
gene,368,source_r2,0.08183191992993698
gene,369,abundance,0.062034739454094295
gene,369,prevalence,0.04962779156327544
gene,369,distance,0.4
gene,369,dispersion,0.8
gene,369,omega2,1.1105196330778748
gene,369,deff,0.26776093030991743
gene,369,library_sparsity,0.3
gene,369,source_r2,0.023776878364550037
gene,370,abundance,0.1141439205955335
gene,370,prevalence,0.03722084367245657
gene,370,distance,0.28
gene,370,dispersion,0.4
gene,370,omega2,0.3200872536864798
gene,370,deff,0.23596419998576856
gene,370,library_sparsity,0.3
gene,370,source_r2,0.009916228198485257
gene,371,abundance,0.06947890818858561
gene,371,prevalence,0.11166253101736973
gene,371,distance,0.5
gene,371,dispersion,0.9
gene,371,omega2,1.4377065364949062
gene,371,deff,0.13156061080134995
gene,371,library_sparsity,0.5
gene,371,source_r2,0.10817805494483065
gene,372,abundance,0.05955334987593052
gene,372,prevalence,0.05459057071960298
gene,372,distance,0.2
gene,372,dispersion,0.5
gene,372,omega2,0.5317799552963685
gene,372,deff,0.14252104624021866
gene,372,library_sparsity,0.3
gene,372,source_r2,0.001950589061564691
gene,373,abundance,0.08436724565756824
gene,373,prevalence,0.022332506203473945
gene,373,distance,0.28
gene,373,dispersion,0.4
gene,373,omega2,0.2242670306051597
gene,373,deff,0.24088315809706504
gene,373,library_sparsity,0.3
gene,373,source_r2,0.013350101904445452
gene,374,abundance,0.16377171215880892
gene,374,prevalence,0.11910669975186104
gene,374,distance,0.5
gene,374,dispersion,0.8
gene,374,omega2,0.8870521565795911
gene,374,deff,0.851516370389965
gene,374,library_sparsity,0.4
gene,374,source_r2,0.1265218261782298
gene,375,abundance,0.03970223325062035
gene,375,prevalence,0.06699751861042183
gene,375,distance,0.45
gene,375,dispersion,0.7
gene,375,omega2,1.1528561600654583
gene,375,deff,0.011468737395872208
gene,375,library_sparsity,0.4
gene,375,source_r2,0.037927365713565746
gene,376,abundance,0.10173697270471464
gene,376,prevalence,0.10173697270471464
gene,376,distance,0.24
gene,376,dispersion,0.4
gene,376,omega2,0.3943909505386422
gene,376,deff,0.41106179600665166
gene,376,library_sparsity,0.4
gene,376,source_r2,0.011916323110090466
gene,377,abundance,0.10421836228287841
gene,377,prevalence,0.03225806451612903
gene,377,distance,0.36
gene,377,dispersion,0.6
gene,377,omega2,0.6612382620026863
gene,377,deff,0.11984656182233452
gene,377,library_sparsity,0.3
gene,377,source_r2,0.00042056953109708236
gene,378,abundance,0.052109181141439205
gene,378,prevalence,0.052109181141439205
gene,378,distance,0.3
gene,378,dispersion,0.7
gene,378,omega2,0.9268251020146456
gene,378,deff,0.11216795143863344
gene,378,library_sparsity,0.3
gene,378,source_r2,0.019256753180736337
gene,379,abundance,0.05459057071960298
gene,379,prevalence,0.019851116625310174
gene,379,distance,0.3
gene,379,dispersion,0.4
gene,379,omega2,0.08816255177504974
gene,379,deff,0.3159260031859967
gene,379,library_sparsity,0.4
gene,379,source_r2,0.016908030643871516
gene,380,abundance,0.06699751861042183
gene,380,prevalence,0.09181141439205956
gene,380,distance,0.28
gene,380,dispersion,0.4
gene,380,omega2,0.1498474371617573
gene,380,deff,0.20657585567088643
gene,380,library_sparsity,0.5
gene,380,source_r2,0.009385261424383578
gene,381,abundance,0.08188585607940446
gene,381,prevalence,0.02729528535980149
gene,381,distance,0.28
gene,381,dispersion,0.4
gene,381,omega2,0.09310077433620792
gene,381,deff,0.3265268145742683
gene,381,library_sparsity,0.3
gene,381,source_r2,0.010004709691785043
gene,382,abundance,0.14640198511166252
gene,382,prevalence,0.03970223325062035
gene,382,distance,0.32
gene,382,dispersion,0.4
gene,382,omega2,0.7062947362261839
gene,382,deff,0.3394927483685741
gene,382,library_sparsity,0.3
gene,382,source_r2,0.00659502425603947
gene,383,abundance,0.08933002481389578
gene,383,prevalence,0.08436724565756824
gene,383,distance,0.2
gene,383,dispersion,0.5
gene,383,omega2,0.3125295814333595
gene,383,deff,0.40959704212543785
gene,383,library_sparsity,0.4
gene,383,source_r2,0.026858009637914567
gene,384,abundance,0.06699751861042183
gene,384,prevalence,0.02481389578163772
gene,384,distance,0.24
gene,384,dispersion,0.4
gene,384,omega2,0.1295159762405326
gene,384,deff,0.2601857979091941
gene,384,library_sparsity,0.3
gene,384,source_r2,0.01178703378077097
gene,385,abundance,0.15384615384615385
gene,385,prevalence,0.03722084367245657
gene,385,distance,0.44
gene,385,dispersion,0.6
gene,385,omega2,1.180159710675465
gene,385,deff,0.21869222582517406
gene,385,library_sparsity,0.4
gene,385,source_r2,0.00047967803079667937
gene,386,abundance,0.07444168734491315
gene,386,prevalence,0.05707196029776675
gene,386,distance,0.4
gene,386,dispersion,0.8
gene,386,omega2,1.148168052042646
gene,386,deff,0.2715178863323543
gene,386,library_sparsity,0.3
gene,386,source_r2,0.023926464102764076
gene,387,abundance,0.062034739454094295
gene,387,prevalence,0.08188585607940446
gene,387,distance,0.3
gene,387,dispersion,0.7
gene,387,omega2,0.7423849741029391
gene,387,deff,0.07835249506047652
gene,387,library_sparsity,0.3
gene,387,source_r2,0.03439698087225246
gene,388,abundance,0.11910669975186104
gene,388,prevalence,0.06699751861042183
gene,388,distance,0.4
gene,388,dispersion,0.7
gene,388,omega2,1.4200850417636701
gene,388,deff,0.19115599244124035
gene,388,library_sparsity,0.4
gene,388,source_r2,0.01567636493979434
gene,389,abundance,0.08436724565756824
gene,389,prevalence,0.04466501240694789
gene,389,distance,0.25
gene,389,dispersion,0.6
gene,389,omega2,0.1327306436831884
gene,389,deff,0.5396669125058379
gene,389,library_sparsity,0.4
gene,389,source_r2,0.022915932851834808
gene,390,abundance,0.1761786600496278
gene,390,prevalence,0.07692307692307693
gene,390,distance,0.28
gene,390,dispersion,0.6
gene,390,omega2,0.2672648708077987
gene,390,deff,0.45809532266674696
gene,390,library_sparsity,0.4
gene,390,source_r2,0.028616893418325372
gene,391,abundance,0.07196029776674938
gene,391,prevalence,0.05459057071960298
gene,391,distance,0.4
gene,391,dispersion,0.7
gene,391,omega2,0.9506427311221773
gene,391,deff,0.045289427503403916
gene,391,library_sparsity,0.4
gene,391,source_r2,0.048436065266231176
gene,392,abundance,0.14640198511166252
gene,392,prevalence,0.04714640198511166
gene,392,distance,0.4
gene,392,dispersion,0.6
gene,392,omega2,1.1090411297147322
gene,392,deff,0.2175712405011033
gene,392,library_sparsity,0.4
gene,392,source_r2,0.0005622754228950978
gene,393,abundance,0.14392059553349876
gene,393,prevalence,0.04714640198511166
gene,393,distance,0.6
gene,393,dispersion,0.5
gene,393,omega2,0.16057561648105662
gene,393,deff,0.4060954584443313
gene,393,library_sparsity,0.4
gene,393,source_r2,0.03924828328447812
gene,394,abundance,0.12406947890818859
gene,394,prevalence,0.02729528535980149
gene,394,distance,0.35
gene,394,dispersion,0.4
gene,394,omega2,0.506815822461343
gene,394,deff,0.3958972080392656
gene,394,library_sparsity,0.3
gene,394,source_r2,0.006207201631426308
gene,395,abundance,0.08436724565756824
gene,395,prevalence,0.10669975186104218
gene,395,distance,0.25
gene,395,dispersion,0.5
gene,395,omega2,0.1925150440172374
gene,395,deff,0.3304286782684854
gene,395,library_sparsity,0.4
gene,395,source_r2,0.03071155915459988
gene,396,abundance,0.17866004962779156
gene,396,prevalence,0.15384615384615385
gene,396,distance,0.44
gene,396,dispersion,0.7
gene,396,omega2,0.05099472873488192
gene,396,deff,0.5446955574244811
gene,396,library_sparsity,0.5
gene,396,source_r2,0.08408595745624331
gene,397,abundance,0.0794044665012407
gene,397,prevalence,0.019851116625310174
gene,397,distance,0.24
gene,397,dispersion,0.4
gene,397,omega2,0.1288762008166639
gene,397,deff,0.294366534688574
gene,397,library_sparsity,0.3
gene,397,source_r2,0.010871117133320791
gene,398,abundance,0.11166253101736973
gene,398,prevalence,0.04218362282878412
gene,398,distance,0.48
gene,398,dispersion,0.6
gene,398,omega2,0.9188589029572208
gene,398,deff,0.32285021246120954
gene,398,library_sparsity,0.5
gene,398,source_r2,0.01226876606591673
gene,399,abundance,0.062034739454094295
gene,399,prevalence,0.034739454094292806
gene,399,distance,0.24
gene,399,dispersion,0.5
gene,399,omega2,0.44896414376885946
gene,399,deff,0.1928423250433849
gene,399,library_sparsity,0.2
gene,399,source_r2,0.0007764159388335012
gene,400,abundance,0.16377171215880892
gene,400,prevalence,0.07444168734491315
gene,400,distance,0.4
gene,400,dispersion,0.6
gene,400,omega2,0.41673168244201153
gene,400,deff,0.41606789155085566
gene,400,library_sparsity,0.5
gene,400,source_r2,0.03365922993612632
gene,401,abundance,0.062034739454094295
gene,401,prevalence,0.04218362282878412
gene,401,distance,0.16
gene,401,dispersion,0.5
gene,401,omega2,0.5073007097733779
gene,401,deff,0.15913547006359238
gene,401,library_sparsity,0.4
gene,401,source_r2,0.0015904251971705287
gene,402,abundance,0.11166253101736973
gene,402,prevalence,0.04218362282878412
gene,402,distance,0.32
gene,402,dispersion,0.4
gene,402,omega2,0.45796153466296796
gene,402,deff,0.14835065423439123
gene,402,library_sparsity,0.4
gene,402,source_r2,0.011774567164361505
gene,403,abundance,0.04962779156327544
gene,403,prevalence,0.062034739454094295
gene,403,distance,0.2
gene,403,dispersion,0.4
gene,403,omega2,0.2934337594090654
gene,403,deff,0.20027597855668988
gene,403,library_sparsity,0.2
gene,403,source_r2,0.006346829650027693
gene,404,abundance,0.1315136476426799
gene,404,prevalence,0.0794044665012407
gene,404,distance,0.28
gene,404,dispersion,0.6
gene,404,omega2,0.027015540461734138
gene,404,deff,0.3048642148343193
gene,404,library_sparsity,0.4
gene,404,source_r2,0.03235716276061928
gene,405,abundance,0.20099255583126552
gene,405,prevalence,0.12158808933002481
gene,405,distance,0.5
gene,405,dispersion,0.8
gene,405,omega2,0.6025226454678557
gene,405,deff,0.9199100063620432
gene,405,library_sparsity,0.5
gene,405,source_r2,0.12393842701429375
gene,406,abundance,0.06699751861042183
gene,406,prevalence,0.01488833746898263
gene,406,distance,0.2
gene,406,dispersion,0.5
gene,406,omega2,0.5272038111780495
gene,406,deff,0.14309098794761488
gene,406,library_sparsity,0.4
gene,406,source_r2,0.001947754846324245
gene,407,abundance,0.18362282878411912
gene,407,prevalence,0.0794044665012407
gene,407,distance,0.28
gene,407,dispersion,0.6
gene,407,omega2,0.251349159998136
gene,407,deff,0.4645988010285845
gene,407,library_sparsity,0.3
gene,407,source_r2,0.03212577752973907
gene,408,abundance,0.17369727047146402
gene,408,prevalence,0.09429280397022333
gene,408,distance,0.48
gene,408,dispersion,0.4
gene,408,omega2,0.22593236868805083
gene,408,deff,0.8299272461524116
gene,408,library_sparsity,0.6
gene,408,source_r2,0.06155772282918977
gene,409,abundance,0.16129032258064516
gene,409,prevalence,0.052109181141439205
gene,409,distance,0.6
gene,409,dispersion,0.5
gene,409,omega2,0.010371492588078384
gene,409,deff,0.7343935073679266
gene,409,library_sparsity,0.4
gene,409,source_r2,0.027196714922533373
gene,410,abundance,0.11662531017369727
gene,410,prevalence,0.05459057071960298
gene,410,distance,0.24
gene,410,dispersion,0.6
gene,410,omega2,0.12458770496863532
gene,410,deff,0.47585475487757745
gene,410,library_sparsity,0.4
gene,410,source_r2,0.025717060034299483
gene,411,abundance,0.17369727047146402
gene,411,prevalence,0.10669975186104218
gene,411,distance,0.48
gene,411,dispersion,0.4
gene,411,omega2,0.22386681225199576
gene,411,deff,0.778300698645393
gene,411,library_sparsity,0.5
gene,411,source_r2,0.06255548703874315
gene,412,abundance,0.11910669975186104
gene,412,prevalence,0.07444168734491315
gene,412,distance,0.36
gene,412,dispersion,0.7
gene,412,omega2,1.3906921291268588
gene,412,deff,0.20193599237659246
gene,412,library_sparsity,0.4
gene,412,source_r2,0.015935324042985716
gene,413,abundance,0.1315136476426799
gene,413,prevalence,0.07692307692307693
gene,413,distance,0.28
gene,413,dispersion,0.7
gene,413,omega2,0.020559150755265522
gene,413,deff,0.29277091064940736
gene,413,library_sparsity,0.3
gene,413,source_r2,0.031072398223339945
gene,414,abundance,0.07196029776674938
gene,414,prevalence,0.10918114143920596
gene,414,distance,0.32
gene,414,dispersion,0.7
gene,414,omega2,1.2230469410403664
gene,414,deff,0.021485170303880686
gene,414,library_sparsity,0.4
gene,414,source_r2,0.016413629106989503
gene,415,abundance,0.141439205955335
gene,415,prevalence,0.12903225806451613
gene,415,distance,0.4
gene,415,dispersion,0.5
gene,415,omega2,0.5752586368985864
gene,415,deff,0.3423499834475922
gene,415,library_sparsity,0.4
gene,415,source_r2,0.01735240613529198
gene,416,abundance,0.18858560794044665
gene,416,prevalence,0.11910669975186104
gene,416,distance,0.36
gene,416,dispersion,0.7
gene,416,omega2,0.5911071729765118
gene,416,deff,0.9138390481493274
gene,416,library_sparsity,0.5
gene,416,source_r2,0.12300288291128292
gene,417,abundance,0.17121588089330025
gene,417,prevalence,0.10421836228287841
gene,417,distance,0.48
gene,417,dispersion,0.4
gene,417,omega2,0.2044392467713576
gene,417,deff,0.7936115832952779
gene,417,library_sparsity,0.5
gene,417,source_r2,0.06252982249942111
gene,418,abundance,0.09925558312655088
gene,418,prevalence,0.02977667493796526
gene,418,distance,0.32
gene,418,dispersion,0.4
gene,418,omega2,0.6077949077041607
gene,418,deff,0.3572690083836283
gene,418,library_sparsity,0.3
gene,418,source_r2,0.009617186841874055
gene,419,abundance,0.1141439205955335
gene,419,prevalence,0.07196029776674938
gene,419,distance,0.35
gene,419,dispersion,0.6
gene,419,omega2,0.19852020106214557
gene,419,deff,0.45219763672806496
gene,419,library_sparsity,0.3
gene,419,source_r2,0.02743361091770239
gene,420,abundance,0.1935483870967742
gene,420,prevalence,0.05955334987593052
gene,420,distance,0.28
gene,420,dispersion,0.6
gene,420,omega2,0.3037497103984988
gene,420,deff,0.4710389377509951
gene,420,library_sparsity,0.3
gene,420,source_r2,0.03204585091413619
gene,421,abundance,0.04962779156327544
gene,421,prevalence,0.02977667493796526
gene,421,distance,0.32
gene,421,dispersion,0.5
gene,421,omega2,0.38820054022066086
gene,421,deff,0.17358687711780604
gene,421,library_sparsity,0.6
gene,421,source_r2,0.006823751901783289
gene,422,abundance,0.141439205955335
gene,422,prevalence,0.05459057071960298
gene,422,distance,0.32
gene,422,dispersion,0.4
gene,422,omega2,0.6918964615263314
gene,422,deff,0.3866960710854231
gene,422,library_sparsity,0.3
gene,422,source_r2,0.005832508620033533
gene,423,abundance,0.11662531017369727
gene,423,prevalence,0.07692307692307693
gene,423,distance,0.32
gene,423,dispersion,0.5
gene,423,omega2,0.1330875638526706
gene,423,deff,0.48631043018463
gene,423,library_sparsity,0.2
gene,423,source_r2,0.02692690736618905
gene,424,abundance,0.052109181141439205
gene,424,prevalence,0.02481389578163772
gene,424,distance,0.32
gene,424,dispersion,0.5
gene,424,omega2,0.3766798348398252
gene,424,deff,0.15401776829165317
gene,424,library_sparsity,0.5
gene,424,source_r2,0.00763648176037964
gene,425,abundance,0.17121588089330025
gene,425,prevalence,0.08933002481389578
gene,425,distance,0.32
gene,425,dispersion,0.6
gene,425,omega2,0.2858891258624303
gene,425,deff,0.5003391552827858
gene,425,library_sparsity,0.4
gene,425,source_r2,0.0332086056921429
gene,426,abundance,0.07444168734491315
gene,426,prevalence,0.03722084367245657
gene,426,distance,0.3
gene,426,dispersion,0.5
gene,426,omega2,0.6526436897348008
gene,426,deff,0.34799960847967026
gene,426,library_sparsity,0.3
gene,426,source_r2,0.0023931644463525176
gene,427,abundance,0.062034739454094295
gene,427,prevalence,0.06699751861042183
gene,427,distance,0.4
gene,427,dispersion,0.7
gene,427,omega2,0.9544397206305838
gene,427,deff,0.04800860887738669
gene,427,library_sparsity,0.4
gene,427,source_r2,0.04640403716595944
gene,428,abundance,0.07444168734491315
gene,428,prevalence,0.019851116625310174
gene,428,distance,0.28
gene,428,dispersion,0.5
gene,428,omega2,0.6492872188314962
gene,428,deff,0.3363536141459323
gene,428,library_sparsity,0.4
gene,428,source_r2,0.0021784274754202038
gene,429,abundance,0.14640198511166252
gene,429,prevalence,0.04218362282878412
gene,429,distance,0.44
gene,429,dispersion,0.6
gene,429,omega2,1.1379937268155498
gene,429,deff,0.195648489537474
gene,429,library_sparsity,0.3
gene,429,source_r2,0.0004943152958011459
gene,430,abundance,0.11910669975186104
gene,430,prevalence,0.07692307692307693
gene,430,distance,0.32
gene,430,dispersion,0.5
gene,430,omega2,0.13773801450290318
gene,430,deff,0.48872355497061515
gene,430,library_sparsity,0.3
gene,430,source_r2,0.026987406568853484
gene,431,abundance,0.10918114143920596
gene,431,prevalence,0.02977667493796526
gene,431,distance,0.24
gene,431,dispersion,0.5
gene,431,omega2,0.7943648250880492
gene,431,deff,0.30173074542182826
gene,431,library_sparsity,0.3
gene,431,source_r2,0.00025197433034050806
gene,432,abundance,0.08684863523573201
gene,432,prevalence,0.08188585607940446
gene,432,distance,0.2
gene,432,dispersion,0.5
gene,432,omega2,0.2756664379185258
gene,432,deff,0.40428374497616737
gene,432,library_sparsity,0.3
gene,432,source_r2,0.028334738712558278
gene,433,abundance,0.07692307692307693
gene,433,prevalence,0.1513647642679901
gene,433,distance,0.5
gene,433,dispersion,0.9
gene,433,omega2,1.4713067288884276
gene,433,deff,0.1643120707841065
gene,433,library_sparsity,0.5
gene,433,source_r2,0.1088121177063633
gene,434,abundance,0.04962779156327544
gene,434,prevalence,0.04962779156327544
gene,434,distance,0.2
gene,434,dispersion,0.4
gene,434,omega2,0.31406929120420357
gene,434,deff,0.2233313367243776
gene,434,library_sparsity,0.2
gene,434,source_r2,0.006103651123947714
gene,435,abundance,0.062034739454094295
gene,435,prevalence,0.08188585607940446
gene,435,distance,0.36
gene,435,dispersion,0.7
gene,435,omega2,0.6542539855981899
gene,435,deff,0.148617363459163
gene,435,library_sparsity,0.3
gene,435,source_r2,0.02842003726052121
gene,436,abundance,0.1935483870967742
gene,436,prevalence,0.05955334987593052
gene,436,distance,0.28
gene,436,dispersion,0.6
gene,436,omega2,0.27994953197198896
gene,436,deff,0.45691510710553923
gene,436,library_sparsity,0.3
gene,436,source_r2,0.031349570112015335
gene,437,abundance,0.1315136476426799
gene,437,prevalence,0.07196029776674938
gene,437,distance,0.45
gene,437,dispersion,0.5
gene,437,omega2,0.7582053062284737
gene,437,deff,0.4012626392808172
gene,437,library_sparsity,0.3
gene,437,source_r2,0.011629577622327886
gene,438,abundance,0.15632754342431762
gene,438,prevalence,0.04466501240694789
gene,438,distance,0.28
gene,438,dispersion,0.4
gene,438,omega2,0.6991366364647862
gene,438,deff,0.3737685266433552
gene,438,library_sparsity,0.3
gene,438,source_r2,0.005913184470129232
gene,439,abundance,0.11662531017369727
gene,439,prevalence,0.07692307692307693
gene,439,distance,0.44
gene,439,dispersion,0.7
gene,439,omega2,0.43463663286209003
gene,439,deff,0.19434033405543713
gene,439,library_sparsity,0.3
gene,439,source_r2,0.04091873798388153
gene,440,abundance,0.05707196029776675
gene,440,prevalence,0.017369727047146403
gene,440,distance,0.24
gene,440,dispersion,0.5
gene,440,omega2,0.5682013808040396
gene,440,deff,0.12193245016274733
gene,440,library_sparsity,0.2
gene,440,source_r2,0.0023312640795236155
gene,441,abundance,0.1662531017369727
gene,441,prevalence,0.0794044665012407
gene,441,distance,0.32
gene,441,dispersion,0.6
gene,441,omega2,0.33391680082215386
gene,441,deff,0.4276471444520372
gene,441,library_sparsity,0.3
gene,441,source_r2,0.03177281589796059
gene,442,abundance,0.1141439205955335
gene,442,prevalence,0.04714640198511166
gene,442,distance,0.25
gene,442,dispersion,0.4
gene,442,omega2,0.45243880056431063
gene,442,deff,0.42308745639574313
gene,442,library_sparsity,0.2
gene,442,source_r2,0.005464367392619875
gene,443,abundance,0.05707196029776675
gene,443,prevalence,0.05955334987593052
gene,443,distance,0.36
gene,443,dispersion,0.7
gene,443,omega2,0.6634786355301718
gene,443,deff,0.16195709412610715
gene,443,library_sparsity,0.2
gene,443,source_r2,0.028853203572492603
gene,444,abundance,0.07196029776674938
gene,444,prevalence,0.02977667493796526
gene,444,distance,0.25
gene,444,dispersion,0.5
gene,444,omega2,0.5552467270415634
gene,444,deff,0.3889653516269062
gene,444,library_sparsity,0.3
gene,444,source_r2,0.0020637533943645187
gene,445,abundance,0.12158808933002481
gene,445,prevalence,0.05955334987593052
gene,445,distance,0.44
gene,445,dispersion,0.7
gene,445,omega2,1.4515507425354564
gene,445,deff,0.21432678439741987
gene,445,library_sparsity,0.6
gene,445,source_r2,0.03642724590222428
gene,446,abundance,0.10173697270471464
gene,446,prevalence,0.04714640198511166
gene,446,distance,0.45
gene,446,dispersion,0.7
gene,446,omega2,1.3595666162704096
gene,446,deff,0.20442699340657217
gene,446,library_sparsity,0.4
gene,446,source_r2,0.016799796182941022
gene,447,abundance,0.11166253101736973
gene,447,prevalence,0.04714640198511166
gene,447,distance,0.32
gene,447,dispersion,0.5
gene,447,omega2,0.8831436445113355
gene,447,deff,0.3041668065881723
gene,447,library_sparsity,0.3
gene,447,source_r2,0.0003625870307484637
gene,448,abundance,0.14640198511166252
gene,448,prevalence,0.05459057071960298
gene,448,distance,0.36
gene,448,dispersion,0.6
gene,448,omega2,1.0896925126490518
gene,448,deff,0.25066142452143814
gene,448,library_sparsity,0.4
gene,448,source_r2,0.0010607826514546792
gene,449,abundance,0.04962779156327544
gene,449,prevalence,0.034739454094292806
gene,449,distance,0.2
gene,449,dispersion,0.5
gene,449,omega2,0.5175262038808893
gene,449,deff,0.17852242068403626
gene,449,library_sparsity,0.2
gene,449,source_r2,0.0019141712993118564
gene,450,abundance,0.1687344913151365
gene,450,prevalence,0.08933002481389578
gene,450,distance,0.28
gene,450,dispersion,0.6
gene,450,omega2,0.22135897516104938
gene,450,deff,0.48848932668229034
gene,450,library_sparsity,0.4
gene,450,source_r2,0.0329630679604906
gene,451,abundance,0.17121588089330025
gene,451,prevalence,0.07444168734491315
gene,451,distance,0.28
gene,451,dispersion,0.6
gene,451,omega2,0.33922636763527336
gene,451,deff,0.43186752354997265
gene,451,library_sparsity,0.3
gene,451,source_r2,0.03221604686188383
gene,452,abundance,0.11662531017369727
gene,452,prevalence,0.08933002481389578
gene,452,distance,0.28
gene,452,dispersion,0.6
gene,452,omega2,0.11921209091806935
gene,452,deff,0.4924003442100369
gene,452,library_sparsity,0.3
gene,452,source_r2,0.02778493842169314
gene,453,abundance,0.06699751861042183
gene,453,prevalence,0.03225806451612903
gene,453,distance,0.24
gene,453,dispersion,0.4
gene,453,omega2,0.18403246370172774
gene,453,deff,0.2696025072334937
gene,453,library_sparsity,0.3
gene,453,source_r2,0.01370458807333576
gene,454,abundance,0.17121588089330025
gene,454,prevalence,0.14392059553349876
gene,454,distance,0.55
gene,454,dispersion,0.9
gene,454,omega2,1.3958218352932252
gene,454,deff,0.1719309309821302
gene,454,library_sparsity,0.6
gene,454,source_r2,0.20586693032554246
gene,455,abundance,0.10173697270471464
gene,455,prevalence,0.08188585607940446
gene,455,distance,0.25
gene,455,dispersion,0.5
gene,455,omega2,0.30216893990417854
gene,455,deff,0.3914344912591741
gene,455,library_sparsity,0.4
gene,455,source_r2,0.027895322828857715
gene,456,abundance,0.062034739454094295
gene,456,prevalence,0.052109181141439205
gene,456,distance,0.3
gene,456,dispersion,0.7
gene,456,omega2,0.684170900007322
gene,456,deff,0.14743861915944434
gene,456,library_sparsity,0.4
gene,456,source_r2,0.03158799658475783
gene,457,abundance,0.17369727047146402
gene,457,prevalence,0.10918114143920596
gene,457,distance,0.32
gene,457,dispersion,0.6
gene,457,omega2,0.3361121161815147
gene,457,deff,0.4383337845811772
gene,457,library_sparsity,0.5
gene,457,source_r2,0.0344128514404792
gene,458,abundance,0.062034739454094295
gene,458,prevalence,0.08436724565756824
gene,458,distance,0.32
gene,458,dispersion,0.7
gene,458,omega2,0.7938791220917107
gene,458,deff,0.07971009003982345
gene,458,library_sparsity,0.3
gene,458,source_r2,0.03207188399231386
gene,459,abundance,0.12158808933002481
gene,459,prevalence,0.04218362282878412
gene,459,distance,0.4
gene,459,dispersion,0.7
gene,459,omega2,1.660255022535126
gene,459,deff,0.15522086982472352
gene,459,library_sparsity,0.3
gene,459,source_r2,0.011593711072332173
gene,460,abundance,0.03722084367245657
gene,460,prevalence,0.052109181141439205
gene,460,distance,0.3
gene,460,dispersion,0.6
gene,460,omega2,0.4930643673891304
gene,460,deff,0.42164022357723036
gene,460,library_sparsity,0.3
gene,460,source_r2,0.026330682137599332
gene,461,abundance,0.13647642679900746
gene,461,prevalence,0.06699751861042183
gene,461,distance,0.28
gene,461,dispersion,0.7
gene,461,omega2,0.0036282100105156515
gene,461,deff,0.27812551991777695
gene,461,library_sparsity,0.3
gene,461,source_r2,0.03209339024199734
gene,462,abundance,0.11910669975186104
gene,462,prevalence,0.052109181141439205
gene,462,distance,0.24
gene,462,dispersion,0.4
gene,462,omega2,0.36938282821419327
gene,462,deff,0.21127366481297385
gene,462,library_sparsity,0.3
gene,462,source_r2,0.010042359241466696
gene,463,abundance,0.16129032258064516
gene,463,prevalence,0.09181141439205956
gene,463,distance,0.52
gene,463,dispersion,0.5
gene,463,omega2,0.2569957178532687
gene,463,deff,0.8314518680674389
gene,463,library_sparsity,0.5
gene,463,source_r2,0.061259990087400136
gene,464,abundance,0.062034739454094295
gene,464,prevalence,0.11166253101736973
gene,464,distance,0.45
gene,464,dispersion,0.8
gene,464,omega2,1.4737091270874287
gene,464,deff,0.07269286404882651
gene,464,library_sparsity,0.4
gene,464,source_r2,0.06957396997072315
gene,465,abundance,0.20099255583126552
gene,465,prevalence,0.12158808933002481
gene,465,distance,0.5
gene,465,dispersion,0.8
gene,465,omega2,0.6002451880218571
gene,465,deff,0.9199240645402997
gene,465,library_sparsity,0.4
gene,465,source_r2,0.12441834140087411
gene,466,abundance,0.08684863523573201
gene,466,prevalence,0.08933002481389578
gene,466,distance,0.25
gene,466,dispersion,0.5
gene,466,omega2,0.2444119709291279
gene,466,deff,0.36858711684109846
gene,466,library_sparsity,0.3
gene,466,source_r2,0.02988073330069296
gene,467,abundance,0.05707196029776675
gene,467,prevalence,0.11166253101736973
gene,467,distance,0.35
gene,467,dispersion,0.7
gene,467,omega2,0.9020781534894671
gene,467,deff,0.5458633772697843
gene,467,library_sparsity,0.5
gene,467,source_r2,0.06352735209742917
gene,468,abundance,0.1141439205955335
gene,468,prevalence,0.05459057071960298
gene,468,distance,0.45
gene,468,dispersion,0.7
gene,468,omega2,1.3677240056451851
gene,468,deff,0.2119106937619885
gene,468,library_sparsity,0.3
gene,468,source_r2,0.016890784791662394
gene,469,abundance,0.1588089330024814
gene,469,prevalence,0.04466501240694789
gene,469,distance,0.32
gene,469,dispersion,0.4
gene,469,omega2,0.7693557214106108
gene,469,deff,0.35457041339227624
gene,469,library_sparsity,0.4
gene,469,source_r2,0.006950424173830612
gene,470,abundance,0.1761786600496278
gene,470,prevalence,0.0794044665012407
gene,470,distance,0.28
gene,470,dispersion,0.6
gene,470,omega2,0.27941137829093504
gene,470,deff,0.4611102103892002
gene,470,library_sparsity,0.4
gene,470,source_r2,0.028775108639658875
gene,471,abundance,0.0794044665012407
gene,471,prevalence,0.1513647642679901
gene,471,distance,0.5
gene,471,dispersion,0.9
gene,471,omega2,1.44161717250157
gene,471,deff,0.1504549475904686
gene,471,library_sparsity,0.6
gene,471,source_r2,0.11267545497787591
gene,472,abundance,0.1488833746898263
gene,472,prevalence,0.03225806451612903
gene,472,distance,0.4
gene,472,dispersion,0.6
gene,472,omega2,1.1946980294312517
gene,472,deff,0.19978641572665587
gene,472,library_sparsity,0.5
gene,472,source_r2,0.0004211550465481502
gene,473,abundance,0.07196029776674938
gene,473,prevalence,0.022332506203473945
gene,473,distance,0.28
gene,473,dispersion,0.5
gene,473,omega2,0.6561365462614126
gene,473,deff,0.32457409353209804
gene,473,library_sparsity,0.3
gene,473,source_r2,0.0022168676051712603
gene,474,abundance,0.17121588089330025
gene,474,prevalence,0.141439205955335
gene,474,distance,0.4
gene,474,dispersion,0.7
gene,474,omega2,0.11558156385560271
gene,474,deff,0.5764439536344531
gene,474,library_sparsity,0.5
gene,474,source_r2,0.08356600545163903
gene,475,abundance,0.04962779156327544
gene,475,prevalence,0.02481389578163772
gene,475,distance,0.28
gene,475,dispersion,0.5
gene,475,omega2,0.3941398201058923
gene,475,deff,0.16640348777815409
gene,475,library_sparsity,0.4
gene,475,source_r2,0.007518686149677043
gene,476,abundance,0.09925558312655088
gene,476,prevalence,0.034739454094292806
gene,476,distance,0.36
gene,476,dispersion,0.5
gene,476,omega2,0.13793349098245405
gene,476,deff,0.23860464091948339
gene,476,library_sparsity,0.3
gene,476,source_r2,0.01408750524372072
gene,477,abundance,0.062034739454094295
gene,477,prevalence,0.05707196029776675
gene,477,distance,0.3
gene,477,dispersion,0.7
gene,477,omega2,0.7477731694107511
gene,477,deff,0.11466950481753599
gene,477,library_sparsity,0.2
gene,477,source_r2,0.03100386677749623
gene,478,abundance,0.12158808933002481
gene,478,prevalence,0.11166253101736973
gene,478,distance,0.24
gene,478,dispersion,0.5
gene,478,omega2,0.10135116580882433
gene,478,deff,0.5017861674546515
gene,478,library_sparsity,0.4
gene,478,source_r2,0.027261989377015634
gene,479,abundance,0.06451612903225806
gene,479,prevalence,0.03225806451612903
gene,479,distance,0.48
gene,479,dispersion,0.6
gene,479,omega2,0.6042082939907497
gene,479,deff,0.12407137444006562
gene,479,library_sparsity,0.4
gene,479,source_r2,0.011322092863878142
gene,480,abundance,0.07196029776674938
gene,480,prevalence,0.04714640198511166
gene,480,distance,0.24
gene,480,dispersion,0.4
gene,480,omega2,0.130397509221527
gene,480,deff,0.29197473844832095
gene,480,library_sparsity,0.3
gene,480,source_r2,0.010177083506965426
gene,481,abundance,0.14392059553349876
gene,481,prevalence,0.04218362282878412
gene,481,distance,0.36
gene,481,dispersion,0.4
gene,481,omega2,0.7501732381439663
gene,481,deff,0.3316600634015608
gene,481,library_sparsity,0.4
gene,481,source_r2,0.006302839874765053
gene,482,abundance,0.03970223325062035
gene,482,prevalence,0.04466501240694789
gene,482,distance,0.25
gene,482,dispersion,0.4
gene,482,omega2,0.016271861093947394
gene,482,deff,0.2936077002075255
gene,482,library_sparsity,0.2
gene,482,source_r2,0.01914481531601397
gene,483,abundance,0.062034739454094295
gene,483,prevalence,0.08188585607940446
gene,483,distance,0.28
gene,483,dispersion,0.4
gene,483,omega2,0.13139690575883076
gene,483,deff,0.32424146418325656
gene,483,library_sparsity,0.4
gene,483,source_r2,0.005642969941648442
gene,484,abundance,0.11166253101736973
gene,484,prevalence,0.08188585607940446
gene,484,distance,0.24
gene,484,dispersion,0.5
gene,484,omega2,0.015634817584111303
gene,484,deff,0.5559557068408667
gene,484,library_sparsity,0.4
gene,484,source_r2,0.025859945707710937
gene,485,abundance,0.16377171215880892
gene,485,prevalence,0.06947890818858561
gene,485,distance,0.36
gene,485,dispersion,0.6
gene,485,omega2,0.3608307880776054
gene,485,deff,0.4025201327705398
gene,485,library_sparsity,0.3
gene,485,source_r2,0.031036721994417694
gene,486,abundance,0.12406947890818859
gene,486,prevalence,0.10918114143920596
gene,486,distance,0.5
gene,486,dispersion,0.9
gene,486,omega2,1.883364470661117
gene,486,deff,0.17294368436420124
gene,486,library_sparsity,0.5
gene,486,source_r2,0.058322780348822933
gene,487,abundance,0.13647642679900746
gene,487,prevalence,0.10918114143920596
gene,487,distance,0.52
gene,487,dispersion,0.5
gene,487,omega2,0.47374778024829806
gene,487,deff,0.6739458711054018
gene,487,library_sparsity,0.5
gene,487,source_r2,0.06867142844042919
gene,488,abundance,0.1315136476426799
gene,488,prevalence,0.10173697270471464
gene,488,distance,0.32
gene,488,dispersion,0.7
gene,488,omega2,0.016686084186964423
gene,488,deff,0.31605325883052
gene,488,library_sparsity,0.4
gene,488,source_r2,0.03101386156808553
gene,489,abundance,0.10918114143920596
gene,489,prevalence,0.10173697270471464
gene,489,distance,0.24
gene,489,dispersion,0.4
gene,489,omega2,0.3877199931638059
gene,489,deff,0.39556489524154215
gene,489,library_sparsity,0.4
gene,489,source_r2,0.009714942864917541
gene,490,abundance,0.04714640198511166
gene,490,prevalence,0.02977667493796526
gene,490,distance,0.32
gene,490,dispersion,0.4
gene,490,omega2,0.00875440363587774
gene,490,deff,0.2762288594715058
gene,490,library_sparsity,0.3
gene,490,source_r2,0.022090938231852555
gene,491,abundance,0.08933002481389578
gene,491,prevalence,0.10173697270471464
gene,491,distance,0.2
gene,491,dispersion,0.5
gene,491,omega2,0.16562886078844252
gene,491,deff,0.348797436360465
gene,491,library_sparsity,0.4
gene,491,source_r2,0.0319602448977846
gene,492,abundance,0.05955334987593052
gene,492,prevalence,0.12655086848635236
gene,492,distance,0.24
gene,492,dispersion,0.4
gene,492,omega2,0.1588653286622318
gene,492,deff,0.21857986298915338
gene,492,library_sparsity,0.4
gene,492,source_r2,0.00856559145616648
gene,493,abundance,0.15632754342431762
gene,493,prevalence,0.034739454094292806
gene,493,distance,0.36
gene,493,dispersion,0.6
gene,493,omega2,1.140506967170406
gene,493,deff,0.21895948194691414
gene,493,library_sparsity,0.4
gene,493,source_r2,0.0007893787295057275
gene,494,abundance,0.11166253101736973
gene,494,prevalence,0.09925558312655088
gene,494,distance,0.28
gene,494,dispersion,0.4
gene,494,omega2,0.47229483032228425
gene,494,deff,0.3502578133095074
gene,494,library_sparsity,0.6
gene,494,source_r2,0.010448948623064946
gene,495,abundance,0.11166253101736973
gene,495,prevalence,0.05459057071960298
gene,495,distance,0.24
gene,495,dispersion,0.5
gene,495,omega2,0.8798381777214744
gene,495,deff,0.2779535625654456
gene,495,library_sparsity,0.4
gene,495,source_r2,0.0002060772191766553
gene,496,abundance,0.10173697270471464
gene,496,prevalence,0.04218362282878412
gene,496,distance,0.3
gene,496,dispersion,0.4
gene,496,omega2,0.4545957648380403
gene,496,deff,0.41801355746984065
gene,496,library_sparsity,0.3
gene,496,source_r2,0.004573910868390506
gene,497,abundance,0.09181141439205956
gene,497,prevalence,0.09925558312655088
gene,497,distance,0.55
gene,497,dispersion,0.9
gene,497,omega2,1.725327098822804
gene,497,deff,0.15901843036559046
gene,497,library_sparsity,0.5
gene,497,source_r2,0.09735937637242886
gene,498,abundance,0.062034739454094295
gene,498,prevalence,0.07692307692307693
gene,498,distance,0.32
gene,498,dispersion,0.7
gene,498,omega2,0.7837366090183623
gene,498,deff,0.09306601418846605
gene,498,library_sparsity,0.3
gene,498,source_r2,0.030145911133294564
gene,499,abundance,0.11662531017369727
gene,499,prevalence,0.019851116625310174
gene,499,distance,0.36
gene,499,dispersion,0.5
gene,499,omega2,0.9875958508006818
gene,499,deff,0.23221466765743953
gene,499,library_sparsity,0.6
gene,499,source_r2,0.0004462508301030802
