modality,split,metric,value
protein,0,abundance,0.1108543552217729
protein,0,prevalence,0.16727646190384493
protein,0,distance,0.3707070707070707
protein,0,dispersion,0.21052631578947367
protein,0,omega2,0.7764139051382613
protein,0,deff,0.5017802200560711
protein,0,tf_topology,0.19298245614035087
protein,0,source_r2,0.02116366716307626
protein,1,abundance,0.04788497336157649
protein,1,prevalence,0.1871108543552218
protein,1,distance,0.20707070707070707
protein,1,dispersion,0.2857142857142857
protein,1,omega2,0.035922257019460606
protein,1,deff,0.2890863782769689
protein,1,tf_topology,0.16791979949874686
protein,1,source_r2,0.011647286683792044
protein,2,abundance,0.03203029719494199
protein,2,prevalence,0.2046344438025547
protein,2,distance,0.15454545454545454
protein,2,dispersion,0.2506265664160401
protein,2,omega2,0.28563836732322473
protein,2,deff,0.2380098491188042
protein,2,tf_topology,0.11528822055137844
protein,2,source_r2,0.013784545126182254
protein,3,abundance,0.04416201296617239
protein,3,prevalence,0.20039797162847428
protein,3,distance,0.23333333333333334
protein,3,dispersion,0.2656641604010025
protein,3,omega2,0.393810455027365
protein,3,deff,0.6245423679242718
protein,3,tf_topology,0.22305764411027568
protein,3,source_r2,0.02470652371066106
protein,4,abundance,0.016239810000641897
protein,4,prevalence,0.20187431799216893
protein,4,distance,0.20404040404040405
protein,4,dispersion,0.19047619047619047
protein,4,omega2,0.17299072866670373
protein,4,deff,0.0500195943884837
protein,4,tf_topology,0.20300751879699247
protein,4,source_r2,0.014273237195547938
protein,5,abundance,0.09114834071506517
protein,5,prevalence,0.27421528981321003
protein,5,distance,0.24382716049382716
protein,5,dispersion,0.39348370927318294
protein,5,omega2,0.8052658624933368
protein,5,deff,0.220017912401523
protein,5,tf_topology,0.3024794053734067
protein,5,source_r2,0.02042548015759636
protein,6,abundance,0.02728031324218505
protein,6,prevalence,0.19462096411836438
protein,6,distance,0.2502469135802469
protein,6,dispersion,0.2681704260651629
protein,6,omega2,0.28661419988845777
protein,6,deff,0.2745861699431269
protein,6,tf_topology,0.19799498746867167
protein,6,source_r2,0.014719803494936604
protein,7,abundance,0.058219397907439574
protein,7,prevalence,0.15122921882020668
protein,7,distance,0.2637037037037037
protein,7,dispersion,0.22807017543859648
protein,7,omega2,0.2990259471531927
protein,7,deff,0.6479052704899926
protein,7,tf_topology,0.30433681379924815
protein,7,source_r2,0.016262472446015867
protein,8,abundance,0.11342191411515501
protein,8,prevalence,0.1358880544322485
protein,8,distance,0.20404040404040405
protein,8,dispersion,0.2932330827067669
protein,8,omega2,0.005760649184407667
protein,8,deff,0.31096596594012815
protein,8,tf_topology,0.16541353383458646
protein,8,source_r2,0.014967817572416066
protein,9,abundance,0.04088837537711021
protein,9,prevalence,0.19937094807112143
protein,9,distance,0.44747474747474747
protein,9,dispersion,0.47869674185463656
protein,9,omega2,1.6465234542451341
protein,9,deff,0.29277067683373825
protein,9,tf_topology,0.2681704260651629
protein,9,source_r2,0.03200556018944123
protein,10,abundance,0.022466140317093486
protein,10,prevalence,0.19808716862443032
protein,10,distance,0.402020202020202
protein,10,dispersion,0.3208020050125313
protein,10,omega2,0.3613103834314629
protein,10,deff,0.08461962579340854
protein,10,tf_topology,0.18045112781954886
protein,10,source_r2,0.01327766553439111
protein,11,abundance,0.031067462609923657
protein,11,prevalence,0.18056357917709742
protein,11,distance,0.21818181818181817
protein,11,dispersion,0.20300751879699247
protein,11,omega2,0.10613140873365265
protein,11,deff,0.08168187835160004
protein,11,tf_topology,0.16541353383458646
protein,11,source_r2,0.01514919170588271
protein,12,abundance,0.04326336735348868
protein,12,prevalence,0.1784453430900571
protein,12,distance,0.23246913580246914
protein,12,dispersion,0.22305764411027568
protein,12,omega2,0.16379009800515354
protein,12,deff,0.5103274009279837
protein,12,tf_topology,0.2606516290726817
protein,12,source_r2,0.016737955913085006
protein,13,abundance,0.14827652609281727
protein,13,prevalence,0.32877591629758013
protein,13,distance,0.4303030303030303
protein,13,dispersion,0.2982456140350877
protein,13,omega2,1.8437081046789414
protein,13,deff,0.5984596933268942
protein,13,tf_topology,0.6630772343091932
protein,13,source_r2,0.037665700186584224
protein,14,abundance,0.06354708261120745
protein,14,prevalence,0.24160729186725727
protein,14,distance,0.16839506172839505
protein,14,dispersion,0.16290726817042606
protein,14,omega2,0.12838496452163173
protein,14,deff,0.17662521304023615
protein,14,tf_topology,0.17794486215538846
protein,14,source_r2,0.016293242476417193
protein,15,abundance,0.08935104948969769
protein,15,prevalence,0.2976442647153219
protein,15,distance,0.4666666666666667
protein,15,dispersion,0.3508771929824561
protein,15,omega2,1.6398983492735244
protein,15,deff,0.34026150474328914
protein,15,tf_topology,0.5345938571618645
protein,15,source_r2,0.028523523550712183
protein,16,abundance,0.1287630785031132
protein,16,prevalence,0.30701585467616666
protein,16,distance,0.24646464646464647
protein,16,dispersion,0.23558897243107768
protein,16,omega2,0.5720834135646955
protein,16,deff,0.12797063089537633
protein,16,tf_topology,0.5209477816481399
protein,16,source_r2,0.03970462376384523
protein,17,abundance,0.1158610950638681
protein,17,prevalence,0.14692855767379165
protein,17,distance,0.20606060606060606
protein,17,dispersion,0.20802005012531327
protein,17,omega2,0.3742391409655095
protein,17,deff,0.6555581392061209
protein,17,tf_topology,0.3008675996998846
protein,17,source_r2,0.014614818429751032
protein,18,abundance,0.16040824186404778
protein,18,prevalence,0.3328198215546569
protein,18,distance,0.36666666666666664
protein,18,dispersion,0.44110275689223055
protein,18,omega2,0.7856675093890331
protein,18,deff,0.4851695321406537
protein,18,tf_topology,0.5773708137812895
protein,18,source_r2,0.023942535580624768
protein,19,abundance,0.02612491174016307
protein,19,prevalence,0.23101611143205592
protein,19,distance,0.18282828282828284
protein,19,dispersion,0.20802005012531327
protein,19,omega2,0.22529409795025582
protein,19,deff,0.008387097009508607
protein,19,tf_topology,0.23057644110275688
protein,19,source_r2,0.014458642861737574
protein,20,abundance,0.10777328454971435
protein,20,prevalence,0.13120225945182618
protein,20,distance,0.43434343434343436
protein,20,dispersion,0.2731829573934837
protein,20,omega2,0.7761297573476782
protein,20,deff,0.4793174870525168
protein,20,tf_topology,0.44177823124857984
protein,20,source_r2,0.024322748939127295
protein,21,abundance,0.08100648308620584
protein,21,prevalence,0.2275499069259901
protein,21,distance,0.14962962962962964
protein,21,dispersion,0.16541353383458646
protein,21,omega2,0.03984730940312301
protein,21,deff,0.31263556427325123
protein,21,tf_topology,0.11278195488721804
protein,21,source_r2,0.020686222750597515
protein,22,abundance,0.02965530521856352
protein,22,prevalence,0.2313370562937287
protein,22,distance,0.4212121212121212
protein,22,dispersion,0.3458646616541353
protein,22,omega2,1.7648465998825944
protein,22,deff,0.1804883847972776
protein,22,tf_topology,0.18295739348370926
protein,22,source_r2,0.02522827690042056
protein,23,abundance,0.0842159317029334
protein,23,prevalence,0.1729892804416201
protein,23,distance,0.24444444444444444
protein,23,dispersion,0.3408521303258145
protein,23,omega2,0.0671970394141574
protein,23,deff,0.4857007787944454
protein,23,tf_topology,0.11779448621553884
protein,23,source_r2,0.010896584217367822
protein,24,abundance,0.02766544707619234
protein,24,prevalence,0.21907696257782916
protein,24,distance,0.24848484848484848
protein,24,dispersion,0.2832080200501253
protein,24,omega2,0.8086869815747456
protein,24,deff,0.14262270737151272
protein,24,tf_topology,0.23558897243107768
protein,24,source_r2,0.016260588333796865
protein,25,abundance,0.07863149110982726
protein,25,prevalence,0.16470890301046281
protein,25,distance,0.15757575757575756
protein,25,dispersion,0.18796992481203006
protein,25,omega2,0.5198388801102108
protein,25,deff,0.32639689450033726
protein,25,tf_topology,0.23308270676691728
protein,25,source_r2,0.013457055476375676
protein,26,abundance,0.018614801977020368
protein,26,prevalence,0.24699916554335966
protein,26,distance,0.2091358024691358
protein,26,dispersion,0.3132832080200501
protein,26,omega2,0.6782223361880689
protein,26,deff,0.023789451448596878
protein,26,tf_topology,0.2731829573934837
protein,26,source_r2,0.015477200569692366
protein,27,abundance,0.041080942294113854
protein,27,prevalence,0.19032030297194946
protein,27,distance,0.28484848484848485
protein,27,dispersion,0.43107769423558895
protein,27,omega2,0.7614758362964951
protein,27,deff,0.019399716622273102
protein,27,tf_topology,0.16791979949874686
protein,27,source_r2,0.01795079052409266
protein,28,abundance,0.017395211502663765
protein,28,prevalence,0.20912767186597347
protein,28,distance,0.23074074074074075
protein,28,dispersion,0.3182957393483709
protein,28,omega2,0.43456573708247287
protein,28,deff,0.13177308544159008
protein,28,tf_topology,0.16040100250626566
protein,28,source_r2,0.012731369175086736
protein,29,abundance,0.05180050067398423
protein,29,prevalence,0.18608383079786894
protein,29,distance,0.3939393939393939
protein,29,dispersion,0.2656641604010025
protein,29,omega2,1.119877962608482
protein,29,deff,0.5207751637805925
protein,29,tf_topology,0.26149255436340213
protein,29,source_r2,0.02209959793514267
protein,30,abundance,0.062199114192181715
protein,30,prevalence,0.16438795814879004
protein,30,distance,0.26161616161616164
protein,30,dispersion,0.3609022556390977
protein,30,omega2,1.0406832539796913
protein,30,deff,0.11656608757202519
protein,30,tf_topology,0.3182957393483709
protein,30,source_r2,0.017944351309912582
protein,31,abundance,0.04319917838115417
protein,31,prevalence,0.22697220617497915
protein,31,distance,0.24242424242424243
protein,31,dispersion,0.2506265664160401
protein,31,omega2,0.9795632853067886
protein,31,deff,0.3369747793494281
protein,31,tf_topology,0.18796992481203006
protein,31,source_r2,0.015187818882211367
protein,32,abundance,0.02188843956608255
protein,32,prevalence,0.24821875601771626
protein,32,distance,0.198989898989899
protein,32,dispersion,0.3082706766917293
protein,32,omega2,0.4913344576299001
protein,32,deff,0.004028740115372905
protein,32,tf_topology,0.2882205513784461
protein,32,source_r2,0.0164880529418464
protein,33,abundance,0.09698953719750947
protein,33,prevalence,0.17042172154823798
protein,33,distance,0.09191919191919191
protein,33,dispersion,0.13533834586466165
protein,33,omega2,0.15714093116578073
protein,33,deff,0.1972153822820772
protein,33,tf_topology,0.22807017543859648
protein,33,source_r2,0.010857851700640735
protein,34,abundance,0.24167148083959178
protein,34,prevalence,0.2109249630913409
protein,34,distance,0.15757575757575756
protein,34,dispersion,0.16541353383458646
protein,34,omega2,0.23537305653816634
protein,34,deff,0.12800287426944326
protein,34,tf_topology,0.7477333950081032
protein,34,source_r2,0.02478085855114755
protein,35,abundance,0.13030361383914246
protein,35,prevalence,0.12677322036074196
protein,35,distance,0.4868686868686869
protein,35,dispersion,0.37343358395989973
protein,35,omega2,1.3423200999472085
protein,35,deff,0.02126358376323949
protein,35,tf_topology,0.4102323027528527
protein,35,source_r2,0.02886149158231797
protein,36,abundance,0.13492521984723027
protein,36,prevalence,0.3121509724629309
protein,36,distance,0.14747474747474748
protein,36,dispersion,0.14285714285714285
protein,36,omega2,0.04155127544531026
protein,36,deff,0.5070698447940168
protein,36,tf_topology,0.4059236368943162
protein,36,source_r2,0.016413803521927187
protein,37,abundance,0.10116182039925536
protein,37,prevalence,0.26747544771808196
protein,37,distance,0.4212121212121212
protein,37,dispersion,0.23558897243107768
protein,37,omega2,1.5734483796188836
protein,37,deff,0.06983993273044721
protein,37,tf_topology,0.23558897243107768
protein,37,source_r2,0.0329720561156209
protein,38,abundance,0.06117209063482898
protein,38,prevalence,0.19872905834777577
protein,38,distance,0.5373737373737374
protein,38,dispersion,0.2606516290726817
protein,38,omega2,1.6490427586988672
protein,38,deff,0.037051473406095596
protein,38,tf_topology,0.2756892230576441
protein,38,source_r2,0.03301450712562856
protein,39,abundance,0.023172219012773554
protein,39,prevalence,0.2084215931702933
protein,39,distance,0.1404040404040404
protein,39,dispersion,0.17293233082706766
protein,39,omega2,0.15630179600917998
protein,39,deff,0.030845164536517783
protein,39,tf_topology,0.17293233082706766
protein,39,source_r2,0.0127639586791936
protein,40,abundance,0.07073624751267737
protein,40,prevalence,0.1663136273188266
protein,40,distance,0.11691358024691358
protein,40,dispersion,0.17543859649122806
protein,40,omega2,0.20201650176609431
protein,40,deff,0.6032640182091417
protein,40,tf_topology,0.16541353383458646
protein,40,source_r2,0.011441493904140345
protein,41,abundance,0.03517555683933504
protein,41,prevalence,0.20399255407920924
protein,41,distance,0.22839506172839505
protein,41,dispersion,0.37092731829573933
protein,41,omega2,0.39294449184887614
protein,41,deff,0.042558563858908535
protein,41,tf_topology,0.22305764411027568
protein,41,source_r2,0.016378397002520986
protein,42,abundance,0.050067398420951315
protein,42,prevalence,0.22870530842801207
protein,42,distance,0.23901234567901233
protein,42,dispersion,0.3358395989974937
protein,42,omega2,0.4527334013460423
protein,42,deff,0.12336263130063604
protein,42,tf_topology,0.2852144890504845
protein,42,source_r2,0.016619533274367684
protein,43,abundance,0.09037807304705048
protein,43,prevalence,0.25733359008922274
protein,43,distance,0.29901234567901236
protein,43,dispersion,0.37092731829573933
protein,43,omega2,0.3398325565576129
protein,43,deff,0.052935801404167586
protein,43,tf_topology,0.14285714285714285
protein,43,source_r2,0.016375208753242134
protein,44,abundance,0.07471596379741952
protein,44,prevalence,0.19327299569933887
protein,44,distance,0.31616161616161614
protein,44,dispersion,0.2606516290726817
protein,44,omega2,0.39838543673662424
protein,44,deff,0.3275063997389311
protein,44,tf_topology,0.22807017543859648
protein,44,source_r2,0.020385779982537475
protein,45,abundance,0.05738494126709037
protein,45,prevalence,0.25527954297451705
protein,45,distance,0.18679012345679014
protein,45,dispersion,0.23558897243107768
protein,45,omega2,0.0967552600043591
protein,45,deff,0.03473309533191814
protein,45,tf_topology,0.23057644110275688
protein,45,source_r2,0.013920505706445145
protein,46,abundance,0.047371461582900065
protein,46,prevalence,0.16233391103408434
protein,46,distance,0.3202020202020202
protein,46,dispersion,0.2882205513784461
protein,46,omega2,0.8995635416359022
protein,46,deff,0.3761557705983428
protein,46,tf_topology,0.16541353383458646
protein,46,source_r2,0.016737570125980226
protein,47,abundance,0.08415174273059889
protein,47,prevalence,0.16220553308941532
protein,47,distance,0.3101010101010101
protein,47,dispersion,0.23057644110275688
protein,47,omega2,0.8473612381822642
protein,47,deff,0.20552854031483345
protein,47,tf_topology,0.20802005012531327
protein,47,source_r2,0.018475621591681667
protein,48,abundance,0.07978689261184924
protein,48,prevalence,0.26779639257975485
protein,48,distance,0.10101010101010101
protein,48,dispersion,0.14285714285714285
protein,48,omega2,0.046973923774189755
protein,48,deff,0.23385498535032065
protein,48,tf_topology,0.23955024764674737
protein,48,source_r2,0.012909226547978962
protein,49,abundance,0.13441170806855385
protein,49,prevalence,0.12555362988638546
protein,49,distance,0.24848484848484848
protein,49,dispersion,0.3032581453634085
protein,49,omega2,0.6998194720084465
protein,49,deff,0.08263079292710039
protein,49,tf_topology,0.28267492369007813
protein,49,source_r2,0.020857808216735586
protein,50,abundance,0.027986391937865118
protein,50,prevalence,0.19186083830797873
protein,50,distance,0.2696969696969697
protein,50,dispersion,0.18546365914786966
protein,50,omega2,0.03604669879785871
protein,50,deff,0.3123795569684552
protein,50,tf_topology,0.17293233082706766
protein,50,source_r2,0.013913408868960192
protein,51,abundance,0.07644906605045254
protein,51,prevalence,0.1646447140381282
protein,51,distance,0.3434343434343434
protein,51,dispersion,0.18295739348370926
protein,51,omega2,0.9532966793466197
protein,51,deff,0.12461201707049376
protein,51,tf_topology,0.18546365914786966
protein,51,source_r2,0.01839665856311347
protein,52,abundance,0.16894537518454322
protein,52,prevalence,0.3199178381154118
protein,52,distance,0.31313131313131315
protein,52,dispersion,0.37092731829573933
protein,52,omega2,1.4318384573628298
protein,52,deff,0.42267474799410437
protein,52,tf_topology,0.5635241345617518
protein,52,source_r2,0.02405846246964816
protein,53,abundance,0.07689838885679434
protein,53,prevalence,0.16040824186404767
protein,53,distance,0.1482716049382716
protein,53,dispersion,0.19298245614035087
protein,53,omega2,0.7080004845188248
protein,53,deff,0.03822227948502064
protein,53,tf_topology,0.19047619047619047
protein,53,source_r2,0.01430375399224258
protein,54,abundance,0.16066499775338594
protein,54,prevalence,0.30926246870787605
protein,54,distance,0.21212121212121213
protein,54,dispersion,0.16040100250626566
protein,54,omega2,0.024094710911688612
protein,54,deff,0.7398866920301982
protein,54,tf_topology,0.5688585711983986
protein,54,source_r2,0.025723548154426134
protein,55,abundance,0.05655048462674117
protein,55,prevalence,0.21451954554207586
protein,55,distance,0.198989898989899
protein,55,dispersion,0.2982456140350877
protein,55,omega2,0.2693611519845036
protein,55,deff,0.2602089921360419
protein,55,tf_topology,0.20802005012531327
protein,55,source_r2,0.018676137236577576
protein,56,abundance,0.13017523589447333
protein,56,prevalence,0.1342191411515502
protein,56,distance,0.29555555555555557
protein,56,dispersion,0.3308270676691729
protein,56,omega2,0.06851903958477358
protein,56,deff,0.5929105560055431
protein,56,tf_topology,0.18546365914786966
protein,56,source_r2,0.012539655768710203
protein,57,abundance,0.05449643751203548
protein,57,prevalence,0.20739456961294045
protein,57,distance,0.1808080808080808
protein,57,dispersion,0.13784461152882205
protein,57,omega2,0.24434328733780897
protein,57,deff,0.1087641357067643
protein,57,tf_topology,0.19298245614035087
protein,57,source_r2,0.01480267388701662
protein,58,abundance,0.10719558379870342
protein,58,prevalence,0.2991848000513512
protein,58,distance,0.2676767676767677
protein,58,dispersion,0.2832080200501253
protein,58,omega2,0.9723128122178142
protein,58,deff,0.23159435974350995
protein,58,tf_topology,0.4432516519497312
protein,58,source_r2,0.02747916171931585
protein,59,abundance,0.15289813210090508
protein,59,prevalence,0.3236407985108158
protein,59,distance,0.26666666666666666
protein,59,dispersion,0.40852130325814534
protein,59,omega2,1.1901368996366606
protein,59,deff,0.345443307251009
protein,59,tf_topology,0.4568106308437346
protein,59,source_r2,0.016944863690086954
protein,60,abundance,0.053918736761024544
protein,60,prevalence,0.22459721419860068
protein,60,distance,0.1898989898989899
protein,60,dispersion,0.3082706766917293
protein,60,omega2,0.5354025765187195
protein,60,deff,0.21189550615519362
protein,60,tf_topology,0.19298245614035087
protein,60,source_r2,0.013060177902501934
protein,61,abundance,0.05815520893510495
protein,61,prevalence,0.2229924898902369
protein,61,distance,0.34444444444444444
protein,61,dispersion,0.3659147869674185
protein,61,omega2,1.2639461530842595
protein,61,deff,0.282268874446756
protein,61,tf_topology,0.24561403508771928
protein,61,source_r2,0.03285097715644767
protein,62,abundance,0.058668720713781375
protein,62,prevalence,0.1859554528531998
protein,62,distance,0.4454320987654321
protein,62,dispersion,0.2982456140350877
protein,62,omega2,0.27494480824289724
protein,62,deff,0.6407759456615056
protein,62,tf_topology,0.39487407295815574
protein,62,source_r2,0.025213320746677384
protein,63,abundance,0.09307400988510184
protein,63,prevalence,0.15501636818794529
protein,63,distance,0.2585858585858586
protein,63,dispersion,0.46115288220551376
protein,63,omega2,1.2235221160458039
protein,63,deff,0.27949952484312973
protein,63,tf_topology,0.28267492369007813
protein,63,source_r2,0.015649624129474866
protein,64,abundance,0.09654021439116767
protein,64,prevalence,0.12343539379934532
protein,64,distance,0.1606060606060606
protein,64,dispersion,0.17794486215538846
protein,64,omega2,0.0762869655318564
protein,64,deff,0.15810383659034394
protein,64,tf_topology,0.24710771533919718
protein,64,source_r2,0.013989848367666804
protein,65,abundance,0.03479042300532764
protein,65,prevalence,0.19076962577829126
protein,65,distance,0.22828282828282828
protein,65,dispersion,0.14035087719298245
protein,65,omega2,0.6861844619960437
protein,65,deff,0.24295876121968532
protein,65,tf_topology,0.15037593984962405
protein,65,source_r2,0.013684144510198603
protein,66,abundance,0.1300468579498043
protein,66,prevalence,0.11964824443160671
protein,66,distance,0.46464646464646464
protein,66,dispersion,0.38847117794486213
protein,66,omega2,1.5158129092540367
protein,66,deff,0.24578708436021965
protein,66,tf_topology,0.39911281575340496
protein,66,source_r2,0.021623154531292932
protein,67,abundance,0.14943192759483925
protein,67,prevalence,0.13531035368123762
protein,67,distance,0.26493827160493827
protein,67,dispersion,0.2506265664160401
protein,67,omega2,0.4794644643580906
protein,67,deff,0.011264835821932167
protein,67,tf_topology,0.4184360169815278
protein,67,source_r2,0.015083115503209923
protein,68,abundance,0.1096347647474164
protein,68,prevalence,0.14436099878040953
protein,68,distance,0.15454545454545454
protein,68,dispersion,0.18796992481203006
protein,68,omega2,0.0399765769398492
protein,68,deff,0.02829464419299611
protein,68,tf_topology,0.18546365914786966
protein,68,source_r2,0.014571097193313695
protein,69,abundance,0.05269914628666794
protein,69,prevalence,0.2585531805635791
protein,69,distance,0.3303030303030303
protein,69,dispersion,0.2606516290726817
protein,69,omega2,1.3139008713313587
protein,69,deff,0.07043700358074384
protein,69,tf_topology,0.324855887905829
protein,69,source_r2,0.026755868211255668
protein,70,abundance,0.02111817189806786
protein,70,prevalence,0.23666474099749668
protein,70,distance,0.3219753086419753
protein,70,dispersion,0.3458646616541353
protein,70,omega2,0.4024477533057869
protein,70,deff,0.27308722988293443
protein,70,tf_topology,0.28422419642735797
protein,70,source_r2,0.011734642591905604
protein,71,abundance,0.2507221259387637
protein,71,prevalence,0.25065793696642913
protein,71,distance,0.3001234567901235
protein,71,dispersion,0.47117794486215536
protein,71,omega2,0.9927444393032544
protein,71,deff,0.030114176022641933
protein,71,tf_topology,0.6724826584164523
protein,71,source_r2,0.0346392797408462
protein,72,abundance,0.11188137877912574
protein,72,prevalence,0.1349894088195649
protein,72,distance,0.20909090909090908
protein,72,dispersion,0.21052631578947367
protein,72,omega2,0.17194265181542126
protein,72,deff,0.08354209631210296
protein,72,tf_topology,0.37429741563884383
protein,72,source_r2,0.015635985426143605
protein,73,abundance,0.17536427241799857
protein,73,prevalence,0.15597920277296362
protein,73,distance,0.25728395061728393
protein,73,dispersion,0.42105263157894735
protein,73,omega2,0.6611582899490006
protein,73,deff,0.49124400018698905
protein,73,tf_topology,0.2919113465117964
protein,73,source_r2,0.017674716740095794
protein,74,abundance,0.09673278130817126
protein,74,prevalence,0.2901983439245138
protein,74,distance,0.1622222222222222
protein,74,dispersion,0.21804511278195488
protein,74,omega2,0.023903297999324658
protein,74,deff,0.4189112538684799
protein,74,tf_topology,0.34569394378683255
protein,74,source_r2,0.015292412910342631
protein,75,abundance,0.18999935811027668
protein,75,prevalence,0.188651389691251
protein,75,distance,0.3333333333333333
protein,75,dispersion,0.39348370927318294
protein,75,omega2,1.0815834918035736
protein,75,deff,0.3458483057203264
protein,75,tf_topology,0.5796432040207012
protein,75,source_r2,0.026652248812306524
protein,76,abundance,0.1096347647474164
protein,76,prevalence,0.2626612747929906
protein,76,distance,0.24074074074074073
protein,76,dispersion,0.19298245614035087
protein,76,omega2,0.15829858254244747
protein,76,deff,0.34654092132253483
protein,76,tf_topology,0.16791979949874686
protein,76,source_r2,0.009916920501137284
protein,77,abundance,0.04936131972527125
protein,77,prevalence,0.18435072854483603
protein,77,distance,0.27555555555555555
protein,77,dispersion,0.23809523809523808
protein,77,omega2,0.7029346565469811
protein,77,deff,0.07516245893521481
protein,77,tf_topology,0.14536340852130325
protein,77,source_r2,0.009986504305171034
protein,78,abundance,0.05898966557545415
protein,78,prevalence,0.1767764298093587
protein,78,distance,0.2679012345679012
protein,78,dispersion,0.39849624060150374
protein,78,omega2,0.9450697070582793
protein,78,deff,0.11187668397899106
protein,78,tf_topology,0.20300751879699247
protein,78,source_r2,0.018875080688127148
protein,79,abundance,0.11521920534052255
protein,79,prevalence,0.15726298221965473
protein,79,distance,0.16363636363636364
protein,79,dispersion,0.16541353383458646
protein,79,omega2,0.17249605907527002
protein,79,deff,0.24318496314991936
protein,79,tf_topology,0.14536340852130325
protein,79,source_r2,0.012297721941803943
protein,80,abundance,0.08736119134732656
protein,80,prevalence,0.2505295590217601
protein,80,distance,0.23737373737373738
protein,80,dispersion,0.2656641604010025
protein,80,omega2,0.6027601388404588
protein,80,deff,0.2455293114486033
protein,80,tf_topology,0.20802005012531327
protein,80,source_r2,0.013464202872545815
protein,81,abundance,0.08113486103087486
protein,81,prevalence,0.1355029205982412
protein,81,distance,0.42828282828282827
protein,81,dispersion,0.22305764411027568
protein,81,omega2,0.8492731997802182
protein,81,deff,0.1321448766730521
protein,81,tf_topology,0.6159580010037575
protein,81,source_r2,0.03287424225962179
protein,82,abundance,0.022081006483086196
protein,82,prevalence,0.1842865395725014
protein,82,distance,0.1595959595959596
protein,82,dispersion,0.19799498746867167
protein,82,omega2,0.327710980399328
protein,82,deff,0.23628614003560836
protein,82,tf_topology,0.15037593984962405
protein,82,source_r2,0.022512388291522363
protein,83,abundance,0.046922138776558264
protein,83,prevalence,0.23692149688683484
protein,83,distance,0.17320987654320988
protein,83,dispersion,0.42355889724310775
protein,83,omega2,0.5822841641438395
protein,83,deff,0.3652617404697661
protein,83,tf_topology,0.11528822055137844
protein,83,source_r2,0.014139858109012887
protein,84,abundance,0.0745875858527505
protein,84,prevalence,0.19474934206303363
protein,84,distance,0.1797979797979798
protein,84,dispersion,0.21303258145363407
protein,84,omega2,0.03079505763245174
protein,84,deff,0.039991517980278724
protein,84,tf_topology,0.11528822055137844
protein,84,source_r2,0.018519988995939526
protein,85,abundance,0.025803966878490292
protein,85,prevalence,0.2552153540021824
protein,85,distance,0.3686868686868687
protein,85,dispersion,0.17543859649122806
protein,85,omega2,0.8462960472807758
protein,85,deff,0.36026501270223216
protein,85,tf_topology,0.5517119483739052
protein,85,source_r2,0.03406572684568189
protein,86,abundance,0.028692470633545186
protein,86,prevalence,0.20392836510687473
protein,86,distance,0.20606060606060606
protein,86,dispersion,0.2832080200501253
protein,86,omega2,0.4399823779239754
protein,86,deff,0.20094597513519186
protein,86,tf_topology,0.18796992481203006
protein,86,source_r2,0.013434581075078297
protein,87,abundance,0.05706399640541748
protein,87,prevalence,0.26368829835034346
protein,87,distance,0.22323232323232323
protein,87,dispersion,0.2882205513784461
protein,87,omega2,0.09619788338695771
protein,87,deff,0.011323479347586473
protein,87,tf_topology,0.19298245614035087
protein,87,source_r2,0.017546505333200596
protein,88,abundance,0.027922202965530607
protein,88,prevalence,0.23364785929777265
protein,88,distance,0.23939393939393938
protein,88,dispersion,0.2781954887218045
protein,88,omega2,0.76608410963899
protein,88,deff,0.028661790768187714
protein,88,tf_topology,0.282243709694291
protein,88,source_r2,0.022108113210530606
protein,89,abundance,0.11618203992554077
protein,89,prevalence,0.2889787534501573
protein,89,distance,0.2737373737373737
protein,89,dispersion,0.23558897243107768
protein,89,omega2,0.5405552990048701
protein,89,deff,0.22504012171043308
protein,89,tf_topology,0.3041781848779777
protein,89,source_r2,0.016009562442366856
protein,90,abundance,0.12009756723794862
protein,90,prevalence,0.15899608447268754
protein,90,distance,0.4686868686868687
protein,90,dispersion,0.23558897243107768
protein,90,omega2,1.462537066942662
protein,90,deff,0.6185212308948584
protein,90,tf_topology,0.2706766917293233
protein,90,source_r2,0.02940135719514055
protein,91,abundance,0.21618845882277427
protein,91,prevalence,0.1683676744335323
protein,91,distance,0.22525252525252526
protein,91,dispersion,0.18796992481203006
protein,91,omega2,0.516273223955254
protein,91,deff,0.15126197681978498
protein,91,tf_topology,0.4613616580946598
protein,91,source_r2,0.015746410320320727
protein,92,abundance,0.11213813466846395
protein,92,prevalence,0.11290840233647859
protein,92,distance,0.22493827160493826
protein,92,dispersion,0.2706766917293233
protein,92,omega2,0.4964794602322495
protein,92,deff,0.11338082745432593
protein,92,tf_topology,0.542954495744465
protein,92,source_r2,0.02014594891856007
protein,93,abundance,0.2176648051864689
protein,93,prevalence,0.19006354708261125
protein,93,distance,0.26666666666666666
protein,93,dispersion,0.21052631578947367
protein,93,omega2,0.38127806747171666
protein,93,deff,0.049633158354470644
protein,93,tf_topology,0.5345994489345429
protein,93,source_r2,0.019192705477908984
protein,94,abundance,0.05854034276911224
protein,94,prevalence,0.16560754862314653
protein,94,distance,0.16666666666666666
protein,94,dispersion,0.23558897243107768
protein,94,omega2,0.5428578180081784
protein,94,deff,0.13533756518569645
protein,94,tf_topology,0.15538847117794485
protein,94,source_r2,0.015863046899966274
protein,95,abundance,0.0558444059310611
protein,95,prevalence,0.2668335579947365
protein,95,distance,0.4868686868686869
protein,95,dispersion,0.2932330827067669
protein,95,omega2,1.6713322582844115
protein,95,deff,0.24971048628377462
protein,95,tf_topology,0.44853092123737104
protein,95,source_r2,0.0315561610616481
protein,96,abundance,0.04730727261056544
protein,96,prevalence,0.16997239874189618
protein,96,distance,0.5696969696969697
protein,96,dispersion,0.19047619047619047
protein,96,omega2,0.9893768056670242
protein,96,deff,0.26921179713966975
protein,96,tf_topology,0.3333333333333333
protein,96,source_r2,0.025030002127959854
protein,97,abundance,0.07606393221644514
protein,97,prevalence,0.16560754862314664
protein,97,distance,0.2808080808080808
protein,97,dispersion,0.3659147869674185
protein,97,omega2,1.2829810395514858
protein,97,deff,0.19470765865796474
protein,97,tf_topology,0.18045112781954886
protein,97,source_r2,0.02608000588942683
protein,98,abundance,0.11079016624943838
protein,98,prevalence,0.28249566724436737
protein,98,distance,0.301010101010101
protein,98,dispersion,0.3132832080200501
protein,98,omega2,0.7086874356233808
protein,98,deff,0.35381854323710843
protein,98,tf_topology,0.40777363130492156
protein,98,source_r2,0.0236541061724758
protein,99,abundance,0.10719558379870331
protein,99,prevalence,0.26952949483278776
protein,99,distance,0.3225925925925926
protein,99,dispersion,0.45112781954887216
protein,99,omega2,0.6127419463016108
protein,99,deff,0.21299792693226505
protein,99,tf_topology,0.22055137844611528
protein,99,source_r2,0.010691542375772705
protein,100,abundance,0.15726298221965473
protein,100,prevalence,0.11464150458951156
protein,100,distance,0.6797979797979798
protein,100,dispersion,0.3684210526315789
protein,100,omega2,2.3761226649560547
protein,100,deff,0.15739835539140096
protein,100,tf_topology,0.5082641886133432
protein,100,source_r2,0.04433872740099669
protein,101,abundance,0.021631683676744284
protein,101,prevalence,0.21618845882277415
protein,101,distance,0.1898989898989899
protein,101,dispersion,0.18045112781954886
protein,101,omega2,0.27453636931323155
protein,101,deff,0.2522174528737908
protein,101,tf_topology,0.16040100250626566
protein,101,source_r2,0.01426160786312968
protein,102,abundance,0.03928365106874643
protein,102,prevalence,0.22536748186661537
protein,102,distance,0.3748148148148148
protein,102,dispersion,0.42355889724310775
protein,102,omega2,0.9492545727225322
protein,102,deff,0.13843292194368495
protein,102,tf_topology,0.19298245614035087
protein,102,source_r2,0.01094557109554444
protein,103,abundance,0.034084344309647574
protein,103,prevalence,0.2575903459785609
protein,103,distance,0.38181818181818183
protein,103,dispersion,0.20802005012531327
protein,103,omega2,0.4886812207149335
protein,103,deff,0.15550553118083582
protein,103,tf_topology,0.21052631578947367
protein,103,source_r2,0.019750208354832443
protein,104,abundance,0.08453687656460618
protein,104,prevalence,0.2880801078374735
protein,104,distance,0.18691358024691357
protein,104,dispersion,0.23057644110275688
protein,104,omega2,0.4817950069774791
protein,104,deff,0.6167292092280567
protein,104,tf_topology,0.3702446912089074
protein,104,source_r2,0.017139299306986107
protein,105,abundance,0.10803004043905251
protein,105,prevalence,0.24205661467359907
protein,105,distance,0.31414141414141417
protein,105,dispersion,0.20300751879699247
protein,105,omega2,0.3308518380009384
protein,105,deff,0.5438879177338033
protein,105,tf_topology,0.24561403508771928
protein,105,source_r2,0.014380019802529164
protein,106,abundance,0.08684767956865014
protein,106,prevalence,0.16066499775338594
protein,106,distance,0.3525252525252525
protein,106,dispersion,0.2706766917293233
protein,106,omega2,0.9606516554706656
protein,106,deff,0.3059187559066521
protein,106,tf_topology,0.3358395989974937
protein,106,source_r2,0.021678044375320383
protein,107,abundance,0.06861801142563706
protein,107,prevalence,0.1642595802041209
protein,107,distance,0.18686868686868688
protein,107,dispersion,0.19047619047619047
protein,107,omega2,0.11824695217778507
protein,107,deff,0.33881449357424226
protein,107,tf_topology,0.21303258145363407
protein,107,source_r2,0.013106570491220156
protein,108,abundance,0.08453687656460629
protein,108,prevalence,0.2898132100905064
protein,108,distance,0.30707070707070705
protein,108,dispersion,0.22055137844611528
protein,108,omega2,0.7327039214794199
protein,108,deff,0.501890537537582
protein,108,tf_topology,0.5739073122121603
protein,108,source_r2,0.03782558566337029
protein,109,abundance,0.09724629308684762
protein,109,prevalence,0.2889145644778227
protein,109,distance,0.3333333333333333
protein,109,dispersion,0.21804511278195488
protein,109,omega2,0.8240511066028114
protein,109,deff,0.2158810243290245
protein,109,tf_topology,0.2731829573934837
protein,109,source_r2,0.017488176381944
protein,110,abundance,0.11470569356184612
protein,110,prevalence,0.12985429103280055
protein,110,distance,0.19901234567901235
protein,110,dispersion,0.2807017543859649
protein,110,omega2,0.25563287960036646
protein,110,deff,0.11065841604933438
protein,110,tf_topology,0.28065562034128133
protein,110,source_r2,0.013976703642744647
protein,111,abundance,0.10103344245458634
protein,111,prevalence,0.13306373964952822
protein,111,distance,0.3656565656565657
protein,111,dispersion,0.13784461152882205
protein,111,omega2,0.42126051118182295
protein,111,deff,0.018120953673919454
protein,111,tf_topology,0.2607728420085534
protein,111,source_r2,0.017072525374176053
protein,112,abundance,0.08306053020091153
protein,112,prevalence,0.23499582771679828
protein,112,distance,0.3717171717171717
protein,112,dispersion,0.21303258145363407
protein,112,omega2,0.6734652632303779
protein,112,deff,0.013427670042320075
protein,112,tf_topology,0.21052631578947367
protein,112,source_r2,0.021467538174752825
protein,113,abundance,0.05783426407343217
protein,113,prevalence,0.17401630399897294
protein,113,distance,0.13636363636363635
protein,113,dispersion,0.16541353383458646
protein,113,omega2,0.12031107898861534
protein,113,deff,0.08311884528674575
protein,113,tf_topology,0.2706766917293233
protein,113,source_r2,0.015129017686777121
protein,114,abundance,0.07901662494383466
protein,114,prevalence,0.26612747929905645
protein,114,distance,0.22424242424242424
protein,114,dispersion,0.2832080200501253
protein,114,omega2,0.6392744522671561
protein,114,deff,0.21871649889296693
protein,114,tf_topology,0.3814663764287359
protein,114,source_r2,0.024157168863269945
protein,115,abundance,0.02965530521856352
protein,115,prevalence,0.23993837858655886
protein,115,distance,0.2737373737373737
protein,115,dispersion,0.3408521303258145
protein,115,omega2,0.8507950701673437
protein,115,deff,0.1646943646721648
protein,115,tf_topology,0.2932330827067669
protein,115,source_r2,0.01999430299222381
protein,116,abundance,0.07022273573400095
protein,116,prevalence,0.19596893253739012
protein,116,distance,0.28012345679012346
protein,116,dispersion,0.556390977443609
protein,116,omega2,1.4829588560121696
protein,116,deff,0.007456815689145029
protein,116,tf_topology,0.20300751879699247
protein,116,source_r2,0.022770272326244498
protein,117,abundance,0.08306053020091153
protein,117,prevalence,0.14230695166570384
protein,117,distance,0.38686868686868686
protein,117,dispersion,0.43107769423558895
protein,117,omega2,1.5068148765414895
protein,117,deff,0.22677749145874065
protein,117,tf_topology,0.40628011116157947
protein,117,source_r2,0.03445043418503562
protein,118,abundance,0.011746581937223222
protein,118,prevalence,0.2180499390204763
protein,118,distance,0.1119753086419753
protein,118,dispersion,0.24561403508771928
protein,118,omega2,0.08001576219792958
protein,118,deff,0.02885674017120967
protein,118,tf_topology,0.19799498746867167
protein,118,source_r2,0.016143469925925427
protein,119,abundance,0.09750304897618589
protein,119,prevalence,0.1759419731690096
protein,119,distance,0.4575757575757576
protein,119,dispersion,0.2656641604010025
protein,119,omega2,1.53278270920261
protein,119,deff,0.2505985993533141
protein,119,tf_topology,0.3132832080200501
protein,119,source_r2,0.030646345792050087
protein,120,abundance,0.15617176968996727
protein,120,prevalence,0.2997625008023621
protein,120,distance,0.31717171717171716
protein,120,dispersion,0.39348370927318294
protein,120,omega2,1.1563398051202596
protein,120,deff,0.40334479745702684
protein,120,tf_topology,0.3308270676691729
protein,120,source_r2,0.022263208900838206
protein,121,abundance,0.16939469799088513
protein,121,prevalence,0.16021567494704403
protein,121,distance,0.1595959595959596
protein,121,dispersion,0.16040100250626566
protein,121,omega2,0.43920459549239427
protein,121,deff,0.27057848065206974
protein,121,tf_topology,0.4564975465920079
protein,121,source_r2,0.014672491758256865
protein,122,abundance,0.09820912767186607
protein,122,prevalence,0.21606008087810513
protein,122,distance,0.2802469135802469
protein,122,dispersion,0.44110275689223055
protein,122,omega2,0.9904820322107002
protein,122,deff,0.20616024288772133
protein,122,tf_topology,0.24561403508771928
protein,122,source_r2,0.016027261777896155
protein,123,abundance,0.1659284934848193
protein,123,prevalence,0.16079337569805507
protein,123,distance,0.39595959595959596
protein,123,dispersion,0.22055137844611528
protein,123,omega2,0.9757017035528963
protein,123,deff,0.4901863266476164
protein,123,tf_topology,0.5984499504149884
protein,123,source_r2,0.030636996243410763
protein,124,abundance,0.14307721933371842
protein,124,prevalence,0.12305025996533803
protein,124,distance,0.3373737373737374
protein,124,dispersion,0.19047619047619047
protein,124,omega2,0.3021459280424143
protein,124,deff,0.16813684762849818
protein,124,tf_topology,0.23308270676691728
protein,124,source_r2,0.021189573976347912
protein,125,abundance,0.11278002439180956
protein,125,prevalence,0.1363373772385904
protein,125,distance,0.29494949494949496
protein,125,dispersion,0.21804511278195488
protein,125,omega2,0.9264389023588173
protein,125,deff,0.2756661960989429
protein,125,tf_topology,0.3817339064656721
protein,125,source_r2,0.020285062041067663
protein,126,abundance,0.06502342897490221
protein,126,prevalence,0.16021567494704414
protein,126,distance,0.21414141414141413
protein,126,dispersion,0.18295739348370926
protein,126,omega2,0.25775278477561875
protein,126,deff,0.061757524870377105
protein,126,tf_topology,0.24561403508771928
protein,126,source_r2,0.014686321476904567
protein,127,abundance,0.10674626099236151
protein,127,prevalence,0.16522241478913924
protein,127,distance,0.30808080808080807
protein,127,dispersion,0.17794486215538846
protein,127,omega2,0.5958173706454963
protein,127,deff,0.033666863212219386
protein,127,tf_topology,0.17974539212752189
protein,127,source_r2,0.01414640886907076
protein,128,abundance,0.04672957185955462
protein,128,prevalence,0.18980679119327304
protein,128,distance,0.13333333333333333
protein,128,dispersion,0.20300751879699247
protein,128,omega2,0.5115163638884904
protein,128,deff,0.14217447137935632
protein,128,tf_topology,0.19047619047619047
protein,128,source_r2,0.00958928622536976
protein,129,abundance,0.039155273124077294
protein,129,prevalence,0.22312086783490603
protein,129,distance,0.29432098765432096
protein,129,dispersion,0.3408521303258145
protein,129,omega2,0.3755212033402963
protein,129,deff,0.16607972671805857
protein,129,tf_topology,0.21303258145363407
protein,129,source_r2,0.014991353145015021
protein,130,abundance,0.019192502728031302
protein,130,prevalence,0.21484049040374864
protein,130,distance,0.3414141414141414
protein,130,dispersion,0.2832080200501253
protein,130,omega2,0.031155213906560644
protein,130,deff,0.07051031634914887
protein,130,tf_topology,0.23308270676691728
protein,130,source_r2,0.014000654723276117
protein,131,abundance,0.10488478079465946
protein,131,prevalence,0.14442518775274404
protein,131,distance,0.2
protein,131,dispersion,0.40852130325814534
protein,131,omega2,0.8237465394027073
protein,131,deff,0.4179683835095419
protein,131,tf_topology,0.21739162601431097
protein,131,source_r2,0.013969109471434938
protein,132,abundance,0.02259451826176262
protein,132,prevalence,0.2004621606008088
protein,132,distance,0.2636363636363636
protein,132,dispersion,0.2882205513784461
protein,132,omega2,0.4545083439763728
protein,132,deff,0.21216097502364106
protein,132,tf_topology,0.17794486215538846
protein,132,source_r2,0.01641458302870671
protein,133,abundance,0.1817831696514539
protein,133,prevalence,0.14237114063803846
protein,133,distance,0.3717171717171717
protein,133,dispersion,0.39849624060150374
protein,133,omega2,0.9273742056033074
protein,133,deff,0.7799447999972964
protein,133,tf_topology,0.39136788778906656
protein,133,source_r2,0.024615098478413828
protein,134,abundance,0.023621541819115466
protein,134,prevalence,0.20251620771551448
protein,134,distance,0.3474747474747475
protein,134,dispersion,0.16541353383458646
protein,134,omega2,0.698371681516298
protein,134,deff,0.13173373042807313
protein,134,tf_topology,0.18295739348370926
protein,134,source_r2,0.025081410117513213
protein,135,abundance,0.030489761858912612
protein,135,prevalence,0.23274921368508894
protein,135,distance,0.6616161616161617
protein,135,dispersion,0.2781954887218045
protein,135,omega2,2.829859607614125
protein,135,deff,0.2256668237906448
protein,135,tf_topology,0.4492444908635957
protein,135,source_r2,0.05241099769858879
protein,136,abundance,0.0421079658514667
protein,136,prevalence,0.17902304384106815
protein,136,distance,0.1898989898989899
protein,136,dispersion,0.18295739348370926
protein,136,omega2,0.45569082934187716
protein,136,deff,0.2646967888583101
protein,136,tf_topology,0.19298245614035087
protein,136,source_r2,0.01285208858239183
protein,137,abundance,0.0358174465626806
protein,137,prevalence,0.18313113807047954
protein,137,distance,0.1414141414141414
protein,137,dispersion,0.2706766917293233
protein,137,omega2,0.41340707583918535
protein,137,deff,0.001167363464456804
protein,137,tf_topology,0.23834249683945355
protein,137,source_r2,0.017420841994269107
protein,138,abundance,0.09981385198022974
protein,138,prevalence,0.3003402015533731
protein,138,distance,0.26262626262626265
protein,138,dispersion,0.2781954887218045
protein,138,omega2,0.5969274067106639
protein,138,deff,0.4587093201942281
protein,138,tf_topology,0.48182417014389367
protein,138,source_r2,0.020242715621640626
protein,139,abundance,0.050452532254958604
protein,139,prevalence,0.2313370562937287
protein,139,distance,0.1898989898989899
protein,139,dispersion,0.19298245614035087
protein,139,omega2,0.5568903756024915
protein,139,deff,0.288958471849118
protein,139,tf_topology,0.15789473684210525
protein,139,source_r2,0.01441924308388221
protein,140,abundance,0.12099621285063233
protein,140,prevalence,0.27363758906219915
protein,140,distance,0.16363636363636364
protein,140,dispersion,0.2781954887218045
protein,140,omega2,0.2681180765325903
protein,140,deff,0.014721934525091334
protein,140,tf_topology,0.3303824307612487
protein,140,source_r2,0.014165895712811967
protein,141,abundance,0.08158418383721677
protein,141,prevalence,0.28397201360806223
protein,141,distance,0.45252525252525255
protein,141,dispersion,0.24060150375939848
protein,141,omega2,1.6717322926461184
protein,141,deff,0.5247768167862298
protein,141,tf_topology,0.5353125472383703
protein,141,source_r2,0.037138965516941895
protein,142,abundance,0.06470248411322943
protein,142,prevalence,0.1450670774760896
protein,142,distance,0.23737373737373738
protein,142,dispersion,0.22305764411027568
protein,142,omega2,0.650911535345899
protein,142,deff,0.18464232105798925
protein,142,tf_topology,0.3508771929824561
protein,142,source_r2,0.019677903875039236
protein,143,abundance,0.025611399961486647
protein,143,prevalence,0.208036459336286
protein,143,distance,0.43434343434343436
protein,143,dispersion,0.2606516290726817
protein,143,omega2,1.5270472458049984
protein,143,deff,0.3462473044426782
protein,143,tf_topology,0.3408521303258145
protein,143,source_r2,0.028777150735813575
protein,144,abundance,0.022337762372424463
protein,144,prevalence,0.2392322998908788
protein,144,distance,0.3747474747474748
protein,144,dispersion,0.41353383458646614
protein,144,omega2,1.6477887565086733
protein,144,deff,0.02201464062879035
protein,144,tf_topology,0.2891759934030242
protein,144,source_r2,0.03379292424843615
protein,145,abundance,0.04589511521920531
protein,145,prevalence,0.18120546890044298
protein,145,distance,0.3484848484848485
protein,145,dispersion,0.3132832080200501
protein,145,omega2,0.9557325135187361
protein,145,deff,0.3790617055787143
protein,145,tf_topology,0.17543859649122806
protein,145,source_r2,0.021755138310306905
protein,146,abundance,0.11515501636818792
protein,146,prevalence,0.14834071506515178
protein,146,distance,0.2505050505050505
protein,146,dispersion,0.22305764411027568
protein,146,omega2,0.3608641883098467
protein,146,deff,0.3112482810374881
protein,146,tf_topology,0.30954305236028956
protein,146,source_r2,0.016602768734412018
protein,147,abundance,0.021182360870402483
protein,147,prevalence,0.23075935554271776
protein,147,distance,0.3151515151515151
protein,147,dispersion,0.17543859649122806
protein,147,omega2,0.9835732773908297
protein,147,deff,0.153689600999193
protein,147,tf_topology,0.2606516290726817
protein,147,source_r2,0.01945918328520476
protein,148,abundance,0.08280377431157326
protein,148,prevalence,0.2941780602092561
protein,148,distance,0.2818181818181818
protein,148,dispersion,0.17794486215538846
protein,148,omega2,0.6805666001861475
protein,148,deff,0.02679347976644117
protein,148,tf_topology,0.6213526756136941
protein,148,source_r2,0.021958582273896354
protein,149,abundance,0.12953334617112788
protein,149,prevalence,0.12863470055844411
protein,149,distance,0.16363636363636364
protein,149,dispersion,0.2832080200501253
protein,149,omega2,0.5043126640295196
protein,149,deff,0.33008015652128364
protein,149,tf_topology,0.4647538025699822
protein,149,source_r2,0.024454533663687335
protein,150,abundance,0.09448616727646197
protein,150,prevalence,0.11643879581487904
protein,150,distance,0.35555555555555557
protein,150,dispersion,0.19799498746867167
protein,150,omega2,0.6701420295764998
protein,150,deff,0.2289702282600428
protein,150,tf_topology,0.6141443038875778
protein,150,source_r2,0.027498096237983258
protein,151,abundance,0.03806406059438994
protein,151,prevalence,0.17626291803068228
protein,151,distance,0.2505050505050505
protein,151,dispersion,0.22305764411027568
protein,151,omega2,0.2295964794072084
protein,151,deff,0.2578628191515418
protein,151,tf_topology,0.2706766917293233
protein,151,source_r2,0.01661572361812659
protein,152,abundance,0.034533667115989486
protein,152,prevalence,0.19282367289299696
protein,152,distance,0.4353535353535353
protein,152,dispersion,0.2882205513784461
protein,152,omega2,0.6355455153099643
protein,152,deff,0.0016974966263353952
protein,152,tf_topology,0.23809523809523808
protein,152,source_r2,0.015469300286510317
protein,153,abundance,0.017780345336671166
protein,153,prevalence,0.21618845882277427
protein,153,distance,0.26161616161616164
protein,153,dispersion,0.39348370927318294
protein,153,omega2,1.0651532766334364
protein,153,deff,0.4691740971164545
protein,153,tf_topology,0.21804511278195488
protein,153,source_r2,0.01800448615165662
protein,154,abundance,0.09557737980614933
protein,154,prevalence,0.27935040759997426
protein,154,distance,0.5484848484848485
protein,154,dispersion,0.2932330827067669
protein,154,omega2,1.9664074369950977
protein,154,deff,0.3985686108464449
protein,154,tf_topology,0.4741004920774031
protein,154,source_r2,0.03379450857812659
protein,155,abundance,0.08318890814558066
protein,155,prevalence,0.21490467937608315
protein,155,distance,0.3595959595959596
protein,155,dispersion,0.19047619047619047
protein,155,omega2,0.8575150572994246
protein,155,deff,0.10654619421226522
protein,155,tf_topology,0.18546365914786966
protein,155,source_r2,0.01976683846588289
protein,156,abundance,0.022337762372424463
protein,156,prevalence,0.2326208357404198
protein,156,distance,0.44646464646464645
protein,156,dispersion,0.40852130325814534
protein,156,omega2,1.4145523080685218
protein,156,deff,0.21971497645608665
protein,156,tf_topology,0.22556390977443608
protein,156,source_r2,0.020074139852641937
protein,157,abundance,0.013479684190256136
protein,157,prevalence,0.2109891520636754
protein,157,distance,0.22728395061728396
protein,157,dispersion,0.38847117794486213
protein,157,omega2,0.5421955133149122
protein,157,deff,0.011055763550769232
protein,157,tf_topology,0.14035087719298245
protein,157,source_r2,0.014484962378755916
protein,158,abundance,0.06572950767058217
protein,158,prevalence,0.2500160472430837
protein,158,distance,0.24444444444444444
protein,158,dispersion,0.19047619047619047
protein,158,omega2,0.6406917850898246
protein,158,deff,0.1441787248403798
protein,158,tf_topology,0.32924867116182993
protein,158,source_r2,0.014702772961312569
protein,159,abundance,0.049297130752936735
protein,159,prevalence,0.19789460170742668
protein,159,distance,0.14646464646464646
protein,159,dispersion,0.22055137844611528
protein,159,omega2,0.07239443870124862
protein,159,deff,0.10042681003605124
protein,159,tf_topology,0.14285714285714285
protein,159,source_r2,0.01861061217101427
protein,160,abundance,0.06784774375762248
protein,160,prevalence,0.19693176712240834
protein,160,distance,0.27575757575757576
protein,160,dispersion,0.3082706766917293
protein,160,omega2,0.8451185503190114
protein,160,deff,0.02065939032571381
protein,160,tf_topology,0.17794486215538846
protein,160,source_r2,0.017275451515213692
protein,161,abundance,0.02849990371654154
protein,161,prevalence,0.19057705886128762
protein,161,distance,0.1745679012345679
protein,161,dispersion,0.3558897243107769
protein,161,omega2,0.6640186513925281
protein,161,deff,0.4792068157316669
protein,161,tf_topology,0.12531328320802004
protein,161,source_r2,0.015614223077803911
protein,162,abundance,0.17658386289235506
protein,162,prevalence,0.33975223056678866
protein,162,distance,0.2202020202020202
protein,162,dispersion,0.23558897243107768
protein,162,omega2,0.9196317908227344
protein,162,deff,0.056461593138899396
protein,162,tf_topology,0.6155534545761125
protein,162,source_r2,0.020539672270507004
protein,163,abundance,0.020412093202387904
protein,163,prevalence,0.19744527890108476
protein,163,distance,0.1414141414141414
protein,163,dispersion,0.22807017543859648
protein,163,omega2,0.45517636242633835
protein,163,deff,0.23180516661766115
protein,163,tf_topology,0.19298245614035087
protein,163,source_r2,0.013609569191483534
protein,164,abundance,0.07548623146543432
protein,164,prevalence,0.17042172154823798
protein,164,distance,0.28246913580246913
protein,164,dispersion,0.3182957393483709
protein,164,omega2,0.7437348956451492
protein,164,deff,0.0656129444461528
protein,164,tf_topology,0.2807017543859649
protein,164,source_r2,0.013803628491242627
protein,165,abundance,0.11194556775146025
protein,165,prevalence,0.2817253995763528
protein,165,distance,0.1819753086419753
protein,165,dispersion,0.3182957393483709
protein,165,omega2,0.376205632876026
protein,165,deff,0.42091135558998366
protein,165,tf_topology,0.18631033334886832
protein,165,source_r2,0.01825145245032599
protein,166,abundance,0.05995250016047238
protein,166,prevalence,0.16361769048077546
protein,166,distance,0.28074074074074074
protein,166,dispersion,0.19047619047619047
protein,166,omega2,0.20490375393476598
protein,166,deff,0.10162316456784827
protein,166,tf_topology,0.19047619047619047
protein,166,source_r2,0.011262164434131125
protein,167,abundance,0.04223634379613583
protein,167,prevalence,0.20309390846652553
protein,167,distance,0.36464646464646466
protein,167,dispersion,0.41353383458646614
protein,167,omega2,1.2087005848816579
protein,167,deff,0.2948218860703709
protein,167,tf_topology,0.23057644110275688
protein,167,source_r2,0.023550518844560775
protein,168,abundance,0.14140830605302013
protein,168,prevalence,0.12439822838436354
protein,168,distance,0.25839506172839505
protein,168,dispersion,0.21804511278195488
protein,168,omega2,0.024523109039634002
protein,168,deff,0.3147151236473175
protein,168,tf_topology,0.4058411050190591
protein,168,source_r2,0.015488435662089989
protein,169,abundance,0.015726298221965473
protein,169,prevalence,0.2292188202066885
protein,169,distance,0.28484848484848485
protein,169,dispersion,0.20802005012531327
protein,169,omega2,0.35339830172873976
protein,169,deff,0.015483800354560765
protein,169,tf_topology,0.19298245614035087
protein,169,source_r2,0.02240403810067087
protein,170,abundance,0.08261120739456962
protein,170,prevalence,0.2731240772835226
protein,170,distance,0.2909090909090909
protein,170,dispersion,0.2556390977443609
protein,170,omega2,0.8540258076548143
protein,170,deff,0.04993259858394298
protein,170,tf_topology,0.3506583961272494
protein,170,source_r2,0.01943176020012173
protein,171,abundance,0.07343218435072851
protein,171,prevalence,0.17151293407792534
protein,171,distance,0.19839506172839505
protein,171,dispersion,0.3182957393483709
protein,171,omega2,0.5253266070100572
protein,171,deff,0.20970243579679437
protein,171,tf_topology,0.3182957393483709
protein,171,source_r2,0.012823791530979204
protein,172,abundance,0.058347775852108597
protein,172,prevalence,0.18364464984915596
protein,172,distance,0.2222222222222222
protein,172,dispersion,0.3609022556390977
protein,172,omega2,0.6382437955223751
protein,172,deff,0.32074592616789566
protein,172,tf_topology,0.18796992481203006
protein,172,source_r2,0.02403045268721535
protein,173,abundance,0.06444572822389116
protein,173,prevalence,0.17318184735862374
protein,173,distance,0.09728395061728395
protein,173,dispersion,0.21303258145363407
protein,173,omega2,0.06118123268757632
protein,173,deff,0.05676704677944471
protein,173,tf_topology,0.3032581453634085
protein,173,source_r2,0.015226803066184656
protein,174,abundance,0.10745233968804169
protein,174,prevalence,0.1446177546697477
protein,174,distance,0.5555555555555556
protein,174,dispersion,0.21303258145363407
protein,174,omega2,1.372178163842175
protein,174,deff,0.018831422138366444
protein,174,tf_topology,0.4469265313693851
protein,174,source_r2,0.028326384098818536
protein,175,abundance,0.081263238975544
protein,175,prevalence,0.16490146992746646
protein,175,distance,0.18259259259259258
protein,175,dispersion,0.2656641604010025
protein,175,omega2,0.5068121104271996
protein,175,deff,0.24000997476940258
protein,175,tf_topology,0.18796992481203006
protein,175,source_r2,0.01138844703836882
protein,176,abundance,0.04749983952756909
protein,176,prevalence,0.22145195455420763
protein,176,distance,0.296969696969697
protein,176,dispersion,0.40350877192982454
protein,176,omega2,0.7897754506256126
protein,176,deff,0.12713987191085482
protein,176,tf_topology,0.21052631578947367
protein,176,source_r2,0.014735991303976619
protein,177,abundance,0.04223634379613583
protein,177,prevalence,0.23493163874446366
protein,177,distance,0.13434343434343435
protein,177,dispersion,0.16541353383458646
protein,177,omega2,0.16946463840977039
protein,177,deff,0.09501892153668938
protein,177,tf_topology,0.17293233082706766
protein,177,source_r2,0.013446327541570095
protein,178,abundance,0.09885101739521152
protein,178,prevalence,0.14577315617176967
protein,178,distance,0.38181818181818183
protein,178,dispersion,0.3609022556390977
protein,178,omega2,1.4753487657080595
protein,178,deff,0.0489509169581695
protein,178,tf_topology,0.3992590205568121
protein,178,source_r2,0.03193011515557423
protein,179,abundance,0.1371718338789396
protein,179,prevalence,0.27562744720457033
protein,179,distance,0.24242424242424243
protein,179,dispersion,0.23558897243107768
protein,179,omega2,0.6123908164202749
protein,179,deff,0.14456603582796326
protein,179,tf_topology,0.25339894985168016
protein,179,source_r2,0.01484868395543328
protein,180,abundance,0.06983760189999366
protein,180,prevalence,0.22639450542396822
protein,180,distance,0.2132098765432099
protein,180,dispersion,0.37092731829573933
protein,180,omega2,0.6362558293525483
protein,180,deff,0.2607821831595139
protein,180,tf_topology,0.21052631578947367
protein,180,source_r2,0.009631668857197993
protein,181,abundance,0.04595930419153993
protein,181,prevalence,0.22748571795365558
protein,181,distance,0.16666666666666666
protein,181,dispersion,0.3508771929824561
protein,181,omega2,0.4758929558039205
protein,181,deff,0.264322510988566
protein,181,tf_topology,0.14536340852130325
protein,181,source_r2,0.013209196715680311
protein,182,abundance,0.12702997625008028
protein,182,prevalence,0.1354387316259067
protein,182,distance,0.30808080808080807
protein,182,dispersion,0.2756892230576441
protein,182,omega2,0.977279104574496
protein,182,deff,0.020321964678135556
protein,182,tf_topology,0.19533376851623688
protein,182,source_r2,0.015747390070544477
protein,183,abundance,0.145452211310097
protein,183,prevalence,0.14455356569741312
protein,183,distance,0.19393939393939394
protein,183,dispersion,0.19047619047619047
protein,183,omega2,0.05204772410117998
protein,183,deff,0.45244388564150767
protein,183,tf_topology,0.45193129500732504
protein,183,source_r2,0.021865670745749077
protein,184,abundance,0.06842544450863342
protein,184,prevalence,0.1700365877142307
protein,184,distance,0.2696969696969697
protein,184,dispersion,0.24561403508771928
protein,184,omega2,0.784903684810544
protein,184,deff,0.02292770859591885
protein,184,tf_topology,0.2506265664160401
protein,184,source_r2,0.020978483291202735
protein,185,abundance,0.020925604981064216
protein,185,prevalence,0.2258809936452918
protein,185,distance,0.2696969696969697
protein,185,dispersion,0.21804511278195488
protein,185,omega2,0.0814800232929811
protein,185,deff,0.08732065081178654
protein,185,tf_topology,0.17293233082706766
protein,185,source_r2,0.014993688002601435
protein,186,abundance,0.10199627703960468
protein,186,prevalence,0.1717696899672636
protein,186,distance,0.24545454545454545
protein,186,dispersion,0.2556390977443609
protein,186,omega2,0.6957568761664047
protein,186,deff,0.5808367418813754
protein,186,tf_topology,0.20300751879699247
protein,186,source_r2,0.019048777036472953
protein,187,abundance,0.05379035881635541
protein,187,prevalence,0.25027280313242184
protein,187,distance,0.26666666666666666
protein,187,dispersion,0.39849624060150374
protein,187,omega2,0.7744796743413194
protein,187,deff,0.39726335787357897
protein,187,tf_topology,0.2781954887218045
protein,187,source_r2,0.02441829465252509
protein,188,abundance,0.1554656909942872
protein,188,prevalence,0.14911098273316642
protein,188,distance,0.32626262626262625
protein,188,dispersion,0.3358395989974937
protein,188,omega2,0.11546095390644075
protein,188,deff,0.05090425936470799
protein,188,tf_topology,0.3807128043942333
protein,188,source_r2,0.017762458616972107
protein,189,abundance,0.04788497336157649
protein,189,prevalence,0.16933050901855062
protein,189,distance,0.2505050505050505
protein,189,dispersion,0.2832080200501253
protein,189,omega2,0.7247171345560821
protein,189,deff,0.22653446910381925
protein,189,tf_topology,0.21303258145363407
protein,189,source_r2,0.02661086037806623
protein,190,abundance,0.11233070158546765
protein,190,prevalence,0.26240451890365235
protein,190,distance,0.4505050505050505
protein,190,dispersion,0.19298245614035087
protein,190,omega2,1.0398949073151966
protein,190,deff,0.24884088082968847
protein,190,tf_topology,0.46495258242168686
protein,190,source_r2,0.032351128178915056
protein,191,abundance,0.19892162526477952
protein,191,prevalence,0.3574683869311252
protein,191,distance,0.3434343434343434
protein,191,dispersion,0.23308270676691728
protein,191,omega2,1.0433046059974547
protein,191,deff,0.1630261279376592
protein,191,tf_topology,0.8493768749806735
protein,191,source_r2,0.03376528416309309
protein,192,abundance,0.040759997432441186
protein,192,prevalence,0.1725399576352783
protein,192,distance,0.5616161616161616
protein,192,dispersion,0.23308270676691728
protein,192,omega2,1.8842090835613068
protein,192,deff,0.061290517376440215
protein,192,tf_topology,0.2857142857142857
protein,192,source_r2,0.041401688435282046
protein,193,abundance,0.07124975929135369
protein,193,prevalence,0.2009114834071507
protein,193,distance,0.26382716049382715
protein,193,dispersion,0.2882205513784461
protein,193,omega2,0.4274609848215007
protein,193,deff,0.4399528115866249
protein,193,tf_topology,0.15538847117794485
protein,193,source_r2,0.009848669377492916
protein,194,abundance,0.10186789909493554
protein,194,prevalence,0.14724950253546443
protein,194,distance,0.20505050505050504
protein,194,dispersion,0.16791979949874686
protein,194,omega2,0.19033274809414194
protein,194,deff,0.04365719958607819
protein,194,tf_topology,0.15538847117794485
protein,194,source_r2,0.013095066671547655
protein,195,abundance,0.06226330316451634
protein,195,prevalence,0.22543167083894988
protein,195,distance,0.18484848484848485
protein,195,dispersion,0.17293233082706766
protein,195,omega2,0.5770751530447413
protein,195,deff,0.0009044838736289636
protein,195,tf_topology,0.21052631578947367
protein,195,source_r2,0.016337184450395826
protein,196,abundance,0.10533410360100137
protein,196,prevalence,0.28737402914179344
protein,196,distance,0.17444444444444446
protein,196,dispersion,0.14285714285714285
protein,196,omega2,0.11827868363290175
protein,196,deff,0.3267577838695077
protein,196,tf_topology,0.42600073893058604
protein,196,source_r2,0.019989591452125893
protein,197,abundance,0.0700301688169972
protein,197,prevalence,0.21663778162911618
protein,197,distance,0.3030864197530864
protein,197,dispersion,0.3558897243107769
protein,197,omega2,0.4402506730391633
protein,197,deff,0.32107948720542745
protein,197,tf_topology,0.19298245614035087
protein,197,source_r2,0.012057587025883866
protein,198,abundance,0.0750369086590924
protein,198,prevalence,0.1387765581873034
protein,198,distance,0.14646464646464646
protein,198,dispersion,0.19298245614035087
protein,198,omega2,0.01609361896442987
protein,198,deff,0.18497613829521803
protein,198,tf_topology,0.2505582866676516
protein,198,source_r2,0.015308444867966684
protein,199,abundance,0.06515180691957123
protein,199,prevalence,0.26484369985236533
protein,199,distance,0.2080808080808081
protein,199,dispersion,0.2606516290726817
protein,199,omega2,0.1597255988775985
protein,199,deff,0.09163886947747173
protein,199,tf_topology,0.26315254134260485
protein,199,source_r2,0.015934187242641114
protein,200,abundance,0.017651967392002033
protein,200,prevalence,0.19288786186533158
protein,200,distance,0.19797979797979798
protein,200,dispersion,0.3358395989974937
protein,200,omega2,0.8375108086719134
protein,200,deff,0.19142235177368183
protein,200,tf_topology,0.13032581453634084
protein,200,source_r2,0.013805967083328152
protein,201,abundance,0.09846588356120423
protein,201,prevalence,0.16785416265485587
protein,201,distance,0.15555555555555556
protein,201,dispersion,0.21052631578947367
protein,201,omega2,0.0748527400354254
protein,201,deff,0.13994691102008253
protein,201,tf_topology,0.24060150375939848
protein,201,source_r2,0.01443665213214456
protein,202,abundance,0.12465498427370181
protein,202,prevalence,0.14975287245651203
protein,202,distance,0.37575757575757573
protein,202,dispersion,0.14285714285714285
protein,202,omega2,0.7753935573833594
protein,202,deff,0.05074579078478314
protein,202,tf_topology,0.23809523809523808
protein,202,source_r2,0.018421320370868844
protein,203,abundance,0.03376339944797491
protein,203,prevalence,0.18332370498748318
protein,203,distance,0.42828282828282827
protein,203,dispersion,0.23558897243107768
protein,203,omega2,0.8272113061716079
protein,203,deff,0.006775438172810088
protein,203,tf_topology,0.2857142857142857
protein,203,source_r2,0.01915325988318085
protein,204,abundance,0.07882405802683101
protein,204,prevalence,0.1663136273188266
protein,204,distance,0.23333333333333334
protein,204,dispersion,0.45112781954887216
protein,204,omega2,1.1871466433550126
protein,204,deff,0.004444686973641751
protein,204,tf_topology,0.24561403508771928
protein,204,source_r2,0.021982943711209228
protein,205,abundance,0.030682328775916368
protein,205,prevalence,0.20611079016624945
protein,205,distance,0.3797979797979798
protein,205,dispersion,0.15037593984962405
protein,205,omega2,0.6782654553409897
protein,205,deff,0.19276004302432864
protein,205,tf_topology,0.18796992481203006
protein,205,source_r2,0.016566489680849554
protein,206,abundance,0.01989858142371137
protein,206,prevalence,0.20822902625328965
protein,206,distance,0.1719753086419753
protein,206,dispersion,0.2606516290726817
protein,206,omega2,0.16016327663589214
protein,206,deff,0.35077298045005
protein,206,tf_topology,0.20300751879699247
protein,206,source_r2,0.015620259724328758
protein,207,abundance,0.08447268759227167
protein,207,prevalence,0.2263945054239681
protein,207,distance,0.19494949494949496
protein,207,dispersion,0.19799498746867167
protein,207,omega2,0.15634846403345992
protein,207,deff,0.3393046815392524
protein,207,tf_topology,0.22055137844611528
protein,207,source_r2,0.009941481642168553
protein,208,abundance,0.0695808460106554
protein,208,prevalence,0.26484369985236533
protein,208,distance,0.35353535353535354
protein,208,dispersion,0.21052631578947367
protein,208,omega2,0.45875546341744433
protein,208,deff,0.27066260145381754
protein,208,tf_topology,0.17293233082706766
protein,208,source_r2,0.022173081211832896
protein,209,abundance,0.12574619680338917
protein,209,prevalence,0.12548944091405095
protein,209,distance,0.2191919191919192
protein,209,dispersion,0.15789473684210525
protein,209,omega2,0.14009125637601935
protein,209,deff,0.30230122725536057
protein,209,tf_topology,0.2947995407613881
protein,209,source_r2,0.016835714524289377
protein,210,abundance,0.03427691122665122
protein,210,prevalence,0.1858912638808653
protein,210,distance,0.14747474747474748
protein,210,dispersion,0.17543859649122806
protein,210,omega2,0.49093510513008803
protein,210,deff,0.15277136466014823
protein,210,tf_topology,0.17031576646758384
protein,210,source_r2,0.013462602845491119
protein,211,abundance,0.09865845047820787
protein,211,prevalence,0.1620771551447462
protein,211,distance,0.16363636363636364
protein,211,dispersion,0.16791979949874686
protein,211,omega2,0.2924451527456808
protein,211,deff,0.3031877214587273
protein,211,tf_topology,0.22470565780903062
protein,211,source_r2,0.012828515458207533
protein,212,abundance,0.018037101226009322
protein,212,prevalence,0.22485397008793884
protein,212,distance,0.3101010101010101
protein,212,dispersion,0.21052631578947367
protein,212,omega2,0.5569890512371974
protein,212,deff,0.21002639896970035
protein,212,tf_topology,0.21553884711779447
protein,212,source_r2,0.018414315352207854
protein,213,abundance,0.25977277103793567
protein,213,prevalence,0.2563065665318698
protein,213,distance,0.37777777777777777
protein,213,dispersion,0.3082706766917293
protein,213,omega2,0.9513742711193632
protein,213,deff,0.22089053541805106
protein,213,tf_topology,0.9717405702299988
protein,213,source_r2,0.03393213369909872
protein,214,abundance,0.1191989216252648
protein,214,prevalence,0.30528275242313374
protein,214,distance,0.33024691358024694
protein,214,dispersion,0.2781954887218045
protein,214,omega2,0.3449618625302185
protein,214,deff,0.8393962967575195
protein,214,tf_topology,0.6209176021175288
protein,214,source_r2,0.0345295747165849
protein,215,abundance,0.032158675139611015
protein,215,prevalence,0.19519866486937543
protein,215,distance,0.16382716049382717
protein,215,dispersion,0.22055137844611528
protein,215,omega2,0.22147597589264142
protein,215,deff,0.028356362204390893
protein,215,tf_topology,0.16040100250626566
protein,215,source_r2,0.011639180874565464
protein,216,abundance,0.027922202965530607
protein,216,prevalence,0.19821554656909934
protein,216,distance,0.21212121212121213
protein,216,dispersion,0.3032581453634085
protein,216,omega2,0.7196547635831881
protein,216,deff,0.046551623299350336
protein,216,tf_topology,0.13032581453634084
protein,216,source_r2,0.013623348419896627
protein,217,abundance,0.08453687656460629
protein,217,prevalence,0.1563643366069709
protein,217,distance,0.33555555555555555
protein,217,dispersion,0.40350877192982454
protein,217,omega2,0.38672620929306434
protein,217,deff,0.4810262815906116
protein,217,tf_topology,0.2556390977443609
protein,217,source_r2,0.013613377749129258
protein,218,abundance,0.025932344823159426
protein,218,prevalence,0.20996212850632257
protein,218,distance,0.1748148148148148
protein,218,dispersion,0.3308270676691729
protein,218,omega2,0.2921851668922392
protein,218,deff,0.0834407893996337
protein,218,tf_topology,0.14536340852130325
protein,218,source_r2,0.01393056895395241
protein,219,abundance,0.019706014506707725
protein,219,prevalence,0.2205533089415238
protein,219,distance,0.15454545454545454
protein,219,dispersion,0.22055137844611528
protein,219,omega2,0.18141483300169267
protein,219,deff,0.029549114602249255
protein,219,tf_topology,0.16541353383458646
protein,219,source_r2,0.014644960736075024
protein,220,abundance,0.053212658065344365
protein,220,prevalence,0.16233391103408434
protein,220,distance,0.1891358024691358
protein,220,dispersion,0.22305764411027568
protein,220,omega2,0.05018197452794697
protein,220,deff,0.12600374970326073
protein,220,tf_topology,0.2656641604010025
protein,220,source_r2,0.01585434481985436
protein,221,abundance,0.04685794980422364
protein,221,prevalence,0.23339110340843439
protein,221,distance,0.12121212121212122
protein,221,dispersion,0.17543859649122806
protein,221,omega2,0.46521732893498824
protein,221,deff,0.38625591393302017
protein,221,tf_topology,0.15789473684210525
protein,221,source_r2,0.012344391456069588
protein,222,abundance,0.13774953462995065
protein,222,prevalence,0.2782591950702869
protein,222,distance,0.17575757575757575
protein,222,dispersion,0.18295739348370926
protein,222,omega2,0.12389123558112175
protein,222,deff,0.05863035010659581
protein,222,tf_topology,0.39113126979816565
protein,222,source_r2,0.017809805584515847
protein,223,abundance,0.10392194620964113
protein,223,prevalence,0.13807047949162332
protein,223,distance,0.45454545454545453
protein,223,dispersion,0.3032581453634085
protein,223,omega2,1.4162774710361943
protein,223,deff,0.5897492166964894
protein,223,tf_topology,0.41374708823018763
protein,223,source_r2,0.03472526076694457
protein,224,abundance,0.0716990820976956
protein,224,prevalence,0.240066756531228
protein,224,distance,0.20728395061728394
protein,224,dispersion,0.23057644110275688
protein,224,omega2,0.43660210574110664
protein,224,deff,0.0244814165270188
protein,224,tf_topology,0.22055137844611528
protein,224,source_r2,0.015346173390674591
protein,225,abundance,0.12420566146736
protein,225,prevalence,0.1675974067655176
protein,225,distance,0.39191919191919194
protein,225,dispersion,0.3558897243107769
protein,225,omega2,1.445902508191421
protein,225,deff,0.28046582267328096
protein,225,tf_topology,0.23057644110275688
protein,225,source_r2,0.019974900631978522
protein,226,abundance,0.16098594261505872
protein,226,prevalence,0.16040824186404773
protein,226,distance,0.2696296296296296
protein,226,dispersion,0.16290726817042606
protein,226,omega2,0.34945816878995467
protein,226,deff,0.03266127761181492
protein,226,tf_topology,0.622764611704779
protein,226,source_r2,0.02630168441495098
protein,227,abundance,0.09974966300789523
protein,227,prevalence,0.19693176712240834
protein,227,distance,0.1606060606060606
protein,227,dispersion,0.22055137844611528
protein,227,omega2,0.01706127737631736
protein,227,deff,0.4543265290319671
protein,227,tf_topology,0.18546365914786966
protein,227,source_r2,0.01866387681950108
protein,228,abundance,0.06938827909365175
protein,228,prevalence,0.26278965273765975
protein,228,distance,0.32493827160493827
protein,228,dispersion,0.45614035087719296
protein,228,omega2,0.7565053769244242
protein,228,deff,0.5891555518199292
protein,228,tf_topology,0.3861560160940768
protein,228,source_r2,0.016484661376632122
protein,229,abundance,0.036459336286026156
protein,229,prevalence,0.20893510494896972
protein,229,distance,0.18585858585858586
protein,229,dispersion,0.22807017543859648
protein,229,omega2,0.032375362539154955
protein,229,deff,0.020172904994266452
protein,229,tf_topology,0.17543859649122806
protein,229,source_r2,0.010279220564445456
protein,230,abundance,0.022337762372424463
protein,230,prevalence,0.21952628538417107
protein,230,distance,0.40404040404040403
protein,230,dispersion,0.21303258145363407
protein,230,omega2,1.2023074519013723
protein,230,deff,0.09098168234513496
protein,230,tf_topology,0.22807017543859648
protein,230,source_r2,0.024793541435580387
protein,231,abundance,0.12735092111175306
protein,231,prevalence,0.1258103857757238
protein,231,distance,0.35353535353535354
protein,231,dispersion,0.24060150375939848
protein,231,omega2,0.8962060328905855
protein,231,deff,0.40785549959479483
protein,231,tf_topology,0.3148969655717431
protein,231,source_r2,0.015769928560675116
protein,232,abundance,0.13107388150715704
protein,232,prevalence,0.16830348546119778
protein,232,distance,0.30505050505050507
protein,232,dispersion,0.21052631578947367
protein,232,omega2,0.06666403188546785
protein,232,deff,0.12108768650615516
protein,232,tf_topology,0.21553884711779447
protein,232,source_r2,0.01618374091701924
protein,233,abundance,0.1416650619423584
protein,233,prevalence,0.13492521984723027
protein,233,distance,0.16555555555555557
protein,233,dispersion,0.13784461152882205
protein,233,omega2,0.056089963513422145
protein,233,deff,0.1529500759073053
protein,233,tf_topology,0.2656641604010025
protein,233,source_r2,0.01887676680065614
protein,234,abundance,0.028564092688876053
protein,234,prevalence,0.20566146735990753
protein,234,distance,0.1454320987654321
protein,234,dispersion,0.23308270676691728
protein,234,omega2,0.36836757181953766
protein,234,deff,0.031251098442314856
protein,234,tf_topology,0.14035087719298245
protein,234,source_r2,0.014450094836982664
protein,235,abundance,0.07176327107003022
protein,235,prevalence,0.21111753000834454
protein,235,distance,0.18787878787878787
protein,235,dispersion,0.23308270676691728
protein,235,omega2,0.20868725236117247
protein,235,deff,0.181400855945292
protein,235,tf_topology,0.17543859649122806
protein,235,source_r2,0.011308515096136612
protein,236,abundance,0.23435393799345272
protein,236,prevalence,0.2077797034469478
protein,236,distance,0.19790123456790124
protein,236,dispersion,0.2706766917293233
protein,236,omega2,0.3859623597804732
protein,236,deff,0.1993678300496961
protein,236,tf_topology,0.753163696281766
protein,236,source_r2,0.027401992564786763
protein,237,abundance,0.05456062648436999
protein,237,prevalence,0.24154310289492265
protein,237,distance,0.29393939393939394
protein,237,dispersion,0.2832080200501253
protein,237,omega2,1.1583458201603791
protein,237,deff,0.374356383877858
protein,237,tf_topology,0.42828067389738544
protein,237,source_r2,0.021930950117729466
protein,238,abundance,0.17196225688426736
protein,238,prevalence,0.13267860581552093
protein,238,distance,0.1484848484848485
protein,238,dispersion,0.19298245614035087
protein,238,omega2,0.15997090386282803
protein,238,deff,0.07498270610125636
protein,238,tf_topology,0.3283208020050125
protein,238,source_r2,0.015071118235842921
protein,239,abundance,0.06643558636626234
protein,239,prevalence,0.2575903459785609
protein,239,distance,0.17676767676767677
protein,239,dispersion,0.19047619047619047
protein,239,omega2,0.010003248621524604
protein,239,deff,0.05128325512613882
protein,239,tf_topology,0.3258145363408521
protein,239,source_r2,0.021151175507487224
protein,240,abundance,0.133384684511201
protein,240,prevalence,0.13306373964952828
protein,240,distance,0.26161616161616164
protein,240,dispersion,0.3508771929824561
protein,240,omega2,1.09900469463429
protein,240,deff,0.032553885063566476
protein,240,tf_topology,0.38348467058920505
protein,240,source_r2,0.019504871863790046
protein,241,abundance,0.06855382245330255
protein,241,prevalence,0.1901277360549457
protein,241,distance,0.31414141414141417
protein,241,dispersion,0.5839598997493735
protein,241,omega2,1.2333997234698857
protein,241,deff,0.13600856471745532
protein,241,tf_topology,0.16791979949874686
protein,241,source_r2,0.02059756753307872
protein,242,abundance,0.09557737980614922
protein,242,prevalence,0.1634251235637717
protein,242,distance,0.602020202020202
protein,242,dispersion,0.44611528822055135
protein,242,omega2,1.7963848879057003
protein,242,deff,0.21650316044322618
protein,242,tf_topology,0.3208020050125313
protein,242,source_r2,0.03108118962655493
protein,243,abundance,0.04332755632582319
protein,243,prevalence,0.22690801720264464
protein,243,distance,0.22320987654320987
protein,243,dispersion,0.3358395989974937
protein,243,omega2,0.6699622113094946
protein,243,deff,0.3318179994897186
protein,243,tf_topology,0.3358395989974937
protein,243,source_r2,0.014656395332689785
protein,244,abundance,0.1113036780281148
protein,244,prevalence,0.13184414917517173
protein,244,distance,0.2608641975308642
protein,244,dispersion,0.21052631578947367
protein,244,omega2,0.27733447578278886
protein,244,deff,0.28260802348189445
protein,244,tf_topology,0.37400592804244714
protein,244,source_r2,0.016434250383735808
protein,245,abundance,0.026253289684832204
protein,245,prevalence,0.2009114834071506
protein,245,distance,0.26565656565656565
protein,245,dispersion,0.3358395989974937
protein,245,omega2,1.148283403270973
protein,245,deff,0.3249534191413903
protein,245,tf_topology,0.17042606516290726
protein,245,source_r2,0.0158608197865412
protein,246,abundance,0.20412093202387827
protein,246,prevalence,0.33166442005263497
protein,246,distance,0.25353535353535356
protein,246,dispersion,0.24060150375939848
protein,246,omega2,0.714182751297125
protein,246,deff,0.07518584105797316
protein,246,tf_topology,0.39326396780950335
protein,246,source_r2,0.024958854206232506
protein,247,abundance,0.07157070415302658
protein,247,prevalence,0.24963091340907628
protein,247,distance,0.48282828282828283
protein,247,dispersion,0.3458646616541353
protein,247,omega2,1.6729251606250817
protein,247,deff,0.18574532877143987
protein,247,tf_topology,0.3157894736842105
protein,247,source_r2,0.0359173639424052
protein,248,abundance,0.06130046857949811
protein,248,prevalence,0.1751075165286604
protein,248,distance,0.26161616161616164
protein,248,dispersion,0.21303258145363407
protein,248,omega2,0.7371707279886608
protein,248,deff,0.32524866027986454
protein,248,tf_topology,0.2982456140350877
protein,248,source_r2,0.019897511827240724
protein,249,abundance,0.01328711727325238
protein,249,prevalence,0.19680338917773932
protein,249,distance,0.17272727272727273
protein,249,dispersion,0.3032581453634085
protein,249,omega2,0.653120038918688
protein,249,deff,0.5570983870439103
protein,249,tf_topology,0.12280701754385964
protein,249,source_r2,0.01756804476070886
protein,250,abundance,0.14249951858270749
protein,250,prevalence,0.32550227870851783
protein,250,distance,0.4484848484848485
protein,250,dispersion,0.21303258145363407
protein,250,omega2,1.0813667662699205
protein,250,deff,0.38269371868845614
protein,250,tf_topology,0.6731400154197204
protein,250,source_r2,0.0402531300040747
protein,251,abundance,0.0591822324924578
protein,251,prevalence,0.1784453430900571
protein,251,distance,0.1898989898989899
protein,251,dispersion,0.39348370927318294
protein,251,omega2,0.865990048336087
protein,251,deff,0.024750939403462017
protein,251,tf_topology,0.19799498746867167
protein,251,source_r2,0.012992653663137168
protein,252,abundance,0.0966685923358368
protein,252,prevalence,0.13158739328583346
protein,252,distance,0.3464646464646465
protein,252,dispersion,0.37844611528822053
protein,252,omega2,0.9865190581404
protein,252,deff,0.2398522866609443
protein,252,tf_topology,0.21553884711779447
protein,252,source_r2,0.027432445860933224
protein,253,abundance,0.05456062648436999
protein,253,prevalence,0.19943513704345595
protein,253,distance,0.3
protein,253,dispersion,0.3458646616541353
protein,253,omega2,1.0080770307030662
protein,253,deff,0.19252337327797972
protein,253,tf_topology,0.17293233082706766
protein,253,source_r2,0.011821683358265205
protein,254,abundance,0.14583734514410424
protein,254,prevalence,0.14262789652737656
protein,254,distance,0.2019753086419753
protein,254,dispersion,0.3132832080200501
protein,254,omega2,0.8529480489918017
protein,254,deff,0.253520937279378
protein,254,tf_topology,0.445455210917021
protein,254,source_r2,0.017365538328078124
protein,255,abundance,0.08357404197958795
protein,255,prevalence,0.22318505680724054
protein,255,distance,0.2767676767676768
protein,255,dispersion,0.39849624060150374
protein,255,omega2,1.4984815298841638
protein,255,deff,0.21477653034667857
protein,255,tf_topology,0.17794486215538846
protein,255,source_r2,0.022119558243493712
protein,256,abundance,0.029462738301559876
protein,256,prevalence,0.1959047435650555
protein,256,distance,0.18691358024691357
protein,256,dispersion,0.2982456140350877
protein,256,omega2,0.7724865687191661
protein,256,deff,0.18372792853770714
protein,256,tf_topology,0.12030075187969924
protein,256,source_r2,0.01620050610759329
protein,257,abundance,0.021760061621413418
protein,257,prevalence,0.194685153090699
protein,257,distance,0.2595959595959596
protein,257,dispersion,0.39348370927318294
protein,257,omega2,1.118948986930455
protein,257,deff,0.5634828876183746
protein,257,tf_topology,0.18796992481203006
protein,257,source_r2,0.015674953394596985
protein,258,abundance,0.08819564798767571
protein,258,prevalence,0.14455356569741318
protein,258,distance,0.24646464646464647
protein,258,dispersion,0.15789473684210525
protein,258,omega2,0.39784764063622946
protein,258,deff,0.10835150887514636
protein,258,tf_topology,0.34636141488694017
protein,258,source_r2,0.01637883173255817
protein,259,abundance,0.10225303292894283
protein,259,prevalence,0.149175171705501
protein,259,distance,0.21414141414141413
protein,259,dispersion,0.2932330827067669
protein,259,omega2,0.44947764110444455
protein,259,deff,0.295470180195939
protein,259,tf_topology,0.2689805550673252
protein,259,source_r2,0.014345804447969006
protein,260,abundance,0.07535785352076507
protein,260,prevalence,0.2722896206431735
protein,260,distance,0.2595959595959596
protein,260,dispersion,0.43609022556390975
protein,260,omega2,1.4110084214151892
protein,260,deff,0.34093277333678745
protein,260,tf_topology,0.35477272199937315
protein,260,source_r2,0.01798119306145917
protein,261,abundance,0.08357404197958784
protein,261,prevalence,0.23531677257847106
protein,261,distance,0.2590123456790123
protein,261,dispersion,0.22055137844611528
protein,261,omega2,0.38074046409226975
protein,261,deff,0.27185442703963547
protein,261,tf_topology,0.16290726817042606
protein,261,source_r2,0.013428196980535063
protein,262,abundance,0.08286796328390778
protein,262,prevalence,0.1555298799666217
protein,262,distance,0.37272727272727274
protein,262,dispersion,0.3208020050125313
protein,262,omega2,1.3697770045737556
protein,262,deff,0.4407405115535551
protein,262,tf_topology,0.3440375929593908
protein,262,source_r2,0.03241197141460342
protein,263,abundance,0.03966878490275372
protein,263,prevalence,0.24192823672893005
protein,263,distance,0.35454545454545455
protein,263,dispersion,0.19799498746867167
protein,263,omega2,0.9337497265249267
protein,263,deff,0.03008852372881884
protein,263,tf_topology,0.3558897243107769
protein,263,source_r2,0.02149288248735492
protein,264,abundance,0.06329032672186918
protein,264,prevalence,0.26285384170999426
protein,264,distance,0.2686868686868687
protein,264,dispersion,0.17794486215538846
protein,264,omega2,0.3609202223470111
protein,264,deff,0.10349326243867785
protein,264,tf_topology,0.40852130325814534
protein,264,source_r2,0.019822430419500558
protein,265,abundance,0.19109057063996404
protein,265,prevalence,0.31651582258168043
protein,265,distance,0.17246913580246914
protein,265,dispersion,0.2781954887218045
protein,265,omega2,0.7853021329324081
protein,265,deff,0.17437446354333214
protein,265,tf_topology,0.506028078820878
protein,265,source_r2,0.023738719314190953
protein,266,abundance,0.06765517684061884
protein,266,prevalence,0.27659028178958855
protein,266,distance,0.25757575757575757
protein,266,dispersion,0.39849624060150374
protein,266,omega2,1.1799414819949667
protein,266,deff,0.22952647644762522
protein,266,tf_topology,0.4304184338468899
protein,266,source_r2,0.024545929617403275
protein,267,abundance,0.03363502150330577
protein,267,prevalence,0.24199242570126456
protein,267,distance,0.2222222222222222
protein,267,dispersion,0.21303258145363407
protein,267,omega2,0.1681659114682075
protein,267,deff,0.2717106320886907
protein,267,tf_topology,0.24060150375939848
protein,267,source_r2,0.016709262258207586
protein,268,abundance,0.053212658065344365
protein,268,prevalence,0.21869182874382176
protein,268,distance,0.3460493827160494
protein,268,dispersion,0.3283208020050125
protein,268,omega2,0.25755377862063195
protein,268,deff,0.10776659127104059
protein,268,tf_topology,0.24561403508771928
protein,268,source_r2,0.010461635696527378
protein,269,abundance,0.037678926760382536
protein,269,prevalence,0.18396559471082863
protein,269,distance,0.44545454545454544
protein,269,dispersion,0.48370927318295737
protein,269,omega2,2.165842735985412
protein,269,deff,0.0669652260320085
protein,269,tf_topology,0.22556390977443608
protein,269,source_r2,0.03566788837196903
protein,270,abundance,0.021631683676744395
protein,270,prevalence,0.22408370241992426
protein,270,distance,0.21313131313131314
protein,270,dispersion,0.17293233082706766
protein,270,omega2,0.42820178513958734
protein,270,deff,0.5354173955630604
protein,270,tf_topology,0.2882205513784461
protein,270,source_r2,0.01908891145788644
protein,271,abundance,0.02259451826176262
protein,271,prevalence,0.18852301174658193
protein,271,distance,0.27901234567901234
protein,271,dispersion,0.22807017543859648
protein,271,omega2,0.318614581105996
protein,271,deff,0.1553665962703022
protein,271,tf_topology,0.3658485016385857
protein,271,source_r2,0.01869553835160997
protein,272,abundance,0.14166506194235834
protein,272,prevalence,0.14025290455099815
protein,272,distance,0.38585858585858585
protein,272,dispersion,0.16791979949874686
protein,272,omega2,0.823768575669668
protein,272,deff,0.07814527818850535
protein,272,tf_topology,0.678137607737606
protein,272,source_r2,0.03356351828070317
protein,273,abundance,0.1034084344309647
protein,273,prevalence,0.16567173759548104
protein,273,distance,0.43493827160493825
protein,273,dispersion,0.3458646616541353
protein,273,omega2,0.6664153325698939
protein,273,deff,0.7696358733254932
protein,273,tf_topology,0.20802005012531327
protein,273,source_r2,0.016272737180309246
protein,274,abundance,0.04018229668143003
protein,274,prevalence,0.193401373644008
protein,274,distance,0.34545454545454546
protein,274,dispersion,0.19047619047619047
protein,274,omega2,0.5600539147556078
protein,274,deff,0.5646839160719925
protein,274,tf_topology,0.18045112781954886
protein,274,source_r2,0.022933888978723563
protein,275,abundance,0.13941844791064895
protein,275,prevalence,0.30810706720585407
protein,275,distance,0.24848484848484848
protein,275,dispersion,0.2832080200501253
protein,275,omega2,0.87965644339382
protein,275,deff,0.0709465336060479
protein,275,tf_topology,0.5962978761582404
protein,275,source_r2,0.022798917119651412
protein,276,abundance,0.13396238526221194
protein,276,prevalence,0.13396238526221194
protein,276,distance,0.24432098765432098
protein,276,dispersion,0.14285714285714285
protein,276,omega2,0.25695121044878494
protein,276,deff,0.08224717025191651
protein,276,tf_topology,0.3590083205987933
protein,276,source_r2,0.01686605878453707
protein,277,abundance,0.09955709609089158
protein,277,prevalence,0.271776108864497
protein,277,distance,0.1303030303030303
protein,277,dispersion,0.13784461152882205
protein,277,omega2,0.17369302821703644
protein,277,deff,0.08528079435973776
protein,277,tf_topology,0.23714838562541538
protein,277,source_r2,0.012952042939236519
protein,278,abundance,0.05815520893510495
protein,278,prevalence,0.23082354451505238
protein,278,distance,0.2313131313131313
protein,278,dispersion,0.21303258145363407
protein,278,omega2,0.5334860527911753
protein,278,deff,0.36097389838602456
protein,278,tf_topology,0.14285714285714285
protein,278,source_r2,0.01331455399990756
protein,279,abundance,0.1321650940368445
protein,279,prevalence,0.28153283265934914
protein,279,distance,0.38484848484848483
protein,279,dispersion,0.3233082706766917
protein,279,omega2,1.1027925757755719
protein,279,deff,0.1334472639632038
protein,279,tf_topology,0.2731829573934837
protein,279,source_r2,0.017709990370257674
protein,280,abundance,0.019641825534373214
protein,280,prevalence,0.2280634187046665
protein,280,distance,0.31414141414141417
protein,280,dispersion,0.3258145363408521
protein,280,omega2,0.8735869820513598
protein,280,deff,0.05273804212023467
protein,280,tf_topology,0.24060150375939848
protein,280,source_r2,0.016408094505376336
protein,281,abundance,0.06649977533859686
protein,281,prevalence,0.209320238782977
protein,281,distance,0.2171604938271605
protein,281,dispersion,0.3283208020050125
protein,281,omega2,0.10383256922143531
protein,281,deff,0.05998718421479254
protein,281,tf_topology,0.20449572544325234
protein,281,source_r2,0.01279832720686453
protein,282,abundance,0.18313113807047948
protein,282,prevalence,0.18287438218114122
protein,282,distance,0.23939393939393938
protein,282,dispersion,0.2982456140350877
protein,282,omega2,0.4685853888717311
protein,282,deff,0.5294728728678672
protein,282,tf_topology,0.5369854587061408
protein,282,source_r2,0.027175813526262173
protein,283,abundance,0.0695808460106554
protein,283,prevalence,0.27858013993195974
protein,283,distance,0.20444444444444446
protein,283,dispersion,0.14035087719298245
protein,283,omega2,0.006631172066773374
protein,283,deff,0.2921048528009708
protein,283,tf_topology,0.44482095460423515
protein,283,source_r2,0.017377075661260302
protein,284,abundance,0.0641889723345529
protein,284,prevalence,0.20155337313049615
protein,284,distance,0.23790123456790124
protein,284,dispersion,0.11027568922305764
protein,284,omega2,0.4328507247795241
protein,284,deff,0.07089869554565528
protein,284,tf_topology,0.18796992481203006
protein,284,source_r2,0.020806872257162753
protein,285,abundance,0.09243212016175628
protein,285,prevalence,0.15155016368187946
protein,285,distance,0.15757575757575756
protein,285,dispersion,0.23558897243107768
protein,285,omega2,0.19176355882320079
protein,285,deff,0.209709856547245
protein,285,tf_topology,0.12531328320802004
protein,285,source_r2,0.01956206861791047
protein,286,abundance,0.11605366198087169
protein,286,prevalence,0.11605366198087164
protein,286,distance,0.807070707070707
protein,286,dispersion,0.16791979949874686
protein,286,omega2,2.663233627670235
protein,286,deff,0.29895510293880534
protein,286,tf_topology,0.7407605631638974
protein,286,source_r2,0.07253385165712739
protein,287,abundance,0.0591822324924578
protein,287,prevalence,0.2326208357404198
protein,287,distance,0.28888888888888886
protein,287,dispersion,0.38847117794486213
protein,287,omega2,1.3156318645390217
protein,287,deff,0.31301329983304593
protein,287,tf_topology,0.3032581453634085
protein,287,source_r2,0.018102594333007416
protein,288,abundance,0.04249309968547399
protein,288,prevalence,0.1683676744335323
protein,288,distance,0.35454545454545455
protein,288,dispersion,0.14536340852130325
protein,288,omega2,0.7001652213320414
protein,288,deff,0.2517109315841623
protein,288,tf_topology,0.18045112781954886
protein,288,source_r2,0.026765638154824953
protein,289,abundance,0.013736440079594292
protein,289,prevalence,0.18948584633160015
protein,289,distance,0.20308641975308642
protein,289,dispersion,0.3659147869674185
protein,289,omega2,0.688459995142642
protein,289,deff,0.3472503345658372
protein,289,tf_topology,0.13032581453634084
protein,289,source_r2,0.02136898103673187
protein,290,abundance,0.031709352333269214
protein,290,prevalence,0.1959047435650556
protein,290,distance,0.20617283950617285
protein,290,dispersion,0.21303258145363407
protein,290,omega2,0.06712341422025378
protein,290,deff,0.061104536778010685
protein,290,tf_topology,0.19799498746867167
protein,290,source_r2,0.017386320090939867
protein,291,abundance,0.03389177739264393
protein,291,prevalence,0.1996277039604596
protein,291,distance,0.18181818181818182
protein,291,dispersion,0.19799498746867167
protein,291,omega2,0.009781401905130162
protein,291,deff,0.13323945549736246
protein,291,tf_topology,0.09774436090225563
protein,291,source_r2,0.014671738232825221
protein,292,abundance,0.10571923743500866
protein,292,prevalence,0.2860902496951024
protein,292,distance,0.22727272727272727
protein,292,dispersion,0.3358395989974937
protein,292,omega2,0.7367739407363023
protein,292,deff,0.34050842129944264
protein,292,tf_topology,0.37343358395989973
protein,292,source_r2,0.018993465142612725
protein,293,abundance,0.10886449707940182
protein,293,prevalence,0.2697220617497913
protein,293,distance,0.23074074074074075
protein,293,dispersion,0.24060150375939848
protein,293,omega2,0.09441837881041922
protein,293,deff,0.5656875258988662
protein,293,tf_topology,0.22556390977443608
protein,293,source_r2,0.01446201941907784
protein,294,abundance,0.034469478143654864
protein,294,prevalence,0.19776622376275754
protein,294,distance,0.4303030303030303
protein,294,dispersion,0.2882205513784461
protein,294,omega2,1.365601295864777
protein,294,deff,0.033970718111005646
protein,294,tf_topology,0.2706766917293233
protein,294,source_r2,0.025471254375377974
protein,295,abundance,0.04865524102959118
protein,295,prevalence,0.2317221901277361
protein,295,distance,0.2636363636363636
protein,295,dispersion,0.23057644110275688
protein,295,omega2,0.4362250528415241
protein,295,deff,0.46843000102013227
protein,295,tf_topology,0.3032581453634085
protein,295,source_r2,0.020400912915779588
protein,296,abundance,0.12818537775210226
protein,296,prevalence,0.14314140830605304
protein,296,distance,0.18484848484848485
protein,296,dispersion,0.2932330827067669
protein,296,omega2,0.24024434122779065
protein,296,deff,0.05269367046551684
protein,296,tf_topology,0.18546365914786966
protein,296,source_r2,0.013187945636011618
protein,297,abundance,0.1374927787406124
protein,297,prevalence,0.29860709930034024
protein,297,distance,0.17209876543209876
protein,297,dispersion,0.2781954887218045
protein,297,omega2,0.659363271888025
protein,297,deff,0.17709235860321673
protein,297,tf_topology,0.3020547276499637
protein,297,source_r2,0.01168053249886971
protein,298,abundance,0.05019577636562045
protein,298,prevalence,0.1762629180306824
protein,298,distance,0.34444444444444444
protein,298,dispersion,0.3458646616541353
protein,298,omega2,1.4986883424921644
protein,298,deff,0.6179478619263643
protein,298,tf_topology,0.24561403508771928
protein,298,source_r2,0.023562953721223096
protein,299,abundance,0.06592207458758581
protein,299,prevalence,0.19025611399961484
protein,299,distance,0.4707070707070707
protein,299,dispersion,0.23558897243107768
protein,299,omega2,1.2225118744557981
protein,299,deff,0.5122071028497143
protein,299,tf_topology,0.22305764411027568
protein,299,source_r2,0.025538358233451918
protein,300,abundance,0.03633095834135691
protein,300,prevalence,0.21105334103601003
protein,300,distance,0.3207407407407407
protein,300,dispersion,0.5137844611528822
protein,300,omega2,1.1271528615074118
protein,300,deff,0.7558217745015857
protein,300,tf_topology,0.15538847117794485
protein,300,source_r2,0.017798576199102006
protein,301,abundance,0.024648565376468312
protein,301,prevalence,0.19815135759676483
protein,301,distance,0.4262626262626263
protein,301,dispersion,0.3458646616541353
protein,301,omega2,0.725419304774418
protein,301,deff,0.4030293334924479
protein,301,tf_topology,0.3082706766917293
protein,301,source_r2,0.02204407316962648
protein,302,abundance,0.14205019577636557
protein,302,prevalence,0.1329995506771936
protein,302,distance,0.22626262626262628
protein,302,dispersion,0.3032581453634085
protein,302,omega2,0.6241606382679608
protein,302,deff,0.3938878306716634
protein,302,tf_topology,0.21094191017328065
protein,302,source_r2,0.02478005296769017
protein,303,abundance,0.12889145644778233
protein,303,prevalence,0.14724950253546443
protein,303,distance,0.298989898989899
protein,303,dispersion,0.22556390977443608
protein,303,omega2,0.36863945818494703
protein,303,deff,0.4230438847057324
protein,303,tf_topology,0.15789473684210525
protein,303,source_r2,0.018242761576245072
protein,304,abundance,0.07715514474613272
protein,304,prevalence,0.1584183837216766
protein,304,distance,0.2313131313131313
protein,304,dispersion,0.18546365914786966
protein,304,omega2,0.35567171882643367
protein,304,deff,0.0548130847204732
protein,304,tf_topology,0.17543859649122806
protein,304,source_r2,0.017417763736408912
protein,305,abundance,0.022787085178766375
protein,305,prevalence,0.22113100969253485
protein,305,distance,0.43737373737373736
protein,305,dispersion,0.40852130325814534
protein,305,omega2,1.6871231338507102
protein,305,deff,0.1489802812802032
protein,305,tf_topology,0.22556390977443608
protein,305,source_r2,0.021827939212424673
protein,306,abundance,0.06502342897490221
protein,306,prevalence,0.18852301174658204
protein,306,distance,0.5212121212121212
protein,306,dispersion,0.44110275689223055
protein,306,omega2,2.2316008288094675
protein,306,deff,0.22478120273805818
protein,306,tf_topology,0.2756892230576441
protein,306,source_r2,0.024063010466231258
protein,307,abundance,0.04801335130624562
protein,307,prevalence,0.2525194171641312
protein,307,distance,0.2595959595959596
protein,307,dispersion,0.43609022556390975
protein,307,omega2,1.3175678930713488
protein,307,deff,0.5239352754352242
protein,307,tf_topology,0.2402567025936814
protein,307,source_r2,0.021814916305347837
protein,308,abundance,0.18133384684511206
protein,308,prevalence,0.18082033506643558
protein,308,distance,0.23535353535353534
protein,308,dispersion,0.38345864661654133
protein,308,omega2,0.973187094129741
protein,308,deff,0.39519124528418603
protein,308,tf_topology,0.4619514774814594
protein,308,source_r2,0.02024622061648282
protein,309,abundance,0.12035432312728678
protein,309,prevalence,0.15829000577700747
protein,309,distance,0.26024691358024693
protein,309,dispersion,0.48370927318295737
protein,309,omega2,1.0675463523594313
protein,309,deff,0.1515532387503791
protein,309,tf_topology,0.13784461152882205
protein,309,source_r2,0.012625151685038817
protein,310,abundance,0.06605045253225506
protein,310,prevalence,0.2510430708004364
protein,310,distance,0.1393939393939394
protein,310,dispersion,0.2556390977443609
protein,310,omega2,0.4651455823067124
protein,310,deff,0.06530472616329118
protein,310,tf_topology,0.16791979949874686
protein,310,source_r2,0.013081209186435959
protein,311,abundance,0.08858078182168305
protein,311,prevalence,0.2924449579562231
protein,311,distance,0.4616161616161616
protein,311,dispersion,0.2832080200501253
protein,311,omega2,1.1556737936394526
protein,311,deff,0.4107653932462845
protein,311,tf_topology,0.45038627958190613
protein,311,source_r2,0.023120337992753325
protein,312,abundance,0.09352333269144364
protein,312,prevalence,0.2725463765325117
protein,312,distance,0.602020202020202
protein,312,dispersion,0.23809523809523808
protein,312,omega2,0.7530617879351584
protein,312,deff,0.269002766208785
protein,312,tf_topology,0.45738183271499205
protein,312,source_r2,0.03123289410079056
protein,313,abundance,0.05109442197830416
protein,313,prevalence,0.25020861416008733
protein,313,distance,0.17272727272727273
protein,313,dispersion,0.18796992481203006
protein,313,omega2,0.3147115652609818
protein,313,deff,0.40264085028610835
protein,313,tf_topology,0.22055137844611528
protein,313,source_r2,0.012831916454614388
protein,314,abundance,0.10398613518197575
protein,314,prevalence,0.27139097503048976
protein,314,distance,0.2191919191919192
protein,314,dispersion,0.22556390977443608
protein,314,omega2,0.49509473032614243
protein,314,deff,0.24754204051558198
protein,314,tf_topology,0.22055137844611528
protein,314,source_r2,0.012509122365288738
protein,315,abundance,0.17619872905834777
protein,315,prevalence,0.1493677386225047
protein,315,distance,0.403030303030303
protein,315,dispersion,0.5363408521303258
protein,315,omega2,2.059062098211228
protein,315,deff,0.18541477580578883
protein,315,tf_topology,0.4660816147459638
protein,315,source_r2,0.02372259575345182
protein,316,abundance,0.07246934976571029
protein,316,prevalence,0.28615443866743695
protein,316,distance,0.4626262626262626
protein,316,dispersion,0.14285714285714285
protein,316,omega2,1.2665289131991866
protein,316,deff,0.013763747402631948
protein,316,tf_topology,0.5278405097214883
protein,316,source_r2,0.03854340087896749
protein,317,abundance,0.1563001476346364
protein,317,prevalence,0.15264137621156687
protein,317,distance,0.29432098765432096
protein,317,dispersion,0.24060150375939848
protein,317,omega2,0.21043707355639324
protein,317,deff,0.7136878732992036
protein,317,tf_topology,0.3283208020050125
protein,317,source_r2,0.011122596907677359
protein,318,abundance,0.17202644585660187
protein,318,prevalence,0.1649014699274664
protein,318,distance,0.27474747474747474
protein,318,dispersion,0.21052631578947367
protein,318,omega2,0.06634630373730684
protein,318,deff,0.5333227145057782
protein,318,tf_topology,0.3837765019533407
protein,318,source_r2,0.01221959832472255
protein,319,abundance,0.13222928300917902
protein,319,prevalence,0.12163810257397784
protein,319,distance,0.397979797979798
protein,319,dispersion,0.22055137844611528
protein,319,omega2,0.823109070500157
protein,319,deff,0.10268975620921575
protein,319,tf_topology,0.7069671598149393
protein,319,source_r2,0.041650127651853025
protein,320,abundance,0.10623274921368508
protein,320,prevalence,0.2866679504461133
protein,320,distance,0.30606060606060603
protein,320,dispersion,0.2656641604010025
protein,320,omega2,0.7413577898427329
protein,320,deff,0.04247383512440166
protein,320,tf_topology,0.4366910112163349
protein,320,source_r2,0.029045224997796854
protein,321,abundance,0.0750369086590924
protein,321,prevalence,0.2554079209191862
protein,321,distance,0.2767676767676768
protein,321,dispersion,0.2656641604010025
protein,321,omega2,0.7535358808657071
protein,321,deff,0.2475622605003736
protein,321,tf_topology,0.18045112781954886
protein,321,source_r2,0.01515279253295776
protein,322,abundance,0.0658578856152513
protein,322,prevalence,0.24443160664997754
protein,322,distance,0.3383838383838384
protein,322,dispersion,0.23809523809523808
protein,322,omega2,1.3606334369289672
protein,322,deff,0.399452380804843
protein,322,tf_topology,0.3698186877445996
protein,322,source_r2,0.0222827133339965
protein,323,abundance,0.1701007766865653
protein,323,prevalence,0.16997239874189612
protein,323,distance,0.2837037037037037
protein,323,dispersion,0.47117794486215536
protein,323,omega2,0.7937645587828509
protein,323,deff,0.15384981275265777
protein,323,tf_topology,0.46991895022215113
protein,323,source_r2,0.020989720532018547
protein,324,abundance,0.057898453045766796
protein,324,prevalence,0.1634893125361062
protein,324,distance,0.2818181818181818
protein,324,dispersion,0.3408521303258145
protein,324,omega2,1.5046799269787208
protein,324,deff,0.42946385570547213
protein,324,tf_topology,0.17042606516290726
protein,324,source_r2,0.021232216192017355
protein,325,abundance,0.029526927273894388
protein,325,prevalence,0.2121445535656975
protein,325,distance,0.20202020202020202
protein,325,dispersion,0.3132832080200501
protein,325,omega2,0.8441068460172992
protein,325,deff,0.3018103547869423
protein,325,tf_topology,0.17794486215538846
protein,325,source_r2,0.01990934739334526
protein,326,abundance,0.017331022530329254
protein,326,prevalence,0.2342897490211181
protein,326,distance,0.16363636363636364
protein,326,dispersion,0.20802005012531327
protein,326,omega2,0.46537921475671545
protein,326,deff,0.6181519751279099
protein,326,tf_topology,0.2118653479131014
protein,326,source_r2,0.020276704026019988
protein,327,abundance,0.043455934270492325
protein,327,prevalence,0.1830027601258104
protein,327,distance,0.3333333333333333
protein,327,dispersion,0.3358395989974937
protein,327,omega2,0.8419294006128968
protein,327,deff,0.49414594501791453
protein,327,tf_topology,0.23558897243107768
protein,327,source_r2,0.022460162961722017
protein,328,abundance,0.03889851723473914
protein,328,prevalence,0.22369856858591686
protein,328,distance,0.30707070707070705
protein,328,dispersion,0.2556390977443609
protein,328,omega2,1.093006666361202
protein,328,deff,0.7066021630397402
protein,328,tf_topology,0.22146864695943194
protein,328,source_r2,0.01754898180178173
protein,329,abundance,0.0183580460876821
protein,329,prevalence,0.21740804929713076
protein,329,distance,0.31414141414141417
protein,329,dispersion,0.15789473684210525
protein,329,omega2,0.5542798621943179
protein,329,deff,0.10675196963868852
protein,329,tf_topology,0.18295739348370926
protein,329,source_r2,0.015114117186930974
protein,330,abundance,0.12234418126965785
protein,330,prevalence,0.12234418126965785
protein,330,distance,0.38282828282828285
protein,330,dispersion,0.2556390977443609
protein,330,omega2,1.216899526742642
protein,330,deff,0.39350255454269956
protein,330,tf_topology,0.49002642690619824
protein,330,source_r2,0.023816624653169086
protein,331,abundance,0.11592528403620261
protein,331,prevalence,0.15848257269401111
protein,331,distance,0.2717171717171717
protein,331,dispersion,0.2882205513784461
protein,331,omega2,0.577098891642598
protein,331,deff,0.04015927747981043
protein,331,tf_topology,0.17293233082706766
protein,331,source_r2,0.014389345568345193
protein,332,abundance,0.06893895628730984
protein,332,prevalence,0.17998587842608638
protein,332,distance,0.24432098765432098
protein,332,dispersion,0.19047619047619047
protein,332,omega2,0.06168996747087496
protein,332,deff,0.12920999647813525
protein,332,tf_topology,0.21303258145363407
protein,332,source_r2,0.021465142518679748
protein,333,abundance,0.14808395917581363
protein,333,prevalence,0.11823608704024646
protein,333,distance,0.13209876543209875
protein,333,dispersion,0.21553884711779447
protein,333,omega2,0.03930458798273021
protein,333,deff,0.0974363500074032
protein,333,tf_topology,0.24955175448816103
protein,333,source_r2,0.017864367614491974
protein,334,abundance,0.025226266127479247
protein,334,prevalence,0.23788433147185317
protein,334,distance,0.2878787878787879
protein,334,dispersion,0.23558897243107768
protein,334,omega2,0.5137389391136457
protein,334,deff,0.26320909419544825
protein,334,tf_topology,0.15037593984962405
protein,334,source_r2,0.021696229725920425
protein,335,abundance,0.04628024905321271
protein,335,prevalence,0.21971885230117472
protein,335,distance,0.42323232323232324
protein,335,dispersion,0.2932330827067669
protein,335,omega2,1.3009284952064697
protein,335,deff,0.3904213152775412
protein,335,tf_topology,0.21553884711779447
protein,335,source_r2,0.02322893438622338
protein,336,abundance,0.046601193914885486
protein,336,prevalence,0.17433724886064572
protein,336,distance,0.27197530864197533
protein,336,dispersion,0.38847117794486213
protein,336,omega2,0.8902677723702017
protein,336,deff,0.07365791014757239
protein,336,tf_topology,0.19833927515061361
protein,336,source_r2,0.019996190663764197
protein,337,abundance,0.11913473265293023
protein,337,prevalence,0.11907054368059572
protein,337,distance,0.26666666666666666
protein,337,dispersion,0.3659147869674185
protein,337,omega2,0.521126456865401
protein,337,deff,0.22816730539524352
protein,337,tf_topology,0.5005477379842791
protein,337,source_r2,0.02188159653599051
protein,338,abundance,0.09275306502342906
protein,338,prevalence,0.2638808652673471
protein,338,distance,0.1797979797979798
protein,338,dispersion,0.19799498746867167
protein,338,omega2,0.09627011479156261
protein,338,deff,0.20490357950792706
protein,338,tf_topology,0.21553884711779447
protein,338,source_r2,0.011834989544434833
protein,339,abundance,0.26657680210539836
protein,339,prevalence,0.24013094550356245
protein,339,distance,0.36464646464646466
protein,339,dispersion,0.2756892230576441
protein,339,omega2,0.8805345312452126
protein,339,deff,0.10955327815210571
protein,339,tf_topology,0.891538487161659
protein,339,source_r2,0.03182500842663098
protein,340,abundance,0.11598947300853713
protein,340,prevalence,0.12478336221837083
protein,340,distance,0.1787878787878788
protein,340,dispersion,0.2606516290726817
protein,340,omega2,0.6481355503948615
protein,340,deff,0.029978389551632175
protein,340,tf_topology,0.34287591749884794
protein,340,source_r2,0.01820552439748266
protein,341,abundance,0.018999935811027657
protein,341,prevalence,0.2075871365299441
protein,341,distance,0.40404040404040403
protein,341,dispersion,0.19047619047619047
protein,341,omega2,0.7281031224060935
protein,341,deff,0.049922574934350025
protein,341,tf_topology,0.21804511278195488
protein,341,source_r2,0.018682111250215527
protein,342,abundance,0.05603697284806475
protein,342,prevalence,0.18441491751717054
protein,342,distance,0.2525925925925926
protein,342,dispersion,0.44110275689223055
protein,342,omega2,0.5593308188467375
protein,342,deff,0.3568357539378972
protein,342,tf_topology,0.21052631578947367
protein,342,source_r2,0.01299616803249305
protein,343,abundance,0.03941202901341556
protein,343,prevalence,0.18987098016560755
protein,343,distance,0.36666666666666664
protein,343,dispersion,0.21804511278195488
protein,343,omega2,1.2856054746302354
protein,343,deff,0.052779033109796286
protein,343,tf_topology,0.20802005012531327
protein,343,source_r2,0.019770158334914967
protein,344,abundance,0.038385005456062715
protein,344,prevalence,0.25733359008922274
protein,344,distance,0.23737373737373738
protein,344,dispersion,0.23057644110275688
protein,344,omega2,0.6053030963089816
protein,344,deff,0.11418057841410946
protein,344,tf_topology,0.3489561623121178
protein,344,source_r2,0.022415123128048043
protein,345,abundance,0.14866165992682456
protein,345,prevalence,0.1265164644714038
protein,345,distance,0.43333333333333335
protein,345,dispersion,0.3182957393483709
protein,345,omega2,0.8745601414287579
protein,345,deff,0.03547943623062904
protein,345,tf_topology,0.3182957393483709
protein,345,source_r2,0.024150918516480487
protein,346,abundance,0.18601964182553438
protein,346,prevalence,0.18557031901919246
protein,346,distance,0.2202020202020202
protein,346,dispersion,0.3182957393483709
protein,346,omega2,0.7952817892287027
protein,346,deff,0.5064579038917597
protein,346,tf_topology,0.6065935184386889
protein,346,source_r2,0.02958143904994863
protein,347,abundance,0.126773220360742
protein,347,prevalence,0.15906027344502216
protein,347,distance,0.23636363636363636
protein,347,dispersion,0.12531328320802004
protein,347,omega2,0.33333019361265614
protein,347,deff,0.039208771344140685
protein,347,tf_topology,0.20449572544325234
protein,347,source_r2,0.019986411298897874
protein,348,abundance,0.04782078438924198
protein,348,prevalence,0.2259451826176263
protein,348,distance,0.26839506172839506
protein,348,dispersion,0.41353383458646614
protein,348,omega2,0.8552769102360547
protein,348,deff,0.21280767557876237
protein,348,tf_topology,0.16040100250626566
protein,348,source_r2,0.03298236615863768
protein,349,abundance,0.04672957185955462
protein,349,prevalence,0.1659284934848193
protein,349,distance,0.15555555555555556
protein,349,dispersion,0.21804511278195488
protein,349,omega2,0.13800174664940706
protein,349,deff,0.21792056474324376
protein,349,tf_topology,0.2305889839584733
protein,349,source_r2,0.016484957094321333
protein,350,abundance,0.06207073624751269
protein,350,prevalence,0.153347454907247
protein,350,distance,0.2202020202020202
protein,350,dispersion,0.2681704260651629
protein,350,omega2,0.6812438553285994
protein,350,deff,0.2408900891007647
protein,350,tf_topology,0.2916225748977133
protein,350,source_r2,0.02279535249642848
protein,351,abundance,0.05103023300596965
protein,351,prevalence,0.23454650491045637
protein,351,distance,0.3111111111111111
protein,351,dispersion,0.2506265664160401
protein,351,omega2,1.0372357668579355
protein,351,deff,0.21443600987642605
protein,351,tf_topology,0.20802005012531327
protein,351,source_r2,0.020388034521231987
protein,352,abundance,0.05449643751203548
protein,352,prevalence,0.24070864625457344
protein,352,distance,0.31212121212121213
protein,352,dispersion,0.2932330827067669
protein,352,omega2,1.2893642231465996
protein,352,deff,0.28942041447859185
protein,352,tf_topology,0.2712118928087509
protein,352,source_r2,0.018052628756733156
protein,353,abundance,0.09249630913409079
protein,353,prevalence,0.15193529751588675
protein,353,distance,0.2878787878787879
protein,353,dispersion,0.24060150375939848
protein,353,omega2,0.9515078367183691
protein,353,deff,0.5623772916941889
protein,353,tf_topology,0.23308270676691728
protein,353,source_r2,0.018781050887051228
protein,354,abundance,0.14205019577636568
protein,354,prevalence,0.28660376147377875
protein,354,distance,0.23636363636363636
protein,354,dispersion,0.15538847117794485
protein,354,omega2,0.1474806127660626
protein,354,deff,0.01009693601921902
protein,354,tf_topology,0.3533538933118356
protein,354,source_r2,0.021883505020634842
protein,355,abundance,0.04005391873676112
protein,355,prevalence,0.20765132550227872
protein,355,distance,0.1595959595959596
protein,355,dispersion,0.21052631578947367
protein,355,omega2,0.15744045211334506
protein,355,deff,0.4092956919977546
protein,355,tf_topology,0.18295739348370926
protein,355,source_r2,0.019411394156699548
protein,356,abundance,0.07715514474613255
protein,356,prevalence,0.16182039925540792
protein,356,distance,0.18481481481481482
protein,356,dispersion,0.3283208020050125
protein,356,omega2,0.4694069684266376
protein,356,deff,0.30762707470317324
protein,356,tf_topology,0.2656641604010025
protein,356,source_r2,0.011461486990440075
protein,357,abundance,0.021695872649078907
protein,357,prevalence,0.2109891520636754
protein,357,distance,0.2515151515151515
protein,357,dispersion,0.18295739348370926
protein,357,omega2,0.7112026295683467
protein,357,deff,0.29359913636386664
protein,357,tf_topology,0.22556390977443608
protein,357,source_r2,0.013270942548005114
protein,358,abundance,0.045445792412863506
protein,358,prevalence,0.17728994158803513
protein,358,distance,0.3303030303030303
protein,358,dispersion,0.23809523809523808
protein,358,omega2,1.0807601451483029
protein,358,deff,0.42595244623350814
protein,358,tf_topology,0.15538847117794485
protein,358,source_r2,0.019285157729963334
protein,359,abundance,0.023557352846780955
protein,359,prevalence,0.21567494704409773
protein,359,distance,0.30303030303030304
protein,359,dispersion,0.23558897243107768
protein,359,omega2,0.8120201167604383
protein,359,deff,0.4525783199452107
protein,359,tf_topology,0.17042606516290726
protein,359,source_r2,0.019426722719578755
protein,360,abundance,0.03870595031773538
protein,360,prevalence,0.1930162398100007
protein,360,distance,0.284320987654321
protein,360,dispersion,0.42355889724310775
protein,360,omega2,1.301264460300871
protein,360,deff,0.044845396108919876
protein,360,tf_topology,0.18295739348370926
protein,360,source_r2,0.013984471587714545
protein,361,abundance,0.05738494126709037
protein,361,prevalence,0.23024584376404134
protein,361,distance,0.17308641975308642
protein,361,dispersion,0.2756892230576441
protein,361,omega2,0.0020060130421928005
protein,361,deff,0.21473011361714586
protein,361,tf_topology,0.16040100250626566
protein,361,source_r2,0.015592196242284091
protein,362,abundance,0.1267090313884075
protein,362,prevalence,0.28994158803517556
protein,362,distance,0.301010101010101
protein,362,dispersion,0.3082706766917293
protein,362,omega2,1.0718407568302175
protein,362,deff,0.223484415581688
protein,362,tf_topology,0.42072972681222565
protein,362,source_r2,0.024730537307122033
protein,363,abundance,0.11220232364079852
protein,363,prevalence,0.25412414147249496
protein,363,distance,0.6464646464646465
protein,363,dispersion,0.38095238095238093
protein,363,omega2,1.979091763210275
protein,363,deff,0.16389248264630057
protein,363,tf_topology,0.3683987469235943
protein,363,source_r2,0.041265842269151094
protein,364,abundance,0.17992168945375187
protein,364,prevalence,0.33923871878811224
protein,364,distance,0.22828282828282828
protein,364,dispersion,0.3609022556390977
protein,364,omega2,1.0059558960076476
protein,364,deff,0.1303105936561717
protein,364,tf_topology,0.5779481842029105
protein,364,source_r2,0.028976846898601513
protein,365,abundance,0.021631683676744284
protein,365,prevalence,0.23531677257847106
protein,365,distance,0.16444444444444445
protein,365,dispersion,0.2932330827067669
protein,365,omega2,0.6454346096561582
protein,365,deff,0.4233399517646825
protein,365,tf_topology,0.15037593984962405
protein,365,source_r2,0.01287567114883686
protein,366,abundance,0.05379035881635541
protein,366,prevalence,0.2417356698119263
protein,366,distance,0.2585858585858586
protein,366,dispersion,0.2781954887218045
protein,366,omega2,0.02327054251216626
protein,366,deff,0.2581667848195646
protein,366,tf_topology,0.24619138603528565
protein,366,source_r2,0.016292892786505458
protein,367,abundance,0.016689132806983697
protein,367,prevalence,0.22620193850696457
protein,367,distance,0.12098765432098765
protein,367,dispersion,0.17293233082706766
protein,367,omega2,0.2572798631216919
protein,367,deff,0.18417908654639192
protein,367,tf_topology,0.13533834586466165
protein,367,source_r2,0.01454869010261069
protein,368,abundance,0.06977341292765904
protein,368,prevalence,0.15854676166634574
protein,368,distance,0.24432098765432098
protein,368,dispersion,0.2982456140350877
protein,368,omega2,0.7146946980315858
protein,368,deff,0.02624276914413554
protein,368,tf_topology,0.19298245614035087
protein,368,source_r2,0.013503571697410092
protein,369,abundance,0.11476988253418063
protein,369,prevalence,0.28333012388471657
protein,369,distance,0.47474747474747475
protein,369,dispersion,0.3082706766917293
protein,369,omega2,1.4589832707649462
protein,369,deff,0.009398790762877295
protein,369,tf_topology,0.22055137844611528
protein,369,source_r2,0.0253209966107971
protein,370,abundance,0.041080942294113854
protein,370,prevalence,0.20251620771551448
protein,370,distance,0.11818181818181818
protein,370,dispersion,0.11779448621553884
protein,370,omega2,0.24645671201233066
protein,370,deff,0.2123148525514943
protein,370,tf_topology,0.14536340852130325
protein,370,source_r2,0.01755202066812067
protein,371,abundance,0.06444572822389116
protein,371,prevalence,0.26574234546504916
protein,371,distance,0.2797979797979798
protein,371,dispersion,0.2756892230576441
protein,371,omega2,0.762659643006342
protein,371,deff,0.6314320779951929
protein,371,tf_topology,0.38700881405826393
protein,371,source_r2,0.021452817678945493
protein,372,abundance,0.11759419731690102
protein,372,prevalence,0.16907375312921247
protein,372,distance,0.2636363636363636
protein,372,dispersion,0.2606516290726817
protein,372,omega2,0.9851158007586946
protein,372,deff,0.39586193873851755
protein,372,tf_topology,0.16791979949874686
protein,372,source_r2,0.018188399229397096
protein,373,abundance,0.09012131715771238
protein,373,prevalence,0.2803132421849926
protein,373,distance,0.2727272727272727
protein,373,dispersion,0.2781954887218045
protein,373,omega2,0.09079824108500734
protein,373,deff,0.15951565099088272
protein,373,tf_topology,0.3136651044250009
protein,373,source_r2,0.014563230269689472
protein,374,abundance,0.033763399447974796
protein,374,prevalence,0.1939148854226843
protein,374,distance,0.2202020202020202
protein,374,dispersion,0.3082706766917293
protein,374,omega2,0.9162814266655723
protein,374,deff,0.46454558304394133
protein,374,tf_topology,0.14285714285714285
protein,374,source_r2,0.013137999561519698
protein,375,abundance,0.04518903652352524
protein,375,prevalence,0.2538031966108223
protein,375,distance,0.39494949494949494
protein,375,dispersion,0.21303258145363407
protein,375,omega2,1.6591091684589352
protein,375,deff,0.3164435178652179
protein,375,tf_topology,0.45495439297228957
protein,375,source_r2,0.03604222836674644
protein,376,abundance,0.0858848449836318
protein,376,prevalence,0.17318184735862385
protein,376,distance,0.4393939393939394
protein,376,dispersion,0.18045112781954886
protein,376,omega2,1.4430587457727084
protein,376,deff,0.36247540424398134
protein,376,tf_topology,0.3659147869674185
protein,376,source_r2,0.029602136333158478
protein,377,abundance,0.08543552217728995
protein,377,prevalence,0.15354002182425064
protein,377,distance,0.41515151515151516
protein,377,dispersion,0.2606516290726817
protein,377,omega2,1.4014778582302938
protein,377,deff,0.1479426784472679
protein,377,tf_topology,0.3935590695666339
protein,377,source_r2,0.02869174657447506
protein,378,abundance,0.02811476988253414
protein,378,prevalence,0.215931702933436
protein,378,distance,0.29797979797979796
protein,378,dispersion,0.16791979949874686
protein,378,omega2,0.13979394119879382
protein,378,deff,0.3355492626298896
protein,378,tf_topology,0.13283208020050125
protein,378,source_r2,0.015936115640003034
protein,379,abundance,0.027858013993195985
protein,379,prevalence,0.19397907439501894
protein,379,distance,0.1637037037037037
protein,379,dispersion,0.37092731829573933
protein,379,omega2,0.7035101969331224
protein,379,deff,0.5128029472955272
protein,379,tf_topology,0.23057644110275688
protein,379,source_r2,0.01741826170532343
protein,380,abundance,0.06329032672186918
protein,380,prevalence,0.16605687142948844
protein,380,distance,0.42424242424242425
protein,380,dispersion,0.2556390977443609
protein,380,omega2,0.6166814181328538
protein,380,deff,0.05449079855255334
protein,380,tf_topology,0.39348370927318294
protein,380,source_r2,0.03668484242761837
protein,381,abundance,0.06938827909365175
protein,381,prevalence,0.17035753257590347
protein,381,distance,0.25757575757575757
protein,381,dispersion,0.2882205513784461
protein,381,omega2,0.6747482917935361
protein,381,deff,0.3422418813471993
protein,381,tf_topology,0.21481131163527908
protein,381,source_r2,0.017206592440333054
protein,382,abundance,0.021952628538417063
protein,382,prevalence,0.21606008087810513
protein,382,distance,0.36464646464646466
protein,382,dispersion,0.2506265664160401
protein,382,omega2,1.249296551061142
protein,382,deff,0.5602620537846761
protein,382,tf_topology,0.24060150375939848
protein,382,source_r2,0.02661501205383471
protein,383,abundance,0.027472880159188584
protein,383,prevalence,0.18146222478978113
protein,383,distance,0.3
protein,383,dispersion,0.2982456140350877
protein,383,omega2,1.517537556416711
protein,383,deff,0.3436293707595894
protein,383,tf_topology,0.21804511278195488
protein,383,source_r2,0.020700072347541277
protein,384,abundance,0.03511136786700053
protein,384,prevalence,0.236022851274151
protein,384,distance,0.24646464646464647
protein,384,dispersion,0.2982456140350877
protein,384,omega2,0.6410123591245502
protein,384,deff,0.15756007399648728
protein,384,tf_topology,0.2606516290726817
protein,384,source_r2,0.02150845605604494
protein,385,abundance,0.12914821233712048
protein,385,prevalence,0.29116117850953205
protein,385,distance,0.2080808080808081
protein,385,dispersion,0.17293233082706766
protein,385,omega2,0.6842408923082302
protein,385,deff,0.31323652730262386
protein,385,tf_topology,0.31465648255432555
protein,385,source_r2,0.014901876140663198
protein,386,abundance,0.028949226522883342
protein,386,prevalence,0.1912831375569677
protein,386,distance,0.2054320987654321
protein,386,dispersion,0.2656641604010025
protein,386,omega2,0.19829639026176574
protein,386,deff,0.2736225895493397
protein,386,tf_topology,0.15789473684210525
protein,386,source_r2,0.016295231702244787
protein,387,abundance,0.12125296873997055
protein,387,prevalence,0.12914821233712048
protein,387,distance,0.3606060606060606
protein,387,dispersion,0.3182957393483709
protein,387,omega2,1.0248796200588595
protein,387,deff,0.47151303287819457
protein,387,tf_topology,0.4541404024763769
protein,387,source_r2,0.022629122826260423
protein,388,abundance,0.09397265549778555
protein,388,prevalence,0.23281340265742345
protein,388,distance,0.2797979797979798
protein,388,dispersion,0.2932330827067669
protein,388,omega2,1.1310936689456748
protein,388,deff,0.2119308839637112
protein,388,tf_topology,0.16290726817042606
protein,388,source_r2,0.011876189737213374
protein,389,abundance,0.09474292316580013
protein,389,prevalence,0.13929006996597992
protein,389,distance,0.39494949494949494
protein,389,dispersion,0.3458646616541353
protein,389,omega2,1.694334446681958
protein,389,deff,0.12634575712292972
protein,389,tf_topology,0.3227164277055909
protein,389,source_r2,0.02874420038790739
protein,390,abundance,0.021695872649078907
protein,390,prevalence,0.22947557609602665
protein,390,distance,0.45555555555555555
protein,390,dispersion,0.43107769423558895
protein,390,omega2,1.4750783741520082
protein,390,deff,0.19786231377269545
protein,390,tf_topology,0.23057644110275688
protein,390,source_r2,0.021090311174179775
protein,391,abundance,0.08306053020091153
protein,391,prevalence,0.26946530586045314
protein,391,distance,0.16767676767676767
protein,391,dispersion,0.15037593984962405
protein,391,omega2,0.02779883174345799
protein,391,deff,0.2983783147382853
protein,391,tf_topology,0.3160728067405655
protein,391,source_r2,0.014789207845447168
protein,392,abundance,0.041915398934463055
protein,392,prevalence,0.19866486937544137
protein,392,distance,0.18185185185185185
protein,392,dispersion,0.2882205513784461
protein,392,omega2,0.3627592411985602
protein,392,deff,0.1430974564442213
protein,392,tf_topology,0.17042606516290726
protein,392,source_r2,0.012800627218775057
protein,393,abundance,0.050067398420951315
protein,393,prevalence,0.23788433147185317
protein,393,distance,0.36262626262626263
protein,393,dispersion,0.39849624060150374
protein,393,omega2,1.0041647457366345
protein,393,deff,0.11560495543630209
protein,393,tf_topology,0.2832080200501253
protein,393,source_r2,0.018854913124749184
protein,394,abundance,0.1579690609153348
protein,394,prevalence,0.3218435072854484
protein,394,distance,0.4797979797979798
protein,394,dispersion,0.3032581453634085
protein,394,omega2,1.7733835395860214
protein,394,deff,0.29735070948778586
protein,394,tf_topology,0.5945625177163512
protein,394,source_r2,0.02614508128386293
protein,395,abundance,0.07388150715707043
protein,395,prevalence,0.19738108992875014
protein,395,distance,0.24444444444444444
protein,395,dispersion,0.2706766917293233
protein,395,omega2,0.7863126392093777
protein,395,deff,0.24541145270270903
protein,395,tf_topology,0.21303258145363407
protein,395,source_r2,0.02476638403457979
protein,396,abundance,0.022658707234097242
protein,396,prevalence,0.22292830091790228
protein,396,distance,0.1505050505050505
protein,396,dispersion,0.21553884711779447
protein,396,omega2,0.22458866253242302
protein,396,deff,0.1262417613344617
protein,396,tf_topology,0.18796992481203006
protein,396,source_r2,0.014461933201704462
protein,397,abundance,0.15077989601386482
protein,397,prevalence,0.33808331728609026
protein,397,distance,0.4595959595959596
protein,397,dispersion,0.3233082706766917
protein,397,omega2,2.1618594245863623
protein,397,deff,0.45831801042865633
protein,397,tf_topology,0.7589940370698012
protein,397,source_r2,0.046867516172964564
protein,398,abundance,0.09557737980614933
protein,398,prevalence,0.17209063482893638
protein,398,distance,0.19962962962962963
protein,398,dispersion,0.2656641604010025
protein,398,omega2,0.09295172132861712
protein,398,deff,0.23619992769085846
protein,398,tf_topology,0.18045112781954886
protein,398,source_r2,0.017346490113931797
protein,399,abundance,0.1340265742345465
protein,399,prevalence,0.1340265742345465
protein,399,distance,0.2119753086419753
protein,399,dispersion,0.19047619047619047
protein,399,omega2,0.38247070105496744
protein,399,deff,0.24212950492577226
protein,399,tf_topology,0.38363058493579927
protein,399,source_r2,0.016881842000225494
protein,400,abundance,0.07798960138648181
protein,400,prevalence,0.2885294306438153
protein,400,distance,0.25555555555555554
protein,400,dispersion,0.17794486215538846
protein,400,omega2,0.10552355414408075
protein,400,deff,0.1654533916446786
protein,400,tf_topology,0.4959968401621554
protein,400,source_r2,0.023997040703804876
protein,401,abundance,0.04120932023878299
protein,401,prevalence,0.23191475704473974
protein,401,distance,0.29259259259259257
protein,401,dispersion,0.3458646616541353
protein,401,omega2,1.0682073447876133
protein,401,deff,0.3809641177197637
protein,401,tf_topology,0.17042606516290726
protein,401,source_r2,0.013533247950384734
protein,402,abundance,0.044996469606521594
protein,402,prevalence,0.23294178060209247
protein,402,distance,0.21515151515151515
protein,402,dispersion,0.15037593984962405
protein,402,omega2,0.006677540895604531
protein,402,deff,0.037615754498596096
protein,402,tf_topology,0.20099281680082395
protein,402,source_r2,0.012217574853939922
protein,403,abundance,0.03889851723473914
protein,403,prevalence,0.20822902625328965
protein,403,distance,0.20909090909090908
protein,403,dispersion,0.17794486215538846
protein,403,omega2,0.160503142204817
protein,403,deff,0.12260120421097812
protein,403,tf_topology,0.3508771929824561
protein,403,source_r2,0.020423736767488116
protein,404,abundance,0.18807368894024007
protein,404,prevalence,0.18807368894024007
protein,404,distance,0.16464646464646465
protein,404,dispersion,0.13533834586466165
protein,404,omega2,0.3976830486563838
protein,404,deff,0.38570442836615987
protein,404,tf_topology,0.6114248560259387
protein,404,source_r2,0.021098092038305954
protein,405,abundance,0.08280377431157326
protein,405,prevalence,0.181333846845112
protein,405,distance,0.31717171717171716
protein,405,dispersion,0.24561403508771928
protein,405,omega2,1.0557070049595296
protein,405,deff,0.10399773551096633
protein,405,tf_topology,0.2506265664160401
protein,405,source_r2,0.025828530404549344
protein,406,abundance,0.07657744399512167
protein,406,prevalence,0.18576288593619616
protein,406,distance,0.24848484848484848
protein,406,dispersion,0.22556390977443608
protein,406,omega2,0.7349732720545247
protein,406,deff,0.49627962926747254
protein,406,tf_topology,0.20300751879699247
protein,406,source_r2,0.02117188780354845
protein,407,abundance,0.07484434174208876
protein,407,prevalence,0.23583028435714737
protein,407,distance,0.4303030303030303
protein,407,dispersion,0.2982456140350877
protein,407,omega2,1.6500430546991192
protein,407,deff,0.33224005518156513
protein,407,tf_topology,0.2706766917293233
protein,407,source_r2,0.03002105309711167
protein,408,abundance,0.17074266640991076
protein,408,prevalence,0.13941844791064895
protein,408,distance,0.14790123456790125
protein,408,dispersion,0.3609022556390977
protein,408,omega2,0.4699534923960316
protein,408,deff,0.1682953821247613
protein,408,tf_topology,0.3639559719271311
protein,408,source_r2,0.02045346993160193
protein,409,abundance,0.1367867000449322
protein,409,prevalence,0.15533731304961806
protein,409,distance,0.44646464646464645
protein,409,dispersion,0.2982456140350877
protein,409,omega2,1.5127659881627353
protein,409,deff,0.10162666377961571
protein,409,tf_topology,0.2656641604010025
protein,409,source_r2,0.031441802028191655
protein,410,abundance,0.1429488413890494
protein,410,prevalence,0.2960395404069581
protein,410,distance,0.30808080808080807
protein,410,dispersion,0.49373433583959897
protein,410,omega2,1.6111365132967927
protein,410,deff,0.24661810950036717
protein,410,tf_topology,0.4138943907763103
protein,410,source_r2,0.022910778519975052
protein,411,abundance,0.14493869953142047
protein,411,prevalence,0.2918030682328776
protein,411,distance,0.24848484848484848
protein,411,dispersion,0.22556390977443608
protein,411,omega2,0.7313667681677992
protein,411,deff,0.2873990958137652
protein,411,tf_topology,0.48296882561910226
protein,411,source_r2,0.02126948611008465
protein,412,abundance,0.11432055972783878
protein,412,prevalence,0.12478336221837083
protein,412,distance,0.20303030303030303
protein,412,dispersion,0.3082706766917293
protein,412,omega2,0.6421532415126282
protein,412,deff,0.1541234701119863
protein,412,tf_topology,0.2691246089747513
protein,412,source_r2,0.02107794259100342
protein,413,abundance,0.04217215482380132
protein,413,prevalence,0.19827973554143397
protein,413,distance,0.1919191919191919
protein,413,dispersion,0.19047619047619047
protein,413,omega2,0.3889640967366367
protein,413,deff,0.3621137308135939
protein,413,tf_topology,0.20300751879699247
protein,413,source_r2,0.01130140444910943
protein,414,abundance,0.02496951023814109
protein,414,prevalence,0.19243853905898967
protein,414,distance,0.20901234567901233
protein,414,dispersion,0.3408521303258145
protein,414,omega2,0.7652903520759078
protein,414,deff,0.017341392579600573
protein,414,tf_topology,0.11528822055137844
protein,414,source_r2,0.013338463588336458
protein,415,abundance,0.03658771423069518
protein,415,prevalence,0.22113100969253485
protein,415,distance,0.19494949494949496
protein,415,dispersion,0.2882205513784461
protein,415,omega2,0.6581738594007723
protein,415,deff,0.13354691452858622
protein,415,tf_topology,0.18295739348370926
protein,415,source_r2,0.014202420235053264
protein,416,abundance,0.04441876885551066
protein,416,prevalence,0.24231337056293734
protein,416,distance,0.6797979797979798
protein,416,dispersion,0.21804511278195488
protein,416,omega2,2.752464896266564
protein,416,deff,0.5036332863144304
protein,416,tf_topology,0.40620823742411233
protein,416,source_r2,0.04500734607503188
protein,417,abundance,0.02689517940817776
protein,417,prevalence,0.18492842929584696
protein,417,distance,0.17676767676767677
protein,417,dispersion,0.2832080200501253
protein,417,omega2,0.5400633361721846
protein,417,deff,0.04131263232903525
protein,417,tf_topology,0.18295739348370926
protein,417,source_r2,0.015767802059089654
protein,418,abundance,0.046537004942550864
protein,418,prevalence,0.18274600423647214
protein,418,distance,0.3630864197530864
protein,418,dispersion,0.3233082706766917
protein,418,omega2,0.20482324603343172
protein,418,deff,0.42926154193437666
protein,418,tf_topology,0.26811627457612164
protein,418,source_r2,0.014217526502179547
protein,419,abundance,0.16580011554015017
protein,419,prevalence,0.1657359265678156
protein,419,distance,0.2545454545454545
protein,419,dispersion,0.38847117794486213
protein,419,omega2,0.9416296669291123
protein,419,deff,0.18806673541805077
protein,419,tf_topology,0.646274111405867
protein,419,source_r2,0.022802964095163778
protein,420,abundance,0.020091148340715126
protein,420,prevalence,0.23037422170871036
protein,420,distance,0.38484848484848483
protein,420,dispersion,0.3659147869674185
protein,420,omega2,1.3594117748554357
protein,420,deff,0.2782660219173656
protein,420,tf_topology,0.17794486215538846
protein,420,source_r2,0.02102619503834891
protein,421,abundance,0.058283586879774085
protein,421,prevalence,0.26323897554400155
protein,421,distance,0.20728395061728394
protein,421,dispersion,0.23057644110275688
protein,421,omega2,0.03200158673275385
protein,421,deff,0.0002596578909513076
protein,421,tf_topology,0.3408521303258145
protein,421,source_r2,0.017235911708135328
protein,422,abundance,0.17446562680531486
protein,422,prevalence,0.2840362025803967
protein,422,distance,0.3212121212121212
protein,422,dispersion,0.5238095238095238
protein,422,omega2,1.3841415248082762
protein,422,deff,0.25977376213868797
protein,422,tf_topology,0.32868181275988845
protein,422,source_r2,0.02734136064249189
protein,423,abundance,0.06816868861929515
protein,423,prevalence,0.2617626291803069
protein,423,distance,0.3707070707070707
protein,423,dispersion,0.3358395989974937
protein,423,omega2,1.151152862260459
protein,423,deff,0.16197761768561347
protein,423,tf_topology,0.2882205513784461
protein,423,source_r2,0.023881694696012878
protein,424,abundance,0.06746260992361519
protein,424,prevalence,0.17574940625200586
protein,424,distance,0.2237037037037037
protein,424,dispersion,0.3609022556390977
protein,424,omega2,0.8050567799686771
protein,424,deff,0.3686028095867952
protein,424,tf_topology,0.16040100250626566
protein,424,source_r2,0.016825920107857485
protein,425,abundance,0.18287438218114127
protein,425,prevalence,0.16284742281276077
protein,425,distance,0.36464646464646466
protein,425,dispersion,0.3208020050125313
protein,425,omega2,1.4431396336129068
protein,425,deff,0.054968041658658595
protein,425,tf_topology,0.5454930832398003
protein,425,source_r2,0.02865509295693643
protein,426,abundance,0.12279350407599976
protein,426,prevalence,0.2805699980743308
protein,426,distance,0.3101010101010101
protein,426,dispersion,0.41353383458646614
protein,426,omega2,1.6015362585405488
protein,426,deff,0.20506583439303178
protein,426,tf_topology,0.31408997586433385
protein,426,source_r2,0.019586767951124913
protein,427,abundance,0.14525964439309325
protein,427,prevalence,0.1383914243532961
protein,427,distance,0.5666666666666667
protein,427,dispersion,0.5463659147869674
protein,427,omega2,2.4345033345471774
protein,427,deff,0.7070462897533666
protein,427,tf_topology,0.5487798712954878
protein,427,source_r2,0.039135920710824675
protein,428,abundance,0.03036138391424359
protein,428,prevalence,0.24494511842865396
protein,428,distance,0.49393939393939396
protein,428,dispersion,0.13784461152882205
protein,428,omega2,0.7106529008239378
protein,428,deff,0.12212802122505124
protein,428,tf_topology,0.35846215366204415
protein,428,source_r2,0.025951148146018777
protein,429,abundance,0.015662109249630962
protein,429,prevalence,0.19872905834777588
protein,429,distance,0.1787878787878788
protein,429,dispersion,0.21052631578947367
protein,429,omega2,0.3344475303887485
protein,429,deff,0.1932711494638711
protein,429,tf_topology,0.23057644110275688
protein,429,source_r2,0.017352831695303064
protein,430,abundance,0.04326336735348868
protein,430,prevalence,0.19019192502728033
protein,430,distance,0.19696969696969696
protein,430,dispersion,0.22556390977443608
protein,430,omega2,0.5265213673501231
protein,430,deff,0.09145413798305391
protein,430,tf_topology,0.17042606516290726
protein,430,source_r2,0.014941264450919102
protein,431,abundance,0.11316515822581685
protein,431,prevalence,0.11785095320623917
protein,431,distance,0.34444444444444444
protein,431,dispersion,0.21303258145363407
protein,431,omega2,0.9259445355010809
protein,431,deff,0.22441290100100625
protein,431,tf_topology,0.5398200343957631
protein,431,source_r2,0.0179991068857554
protein,432,abundance,0.12914821233712048
protein,432,prevalence,0.1817189806791193
protein,432,distance,0.09797979797979799
protein,432,dispersion,0.21553884711779447
protein,432,omega2,0.26899777397430025
protein,432,deff,0.01523602493297365
protein,432,tf_topology,0.17543859649122806
protein,432,source_r2,0.01352034299713084
protein,433,abundance,0.03119584055459279
protein,433,prevalence,0.2517491494961165
protein,433,distance,0.3525252525252525
protein,433,dispersion,0.17543859649122806
protein,433,omega2,0.7370555917006459
protein,433,deff,0.1482627348402609
protein,433,tf_topology,0.4153181678893834
protein,433,source_r2,0.02088567068458279
protein,434,abundance,0.05616535079273388
protein,434,prevalence,0.17356698119263114
protein,434,distance,0.2679012345679012
protein,434,dispersion,0.49373433583959897
protein,434,omega2,0.8621102807981437
protein,434,deff,0.2784585623937423
protein,434,tf_topology,0.18295739348370926
protein,434,source_r2,0.012390338182557999
protein,435,abundance,0.05988831118813798
protein,435,prevalence,0.18364464984915596
protein,435,distance,0.40404040404040403
protein,435,dispersion,0.3258145363408521
protein,435,omega2,1.5312472062975042
protein,435,deff,0.07784626413869561
protein,435,tf_topology,0.23558897243107768
protein,435,source_r2,0.02948934846155125
protein,436,abundance,0.04634443802554722
protein,436,prevalence,0.15700622633031647
protein,436,distance,0.44242424242424244
protein,436,dispersion,0.12280701754385964
protein,436,omega2,0.7320316739630387
protein,436,deff,0.032737506399866376
protein,436,tf_topology,0.4100858887075661
protein,436,source_r2,0.026838781938217638
protein,437,abundance,0.18634058668720715
protein,437,prevalence,0.1860838307978689
protein,437,distance,0.2898989898989899
protein,437,dispersion,0.17042606516290726
protein,437,omega2,0.686044998610055
protein,437,deff,0.31994195206074183
protein,437,tf_topology,0.4977305332389289
protein,437,source_r2,0.01635320051660348
protein,438,abundance,0.026959368380512272
protein,438,prevalence,0.21246549842737017
protein,438,distance,0.23232323232323232
protein,438,dispersion,0.23057644110275688
protein,438,omega2,0.2174564322654334
protein,438,deff,0.09278329597955387
protein,438,tf_topology,0.18796992481203006
protein,438,source_r2,0.014552203478139188
protein,439,abundance,0.10905706399640536
protein,439,prevalence,0.15033057320752297
protein,439,distance,0.20404040404040405
protein,439,dispersion,0.23558897243107768
protein,439,omega2,0.18839803889826187
protein,439,deff,0.28856497131379816
protein,439,tf_topology,0.2656641604010025
protein,439,source_r2,0.016205923144768743
protein,440,abundance,0.06091533474549071
protein,440,prevalence,0.17202644585660187
protein,440,distance,0.25252525252525254
protein,440,dispersion,0.18546365914786966
protein,440,omega2,0.3112707616821689
protein,440,deff,0.07078491702565019
protein,440,tf_topology,0.22807017543859648
protein,440,source_r2,0.013421105667693186
protein,441,abundance,0.1058476153796778
protein,441,prevalence,0.1179793311509082
protein,441,distance,0.2898989898989899
protein,441,dispersion,0.18546365914786966
protein,441,omega2,0.056418967842830826
protein,441,deff,0.06191307539543024
protein,441,tf_topology,0.30187932144822477
protein,441,source_r2,0.02187139191846408
protein,442,abundance,0.09358752166377815
protein,442,prevalence,0.17658386289235506
protein,442,distance,0.23636363636363636
protein,442,dispersion,0.14536340852130325
protein,442,omega2,0.3851151828155541
protein,442,deff,0.016486339131528964
protein,442,tf_topology,0.13784461152882205
protein,442,source_r2,0.01293416187317469
protein,443,abundance,0.04923294178060211
protein,443,prevalence,0.17138455613325632
protein,443,distance,0.2607407407407407
protein,443,dispersion,0.38847117794486213
protein,443,omega2,0.5521733592568038
protein,443,deff,0.4271947584500127
protein,443,tf_topology,0.17042606516290726
protein,443,source_r2,0.02085703773385443
protein,444,abundance,0.027793825020861473
protein,444,prevalence,0.23704987483150397
protein,444,distance,0.2676767676767677
protein,444,dispersion,0.22305764411027568
protein,444,omega2,0.9888915318032114
protein,444,deff,0.005473524244571813
protein,444,tf_topology,0.28238516870601765
protein,444,source_r2,0.017999195774494773
protein,445,abundance,0.05892547660311953
protein,445,prevalence,0.17106361127158354
protein,445,distance,0.2660493827160494
protein,445,dispersion,0.2982456140350877
protein,445,omega2,0.11709864384227746
protein,445,deff,0.5912051120143306
protein,445,tf_topology,0.2277186844051308
protein,445,source_r2,0.014972301456462006
protein,446,abundance,0.09057063996405423
protein,446,prevalence,0.15437447846459984
protein,446,distance,0.47373737373737373
protein,446,dispersion,0.3032581453634085
protein,446,omega2,1.2520029907738028
protein,446,deff,0.11564633462977744
protein,446,tf_topology,0.22556390977443608
protein,446,source_r2,0.02569883644995349
protein,447,abundance,0.014763463636947138
protein,447,prevalence,0.19397907439501894
protein,447,distance,0.295959595959596
protein,447,dispersion,0.2932330827067669
protein,447,omega2,0.8140542299231377
protein,447,deff,0.008497154665779988
protein,447,tf_topology,0.14178114360990302
protein,447,source_r2,0.017084967466693676
protein,448,abundance,0.06990179087232817
protein,448,prevalence,0.15983054111303685
protein,448,distance,0.2515151515151515
protein,448,dispersion,0.21052631578947367
protein,448,omega2,0.2483746060908602
protein,448,deff,0.31213765654769515
protein,448,tf_topology,0.21052631578947367
protein,448,source_r2,0.021527161628360054
protein,449,abundance,0.05507413826304641
protein,449,prevalence,0.19083381475062589
protein,449,distance,0.28888888888888886
protein,449,dispersion,0.3132832080200501
protein,449,omega2,0.990521561598293
protein,449,deff,0.01795792193122976
protein,449,tf_topology,0.17293233082706766
protein,449,source_r2,0.017306339117896388
protein,450,abundance,0.03697284806470247
protein,450,prevalence,0.23948905578021695
protein,450,distance,0.2595959595959596
protein,450,dispersion,0.18295739348370926
protein,450,omega2,0.8087382014466057
protein,450,deff,0.2090483742510927
protein,450,tf_topology,0.48726223159922694
protein,450,source_r2,0.02434909676046891
protein,451,abundance,0.06194235830284356
protein,451,prevalence,0.275948392066243
protein,451,distance,0.2919191919191919
protein,451,dispersion,0.18796992481203006
protein,451,omega2,0.6377016255764308
protein,451,deff,0.2657762264806688
protein,451,tf_topology,0.4545260668051211
protein,451,source_r2,0.023305947474572004
protein,452,abundance,0.18486424032351245
protein,452,prevalence,0.18480005135117783
protein,452,distance,0.44747474747474747
protein,452,dispersion,0.45112781954887216
protein,452,omega2,1.6523431054114668
protein,452,deff,0.023569821817352194
protein,452,tf_topology,0.6180747236329488
protein,452,source_r2,0.02772926691506869
protein,453,abundance,0.11509082739585341
protein,453,prevalence,0.13993195968932537
protein,453,distance,0.2691358024691358
protein,453,dispersion,0.3408521303258145
protein,453,omega2,0.5436652750903751
protein,453,deff,0.41980939624740776
protein,453,tf_topology,0.1462002190191804
protein,453,source_r2,0.015874383716977133
protein,454,abundance,0.1380062905192888
protein,454,prevalence,0.12625970858206553
protein,454,distance,0.16464646464646465
protein,454,dispersion,0.2706766917293233
protein,454,omega2,0.360190479507149
protein,454,deff,0.10814617852176944
protein,454,tf_topology,0.37092731829573933
protein,454,source_r2,0.02028241997542437
protein,455,abundance,0.05539508312471919
protein,455,prevalence,0.2134283330123885
protein,455,distance,0.2404040404040404
protein,455,dispersion,0.23057644110275688
protein,455,omega2,0.40196020989638886
protein,455,deff,0.3710127482991014
protein,455,tf_topology,0.23375773957388316
protein,455,source_r2,0.024165971350054775
protein,456,abundance,0.061813980358174536
protein,456,prevalence,0.2600295269272739
protein,456,distance,0.3191919191919192
protein,456,dispersion,0.14285714285714285
protein,456,omega2,0.8944552026241943
protein,456,deff,0.3201742666356043
protein,456,tf_topology,0.3712387375393208
protein,456,source_r2,0.018729775581669
protein,457,abundance,0.08967199435137052
protein,457,prevalence,0.26863084922010394
protein,457,distance,0.3303030303030303
protein,457,dispersion,0.3508771929824561
protein,457,omega2,1.7598109517979499
protein,457,deff,0.5254329445264473
protein,457,tf_topology,0.21804511278195488
protein,457,source_r2,0.016370132271709196
protein,458,abundance,0.01046280249053222
protein,458,prevalence,0.2246614031709353
protein,458,distance,0.25246913580246916
protein,458,dispersion,0.2606516290726817
protein,458,omega2,0.1417747863916558
protein,458,deff,0.408555576087158
protein,458,tf_topology,0.12830020679686882
protein,458,source_r2,0.014504159154814013
protein,459,abundance,0.04640862699788184
protein,459,prevalence,0.21240130945503555
protein,459,distance,0.13737373737373737
protein,459,dispersion,0.2932330827067669
protein,459,omega2,0.23401458624717622
protein,459,deff,0.04967245313695743
protein,459,tf_topology,0.18796992481203006
protein,459,source_r2,0.011553561705661795
protein,460,abundance,0.15135759676487576
protein,460,prevalence,0.15135759676487576
protein,460,distance,0.25656565656565655
protein,460,dispersion,0.3659147869674185
protein,460,omega2,1.0599312911031533
protein,460,deff,0.18061660717447575
protein,460,tf_topology,0.5841512741108764
protein,460,source_r2,0.02751508449236006
protein,461,abundance,0.05975993324346873
protein,461,prevalence,0.26035047178894666
protein,461,distance,0.1303030303030303
protein,461,dispersion,0.2506265664160401
protein,461,omega2,0.20568801455885943
protein,461,deff,0.26627008076445324
protein,461,tf_topology,0.3408521303258145
protein,461,source_r2,0.012241611266338954
protein,462,abundance,0.22042493099685478
protein,462,prevalence,0.35490082803774314
protein,462,distance,0.1505050505050505
protein,462,dispersion,0.17293233082706766
protein,462,omega2,0.02285231146521487
protein,462,deff,0.2759288424099046
protein,462,tf_topology,0.6533180612503453
protein,462,source_r2,0.02007246696522603
protein,463,abundance,0.014570896719943494
protein,463,prevalence,0.20822902625328965
protein,463,distance,0.1808080808080808
protein,463,dispersion,0.2606516290726817
protein,463,omega2,0.15945517032968434
protein,463,deff,0.30357699807657096
protein,463,tf_topology,0.14035087719298245
protein,463,source_r2,0.0175225343996888
protein,464,abundance,0.14121573913601643
protein,464,prevalence,0.14121573913601643
protein,464,distance,0.18888888888888888
protein,464,dispersion,0.2606516290726817
protein,464,omega2,0.733338069965329
protein,464,deff,0.1249890625892735
protein,464,tf_topology,0.34970301476112364
protein,464,source_r2,0.014713193374206127
protein,465,abundance,0.09981385198022985
protein,465,prevalence,0.17850953206239173
protein,465,distance,0.27070707070707073
protein,465,dispersion,0.39348370927318294
protein,465,omega2,1.009958676851213
protein,465,deff,0.05741936373876517
protein,465,tf_topology,0.15037593984962405
protein,465,source_r2,0.018468479822664273
protein,466,abundance,0.027472880159188695
protein,466,prevalence,0.2288336863726812
protein,466,distance,0.2606060606060606
protein,466,dispersion,0.2706766917293233
protein,466,omega2,0.5650001714116237
protein,466,deff,0.1884523571509639
protein,466,tf_topology,0.22556390977443608
protein,466,source_r2,0.012462170070565947
protein,467,abundance,0.03273637589062206
protein,467,prevalence,0.2422491815906027
protein,467,distance,0.31246913580246916
protein,467,dispersion,0.46115288220551376
protein,467,omega2,0.4409782596783734
protein,467,deff,0.7299313166571614
protein,467,tf_topology,0.14536340852130325
protein,467,source_r2,0.02346950278897793
protein,468,abundance,0.01758777841966752
protein,468,prevalence,0.22864111945567744
protein,468,distance,0.2313131313131313
protein,468,dispersion,0.24060150375939848
protein,468,omega2,0.5002279218129648
protein,468,deff,0.4234806492209345
protein,468,tf_topology,0.3082706766917293
protein,468,source_r2,0.02140838701899761
protein,469,abundance,0.05764169715642853
protein,469,prevalence,0.20745875858527496
protein,469,distance,0.26565656565656565
protein,469,dispersion,0.2932330827067669
protein,469,omega2,0.8694631332550276
protein,469,deff,0.31938880277463816
protein,469,tf_topology,0.15538847117794485
protein,469,source_r2,0.014121522297236734
protein,470,abundance,0.11303678028114772
protein,470,prevalence,0.2755632582322357
protein,470,distance,0.15151515151515152
protein,470,dispersion,0.23809523809523808
protein,470,omega2,0.28322473390164304
protein,470,deff,0.09736466395722636
protein,470,tf_topology,0.2693736255403256
protein,470,source_r2,0.013019816786163667
protein,471,abundance,0.03421272225431671
protein,471,prevalence,0.1908980037229604
protein,471,distance,0.28585858585858587
protein,471,dispersion,0.18045112781954886
protein,471,omega2,0.4715766921462558
protein,471,deff,0.3993434769652514
protein,471,tf_topology,0.21337805084269024
protein,471,source_r2,0.01647144975565775
protein,472,abundance,0.11868540984658837
protein,472,prevalence,0.11868540984658837
protein,472,distance,0.20707070707070707
protein,472,dispersion,0.2781954887218045
protein,472,omega2,0.7068137856515943
protein,472,deff,0.09410595578556863
protein,472,tf_topology,0.4275291997879319
protein,472,source_r2,0.022906657953365165
protein,473,abundance,0.04602349316387444
protein,473,prevalence,0.26741125874574745
protein,473,distance,0.4666666666666667
protein,473,dispersion,0.3132832080200501
protein,473,omega2,1.9258840721835557
protein,473,deff,0.13763951831631566
protein,473,tf_topology,0.40293563664258564
protein,473,source_r2,0.048636459204114225
protein,474,abundance,0.08967199435137041
protein,474,prevalence,0.13999614866165988
protein,474,distance,0.36464646464646466
protein,474,dispersion,0.39348370927318294
protein,474,omega2,1.1802984077233747
protein,474,deff,0.359342920975613
protein,474,tf_topology,0.32358567479192424
protein,474,source_r2,0.019906014767556688
protein,475,abundance,0.024263431542461023
protein,475,prevalence,0.20476282174722382
protein,475,distance,0.2404040404040404
protein,475,dispersion,0.2656641604010025
protein,475,omega2,0.8829310983161017
protein,475,deff,0.7479595779647734
protein,475,tf_topology,0.14536340852130325
protein,475,source_r2,0.016106746685917186
protein,476,abundance,0.1159252840362025
protein,476,prevalence,0.2914179343988702
protein,476,distance,0.2737373737373737
protein,476,dispersion,0.2556390977443609
protein,476,omega2,0.7784248699520797
protein,476,deff,0.2057817672672112
protein,476,tf_topology,0.5219527031953556
protein,476,source_r2,0.02896529748671094
protein,477,abundance,0.02882084857821432
protein,477,prevalence,0.19410745233968807
protein,477,distance,0.3707070707070707
protein,477,dispersion,0.38847117794486213
protein,477,omega2,1.2813715313396643
protein,477,deff,0.12302320942316763
protein,477,tf_topology,0.18295739348370926
protein,477,source_r2,0.020793019796175042
protein,478,abundance,0.016175621028307385
protein,478,prevalence,0.2217087104435458
protein,478,distance,0.30606060606060603
protein,478,dispersion,0.21303258145363407
protein,478,omega2,0.08182829166067646
protein,478,deff,0.11812791558257264
protein,478,tf_topology,0.2631578947368421
protein,478,source_r2,0.01611721642452328
protein,479,abundance,0.04602349316387444
protein,479,prevalence,0.17844534309005722
protein,479,distance,0.2208641975308642
protein,479,dispersion,0.3408521303258145
protein,479,omega2,0.6085039882440306
protein,479,deff,0.36672203614455007
protein,479,tf_topology,0.13533834586466165
protein,479,source_r2,0.018555105598528725
protein,480,abundance,0.05770588612876304
protein,480,prevalence,0.25232685024712753
protein,480,distance,0.30808080808080807
protein,480,dispersion,0.22556390977443608
protein,480,omega2,0.8199149211940225
protein,480,deff,0.28922594129508306
protein,480,tf_topology,0.22055137844611528
protein,480,source_r2,0.015194020605762124
protein,481,abundance,0.13569548751524496
protein,481,prevalence,0.13454008601322298
protein,481,distance,0.23232323232323232
protein,481,dispersion,0.2556390977443609
protein,481,omega2,0.023754871255015433
protein,481,deff,0.21091039436278236
protein,481,tf_topology,0.2981220445402616
protein,481,source_r2,0.016725477600569846
protein,482,abundance,0.04608768213620906
protein,482,prevalence,0.2588741254252519
protein,482,distance,0.3191919191919192
protein,482,dispersion,0.23558897243107768
protein,482,omega2,1.172847368098618
protein,482,deff,0.4021700755515499
protein,482,tf_topology,0.35718496423832935
protein,482,source_r2,0.021533016445709662
protein,483,abundance,0.15366839976891966
protein,483,prevalence,0.15366839976891966
protein,483,distance,0.36666666666666664
protein,483,dispersion,0.3458646616541353
protein,483,omega2,1.6888098471076765
protein,483,deff,0.03767501827816224
protein,483,tf_topology,0.5808450166863796
protein,483,source_r2,0.04717165059667256
protein,484,abundance,0.08453687656460618
protein,484,prevalence,0.15276975415623595
protein,484,distance,0.296969696969697
protein,484,dispersion,0.24561403508771928
protein,484,omega2,0.773584128931551
protein,484,deff,0.07221813999296683
protein,484,tf_topology,0.20300751879699247
protein,484,source_r2,0.01532227273294122
protein,485,abundance,0.07047949162333911
protein,485,prevalence,0.17138455613325632
protein,485,distance,0.28728395061728396
protein,485,dispersion,0.48872180451127817
protein,485,omega2,1.5503637465943523
protein,485,deff,0.25894666853439113
protein,485,tf_topology,0.14035087719298245
protein,485,source_r2,0.018281427889435497
protein,486,abundance,0.1391616920213108
protein,486,prevalence,0.13903331407664166
protein,486,distance,0.37777777777777777
protein,486,dispersion,0.2982456140350877
protein,486,omega2,1.3499279068888368
protein,486,deff,0.027242665403374028
protein,486,tf_topology,0.48247911476905936
protein,486,source_r2,0.028355426126523066
protein,487,abundance,0.07593555427177612
protein,487,prevalence,0.15848257269401123
protein,487,distance,0.36666666666666664
protein,487,dispersion,0.2656641604010025
protein,487,omega2,1.0476181730130478
protein,487,deff,0.09314229284570068
protein,487,tf_topology,0.34636141488694017
protein,487,source_r2,0.0347464462117336
protein,488,abundance,0.10559085949033964
protein,488,prevalence,0.13524616470890305
protein,488,distance,0.21515151515151515
protein,488,dispersion,0.3233082706766917
protein,488,omega2,0.8823007823741622
protein,488,deff,0.1390088853280287
protein,488,tf_topology,0.3280781300897843
protein,488,source_r2,0.02383314999553186
protein,489,abundance,0.044290390910841526
protein,489,prevalence,0.22870530842801207
protein,489,distance,0.09090909090909091
protein,489,dispersion,0.24561403508771928
protein,489,omega2,0.0690865324436209
protein,489,deff,0.01791920194852594
protein,489,tf_topology,0.18295739348370926
protein,489,source_r2,0.012829627289032045
protein,490,abundance,0.04762821747223822
protein,490,prevalence,0.23031003273637596
protein,490,distance,0.1728395061728395
protein,490,dispersion,0.22807017543859648
protein,490,omega2,0.040731862488927
protein,490,deff,0.46406152769591613
protein,490,tf_topology,0.16791979949874686
protein,490,source_r2,0.014713399056491577
protein,491,abundance,0.041080942294113854
protein,491,prevalence,0.24269850439694463
protein,491,distance,0.2404040404040404
protein,491,dispersion,0.19047619047619047
protein,491,omega2,0.5612117937430352
protein,491,deff,0.21682186160309494
protein,491,tf_topology,0.33350056646832005
protein,491,source_r2,0.030004469318485428
protein,492,abundance,0.10398613518197575
protein,492,prevalence,0.26368829835034335
protein,492,distance,0.13839506172839505
protein,492,dispersion,0.13032581453634084
protein,492,omega2,0.18097183806513753
protein,492,deff,0.2407257110033487
protein,492,tf_topology,0.21553884711779447
protein,492,source_r2,0.016652802194441315
protein,493,abundance,0.08716862443032292
protein,493,prevalence,0.16162783233840428
protein,493,distance,0.3242424242424242
protein,493,dispersion,0.11278195488721804
protein,493,omega2,0.8310559920251205
protein,493,deff,0.48234317199979415
protein,493,tf_topology,0.22807017543859648
protein,493,source_r2,0.02723079795088659
protein,494,abundance,0.036074202452018755
protein,494,prevalence,0.2043134989408819
protein,494,distance,0.39191919191919194
protein,494,dispersion,0.44110275689223055
protein,494,omega2,1.5130941384896037
protein,494,deff,0.34765242520685596
protein,494,tf_topology,0.23057644110275688
protein,494,source_r2,0.02046678925548215
protein,495,abundance,0.012195904743565134
protein,495,prevalence,0.21541819115475958
protein,495,distance,0.1808080808080808
protein,495,dispersion,0.3659147869674185
protein,495,omega2,0.6843712456778662
protein,495,deff,0.003713777971622957
protein,495,tf_topology,0.13533834586466165
protein,495,source_r2,0.012789759983787228
protein,496,abundance,0.0750369086590924
protein,496,prevalence,0.17517170550099492
protein,496,distance,0.20303030303030303
protein,496,dispersion,0.2681704260651629
protein,496,omega2,0.3500100851365273
protein,496,deff,0.17461908168414123
protein,496,tf_topology,0.22305764411027568
protein,496,source_r2,0.013279950829940441
protein,497,abundance,0.0875537582643302
protein,497,prevalence,0.27537069131523206
protein,497,distance,0.22424242424242424
protein,497,dispersion,0.38345864661654133
protein,497,omega2,0.8084041116768234
protein,497,deff,0.1596370568527581
protein,497,tf_topology,0.3016300567504698
protein,497,source_r2,0.020292135802663622
protein,498,abundance,0.05212144553565701
protein,498,prevalence,0.19706014506707747
protein,498,distance,0.2727272727272727
protein,498,dispersion,0.16040100250626566
protein,498,omega2,0.26148568685289275
protein,498,deff,0.4346682494908942
protein,498,tf_topology,0.19047619047619047
protein,498,source_r2,0.020540455712476046
protein,499,abundance,0.11887797676359202
protein,499,prevalence,0.28410039155273126
protein,499,distance,0.296969696969697
protein,499,dispersion,0.2807017543859649
protein,499,omega2,0.82755178789125
protein,499,deff,0.2851796968385343
protein,499,tf_topology,0.38388209378387333
protein,499,source_r2,0.025455454330582692
gene,0,abundance,0.11662531017369727
gene,0,prevalence,0.07444168734491315
gene,0,distance,0.48
gene,0,dispersion,0.6
gene,0,omega2,0.8067946983284343
gene,0,deff,0.08793411533308056
gene,0,library_sparsity,0.4
gene,0,source_r2,0.05702108241975083
gene,1,abundance,0.10421836228287841
gene,1,prevalence,0.07692307692307693
gene,1,distance,0.3
gene,1,dispersion,0.5
gene,1,omega2,0.2530851245242211
gene,1,deff,0.3655703484723024
gene,1,library_sparsity,0.3
gene,1,source_r2,0.027616759983590523
gene,2,abundance,0.10173697270471464
gene,2,prevalence,0.09181141439205956
gene,2,distance,0.32
gene,2,dispersion,0.4
gene,2,omega2,0.19409324243512882
gene,2,deff,0.2830058890292443
gene,2,library_sparsity,0.4
gene,2,source_r2,0.01029823122889073
gene,3,abundance,0.05707196029776675
gene,3,prevalence,0.04218362282878412
gene,3,distance,0.16
gene,3,dispersion,0.5
gene,3,omega2,0.5523785054939545
gene,3,deff,0.1521052011493778
gene,3,library_sparsity,0.2
gene,3,source_r2,0.0023516636260491035
gene,4,abundance,0.1315136476426799
gene,4,prevalence,0.08684863523573201
gene,4,distance,0.28
gene,4,dispersion,0.6
gene,4,omega2,0.0005548715840964532
gene,4,deff,0.3229468899953462
gene,4,library_sparsity,0.3
gene,4,source_r2,0.03286674363798562
gene,5,abundance,0.062034739454094295
gene,5,prevalence,0.10918114143920596
gene,5,distance,0.35
gene,5,dispersion,0.7
gene,5,omega2,0.9306775686249189
gene,5,deff,0.5505870029335171
gene,5,library_sparsity,0.4
gene,5,source_r2,0.0638810584519749
gene,6,abundance,0.11662531017369727
gene,6,prevalence,0.09925558312655088
gene,6,distance,0.35
gene,6,dispersion,0.6
gene,6,omega2,0.1755491907215102
gene,6,deff,0.43841215349626883
gene,6,library_sparsity,0.5
gene,6,source_r2,0.029540004185985593
gene,7,abundance,0.06947890818858561
gene,7,prevalence,0.019851116625310174
gene,7,distance,0.2
gene,7,dispersion,0.5
gene,7,omega2,0.5184381951218607
gene,7,deff,0.13681393410641082
gene,7,library_sparsity,0.4
gene,7,source_r2,0.0021178695997020086
gene,8,abundance,0.0967741935483871
gene,8,prevalence,0.02729528535980149
gene,8,distance,0.36
gene,8,dispersion,0.5
gene,8,omega2,0.10669440147474019
gene,8,deff,0.23547800648224299
gene,8,library_sparsity,0.3
gene,8,source_r2,0.013314689389065661
gene,9,abundance,0.06699751861042183
gene,9,prevalence,0.05707196029776675
gene,9,distance,0.2
gene,9,dispersion,0.5
gene,9,omega2,0.5555814521894931
gene,9,deff,0.1608573001396204
gene,9,library_sparsity,0.5
gene,9,source_r2,0.0017811853004124467
gene,10,abundance,0.052109181141439205
gene,10,prevalence,0.05459057071960298
gene,10,distance,0.3
gene,10,dispersion,0.6
gene,10,omega2,0.9272867583513404
gene,10,deff,0.06742690009901288
gene,10,library_sparsity,0.3
gene,10,source_r2,0.02160201516833525
gene,11,abundance,0.11166253101736973
gene,11,prevalence,0.05459057071960298
gene,11,distance,0.32
gene,11,dispersion,0.4
gene,11,omega2,0.49381902873230077
gene,11,deff,0.42234343924357687
gene,11,library_sparsity,0.2
gene,11,source_r2,0.005488328725877166
gene,12,abundance,0.12158808933002481
gene,12,prevalence,0.052109181141439205
gene,12,distance,0.24
gene,12,dispersion,0.5
gene,12,omega2,0.0542422209830541
gene,12,deff,0.5198160263933055
gene,12,library_sparsity,0.3
gene,12,source_r2,0.02509662756838558
gene,13,abundance,0.09181141439205956
gene,13,prevalence,0.062034739454094295
gene,13,distance,0.2
gene,13,dispersion,0.5
gene,13,omega2,0.24332752072536407
gene,13,deff,0.3402775555885742
gene,13,library_sparsity,0.3
gene,13,source_r2,0.02702882091791558
gene,14,abundance,0.04218362282878412
gene,14,prevalence,0.09429280397022333
gene,14,distance,0.3
gene,14,dispersion,0.7
gene,14,omega2,0.9236863996493676
gene,14,deff,0.06467108456264538
gene,14,library_sparsity,0.4
gene,14,source_r2,0.02180333776896872
gene,15,abundance,0.052109181141439205
gene,15,prevalence,0.0794044665012407
gene,15,distance,0.3
gene,15,dispersion,0.7
gene,15,omega2,1.0492230137178429
gene,15,deff,0.029700143812536103
gene,15,library_sparsity,0.4
gene,15,source_r2,0.02392807882453531
gene,16,abundance,0.15384615384615385
gene,16,prevalence,0.06699751861042183
gene,16,distance,0.35
gene,16,dispersion,0.4
gene,16,omega2,0.7683512342647045
gene,16,deff,0.35149229678721516
gene,16,library_sparsity,0.4
gene,16,source_r2,0.00710385782902272
gene,17,abundance,0.17121588089330025
gene,17,prevalence,0.10421836228287841
gene,17,distance,0.28
gene,17,dispersion,0.6
gene,17,omega2,0.24336930077062216
gene,17,deff,0.49748438120569394
gene,17,library_sparsity,0.4
gene,17,source_r2,0.03158017843453972
gene,18,abundance,0.0967741935483871
gene,18,prevalence,0.09181141439205956
gene,18,distance,0.32
gene,18,dispersion,0.4
gene,18,omega2,0.45096112878358213
gene,18,deff,0.33376669292389205
gene,18,library_sparsity,0.3
gene,18,source_r2,0.010040642567335376
gene,19,abundance,0.04962779156327544
gene,19,prevalence,0.02729528535980149
gene,19,distance,0.28
gene,19,dispersion,0.4
gene,19,omega2,0.3062926069806121
gene,19,deff,0.19276067595195406
gene,19,library_sparsity,0.4
gene,19,source_r2,0.006650529955913252
gene,20,abundance,0.07444168734491315
gene,20,prevalence,0.141439205955335
gene,20,distance,0.55
gene,20,dispersion,0.9
gene,20,omega2,1.4367764516964283
gene,20,deff,0.12118903487852174
gene,20,library_sparsity,0.4
gene,20,source_r2,0.10496717182744134
gene,21,abundance,0.15632754342431762
gene,21,prevalence,0.03722084367245657
gene,21,distance,0.36
gene,21,dispersion,0.6
gene,21,omega2,1.1388991790774163
gene,21,deff,0.222866860936023
gene,21,library_sparsity,0.6
gene,21,source_r2,0.0007959874677865324
gene,22,abundance,0.10918114143920596
gene,22,prevalence,0.10918114143920596
gene,22,distance,0.4
gene,22,dispersion,0.7
gene,22,omega2,1.3452699973050692
gene,22,deff,0.23270630938987796
gene,22,library_sparsity,0.4
gene,22,source_r2,0.01681610713879743
gene,23,abundance,0.1141439205955335
gene,23,prevalence,0.02977667493796526
gene,23,distance,0.32
gene,23,dispersion,0.5
gene,23,omega2,0.9184688548128983
gene,23,deff,0.27958414841139745
gene,23,library_sparsity,0.3
gene,23,source_r2,0.00042869606494139065
gene,24,abundance,0.1513647642679901
gene,24,prevalence,0.04218362282878412
gene,24,distance,0.36
gene,24,dispersion,0.6
gene,24,omega2,1.0961378567694149
gene,24,deff,0.23426721163468478
gene,24,library_sparsity,0.3
gene,24,source_r2,0.0009190328956022548
gene,25,abundance,0.18114143920595532
gene,25,prevalence,0.08684863523573201
gene,25,distance,0.52
gene,25,dispersion,0.5
gene,25,omega2,0.258925801908874
gene,25,deff,0.8323078505141023
gene,25,library_sparsity,0.4
gene,25,source_r2,0.06121066366727247
gene,26,abundance,0.062034739454094295
gene,26,prevalence,0.01488833746898263
gene,26,distance,0.24
gene,26,dispersion,0.5
gene,26,omega2,0.5335601409267685
gene,26,deff,0.1302995950540385
gene,26,library_sparsity,0.3
gene,26,source_r2,0.0022999890101386322
gene,27,abundance,0.14392059553349876
gene,27,prevalence,0.04466501240694789
gene,27,distance,0.32
gene,27,dispersion,0.4
gene,27,omega2,0.6992450131945451
gene,27,deff,0.3622985176773935
gene,27,library_sparsity,0.3
gene,27,source_r2,0.00637089941326447
gene,28,abundance,0.1315136476426799
gene,28,prevalence,0.0794044665012407
gene,28,distance,0.28
gene,28,dispersion,0.6
gene,28,omega2,0.027015540461731637
gene,28,deff,0.3048642148343221
gene,28,library_sparsity,0.4
gene,28,source_r2,0.032357162760619604
gene,29,abundance,0.0967741935483871
gene,29,prevalence,0.07692307692307693
gene,29,distance,0.25
gene,29,dispersion,0.5
gene,29,omega2,0.22918379908910094
gene,29,deff,0.3747827060042535
gene,29,library_sparsity,0.3
gene,29,source_r2,0.028342903440749856
gene,30,abundance,0.08684863523573201
gene,30,prevalence,0.07196029776674938
gene,30,distance,0.2
gene,30,dispersion,0.5
gene,30,omega2,0.22919432708760099
gene,30,deff,0.3426424530658545
gene,30,library_sparsity,0.3
gene,30,source_r2,0.02687990485672801
gene,31,abundance,0.07196029776674938
gene,31,prevalence,0.02481389578163772
gene,31,distance,0.2
gene,31,dispersion,0.5
gene,31,omega2,0.4644004308818514
gene,31,deff,0.1820723963768603
gene,31,library_sparsity,0.3
gene,31,source_r2,0.0010691406215776258
gene,32,abundance,0.06451612903225806
gene,32,prevalence,0.11166253101736973
gene,32,distance,0.45
gene,32,dispersion,0.8
gene,32,omega2,1.4487586741885103
gene,32,deff,0.07177598621301347
gene,32,library_sparsity,0.5
gene,32,source_r2,0.06984606379521675
gene,33,abundance,0.07196029776674938
gene,33,prevalence,0.05707196029776675
gene,33,distance,0.28
gene,33,dispersion,0.5
gene,33,omega2,0.6340034229377215
gene,33,deff,0.34868083776261183
gene,33,library_sparsity,0.3
gene,33,source_r2,0.0018127964969601846
gene,34,abundance,0.07444168734491315
gene,34,prevalence,0.022332506203473945
gene,34,distance,0.24
gene,34,dispersion,0.4
gene,34,omega2,0.12405160231999647
gene,34,deff,0.2895326653913922
gene,34,library_sparsity,0.4
gene,34,source_r2,0.010682470739434714
gene,35,abundance,0.062034739454094295
gene,35,prevalence,0.06947890818858561
gene,35,distance,0.36
gene,35,dispersion,0.7
gene,35,omega2,0.6736665127545375
gene,35,deff,0.1562174869205683
gene,35,library_sparsity,0.2
gene,35,source_r2,0.027625139575965577
gene,36,abundance,0.0967741935483871
gene,36,prevalence,0.07444168734491315
gene,36,distance,0.25
gene,36,dispersion,0.5
gene,36,omega2,0.324044061048914
gene,36,deff,0.38948352230206285
gene,36,library_sparsity,0.3
gene,36,source_r2,0.026965187905644485
gene,37,abundance,0.04218362282878412
gene,37,prevalence,0.10669975186104218
gene,37,distance,0.3
gene,37,dispersion,0.6
gene,37,omega2,0.5115895350498953
gene,37,deff,0.4169479191052396
gene,37,library_sparsity,0.3
gene,37,source_r2,0.02823100065323576
gene,38,abundance,0.11662531017369727
gene,38,prevalence,0.06699751861042183
gene,38,distance,0.32
gene,38,dispersion,0.5
gene,38,omega2,0.1450548822784575
gene,38,deff,0.48226392134032364
gene,38,library_sparsity,0.3
gene,38,source_r2,0.026788103094743894
gene,39,abundance,0.08933002481389578
gene,39,prevalence,0.0967741935483871
gene,39,distance,0.55
gene,39,dispersion,0.9
gene,39,omega2,1.7418722744749644
gene,39,deff,0.13366762063642953
gene,39,library_sparsity,0.5
gene,39,source_r2,0.09964581432429762
gene,40,abundance,0.12158808933002481
gene,40,prevalence,0.08684863523573201
gene,40,distance,0.45
gene,40,dispersion,0.5
gene,40,omega2,0.7617322361329373
gene,40,deff,0.3853921790383037
gene,40,library_sparsity,0.4
gene,40,source_r2,0.012298507526205532
gene,41,abundance,0.12903225806451613
gene,41,prevalence,0.04962779156327544
gene,41,distance,0.6
gene,41,dispersion,0.5
gene,41,omega2,0.1089109437586633
gene,41,deff,0.7965531646175457
gene,41,library_sparsity,0.5
gene,41,source_r2,0.026520288505743773
gene,42,abundance,0.08188585607940446
gene,42,prevalence,0.13399503722084366
gene,42,distance,0.55
gene,42,dispersion,0.9
gene,42,omega2,1.4857839902561256
gene,42,deff,0.1522295795911006
gene,42,library_sparsity,0.5
gene,42,source_r2,0.10854941930728182
gene,43,abundance,0.17121588089330025
gene,43,prevalence,0.0967741935483871
gene,43,distance,0.28
gene,43,dispersion,0.6
gene,43,omega2,0.2404814602566493
gene,43,deff,0.4818501160038574
gene,43,library_sparsity,0.4
gene,43,source_r2,0.029909483153228722
gene,44,abundance,0.05707196029776675
gene,44,prevalence,0.019851116625310174
gene,44,distance,0.2
gene,44,dispersion,0.5
gene,44,omega2,0.5873097995611638
gene,44,deff,0.12575860212159543
gene,44,library_sparsity,0.5
gene,44,source_r2,0.002644114008352673
gene,45,abundance,0.062034739454094295
gene,45,prevalence,0.04962779156327544
gene,45,distance,0.2
gene,45,dispersion,0.5
gene,45,omega2,0.55632430393383
gene,45,deff,0.1592583438084022
gene,45,library_sparsity,0.3
gene,45,source_r2,0.001865442611219428
gene,46,abundance,0.12158808933002481
gene,46,prevalence,0.10669975186104218
gene,46,distance,0.55
gene,46,dispersion,0.9
gene,46,omega2,2.052621987500042
gene,46,deff,0.07884560824577276
gene,46,library_sparsity,0.6
gene,46,source_r2,0.08911878703585342
gene,47,abundance,0.10918114143920596
gene,47,prevalence,0.02481389578163772
gene,47,distance,0.28
gene,47,dispersion,0.5
gene,47,omega2,0.8846580748580498
gene,47,deff,0.2806720232951826
gene,47,library_sparsity,0.3
gene,47,source_r2,0.0002750198986528593
gene,48,abundance,0.10918114143920596
gene,48,prevalence,0.02481389578163772
gene,48,distance,0.28
gene,48,dispersion,0.5
gene,48,omega2,0.888088607861741
gene,48,deff,0.27250617772230634
gene,48,library_sparsity,0.3
gene,48,source_r2,0.0003458174852652386
gene,49,abundance,0.07692307692307693
gene,49,prevalence,0.04962779156327544
gene,49,distance,0.3
gene,49,dispersion,0.7
gene,49,omega2,0.727800970113812
gene,49,deff,0.11173223030108016
gene,49,library_sparsity,0.3
gene,49,source_r2,0.03199717595461078
gene,50,abundance,0.12655086848635236
gene,50,prevalence,0.08188585607940446
gene,50,distance,0.44
gene,50,dispersion,0.7
gene,50,omega2,0.47791971922613125
gene,50,deff,0.1844108335460154
gene,50,library_sparsity,0.3
gene,50,source_r2,0.04271516546409018
gene,51,abundance,0.07692307692307693
gene,51,prevalence,0.07692307692307693
gene,51,distance,0.4
gene,51,dispersion,0.8
gene,51,omega2,1.139054568738292
gene,51,deff,0.2607536977720599
gene,51,library_sparsity,0.3
gene,51,source_r2,0.022673090790920527
gene,52,abundance,0.10421836228287841
gene,52,prevalence,0.11910669975186104
gene,52,distance,0.35
gene,52,dispersion,0.6
gene,52,omega2,0.6958664068176506
gene,52,deff,0.5006963680029038
gene,52,library_sparsity,0.4
gene,52,source_r2,0.06966228773254346
gene,53,abundance,0.03225806451612903
gene,53,prevalence,0.062034739454094295
gene,53,distance,0.35
gene,53,dispersion,0.7
gene,53,omega2,1.007151492639612
gene,53,deff,0.044809083440306395
gene,53,library_sparsity,0.3
gene,53,source_r2,0.023886578367623593
gene,54,abundance,0.08188585607940446
gene,54,prevalence,0.1141439205955335
gene,54,distance,0.55
gene,54,dispersion,0.9
gene,54,omega2,1.5973823201771455
gene,54,deff,0.2336075454085999
gene,54,library_sparsity,0.4
gene,54,source_r2,0.07272035027385709
gene,55,abundance,0.03722084367245657
gene,55,prevalence,0.06947890818858561
gene,55,distance,0.3
gene,55,dispersion,0.6
gene,55,omega2,0.9773770527520996
gene,55,deff,0.06035800868186206
gene,55,library_sparsity,0.3
gene,55,source_r2,0.022123270151597305
gene,56,abundance,0.04466501240694789
gene,56,prevalence,0.02977667493796526
gene,56,distance,0.25
gene,56,dispersion,0.4
gene,56,omega2,0.060170276033867244
gene,56,deff,0.334478691259992
gene,56,library_sparsity,0.3
gene,56,source_r2,0.018057125528845204
gene,57,abundance,0.05955334987593052
gene,57,prevalence,0.03970223325062035
gene,57,distance,0.2
gene,57,dispersion,0.5
gene,57,omega2,0.5803285427890003
gene,57,deff,0.1188000110121441
gene,57,library_sparsity,0.4
gene,57,source_r2,0.00289910762673991
gene,58,abundance,0.10421836228287841
gene,58,prevalence,0.06451612903225806
gene,58,distance,0.2
gene,58,dispersion,0.5
gene,58,omega2,0.23367312923642386
gene,58,deff,0.3581871150030599
gene,58,library_sparsity,0.4
gene,58,source_r2,0.026491747289506203
gene,59,abundance,0.11166253101736973
gene,59,prevalence,0.0967741935483871
gene,59,distance,0.4
gene,59,dispersion,0.7
gene,59,omega2,0.5184279258821173
gene,59,deff,0.12785441791416857
gene,59,library_sparsity,0.3
gene,59,source_r2,0.046125097043140946
gene,60,abundance,0.12158808933002481
gene,60,prevalence,0.11166253101736973
gene,60,distance,0.3
gene,60,dispersion,0.5
gene,60,omega2,0.08795835663149201
gene,60,deff,0.4893547006896424
gene,60,library_sparsity,0.3
gene,60,source_r2,0.026649763642814364
gene,61,abundance,0.08684863523573201
gene,61,prevalence,0.07444168734491315
gene,61,distance,0.2
gene,61,dispersion,0.5
gene,61,omega2,0.2881226441445923
gene,61,deff,0.3862460920289833
gene,61,library_sparsity,0.3
gene,61,source_r2,0.026882408423761325
gene,62,abundance,0.12655086848635236
gene,62,prevalence,0.08684863523573201
gene,62,distance,0.4
gene,62,dispersion,0.7
gene,62,omega2,1.5655631444663558
gene,62,deff,0.1861108140991332
gene,62,library_sparsity,0.5
gene,62,source_r2,0.011559916570333666
gene,63,abundance,0.12158808933002481
gene,63,prevalence,0.07444168734491315
gene,63,distance,0.4
gene,63,dispersion,0.7
gene,63,omega2,1.4227037063714547
gene,63,deff,0.21979305750351896
gene,63,library_sparsity,0.6
gene,63,source_r2,0.03541715702938119
gene,64,abundance,0.08933002481389578
gene,64,prevalence,0.06699751861042183
gene,64,distance,0.2
gene,64,dispersion,0.5
gene,64,omega2,0.3457567599760232
gene,64,deff,0.414815325834317
gene,64,library_sparsity,0.4
gene,64,source_r2,0.02493865913341395
gene,65,abundance,0.04466501240694789
gene,65,prevalence,0.062034739454094295
gene,65,distance,0.4
gene,65,dispersion,0.7
gene,65,omega2,1.171992125592186
gene,65,deff,0.009473250026610132
gene,65,library_sparsity,0.4
gene,65,source_r2,0.03612732563565108
gene,66,abundance,0.24069478908188585
gene,66,prevalence,0.09181141439205956
gene,66,distance,0.56
gene,66,dispersion,0.6
gene,66,omega2,0.6487097366831713
gene,66,deff,0.3359565750194171
gene,66,library_sparsity,0.5
gene,66,source_r2,0.040020433262103174
gene,67,abundance,0.08188585607940446
gene,67,prevalence,0.08933002481389578
gene,67,distance,0.32
gene,67,dispersion,0.4
gene,67,omega2,0.018760037462880467
gene,67,deff,0.25970754873078544
gene,67,library_sparsity,0.5
gene,67,source_r2,0.008258646486128427
gene,68,abundance,0.05459057071960298
gene,68,prevalence,0.02481389578163772
gene,68,distance,0.2
gene,68,dispersion,0.5
gene,68,omega2,0.5873258254897189
gene,68,deff,0.12893598362172976
gene,68,library_sparsity,0.5
gene,68,source_r2,0.0031700873439632756
gene,69,abundance,0.16377171215880892
gene,69,prevalence,0.0794044665012407
gene,69,distance,0.4
gene,69,dispersion,0.6
gene,69,omega2,0.41225309708583213
gene,69,deff,0.39895535599510756
gene,69,library_sparsity,0.5
gene,69,source_r2,0.032380532595513975
gene,70,abundance,0.062034739454094295
gene,70,prevalence,0.01488833746898263
gene,70,distance,0.24
gene,70,dispersion,0.5
gene,70,omega2,0.6089436463928088
gene,70,deff,0.11767109262462927
gene,70,library_sparsity,0.6
gene,70,source_r2,0.002557081120995232
gene,71,abundance,0.11662531017369727
gene,71,prevalence,0.03722084367245657
gene,71,distance,0.24
gene,71,dispersion,0.4
gene,71,omega2,0.3206125281542575
gene,71,deff,0.256979185296565
gene,71,library_sparsity,0.3
gene,71,source_r2,0.00891327617252821
gene,72,abundance,0.10669975186104218
gene,72,prevalence,0.03722084367245657
gene,72,distance,0.32
gene,72,dispersion,0.4
gene,72,omega2,0.5321719066667251
gene,72,deff,0.4127329110207662
gene,72,library_sparsity,0.3
gene,72,source_r2,0.006877836164267395
gene,73,abundance,0.052109181141439205
gene,73,prevalence,0.12655086848635236
gene,73,distance,0.36
gene,73,dispersion,0.5
gene,73,omega2,0.28199377056532215
gene,73,deff,0.23277478388202855
gene,73,library_sparsity,0.4
gene,73,source_r2,0.033362715004689514
gene,74,abundance,0.17369727047146402
gene,74,prevalence,0.08436724565756824
gene,74,distance,0.28
gene,74,dispersion,0.6
gene,74,omega2,0.2607023102595802
gene,74,deff,0.4781149667997804
gene,74,library_sparsity,0.3
gene,74,source_r2,0.0316798263506482
gene,75,abundance,0.1315136476426799
gene,75,prevalence,0.08684863523573201
gene,75,distance,0.3
gene,75,dispersion,0.7
gene,75,omega2,0.0031467484246923204
gene,75,deff,0.2859556889670107
gene,75,library_sparsity,0.3
gene,75,source_r2,0.032455161380036075
gene,76,abundance,0.12406947890818859
gene,76,prevalence,0.05707196029776675
gene,76,distance,0.32
gene,76,dispersion,0.6
gene,76,omega2,0.14684368800994083
gene,76,deff,0.4922793972797228
gene,76,library_sparsity,0.4
gene,76,source_r2,0.027445925995310833
gene,77,abundance,0.04218362282878412
gene,77,prevalence,0.062034739454094295
gene,77,distance,0.35
gene,77,dispersion,0.7
gene,77,omega2,1.0484620440940977
gene,77,deff,0.047685952107362095
gene,77,library_sparsity,0.3
gene,77,source_r2,0.022021927013425296
gene,78,abundance,0.05459057071960298
gene,78,prevalence,0.017369727047146403
gene,78,distance,0.24
gene,78,dispersion,0.4
gene,78,omega2,0.17552239253812013
gene,78,deff,0.2636287663951174
gene,78,library_sparsity,0.3
gene,78,source_r2,0.013255071003173826
gene,79,abundance,0.052109181141439205
gene,79,prevalence,0.07444168734491315
gene,79,distance,0.52
gene,79,dispersion,0.7
gene,79,omega2,1.0073407374802663
gene,79,deff,0.03867404105482329
gene,79,library_sparsity,0.5
gene,79,source_r2,0.04658384284734506
gene,80,abundance,0.05955334987593052
gene,80,prevalence,0.022332506203473945
gene,80,distance,0.25
gene,80,dispersion,0.5
gene,80,omega2,0.452915740803635
gene,80,deff,0.17270590656419058
gene,80,library_sparsity,0.3
gene,80,source_r2,0.0013761599420009912
gene,81,abundance,0.1315136476426799
gene,81,prevalence,0.08436724565756824
gene,81,distance,0.28
gene,81,dispersion,0.6
gene,81,omega2,0.028756658577351994
gene,81,deff,0.3043212077002852
gene,81,library_sparsity,0.5
gene,81,source_r2,0.03233866068772882
gene,82,abundance,0.06699751861042183
gene,82,prevalence,0.11910669975186104
gene,82,distance,0.3
gene,82,dispersion,0.7
gene,82,omega2,0.9326863911831756
gene,82,deff,0.5594085165040901
gene,82,library_sparsity,0.5
gene,82,source_r2,0.06447723013966615
gene,83,abundance,0.12158808933002481
gene,83,prevalence,0.019851116625310174
gene,83,distance,0.25
gene,83,dispersion,0.5
gene,83,omega2,0.896690608872298
gene,83,deff,0.2671574922429057
gene,83,library_sparsity,0.4
gene,83,source_r2,0.00025507046490341696
gene,84,abundance,0.052109181141439205
gene,84,prevalence,0.02977667493796526
gene,84,distance,0.2
gene,84,dispersion,0.5
gene,84,omega2,0.4049049334821777
gene,84,deff,0.16485660095584248
gene,84,library_sparsity,0.5
gene,84,source_r2,0.008605598385545877
gene,85,abundance,0.062034739454094295
gene,85,prevalence,0.03722084367245657
gene,85,distance,0.2
gene,85,dispersion,0.5
gene,85,omega2,0.6386509084861393
gene,85,deff,0.12009045610369029
gene,85,library_sparsity,0.6
gene,85,source_r2,0.003135425967537981
gene,86,abundance,0.19106699751861042
gene,86,prevalence,0.1488833746898263
gene,86,distance,0.5
gene,86,dispersion,0.8
gene,86,omega2,0.5884433835265624
gene,86,deff,0.9115122875623384
gene,86,library_sparsity,0.5
gene,86,source_r2,0.12782712440923785
gene,87,abundance,0.1513647642679901
gene,87,prevalence,0.04218362282878412
gene,87,distance,0.4
gene,87,dispersion,0.4
gene,87,omega2,0.8337689298784585
gene,87,deff,0.3019716750582467
gene,87,library_sparsity,0.4
gene,87,source_r2,0.008569573416539905
gene,88,abundance,0.05459057071960298
gene,88,prevalence,0.11910669975186104
gene,88,distance,0.45
gene,88,dispersion,0.8
gene,88,omega2,1.3881053090851276
gene,88,deff,0.035573211703809345
gene,88,library_sparsity,0.5
gene,88,source_r2,0.06714299855181761
gene,89,abundance,0.05459057071960298
gene,89,prevalence,0.08436724565756824
gene,89,distance,0.44
gene,89,dispersion,0.7
gene,89,omega2,0.9796796831914402
gene,89,deff,0.041331775066785266
gene,89,library_sparsity,0.5
gene,89,source_r2,0.04984446419105528
gene,90,abundance,0.09181141439205956
gene,90,prevalence,0.08188585607940446
gene,90,distance,0.2
gene,90,dispersion,0.5
gene,90,omega2,0.34048322580155316
gene,90,deff,0.41760987994632204
gene,90,library_sparsity,0.4
gene,90,source_r2,0.027603493840929444
gene,91,abundance,0.10173697270471464
gene,91,prevalence,0.052109181141439205
gene,91,distance,0.2
gene,91,dispersion,0.5
gene,91,omega2,0.24419347718502157
gene,91,deff,0.3570471416346278
gene,91,library_sparsity,0.4
gene,91,source_r2,0.026730777780079578
gene,92,abundance,0.10173697270471464
gene,92,prevalence,0.04218362282878412
gene,92,distance,0.4
gene,92,dispersion,0.7
gene,92,omega2,1.5023573414623688
gene,92,deff,0.1830547790955746
gene,92,library_sparsity,0.5
gene,92,source_r2,0.01589462283904825
gene,93,abundance,0.07692307692307693
gene,93,prevalence,0.02481389578163772
gene,93,distance,0.24
gene,93,dispersion,0.4
gene,93,omega2,0.15889341168496474
gene,93,deff,0.272596364019242
gene,93,library_sparsity,0.3
gene,93,source_r2,0.013652814131927553
gene,94,abundance,0.06947890818858561
gene,94,prevalence,0.11662531017369727
gene,94,distance,0.3
gene,94,dispersion,0.7
gene,94,omega2,0.7218305863434759
gene,94,deff,0.13673473643006193
gene,94,library_sparsity,0.4
gene,94,source_r2,0.03077771634197654
gene,95,abundance,0.0967741935483871
gene,95,prevalence,0.10173697270471464
gene,95,distance,0.24
gene,95,dispersion,0.4
gene,95,omega2,0.4043574137450438
gene,95,deff,0.3840670745764299
gene,95,library_sparsity,0.4
gene,95,source_r2,0.010685824219449006
gene,96,abundance,0.06451612903225806
gene,96,prevalence,0.019851116625310174
gene,96,distance,0.25
gene,96,dispersion,0.5
gene,96,omega2,0.44733026256055836
gene,96,deff,0.1968913140293308
gene,96,library_sparsity,0.3
gene,96,source_r2,0.001131478382413932
gene,97,abundance,0.0967741935483871
gene,97,prevalence,0.02977667493796526
gene,97,distance,0.36
gene,97,dispersion,0.5
gene,97,omega2,0.0932329253469185
gene,97,deff,0.28080683437809
gene,97,library_sparsity,0.3
gene,97,source_r2,0.012323710091111365
gene,98,abundance,0.07692307692307693
gene,98,prevalence,0.02729528535980149
gene,98,distance,0.24
gene,98,dispersion,0.4
gene,98,omega2,0.1707605687713856
gene,98,deff,0.26944619935302966
gene,98,library_sparsity,0.3
gene,98,source_r2,0.013585262645101466
gene,99,abundance,0.2109181141439206
gene,99,prevalence,0.1761786600496278
gene,99,distance,0.5
gene,99,dispersion,0.9
gene,99,omega2,1.0493191253761054
gene,99,deff,0.22505387454898246
gene,99,library_sparsity,0.7
gene,99,source_r2,0.2154168015018218
gene,100,abundance,0.08188585607940446
gene,100,prevalence,0.02729528535980149
gene,100,distance,0.24
gene,100,dispersion,0.4
gene,100,omega2,0.15937091731939687
gene,100,deff,0.25937456501275163
gene,100,library_sparsity,0.3
gene,100,source_r2,0.011882922766054136
gene,101,abundance,0.052109181141439205
gene,101,prevalence,0.05459057071960298
gene,101,distance,0.2
gene,101,dispersion,0.4
gene,101,omega2,0.29984359153125584
gene,101,deff,0.20367157315922807
gene,101,library_sparsity,0.2
gene,101,source_r2,0.006281487916296817
gene,102,abundance,0.05955334987593052
gene,102,prevalence,0.017369727047146403
gene,102,distance,0.25
gene,102,dispersion,0.5
gene,102,omega2,0.510190059371793
gene,102,deff,0.1382985134189337
gene,102,library_sparsity,0.3
gene,102,source_r2,0.0018713497234725842
gene,103,abundance,0.07444168734491315
gene,103,prevalence,0.05707196029776675
gene,103,distance,0.4
gene,103,dispersion,0.8
gene,103,omega2,1.1481680520426527
gene,103,deff,0.27151788633235197
gene,103,library_sparsity,0.3
gene,103,source_r2,0.02392646410276424
gene,104,abundance,0.06451612903225806
gene,104,prevalence,0.022332506203473945
gene,104,distance,0.16
gene,104,dispersion,0.5
gene,104,omega2,0.4733544559228355
gene,104,deff,0.20024458689589203
gene,104,library_sparsity,0.3
gene,104,source_r2,0.0013999769325953098
gene,105,abundance,0.11662531017369727
gene,105,prevalence,0.07692307692307693
gene,105,distance,0.28
gene,105,dispersion,0.4
gene,105,omega2,0.42897694120878443
gene,105,deff,0.38336705049923214
gene,105,library_sparsity,0.4
gene,105,source_r2,0.010752047542738782
gene,106,abundance,0.04714640198511166
gene,106,prevalence,0.022332506203473945
gene,106,distance,0.32
gene,106,dispersion,0.4
gene,106,omega2,0.027448738382219763
gene,106,deff,0.2715297441779239
gene,106,library_sparsity,0.3
gene,106,source_r2,0.021710912621924382
gene,107,abundance,0.11166253101736973
gene,107,prevalence,0.02481389578163772
gene,107,distance,0.32
gene,107,dispersion,0.5
gene,107,omega2,0.8950977337394
gene,107,deff,0.2975488497424816
gene,107,library_sparsity,0.5
gene,107,source_r2,8.867328249608171e-05
gene,108,abundance,0.062034739454094295
gene,108,prevalence,0.07196029776674938
gene,108,distance,0.32
gene,108,dispersion,0.7
gene,108,omega2,0.7154982225333885
gene,108,deff,0.1555901629975005
gene,108,library_sparsity,0.4
gene,108,source_r2,0.02780786416711053
gene,109,abundance,0.03970223325062035
gene,109,prevalence,0.019851116625310174
gene,109,distance,0.25
gene,109,dispersion,0.4
gene,109,omega2,0.03518953597480034
gene,109,deff,0.31679599398220437
gene,109,library_sparsity,0.3
gene,109,source_r2,0.01866958380813268
gene,110,abundance,0.11166253101736973
gene,110,prevalence,0.04714640198511166
gene,110,distance,0.24
gene,110,dispersion,0.5
gene,110,omega2,0.8898929511369702
gene,110,deff,0.2761797889756041
gene,110,library_sparsity,0.4
gene,110,source_r2,0.00023195814008166747
gene,111,abundance,0.05707196029776675
gene,111,prevalence,0.017369727047146403
gene,111,distance,0.2
gene,111,dispersion,0.5
gene,111,omega2,0.5541198112081736
gene,111,deff,0.13239059108662574
gene,111,library_sparsity,0.3
gene,111,source_r2,0.0027811102714031784
gene,112,abundance,0.10669975186104218
gene,112,prevalence,0.052109181141439205
gene,112,distance,0.45
gene,112,dispersion,0.8
gene,112,omega2,1.4599821019982702
gene,112,deff,0.16491550737884905
gene,112,library_sparsity,0.4
gene,112,source_r2,0.01748906386445754
gene,113,abundance,0.12406947890818859
gene,113,prevalence,0.02729528535980149
gene,113,distance,0.35
gene,113,dispersion,0.4
gene,113,omega2,0.5068158224613456
gene,113,deff,0.3958972080392663
gene,113,library_sparsity,0.3
gene,113,source_r2,0.006207201631426305
gene,114,abundance,0.20347394540942929
gene,114,prevalence,0.1513647642679901
gene,114,distance,0.5
gene,114,dispersion,0.9
gene,114,omega2,1.1399500313367834
gene,114,deff,0.23012521297236493
gene,114,library_sparsity,0.6
gene,114,source_r2,0.2088276574554402
gene,115,abundance,0.1141439205955335
gene,115,prevalence,0.05459057071960298
gene,115,distance,0.36
gene,115,dispersion,0.7
gene,115,omega2,1.4198760628104588
gene,115,deff,0.20610231987186547
gene,115,library_sparsity,0.3
gene,115,source_r2,0.015503300553812103
gene,116,abundance,0.07692307692307693
gene,116,prevalence,0.07692307692307693
gene,116,distance,0.4
gene,116,dispersion,0.8
gene,116,omega2,1.1394482285538856
gene,116,deff,0.259844466027273
gene,116,library_sparsity,0.3
gene,116,source_r2,0.022489856853994697
gene,117,abundance,0.052109181141439205
gene,117,prevalence,0.05459057071960298
gene,117,distance,0.3
gene,117,dispersion,0.4
gene,117,omega2,0.09409634159199634
gene,117,deff,0.349010932294231
gene,117,library_sparsity,0.4
gene,117,source_r2,0.014728721237973393
gene,118,abundance,0.10173697270471464
gene,118,prevalence,0.07444168734491315
gene,118,distance,0.4
gene,118,dispersion,0.7
gene,118,omega2,1.5287332675779504
gene,118,deff,0.17286870969834447
gene,118,library_sparsity,0.6
gene,118,source_r2,0.016948930937108548
gene,119,abundance,0.07196029776674938
gene,119,prevalence,0.02729528535980149
gene,119,distance,0.24
gene,119,dispersion,0.4
gene,119,omega2,0.13266865413888204
gene,119,deff,0.2592762368834633
gene,119,library_sparsity,0.3
gene,119,source_r2,0.011882517554578965
gene,120,abundance,0.10669975186104218
gene,120,prevalence,0.02481389578163772
gene,120,distance,0.35
gene,120,dispersion,0.4
gene,120,omega2,0.5556783599097181
gene,120,deff,0.4094681975300058
gene,120,library_sparsity,0.3
gene,120,source_r2,0.006530766044396177
gene,121,abundance,0.11910669975186104
gene,121,prevalence,0.08436724565756824
gene,121,distance,0.32
gene,121,dispersion,0.5
gene,121,omega2,0.12278551856035855
gene,121,deff,0.5182121997656383
gene,121,library_sparsity,0.4
gene,121,source_r2,0.028007653312230863
gene,122,abundance,0.11662531017369727
gene,122,prevalence,0.11166253101736973
gene,122,distance,0.24
gene,122,dispersion,0.5
gene,122,omega2,0.0661085642404248
gene,122,deff,0.5027161251238459
gene,122,library_sparsity,0.4
gene,122,source_r2,0.026987301618584075
gene,123,abundance,0.062034739454094295
gene,123,prevalence,0.06451612903225806
gene,123,distance,0.45
gene,123,dispersion,0.7
gene,123,omega2,0.9735940197841706
gene,123,deff,0.0479211223462713
gene,123,library_sparsity,0.4
gene,123,source_r2,0.04778555873380088
gene,124,abundance,0.09429280397022333
gene,124,prevalence,0.07444168734491315
gene,124,distance,0.2
gene,124,dispersion,0.5
gene,124,omega2,0.279804972934633
gene,124,deff,0.40226023124956484
gene,124,library_sparsity,0.4
gene,124,source_r2,0.02784573238877739
gene,125,abundance,0.04218362282878412
gene,125,prevalence,0.07444168734491315
gene,125,distance,0.25
gene,125,dispersion,0.6
gene,125,omega2,0.39817366982402413
gene,125,deff,0.3764936024045006
gene,125,library_sparsity,0.4
gene,125,source_r2,0.030045722847673626
gene,126,abundance,0.04962779156327544
gene,126,prevalence,0.02481389578163772
gene,126,distance,0.2
gene,126,dispersion,0.4
gene,126,omega2,0.3151495941460266
gene,126,deff,0.1865170880329412
gene,126,library_sparsity,0.2
gene,126,source_r2,0.0067055551824704365
gene,127,abundance,0.10918114143920596
gene,127,prevalence,0.034739454094292806
gene,127,distance,0.3
gene,127,dispersion,0.5
gene,127,omega2,0.8469992324525675
gene,127,deff,0.2846110379328591
gene,127,library_sparsity,0.3
gene,127,source_r2,0.0004104834190706152
gene,128,abundance,0.04962779156327544
gene,128,prevalence,0.11910669975186104
gene,128,distance,0.5
gene,128,dispersion,0.9
gene,128,omega2,1.6209530829953975
gene,128,deff,0.18061214776140053
gene,128,library_sparsity,0.4
gene,128,source_r2,0.09251825915572008
gene,129,abundance,0.11662531017369727
gene,129,prevalence,0.0794044665012407
gene,129,distance,0.24
gene,129,dispersion,0.5
gene,129,omega2,0.09056129782438375
gene,129,deff,0.5072031807410267
gene,129,library_sparsity,0.3
gene,129,source_r2,0.02504364410670903
gene,130,abundance,0.14640198511166252
gene,130,prevalence,0.05707196029776675
gene,130,distance,0.35
gene,130,dispersion,0.4
gene,130,omega2,0.7552562086848515
gene,130,deff,0.36176006666586136
gene,130,library_sparsity,0.4
gene,130,source_r2,0.005918813189827956
gene,131,abundance,0.10173697270471464
gene,131,prevalence,0.04962779156327544
gene,131,distance,0.45
gene,131,dispersion,0.7
gene,131,omega2,1.4666200152910214
gene,131,deff,0.16678569572820465
gene,131,library_sparsity,0.3
gene,131,source_r2,0.018002765716026225
gene,132,abundance,0.1687344913151365
gene,132,prevalence,0.1687344913151365
gene,132,distance,0.5
gene,132,dispersion,0.9
gene,132,omega2,1.3476140186773513
gene,132,deff,0.12421080894341575
gene,132,library_sparsity,0.7
gene,132,source_r2,0.21507952048384957
gene,133,abundance,0.04962779156327544
gene,133,prevalence,0.04962779156327544
gene,133,distance,0.24
gene,133,dispersion,0.5
gene,133,omega2,0.2622885872495406
gene,133,deff,0.22584964992373904
gene,133,library_sparsity,0.2
gene,133,source_r2,0.005500617408752029
gene,134,abundance,0.10421836228287841
gene,134,prevalence,0.04466501240694789
gene,134,distance,0.35
gene,134,dispersion,0.4
gene,134,omega2,0.4876320783930271
gene,134,deff,0.4171407847282858
gene,134,library_sparsity,0.3
gene,134,source_r2,0.005828268365762648
gene,135,abundance,0.13647642679900746
gene,135,prevalence,0.141439205955335
gene,135,distance,0.55
gene,135,dispersion,0.7
gene,135,omega2,0.7262075981337885
gene,135,deff,0.9445500148499734
gene,135,library_sparsity,0.4
gene,135,source_r2,0.11842331403413726
gene,136,abundance,0.0967741935483871
gene,136,prevalence,0.03722084367245657
gene,136,distance,0.2
gene,136,dispersion,0.5
gene,136,omega2,0.31715838328101453
gene,136,deff,0.3805488441461366
gene,136,library_sparsity,0.2
gene,136,source_r2,0.025982490027028547
gene,137,abundance,0.12903225806451613
gene,137,prevalence,0.02729528535980149
gene,137,distance,0.3
gene,137,dispersion,0.4
gene,137,omega2,0.5082236087245375
gene,137,deff,0.38770845427811484
gene,137,library_sparsity,0.4
gene,137,source_r2,0.006682749991469409
gene,138,abundance,0.05459057071960298
gene,138,prevalence,0.10421836228287841
gene,138,distance,0.4
gene,138,dispersion,0.5
gene,138,omega2,0.3532095839341016
gene,138,deff,0.20639810902023709
gene,138,library_sparsity,0.3
gene,138,source_r2,0.03387457094323621
gene,139,abundance,0.09429280397022333
gene,139,prevalence,0.10918114143920596
gene,139,distance,0.45
gene,139,dispersion,0.7
gene,139,omega2,1.3155939607750882
gene,139,deff,0.2376561153142829
gene,139,library_sparsity,0.4
gene,139,source_r2,0.01843932519068708
gene,140,abundance,0.04714640198511166
gene,140,prevalence,0.05955334987593052
gene,140,distance,0.4
gene,140,dispersion,0.7
gene,140,omega2,1.1183229786924362
gene,140,deff,0.0033597205662415364
gene,140,library_sparsity,0.5
gene,140,source_r2,0.03722843612486466
gene,141,abundance,0.04962779156327544
gene,141,prevalence,0.08684863523573201
gene,141,distance,0.48
gene,141,dispersion,0.7
gene,141,omega2,1.00140679240604
gene,141,deff,0.03812429031704701
gene,141,library_sparsity,0.4
gene,141,source_r2,0.04712605927584046
gene,142,abundance,0.04962779156327544
gene,142,prevalence,0.019851116625310174
gene,142,distance,0.28
gene,142,dispersion,0.5
gene,142,omega2,0.28673719171414663
gene,142,deff,0.2174663163688373
gene,142,library_sparsity,0.3
gene,142,source_r2,0.005647791047620362
gene,143,abundance,0.10173697270471464
gene,143,prevalence,0.05955334987593052
gene,143,distance,0.36
gene,143,dispersion,0.7
gene,143,omega2,1.4347493613756428
gene,143,deff,0.21392502074095665
gene,143,library_sparsity,0.5
gene,143,source_r2,0.01594206312098663
gene,144,abundance,0.04218362282878412
gene,144,prevalence,0.10173697270471464
gene,144,distance,0.3
gene,144,dispersion,0.7
gene,144,omega2,0.9767689667933926
gene,144,deff,0.06028665217562929
gene,144,library_sparsity,0.3
gene,144,source_r2,0.022460692873525003
gene,145,abundance,0.08684863523573201
gene,145,prevalence,0.15384615384615385
gene,145,distance,0.4
gene,145,dispersion,0.7
gene,145,omega2,0.4893327791205433
gene,145,deff,0.6686744108672463
gene,145,library_sparsity,0.5
gene,145,source_r2,0.0661878406579081
gene,146,abundance,0.07444168734491315
gene,146,prevalence,0.07692307692307693
gene,146,distance,0.4
gene,146,dispersion,0.8
gene,146,omega2,1.1469942405587519
gene,146,deff,0.24175834900226445
gene,146,library_sparsity,0.3
gene,146,source_r2,0.025896331407395397
gene,147,abundance,0.04466501240694789
gene,147,prevalence,0.04714640198511166
gene,147,distance,0.3
gene,147,dispersion,0.6
gene,147,omega2,0.983205734533388
gene,147,deff,0.05892540298233388
gene,147,library_sparsity,0.3
gene,147,source_r2,0.021794331740724884
gene,148,abundance,0.13895781637717122
gene,148,prevalence,0.14392059553349876
gene,148,distance,0.4
gene,148,dispersion,0.7
gene,148,omega2,0.7944889658725115
gene,148,deff,0.971222403748384
gene,148,library_sparsity,0.5
gene,148,source_r2,0.11571497891664356
gene,149,abundance,0.06451612903225806
gene,149,prevalence,0.06947890818858561
gene,149,distance,0.3
gene,149,dispersion,0.7
gene,149,omega2,0.7247130120610813
gene,149,deff,0.12408909384095826
gene,149,library_sparsity,0.3
gene,149,source_r2,0.03236102992072453
gene,150,abundance,0.03970223325062035
gene,150,prevalence,0.1141439205955335
gene,150,distance,0.25
gene,150,dispersion,0.6
gene,150,omega2,0.5138355585982752
gene,150,deff,0.43382167411615674
gene,150,library_sparsity,0.5
gene,150,source_r2,0.028824658387597596
gene,151,abundance,0.04218362282878412
gene,151,prevalence,0.04714640198511166
gene,151,distance,0.3
gene,151,dispersion,0.7
gene,151,omega2,0.9315697218523068
gene,151,deff,0.07600440192404337
gene,151,library_sparsity,0.3
gene,151,source_r2,0.02220726362155476
gene,152,abundance,0.11910669975186104
gene,152,prevalence,0.022332506203473945
gene,152,distance,0.28
gene,152,dispersion,0.6
gene,152,omega2,0.9026647471422141
gene,152,deff,0.2834769525431354
gene,152,library_sparsity,0.4
gene,152,source_r2,0.0001562425538715868
gene,153,abundance,0.0794044665012407
gene,153,prevalence,0.03225806451612903
gene,153,distance,0.32
gene,153,dispersion,0.7
gene,153,omega2,1.2586804378435696
gene,153,deff,0.011566328470420958
gene,153,library_sparsity,0.3
gene,153,source_r2,0.01471691125696316
gene,154,abundance,0.07196029776674938
gene,154,prevalence,0.01488833746898263
gene,154,distance,0.2
gene,154,dispersion,0.5
gene,154,omega2,0.5368642289168752
gene,154,deff,0.15569366156319597
gene,154,library_sparsity,0.4
gene,154,source_r2,0.001987301232810634
gene,155,abundance,0.18362282878411912
gene,155,prevalence,0.13399503722084366
gene,155,distance,0.32
gene,155,dispersion,0.7
gene,155,omega2,0.18240445005653025
gene,155,deff,0.6268410959800141
gene,155,library_sparsity,0.5
gene,155,source_r2,0.08419690236238392
gene,156,abundance,0.12406947890818859
gene,156,prevalence,0.04962779156327544
gene,156,distance,0.35
gene,156,dispersion,0.8
gene,156,omega2,1.3132062393626565
gene,156,deff,0.24607306420239883
gene,156,library_sparsity,0.4
gene,156,source_r2,0.014631993608757787
gene,157,abundance,0.062034739454094295
gene,157,prevalence,0.07444168734491315
gene,157,distance,0.44
gene,157,dispersion,0.7
gene,157,omega2,0.9937612128521572
gene,157,deff,0.030229428737114043
gene,157,library_sparsity,0.4
gene,157,source_r2,0.04679006403826191
gene,158,abundance,0.08188585607940446
gene,158,prevalence,0.16129032258064516
gene,158,distance,0.65
gene,158,dispersion,1.0
gene,158,omega2,2.0264073647780956
gene,158,deff,0.006993977014218896
gene,158,library_sparsity,0.6
gene,158,source_r2,0.19356488733337768
gene,159,abundance,0.12158808933002481
gene,159,prevalence,0.052109181141439205
gene,159,distance,0.24
gene,159,dispersion,0.5
gene,159,omega2,0.12450841916435892
gene,159,deff,0.48745974650871704
gene,159,library_sparsity,0.4
gene,159,source_r2,0.027137263917709122
gene,160,abundance,0.04218362282878412
gene,160,prevalence,0.02729528535980149
gene,160,distance,0.28
gene,160,dispersion,0.4
gene,160,omega2,0.02337796397495786
gene,160,deff,0.3179950157186935
gene,160,library_sparsity,0.3
gene,160,source_r2,0.018113525196535946
gene,161,abundance,0.12158808933002481
gene,161,prevalence,0.08436724565756824
gene,161,distance,0.24
gene,161,dispersion,0.5
gene,161,omega2,0.11161360268902963
gene,161,deff,0.49422055059431946
gene,161,library_sparsity,0.4
gene,161,source_r2,0.025749675324058703
gene,162,abundance,0.1488833746898263
gene,162,prevalence,0.04218362282878412
gene,162,distance,0.44
gene,162,dispersion,0.6
gene,162,omega2,1.1511937649834747
gene,162,deff,0.20278024491157065
gene,162,library_sparsity,0.3
gene,162,source_r2,0.000580995490023003
gene,163,abundance,0.11910669975186104
gene,163,prevalence,0.03722084367245657
gene,163,distance,0.3
gene,163,dispersion,0.4
gene,163,omega2,0.43662094734380563
gene,163,deff,0.4437635509968302
gene,163,library_sparsity,0.3
gene,163,source_r2,0.00430986294874574
gene,164,abundance,0.14640198511166252
gene,164,prevalence,0.04218362282878412
gene,164,distance,0.48
gene,164,dispersion,0.6
gene,164,omega2,1.231084235284642
gene,164,deff,0.187713532192426
gene,164,library_sparsity,0.4
gene,164,source_r2,0.00014798359213328955
gene,165,abundance,0.1488833746898263
gene,165,prevalence,0.04714640198511166
gene,165,distance,0.35
gene,165,dispersion,0.4
gene,165,omega2,0.6520324393226896
gene,165,deff,0.38692123337995044
gene,165,library_sparsity,0.4
gene,165,source_r2,0.005448153142386733
gene,166,abundance,0.04466501240694789
gene,166,prevalence,0.05707196029776675
gene,166,distance,0.3
gene,166,dispersion,0.7
gene,166,omega2,1.0178575662281024
gene,166,deff,0.03757511705237725
gene,166,library_sparsity,0.4
gene,166,source_r2,0.021170693308447848
gene,167,abundance,0.08684863523573201
gene,167,prevalence,0.06451612903225806
gene,167,distance,0.3
gene,167,dispersion,0.6
gene,167,omega2,0.15142692567311766
gene,167,deff,0.546599931480792
gene,167,library_sparsity,0.2
gene,167,source_r2,0.02410787864824445
gene,168,abundance,0.11166253101736973
gene,168,prevalence,0.07196029776674938
gene,168,distance,0.24
gene,168,dispersion,0.5
gene,168,omega2,0.10465347160403872
gene,168,deff,0.49390887720889365
gene,168,library_sparsity,0.3
gene,168,source_r2,0.025339176635597812
gene,169,abundance,0.11910669975186104
gene,169,prevalence,0.07444168734491315
gene,169,distance,0.24
gene,169,dispersion,0.5
gene,169,omega2,0.04590012499018566
gene,169,deff,0.5156500935098861
gene,169,library_sparsity,0.4
gene,169,source_r2,0.024647793630074757
gene,170,abundance,0.13647642679900746
gene,170,prevalence,0.12158808933002481
gene,170,distance,0.55
gene,170,dispersion,0.9
gene,170,omega2,1.3087562834374173
gene,170,deff,0.11281040788630126
gene,170,library_sparsity,0.4
gene,170,source_r2,0.1234776894808294
gene,171,abundance,0.11662531017369727
gene,171,prevalence,0.08933002481389578
gene,171,distance,0.52
gene,171,dispersion,0.7
gene,171,omega2,0.8043773580990051
gene,171,deff,0.07966346288332961
gene,171,library_sparsity,0.4
gene,171,source_r2,0.05957555191484413
gene,172,abundance,0.12655086848635236
gene,172,prevalence,0.05459057071960298
gene,172,distance,0.35
gene,172,dispersion,0.7
gene,172,omega2,1.31550195737632
gene,172,deff,0.23478338460506437
gene,172,library_sparsity,0.3
gene,172,source_r2,0.01612717725708367
gene,173,abundance,0.11662531017369727
gene,173,prevalence,0.04962779156327544
gene,173,distance,0.28
gene,173,dispersion,0.4
gene,173,omega2,0.4044438913685597
gene,173,deff,0.1965601106693125
gene,173,library_sparsity,0.4
gene,173,source_r2,0.010955938594335914
gene,174,abundance,0.062034739454094295
gene,174,prevalence,0.08933002481389578
gene,174,distance,0.36
gene,174,dispersion,0.5
gene,174,omega2,0.4763713594198706
gene,174,deff,0.21127356864591745
gene,174,library_sparsity,0.3
gene,174,source_r2,0.02034501324675949
gene,175,abundance,0.1761786600496278
gene,175,prevalence,0.08684863523573201
gene,175,distance,0.4
gene,175,dispersion,0.6
gene,175,omega2,0.4028085284965624
gene,175,deff,0.3954707795424348
gene,175,library_sparsity,0.4
gene,175,source_r2,0.032342080694283896
gene,176,abundance,0.07444168734491315
gene,176,prevalence,0.10918114143920596
gene,176,distance,0.45
gene,176,dispersion,0.8
gene,176,omega2,1.4668447597449787
gene,176,deff,0.06929662678839942
gene,176,library_sparsity,0.5
gene,176,source_r2,0.0685246284697587
gene,177,abundance,0.062034739454094295
gene,177,prevalence,0.05459057071960298
gene,177,distance,0.4
gene,177,dispersion,0.8
gene,177,omega2,1.0972683231310576
gene,177,deff,0.2625111292578755
gene,177,library_sparsity,0.3
gene,177,source_r2,0.024141082968847337
gene,178,abundance,0.10669975186104218
gene,178,prevalence,0.04714640198511166
gene,178,distance,0.35
gene,178,dispersion,0.7
gene,178,omega2,1.3778223090831803
gene,178,deff,0.21675026622863747
gene,178,library_sparsity,0.3
gene,178,source_r2,0.01563629051670967
gene,179,abundance,0.04962779156327544
gene,179,prevalence,0.017369727047146403
gene,179,distance,0.16
gene,179,dispersion,0.4
gene,179,omega2,0.337001631300205
gene,179,deff,0.21268494188013706
gene,179,library_sparsity,0.3
gene,179,source_r2,0.006698083260344079
gene,180,abundance,0.1141439205955335
gene,180,prevalence,0.034739454094292806
gene,180,distance,0.24
gene,180,dispersion,0.4
gene,180,omega2,0.3682108406584694
gene,180,deff,0.19512412172143417
gene,180,library_sparsity,0.3
gene,180,source_r2,0.010616839063553086
gene,181,abundance,0.12406947890818859
gene,181,prevalence,0.05459057071960298
gene,181,distance,0.6
gene,181,dispersion,0.5
gene,181,omega2,0.4918994845255218
gene,181,deff,0.13636861046259904
gene,181,library_sparsity,0.4
gene,181,source_r2,0.01696703994653415
gene,182,abundance,0.10421836228287841
gene,182,prevalence,0.09925558312655088
gene,182,distance,0.28
gene,182,dispersion,0.4
gene,182,omega2,0.46018846501664634
gene,182,deff,0.3516941180967125
gene,182,library_sparsity,0.3
gene,182,source_r2,0.01007994554048802
gene,183,abundance,0.13895781637717122
gene,183,prevalence,0.034739454094292806
gene,183,distance,0.4
gene,183,dispersion,0.6
gene,183,omega2,1.1096809783771895
gene,183,deff,0.220650793287851
gene,183,library_sparsity,0.3
gene,183,source_r2,0.0007386067489297634
gene,184,abundance,0.20595533498759305
gene,184,prevalence,0.1761786600496278
gene,184,distance,0.5
gene,184,dispersion,0.9
gene,184,omega2,1.0716746328334716
gene,184,deff,0.21626122931899314
gene,184,library_sparsity,0.7
gene,184,source_r2,0.21278819750143296
gene,185,abundance,0.1315136476426799
gene,185,prevalence,0.08684863523573201
gene,185,distance,0.28
gene,185,dispersion,0.6
gene,185,omega2,0.09870410199036367
gene,185,deff,0.3726855157187752
gene,185,library_sparsity,0.4
gene,185,source_r2,0.029847945765218594
gene,186,abundance,0.04218362282878412
gene,186,prevalence,0.0794044665012407
gene,186,distance,0.3
gene,186,dispersion,0.7
gene,186,omega2,1.0363538399649759
gene,186,deff,0.029973882543226537
gene,186,library_sparsity,0.3
gene,186,source_r2,0.02448155401104336
gene,187,abundance,0.04714640198511166
gene,187,prevalence,0.10918114143920596
gene,187,distance,0.36
gene,187,dispersion,0.5
gene,187,omega2,0.3300850258986487
gene,187,deff,0.20364098033975575
gene,187,library_sparsity,0.4
gene,187,source_r2,0.03508705163930357
gene,188,abundance,0.05955334987593052
gene,188,prevalence,0.04466501240694789
gene,188,distance,0.2
gene,188,dispersion,0.5
gene,188,omega2,0.5247028042454589
gene,188,deff,0.15335484209050804
gene,188,library_sparsity,0.3
gene,188,source_r2,0.002100364292660379
gene,189,abundance,0.09925558312655088
gene,189,prevalence,0.15384615384615385
gene,189,distance,0.3
gene,189,dispersion,0.6
gene,189,omega2,0.6393120200982534
gene,189,deff,0.49141706935585394
gene,189,library_sparsity,0.5
gene,189,source_r2,0.0717080683849702
gene,190,abundance,0.10669975186104218
gene,190,prevalence,0.02481389578163772
gene,190,distance,0.28
gene,190,dispersion,0.5
gene,190,omega2,0.8984487259948603
gene,190,deff,0.2697164605158477
gene,190,library_sparsity,0.3
gene,190,source_r2,0.00034978426285392554
gene,191,abundance,0.07444168734491315
gene,191,prevalence,0.09925558312655088
gene,191,distance,0.5
gene,191,dispersion,0.9
gene,191,omega2,1.482853603980914
gene,191,deff,0.1592458885136508
gene,191,library_sparsity,0.5
gene,191,source_r2,0.1082529400749362
gene,192,abundance,0.04466501240694789
gene,192,prevalence,0.10173697270471464
gene,192,distance,0.25
gene,192,dispersion,0.6
gene,192,omega2,0.39269189123924303
gene,192,deff,0.4118300861983936
gene,192,library_sparsity,0.4
gene,192,source_r2,0.03128343048452614
gene,193,abundance,0.1588089330024814
gene,193,prevalence,0.1662531017369727
gene,193,distance,0.45
gene,193,dispersion,0.8
gene,193,omega2,0.8483975255496196
gene,193,deff,0.840512948156277
gene,193,library_sparsity,0.6
gene,193,source_r2,0.13126538478114014
gene,194,abundance,0.1687344913151365
gene,194,prevalence,0.08684863523573201
gene,194,distance,0.32
gene,194,dispersion,0.6
gene,194,omega2,0.3582099614316262
gene,194,deff,0.4444123173612296
gene,194,library_sparsity,0.4
gene,194,source_r2,0.030036868946857184
gene,195,abundance,0.1141439205955335
gene,195,prevalence,0.07444168734491315
gene,195,distance,0.32
gene,195,dispersion,0.6
gene,195,omega2,0.2012443990169702
gene,195,deff,0.4372344746664969
gene,195,library_sparsity,0.4
gene,195,source_r2,0.026236517684332075
gene,196,abundance,0.13647642679900746
gene,196,prevalence,0.10918114143920596
gene,196,distance,0.4
gene,196,dispersion,0.5
gene,196,omega2,0.77992212446685
gene,196,deff,0.3904378734980529
gene,196,library_sparsity,0.3
gene,196,source_r2,0.010961254371256023
gene,197,abundance,0.13895781637717122
gene,197,prevalence,0.13647642679900746
gene,197,distance,0.36
gene,197,dispersion,0.7
gene,197,omega2,0.4864213868309166
gene,197,deff,0.4495625059756387
gene,197,library_sparsity,0.4
gene,197,source_r2,0.07635276884432947
gene,198,abundance,0.12158808933002481
gene,198,prevalence,0.062034739454094295
gene,198,distance,0.24
gene,198,dispersion,0.5
gene,198,omega2,0.11747099334381139
gene,198,deff,0.5029099595632427
gene,198,library_sparsity,0.4
gene,198,source_r2,0.027111814419921595
gene,199,abundance,0.05707196029776675
gene,199,prevalence,0.017369727047146403
gene,199,distance,0.28
gene,199,dispersion,0.5
gene,199,omega2,0.2705482111236925
gene,199,deff,0.2455862114578538
gene,199,library_sparsity,0.2
gene,199,source_r2,0.004742759853892216
gene,200,abundance,0.24317617866004962
gene,200,prevalence,0.06451612903225806
gene,200,distance,0.48
gene,200,dispersion,0.4
gene,200,omega2,0.8582911854981422
gene,200,deff,0.36197937360972765
gene,200,library_sparsity,0.5
gene,200,source_r2,0.008896148981566501
gene,201,abundance,0.06947890818858561
gene,201,prevalence,0.1141439205955335
gene,201,distance,0.55
gene,201,dispersion,0.9
gene,201,omega2,1.5154150108273525
gene,201,deff,0.15627452236525288
gene,201,library_sparsity,0.5
gene,201,source_r2,0.10616225808632122
gene,202,abundance,0.11910669975186104
gene,202,prevalence,0.11166253101736973
gene,202,distance,0.35
gene,202,dispersion,0.7
gene,202,omega2,0.3691095611077252
gene,202,deff,0.6492639407045125
gene,202,library_sparsity,0.4
gene,202,source_r2,0.07337707645280374
gene,203,abundance,0.05955334987593052
gene,203,prevalence,0.02481389578163772
gene,203,distance,0.24
gene,203,dispersion,0.5
gene,203,omega2,0.5507574466979875
gene,203,deff,0.1351367588796212
gene,203,library_sparsity,0.4
gene,203,source_r2,0.002137755169442191
gene,204,abundance,0.09429280397022333
gene,204,prevalence,0.1141439205955335
gene,204,distance,0.28
gene,204,dispersion,0.4
gene,204,omega2,0.3696138707190419
gene,204,deff,0.4040845965839052
gene,204,library_sparsity,0.3
gene,204,source_r2,0.009650635993599303
gene,205,abundance,0.04962779156327544
gene,205,prevalence,0.02481389578163772
gene,205,distance,0.24
gene,205,dispersion,0.4
gene,205,omega2,0.29385057143979193
gene,205,deff,0.23434192226284062
gene,205,library_sparsity,0.3
gene,205,source_r2,0.005971932290400306
gene,206,abundance,0.06947890818858561
gene,206,prevalence,0.019851116625310174
gene,206,distance,0.2
gene,206,dispersion,0.5
gene,206,omega2,0.5402071595465184
gene,206,deff,0.1409902399067893
gene,206,library_sparsity,0.4
gene,206,source_r2,0.0019467540754819373
gene,207,abundance,0.11662531017369727
gene,207,prevalence,0.04466501240694789
gene,207,distance,0.3
gene,207,dispersion,0.4
gene,207,omega2,0.5238821898566429
gene,207,deff,0.3817107532024341
gene,207,library_sparsity,0.3
gene,207,source_r2,0.006394667388995418
gene,208,abundance,0.24813895781637718
gene,208,prevalence,0.09429280397022333
gene,208,distance,0.48
gene,208,dispersion,0.3
gene,208,omega2,0.06251266198684552
gene,208,deff,0.7300475069103242
gene,208,library_sparsity,0.5
gene,208,source_r2,0.07238868339287682
gene,209,abundance,0.08933002481389578
gene,209,prevalence,0.09925558312655088
gene,209,distance,0.55
gene,209,dispersion,0.9
gene,209,omega2,1.7216974641805771
gene,209,deff,0.15763316656438892
gene,209,library_sparsity,0.5
gene,209,source_r2,0.09778265244821856
gene,210,abundance,0.13647642679900746
gene,210,prevalence,0.12655086848635236
gene,210,distance,0.36
gene,210,dispersion,0.6
gene,210,omega2,0.018018310863116727
gene,210,deff,0.2826815182016161
gene,210,library_sparsity,0.4
gene,210,source_r2,0.03266720404137691
gene,211,abundance,0.12903225806451613
gene,211,prevalence,0.11662531017369727
gene,211,distance,0.35
gene,211,dispersion,0.7
gene,211,omega2,0.3339853304428428
gene,211,deff,0.6318395093388186
gene,211,library_sparsity,0.5
gene,211,source_r2,0.07365821051388483
gene,212,abundance,0.24317617866004962
gene,212,prevalence,0.0967741935483871
gene,212,distance,0.52
gene,212,dispersion,0.6
gene,212,omega2,0.5923551146597392
gene,212,deff,0.3800383863622111
gene,212,library_sparsity,0.5
gene,212,source_r2,0.040141854928660535
gene,213,abundance,0.05707196029776675
gene,213,prevalence,0.02977667493796526
gene,213,distance,0.16
gene,213,dispersion,0.5
gene,213,omega2,0.5408792912878099
gene,213,deff,0.14607610163302573
gene,213,library_sparsity,0.3
gene,213,source_r2,0.0025672348969615058
gene,214,abundance,0.05955334987593052
gene,214,prevalence,0.12655086848635236
gene,214,distance,0.24
gene,214,dispersion,0.4
gene,214,omega2,0.15206059371396222
gene,214,deff,0.21697205524340163
gene,214,library_sparsity,0.4
gene,214,source_r2,0.008437246734146347
gene,215,abundance,0.16377171215880892
gene,215,prevalence,0.08933002481389578
gene,215,distance,0.4
gene,215,dispersion,0.6
gene,215,omega2,0.42660854971399936
gene,215,deff,0.4043194959892208
gene,215,library_sparsity,0.4
gene,215,source_r2,0.034955653752655816
gene,216,abundance,0.04218362282878412
gene,216,prevalence,0.052109181141439205
gene,216,distance,0.3
gene,216,dispersion,0.6
gene,216,omega2,0.9962847284806805
gene,216,deff,0.04671164530391297
gene,216,library_sparsity,0.2
gene,216,source_r2,0.02171671517072928
gene,217,abundance,0.05459057071960298
gene,217,prevalence,0.01240694789081886
gene,217,distance,0.25
gene,217,dispersion,0.5
gene,217,omega2,0.30454712049397914
gene,217,deff,0.20416442077677233
gene,217,library_sparsity,0.3
gene,217,source_r2,0.005826788730628485
gene,218,abundance,0.11166253101736973
gene,218,prevalence,0.034739454094292806
gene,218,distance,0.28
gene,218,dispersion,0.4
gene,218,omega2,0.42052191127831273
gene,218,deff,0.2047314859022357
gene,218,library_sparsity,0.3
gene,218,source_r2,0.010694052114001451
gene,219,abundance,0.24813895781637718
gene,219,prevalence,0.05955334987593052
gene,219,distance,0.48
gene,219,dispersion,0.4
gene,219,omega2,0.947271160700671
gene,219,deff,0.3003795748296382
gene,219,library_sparsity,0.5
gene,219,source_r2,0.009703754008619114
gene,220,abundance,0.11166253101736973
gene,220,prevalence,0.02977667493796526
gene,220,distance,0.32
gene,220,dispersion,0.5
gene,220,omega2,0.9657941172205297
gene,220,deff,0.2679185408578474
gene,220,library_sparsity,0.6
gene,220,source_r2,0.00032187450714519876
gene,221,abundance,0.07444168734491315
gene,221,prevalence,0.052109181141439205
gene,221,distance,0.4
gene,221,dispersion,0.7
gene,221,omega2,0.9701590035333957
gene,221,deff,0.04212396157054502
gene,221,library_sparsity,0.4
gene,221,source_r2,0.04687995022828322
gene,222,abundance,0.0967741935483871
gene,222,prevalence,0.04962779156327544
gene,222,distance,0.36
gene,222,dispersion,0.6
gene,222,omega2,0.8510707446498593
gene,222,deff,0.06132740772935778
gene,222,library_sparsity,0.4
gene,222,source_r2,0.001192275201772536
gene,223,abundance,0.12655086848635236
gene,223,prevalence,0.08684863523573201
gene,223,distance,0.45
gene,223,dispersion,0.5
gene,223,omega2,0.7708153844020141
gene,223,deff,0.3859012651354941
gene,223,library_sparsity,0.3
gene,223,source_r2,0.01200043161926331
gene,224,abundance,0.1687344913151365
gene,224,prevalence,0.09925558312655088
gene,224,distance,0.28
gene,224,dispersion,0.6
gene,224,omega2,0.21301331385740171
gene,224,deff,0.4951880193083142
gene,224,library_sparsity,0.4
gene,224,source_r2,0.031342073091979304
gene,225,abundance,0.052109181141439205
gene,225,prevalence,0.01240694789081886
gene,225,distance,0.16
gene,225,dispersion,0.4
gene,225,omega2,0.34655889420600056
gene,225,deff,0.19695543288362935
gene,225,library_sparsity,0.2
gene,225,source_r2,0.00716726284765058
gene,226,abundance,0.05955334987593052
gene,226,prevalence,0.022332506203473945
gene,226,distance,0.2
gene,226,dispersion,0.5
gene,226,omega2,0.5510473461977686
gene,226,deff,0.1408696557495455
gene,226,library_sparsity,0.3
gene,226,source_r2,0.0022402105659977373
gene,227,abundance,0.11662531017369727
gene,227,prevalence,0.02977667493796526
gene,227,distance,0.3
gene,227,dispersion,0.4
gene,227,omega2,0.5132366184456618
gene,227,deff,0.36980993853546257
gene,227,library_sparsity,0.3
gene,227,source_r2,0.006853479212192779
gene,228,abundance,0.14640198511166252
gene,228,prevalence,0.05707196029776675
gene,228,distance,0.35
gene,228,dispersion,0.4
gene,228,omega2,0.7213015804420964
gene,228,deff,0.33452820911726494
gene,228,library_sparsity,0.4
gene,228,source_r2,0.006394119218170913
gene,229,abundance,0.062034739454094295
gene,229,prevalence,0.034739454094292806
gene,229,distance,0.28
gene,229,dispersion,0.4
gene,229,omega2,0.16054884293172522
gene,229,deff,0.25794661582234757
gene,229,library_sparsity,0.3
gene,229,source_r2,0.011514550388930327
gene,230,abundance,0.03970223325062035
gene,230,prevalence,0.11166253101736973
gene,230,distance,0.5
gene,230,dispersion,0.8
gene,230,omega2,1.6669443605083119
gene,230,deff,0.16445442467422222
gene,230,library_sparsity,0.5
gene,230,source_r2,0.09469441041546836
gene,231,abundance,0.062034739454094295
gene,231,prevalence,0.04962779156327544
gene,231,distance,0.2
gene,231,dispersion,0.5
gene,231,omega2,0.5077532287751894
gene,231,deff,0.1659603848728108
gene,231,library_sparsity,0.4
gene,231,source_r2,0.00133465085671794
gene,232,abundance,0.10918114143920596
gene,232,prevalence,0.04962779156327544
gene,232,distance,0.28
gene,232,dispersion,0.4
gene,232,omega2,0.33642874664516376
gene,232,deff,0.24875954787414262
gene,232,library_sparsity,0.3
gene,232,source_r2,0.009503681197233422
gene,233,abundance,0.1141439205955335
gene,233,prevalence,0.05955334987593052
gene,233,distance,0.35
gene,233,dispersion,0.7
gene,233,omega2,1.3866032647408204
gene,233,deff,0.222915611151331
gene,233,library_sparsity,0.3
gene,233,source_r2,0.015554795257329073
gene,234,abundance,0.10421836228287841
gene,234,prevalence,0.10173697270471464
gene,234,distance,0.35
gene,234,dispersion,0.7
gene,234,omega2,1.361857094488488
gene,234,deff,0.2154432229600893
gene,234,library_sparsity,0.3
gene,234,source_r2,0.016683351985968996
gene,235,abundance,0.04714640198511166
gene,235,prevalence,0.0794044665012407
gene,235,distance,0.3
gene,235,dispersion,0.7
gene,235,omega2,0.9817688506529563
gene,235,deff,0.045790112676967254
gene,235,library_sparsity,0.4
gene,235,source_r2,0.02169278184846624
gene,236,abundance,0.04466501240694789
gene,236,prevalence,0.019851116625310174
gene,236,distance,0.25
gene,236,dispersion,0.4
gene,236,omega2,0.060361438666184215
gene,236,deff,0.316700334423997
gene,236,library_sparsity,0.3
gene,236,source_r2,0.01675364713815152
gene,237,abundance,0.08933002481389578
gene,237,prevalence,0.04714640198511166
gene,237,distance,0.32
gene,237,dispersion,0.7
gene,237,omega2,1.2400350333330896
gene,237,deff,0.005280207252405347
gene,237,library_sparsity,0.4
gene,237,source_r2,0.015207263466079021
gene,238,abundance,0.1588089330024814
gene,238,prevalence,0.04962779156327544
gene,238,distance,0.28
gene,238,dispersion,0.4
gene,238,omega2,0.6672818934077168
gene,238,deff,0.36168424345122396
gene,238,library_sparsity,0.3
gene,238,source_r2,0.0056415496489741574
gene,239,abundance,0.07196029776674938
gene,239,prevalence,0.1141439205955335
gene,239,distance,0.45
gene,239,dispersion,0.8
gene,239,omega2,1.2176253935053347
gene,239,deff,0.0008896547404617758
gene,239,library_sparsity,0.4
gene,239,source_r2,0.08532171832628786
gene,240,abundance,0.05955334987593052
gene,240,prevalence,0.07692307692307693
gene,240,distance,0.52
gene,240,dispersion,0.7
gene,240,omega2,1.0355304648139723
gene,240,deff,0.04846819263625363
gene,240,library_sparsity,0.6
gene,240,source_r2,0.0455409678544065
gene,241,abundance,0.052109181141439205
gene,241,prevalence,0.02977667493796526
gene,241,distance,0.28
gene,241,dispersion,0.4
gene,241,omega2,0.22536390711017534
gene,241,deff,0.22533239356713494
gene,241,library_sparsity,0.3
gene,241,source_r2,0.005201210281763144
gene,242,abundance,0.11662531017369727
gene,242,prevalence,0.12406947890818859
gene,242,distance,0.4
gene,242,dispersion,0.6
gene,242,omega2,0.3241626708587354
gene,242,deff,0.634005529033519
gene,242,library_sparsity,0.4
gene,242,source_r2,0.07481533306291283
gene,243,abundance,0.05707196029776675
gene,243,prevalence,0.05459057071960298
gene,243,distance,0.2
gene,243,dispersion,0.5
gene,243,omega2,0.5285022739067301
gene,243,deff,0.13763831054707454
gene,243,library_sparsity,0.3
gene,243,source_r2,0.002050458376300719
gene,244,abundance,0.14392059553349876
gene,244,prevalence,0.05459057071960298
gene,244,distance,0.36
gene,244,dispersion,0.7
gene,244,omega2,1.59324236081324
gene,244,deff,0.17383503900162342
gene,244,library_sparsity,0.3
gene,244,source_r2,0.01259153275198333
gene,245,abundance,0.1141439205955335
gene,245,prevalence,0.02977667493796526
gene,245,distance,0.3
gene,245,dispersion,0.5
gene,245,omega2,0.8794830202007459
gene,245,deff,0.2879225689538827
gene,245,library_sparsity,0.4
gene,245,source_r2,0.0003641152662204801
gene,246,abundance,0.11662531017369727
gene,246,prevalence,0.10669975186104218
gene,246,distance,0.5
gene,246,dispersion,0.9
gene,246,omega2,2.0303724491940787
gene,246,deff,0.07232858368112301
gene,246,library_sparsity,0.5
gene,246,source_r2,0.09040754514378702
gene,247,abundance,0.05955334987593052
gene,247,prevalence,0.06451612903225806
gene,247,distance,0.35
gene,247,dispersion,0.7
gene,247,omega2,0.7884166357332855
gene,247,deff,0.12280934737743686
gene,247,library_sparsity,0.2
gene,247,source_r2,0.032081367177805784
gene,248,abundance,0.11910669975186104
gene,248,prevalence,0.034739454094292806
gene,248,distance,0.32
gene,248,dispersion,0.4
gene,248,omega2,0.466957242368698
gene,248,deff,0.45480372915085754
gene,248,library_sparsity,0.3
gene,248,source_r2,0.004595287753433451
gene,249,abundance,0.11662531017369727
gene,249,prevalence,0.02977667493796526
gene,249,distance,0.28
gene,249,dispersion,0.5
gene,249,omega2,0.9063374506368534
gene,249,deff,0.2731418070217997
gene,249,library_sparsity,0.4
gene,249,source_r2,0.0002243126210037283
gene,250,abundance,0.07196029776674938
gene,250,prevalence,0.03225806451612903
gene,250,distance,0.28
gene,250,dispersion,0.4
gene,250,omega2,0.17429622984795878
gene,250,deff,0.2570530151787968
gene,250,library_sparsity,0.3
gene,250,source_r2,0.013681469356519285
gene,251,abundance,0.11166253101736973
gene,251,prevalence,0.07444168734491315
gene,251,distance,0.36
gene,251,dispersion,0.5
gene,251,omega2,0.6955099291431981
gene,251,deff,0.09390465175929771
gene,251,library_sparsity,0.4
gene,251,source_r2,0.017026767783248305
gene,252,abundance,0.08933002481389578
gene,252,prevalence,0.08436724565756824
gene,252,distance,0.2
gene,252,dispersion,0.5
gene,252,omega2,0.31969112752272383
gene,252,deff,0.4072896708883191
gene,252,library_sparsity,0.4
gene,252,source_r2,0.026575605190126795
gene,253,abundance,0.2456575682382134
gene,253,prevalence,0.0967741935483871
gene,253,distance,0.52
gene,253,dispersion,0.6
gene,253,omega2,0.49636018770227547
gene,253,deff,0.459539703200026
gene,253,library_sparsity,0.5
gene,253,source_r2,0.04108879852299526
gene,254,abundance,0.04714640198511166
gene,254,prevalence,0.07196029776674938
gene,254,distance,0.3
gene,254,dispersion,0.7
gene,254,omega2,0.9186725401183663
gene,254,deff,0.09319446930185425
gene,254,library_sparsity,0.3
gene,254,source_r2,0.020193161644819692
gene,255,abundance,0.06947890818858561
gene,255,prevalence,0.05955334987593052
gene,255,distance,0.28
gene,255,dispersion,0.4
gene,255,omega2,0.24612498582719328
gene,255,deff,0.4947559546246338
gene,255,library_sparsity,0.2
gene,255,source_r2,0.007440095576027592
gene,256,abundance,0.09181141439205956
gene,256,prevalence,0.05459057071960298
gene,256,distance,0.25
gene,256,dispersion,0.5
gene,256,omega2,0.21942699883305622
gene,256,deff,0.3521212791443677
gene,256,library_sparsity,0.3
gene,256,source_r2,0.03020074965879736
gene,257,abundance,0.08684863523573201
gene,257,prevalence,0.07196029776674938
gene,257,distance,0.2
gene,257,dispersion,0.5
gene,257,omega2,0.22919432708760057
gene,257,deff,0.3426424530658548
gene,257,library_sparsity,0.3
gene,257,source_r2,0.02687990485672801
gene,258,abundance,0.1761786600496278
gene,258,prevalence,0.10918114143920596
gene,258,distance,0.52
gene,258,dispersion,0.5
gene,258,omega2,0.21681221292923675
gene,258,deff,0.8060971471062587
gene,258,library_sparsity,0.5
gene,258,source_r2,0.06508585636967837
gene,259,abundance,0.09429280397022333
gene,259,prevalence,0.12158808933002481
gene,259,distance,0.3
gene,259,dispersion,0.6
gene,259,omega2,0.6565206208652934
gene,259,deff,0.48429631966524694
gene,259,library_sparsity,0.5
gene,259,source_r2,0.07222176166040298
gene,260,abundance,0.07692307692307693
gene,260,prevalence,0.10421836228287841
gene,260,distance,0.55
gene,260,dispersion,0.9
gene,260,omega2,1.4116241486076648
gene,260,deff,0.10798710106301389
gene,260,library_sparsity,0.4
gene,260,source_r2,0.10838391577127389
gene,261,abundance,0.14392059553349876
gene,261,prevalence,0.03970223325062035
gene,261,distance,0.35
gene,261,dispersion,0.4
gene,261,omega2,0.7315941556556089
gene,261,deff,0.35867460149644553
gene,261,library_sparsity,0.4
gene,261,source_r2,0.006072925476983936
gene,262,abundance,0.06699751861042183
gene,262,prevalence,0.13399503722084366
gene,262,distance,0.45
gene,262,dispersion,0.8
gene,262,omega2,1.146685080687942
gene,262,deff,0.04704447396013564
gene,262,library_sparsity,0.4
gene,262,source_r2,0.07999596755779131
gene,263,abundance,0.11662531017369727
gene,263,prevalence,0.08188585607940446
gene,263,distance,0.24
gene,263,dispersion,0.5
gene,263,omega2,0.0225171165879634
gene,263,deff,0.5559055062783834
gene,263,library_sparsity,0.4
gene,263,source_r2,0.025987693525091123
gene,264,abundance,0.04962779156327544
gene,264,prevalence,0.01488833746898263
gene,264,distance,0.24
gene,264,dispersion,0.4
gene,264,omega2,0.32423103657092267
gene,264,deff,0.18220916668753162
gene,264,library_sparsity,0.2
gene,264,source_r2,0.006819197664009945
gene,265,abundance,0.2456575682382134
gene,265,prevalence,0.10173697270471464
gene,265,distance,0.52
gene,265,dispersion,0.6
gene,265,omega2,0.5645521853455876
gene,265,deff,0.38478427246113445
gene,265,library_sparsity,0.5
gene,265,source_r2,0.0397493182965707
gene,266,abundance,0.08684863523573201
gene,266,prevalence,0.08188585607940446
gene,266,distance,0.2
gene,266,dispersion,0.5
gene,266,omega2,0.27717427365762254
gene,266,deff,0.3767758014752721
gene,266,library_sparsity,0.3
gene,266,source_r2,0.027822084675794844
gene,267,abundance,0.07196029776674938
gene,267,prevalence,0.02977667493796526
gene,267,distance,0.28
gene,267,dispersion,0.4
gene,267,omega2,0.16248236639099678
gene,267,deff,0.2749527036952041
gene,267,library_sparsity,0.2
gene,267,source_r2,0.012959532176561728
gene,268,abundance,0.062034739454094295
gene,268,prevalence,0.07196029776674938
gene,268,distance,0.48
gene,268,dispersion,0.7
gene,268,omega2,0.9583262516611339
gene,268,deff,0.03129073174262938
gene,268,library_sparsity,0.4
gene,268,source_r2,0.04744106573033849
gene,269,abundance,0.04714640198511166
gene,269,prevalence,0.07196029776674938
gene,269,distance,0.3
gene,269,dispersion,0.7
gene,269,omega2,0.915971549475461
gene,269,deff,0.09343037731836261
gene,269,library_sparsity,0.3
gene,269,source_r2,0.020370345003497752
gene,270,abundance,0.04466501240694789
gene,270,prevalence,0.022332506203473945
gene,270,distance,0.28
gene,270,dispersion,0.4
gene,270,omega2,0.10230463400892487
gene,270,deff,0.34982956037394025
gene,270,library_sparsity,0.3
gene,270,source_r2,0.01543172346674694
gene,271,abundance,0.15384615384615385
gene,271,prevalence,0.052109181141439205
gene,271,distance,0.35
gene,271,dispersion,0.4
gene,271,omega2,0.6859212045493032
gene,271,deff,0.37473710755138556
gene,271,library_sparsity,0.4
gene,271,source_r2,0.006191243235866083
gene,272,abundance,0.1488833746898263
gene,272,prevalence,0.03225806451612903
gene,272,distance,0.48
gene,272,dispersion,0.6
gene,272,omega2,1.2256834656862563
gene,272,deff,0.18280648678944778
gene,272,library_sparsity,0.4
gene,272,source_r2,0.00016939310860391294
gene,273,abundance,0.13895781637717122
gene,273,prevalence,0.10918114143920596
gene,273,distance,0.4
gene,273,dispersion,0.7
gene,273,omega2,0.7536214811707862
gene,273,deff,0.9768791343862511
gene,273,library_sparsity,0.5
gene,273,source_r2,0.11710452239526366
gene,274,abundance,0.04714640198511166
gene,274,prevalence,0.05707196029776675
gene,274,distance,0.3
gene,274,dispersion,0.7
gene,274,omega2,0.9108090689765014
gene,274,deff,0.10288772877645957
gene,274,library_sparsity,0.3
gene,274,source_r2,0.021190214882619948
gene,275,abundance,0.18362282878411912
gene,275,prevalence,0.08684863523573201
gene,275,distance,0.48
gene,275,dispersion,0.4
gene,275,omega2,0.2422904562919607
gene,275,deff,0.7914116450284536
gene,275,library_sparsity,0.4
gene,275,source_r2,0.06093502124328006
gene,276,abundance,0.08933002481389578
gene,276,prevalence,0.07196029776674938
gene,276,distance,0.2
gene,276,dispersion,0.5
gene,276,omega2,0.34011074638164934
gene,276,deff,0.430375422027395
gene,276,library_sparsity,0.4
gene,276,source_r2,0.02599737631048034
gene,277,abundance,0.08436724565756824
gene,277,prevalence,0.09925558312655088
gene,277,distance,0.35
gene,277,dispersion,0.6
gene,277,omega2,0.06741019004010887
gene,277,deff,0.503755321579765
gene,277,library_sparsity,0.3
gene,277,source_r2,0.02673079636203621
gene,278,abundance,0.11662531017369727
gene,278,prevalence,0.07196029776674938
gene,278,distance,0.28
gene,278,dispersion,0.5
gene,278,omega2,0.15149313600047087
gene,278,deff,0.47079336106019515
gene,278,library_sparsity,0.3
gene,278,source_r2,0.025637449553014526
gene,279,abundance,0.05955334987593052
gene,279,prevalence,0.02729528535980149
gene,279,distance,0.2
gene,279,dispersion,0.5
gene,279,omega2,0.49208821909837475
gene,279,deff,0.17995696915919296
gene,279,library_sparsity,0.3
gene,279,source_r2,0.0014645551194241615
gene,280,abundance,0.08684863523573201
gene,280,prevalence,0.022332506203473945
gene,280,distance,0.24
gene,280,dispersion,0.4
gene,280,omega2,0.1739235312632254
gene,280,deff,0.23151253713986533
gene,280,library_sparsity,0.3
gene,280,source_r2,0.013218001818728729
gene,281,abundance,0.11662531017369727
gene,281,prevalence,0.02481389578163772
gene,281,distance,0.28
gene,281,dispersion,0.5
gene,281,omega2,0.8886493183515287
gene,281,deff,0.26004509892825733
gene,281,library_sparsity,0.4
gene,281,source_r2,0.0001721834706267453
gene,282,abundance,0.10173697270471464
gene,282,prevalence,0.08933002481389578
gene,282,distance,0.28
gene,282,dispersion,0.4
gene,282,omega2,0.4760534955025157
gene,282,deff,0.3522037810575547
gene,282,library_sparsity,0.6
gene,282,source_r2,0.010358031906851186
gene,283,abundance,0.1141439205955335
gene,283,prevalence,0.04466501240694789
gene,283,distance,0.32
gene,283,dispersion,0.4
gene,283,omega2,0.5553466259427898
gene,283,deff,0.39222335686204596
gene,283,library_sparsity,0.3
gene,283,source_r2,0.006849127749343239
gene,284,abundance,0.07444168734491315
gene,284,prevalence,0.022332506203473945
gene,284,distance,0.28
gene,284,dispersion,0.5
gene,284,omega2,0.724515742655171
gene,284,deff,0.29845705447467075
gene,284,library_sparsity,0.4
gene,284,source_r2,0.0037239430964246794
gene,285,abundance,0.12903225806451613
gene,285,prevalence,0.02729528535980149
gene,285,distance,0.25
gene,285,dispersion,0.4
gene,285,omega2,0.5398078992930052
gene,285,deff,0.3626585784729028
gene,285,library_sparsity,0.3
gene,285,source_r2,0.007443842450383253
gene,286,abundance,0.05459057071960298
gene,286,prevalence,0.052109181141439205
gene,286,distance,0.3
gene,286,dispersion,0.7
gene,286,omega2,0.9688283672870697
gene,286,deff,0.08383516853268717
gene,286,library_sparsity,0.3
gene,286,source_r2,0.02097718472891993
gene,287,abundance,0.1513647642679901
gene,287,prevalence,0.12655086848635236
gene,287,distance,0.4
gene,287,dispersion,0.5
gene,287,omega2,0.6188879447315565
gene,287,deff,0.33355006165553386
gene,287,library_sparsity,0.6
gene,287,source_r2,0.01668887336966577
gene,288,abundance,0.17369727047146402
gene,288,prevalence,0.13399503722084366
gene,288,distance,0.32
gene,288,dispersion,0.7
gene,288,omega2,0.1476770910140525
gene,288,deff,0.6036584272792683
gene,288,library_sparsity,0.5
gene,288,source_r2,0.08547529774051667
gene,289,abundance,0.04962779156327544
gene,289,prevalence,0.034739454094292806
gene,289,distance,0.2
gene,289,dispersion,0.5
gene,289,omega2,0.5973542052370642
gene,289,deff,0.13982900078695534
gene,289,library_sparsity,0.4
gene,289,source_r2,0.003042203138680429
gene,290,abundance,0.12406947890818859
gene,290,prevalence,0.02481389578163772
gene,290,distance,0.25
gene,290,dispersion,0.4
gene,290,omega2,0.42370546599569864
gene,290,deff,0.4348498188521114
gene,290,library_sparsity,0.3
gene,290,source_r2,0.004911017977439896
gene,291,abundance,0.10918114143920596
gene,291,prevalence,0.03722084367245657
gene,291,distance,0.2
gene,291,dispersion,0.5
gene,291,omega2,0.30050798631289305
gene,291,deff,0.38280591749934934
gene,291,library_sparsity,0.2
gene,291,source_r2,0.026589449944787808
gene,292,abundance,0.08188585607940446
gene,292,prevalence,0.08436724565756824
gene,292,distance,0.2
gene,292,dispersion,0.5
gene,292,omega2,0.17524817855605035
gene,292,deff,0.3576027505423177
gene,292,library_sparsity,0.4
gene,292,source_r2,0.030189112446790314
gene,293,abundance,0.24317617866004962
gene,293,prevalence,0.08684863523573201
gene,293,distance,0.52
gene,293,dispersion,0.6
gene,293,omega2,0.5920427507444886
gene,293,deff,0.35944827283680786
gene,293,library_sparsity,0.5
gene,293,source_r2,0.038711179806984075
gene,294,abundance,0.07444168734491315
gene,294,prevalence,0.08188585607940446
gene,294,distance,0.24
gene,294,dispersion,0.4
gene,294,omega2,0.12230068044502732
gene,294,deff,0.22792160752454171
gene,294,library_sparsity,0.4
gene,294,source_r2,0.008365420134192447
gene,295,abundance,0.17369727047146402
gene,295,prevalence,0.1315136476426799
gene,295,distance,0.4
gene,295,dispersion,0.7
gene,295,omega2,0.11630245108330957
gene,295,deff,0.5768837827329409
gene,295,library_sparsity,0.4
gene,295,source_r2,0.08419594292136162
gene,296,abundance,0.052109181141439205
gene,296,prevalence,0.02977667493796526
gene,296,distance,0.48
gene,296,dispersion,0.6
gene,296,omega2,0.741583489960987
gene,296,deff,0.07094840645442342
gene,296,library_sparsity,0.5
gene,296,source_r2,0.007889604053176477
gene,297,abundance,0.06947890818858561
gene,297,prevalence,0.11662531017369727
gene,297,distance,0.45
gene,297,dispersion,0.8
gene,297,omega2,1.239745615057994
gene,297,deff,0.0013702081745194633
gene,297,library_sparsity,0.4
gene,297,source_r2,0.084881446895272
gene,298,abundance,0.03970223325062035
gene,298,prevalence,0.06451612903225806
gene,298,distance,0.45
gene,298,dispersion,0.7
gene,298,omega2,1.1118173800754705
gene,298,deff,0.002847031176071859
gene,298,library_sparsity,0.4
gene,298,source_r2,0.03729917958570423
gene,299,abundance,0.09925558312655088
gene,299,prevalence,0.03970223325062035
gene,299,distance,0.3
gene,299,dispersion,0.4
gene,299,omega2,0.4621760176788637
gene,299,deff,0.4011212933526185
gene,299,library_sparsity,0.3
gene,299,source_r2,0.005261176344637319
gene,300,abundance,0.06699751861042183
gene,300,prevalence,0.08684863523573201
gene,300,distance,0.35
gene,300,dispersion,0.7
gene,300,omega2,0.6577259697397108
gene,300,deff,0.14035207262631988
gene,300,library_sparsity,0.3
gene,300,source_r2,0.029868540799040753
gene,301,abundance,0.06451612903225806
gene,301,prevalence,0.019851116625310174
gene,301,distance,0.16
gene,301,dispersion,0.5
gene,301,omega2,0.5047079642224066
gene,301,deff,0.14369000645813365
gene,301,library_sparsity,0.3
gene,301,source_r2,0.0022648332991887033
gene,302,abundance,0.12406947890818859
gene,302,prevalence,0.11662531017369727
gene,302,distance,0.25
gene,302,dispersion,0.5
gene,302,omega2,0.17196510453125274
gene,302,deff,0.4727427348587844
gene,302,library_sparsity,0.4
gene,302,source_r2,0.028386626897456024
gene,303,abundance,0.08436724565756824
gene,303,prevalence,0.0967741935483871
gene,303,distance,0.28
gene,303,dispersion,0.6
gene,303,omega2,0.12392872523590741
gene,303,deff,0.5681199675114821
gene,303,library_sparsity,0.5
gene,303,source_r2,0.025494421203014827
gene,304,abundance,0.17121588089330025
gene,304,prevalence,0.13399503722084366
gene,304,distance,0.4
gene,304,dispersion,0.7
gene,304,omega2,0.0679304722882082
gene,304,deff,0.5571969783125107
gene,304,library_sparsity,0.5
gene,304,source_r2,0.08591447709532718
gene,305,abundance,0.052109181141439205
gene,305,prevalence,0.017369727047146403
gene,305,distance,0.24
gene,305,dispersion,0.4
gene,305,omega2,0.3212193332149114
gene,305,deff,0.17864662966782105
gene,305,library_sparsity,0.3
gene,305,source_r2,0.006917183792877186
gene,306,abundance,0.04218362282878412
gene,306,prevalence,0.09181141439205956
gene,306,distance,0.25
gene,306,dispersion,0.6
gene,306,omega2,0.3858683357538003
gene,306,deff,0.3952847644011069
gene,306,library_sparsity,0.4
gene,306,source_r2,0.031746694570910235
gene,307,abundance,0.05459057071960298
gene,307,prevalence,0.02481389578163772
gene,307,distance,0.16
gene,307,dispersion,0.4
gene,307,omega2,0.34939879686272296
gene,307,deff,0.18952264614501477
gene,307,library_sparsity,0.4
gene,307,source_r2,0.008185949081141055
gene,308,abundance,0.04218362282878412
gene,308,prevalence,0.08188585607940446
gene,308,distance,0.3
gene,308,dispersion,0.6
gene,308,omega2,0.43792503920718445
gene,308,deff,0.40985735521542555
gene,308,library_sparsity,0.4
gene,308,source_r2,0.03106253680660612
gene,309,abundance,0.11910669975186104
gene,309,prevalence,0.06699751861042183
gene,309,distance,0.28
gene,309,dispersion,0.5
gene,309,omega2,0.12349820178667922
gene,309,deff,0.509753628906299
gene,309,library_sparsity,0.3
gene,309,source_r2,0.02738800157191265
gene,310,abundance,0.11662531017369727
gene,310,prevalence,0.034739454094292806
gene,310,distance,0.3
gene,310,dispersion,0.5
gene,310,omega2,0.8676525081616017
gene,310,deff,0.28721957002770016
gene,310,library_sparsity,0.4
gene,310,source_r2,0.00029439060661567735
gene,311,abundance,0.11910669975186104
gene,311,prevalence,0.04714640198511166
gene,311,distance,0.35
gene,311,dispersion,0.8
gene,311,omega2,1.3097599660499764
gene,311,deff,0.23376478090278932
gene,311,library_sparsity,0.3
gene,311,source_r2,0.01512603872749873
gene,312,abundance,0.1141439205955335
gene,312,prevalence,0.03970223325062035
gene,312,distance,0.32
gene,312,dispersion,0.4
gene,312,omega2,0.47871742428612557
gene,312,deff,0.15849667005153664
gene,312,library_sparsity,0.4
gene,312,source_r2,0.01382684762751138
gene,313,abundance,0.08684863523573201
gene,313,prevalence,0.062034739454094295
gene,313,distance,0.32
gene,313,dispersion,0.7
gene,313,omega2,1.2496842338972398
gene,313,deff,0.006890649223249254
gene,313,library_sparsity,0.3
gene,313,source_r2,0.015458302669615818
gene,314,abundance,0.04466501240694789
gene,314,prevalence,0.06451612903225806
gene,314,distance,0.28
gene,314,dispersion,0.6
gene,314,omega2,0.5733047377108472
gene,314,deff,0.4472174453587539
gene,314,library_sparsity,0.2
gene,314,source_r2,0.025140077396944502
gene,315,abundance,0.12903225806451613
gene,315,prevalence,0.0967741935483871
gene,315,distance,0.36
gene,315,dispersion,0.7
gene,315,omega2,0.0842035371596964
gene,315,deff,0.26852087550691245
gene,315,library_sparsity,0.4
gene,315,source_r2,0.03245480968996715
gene,316,abundance,0.062034739454094295
gene,316,prevalence,0.07444168734491315
gene,316,distance,0.35
gene,316,dispersion,0.7
gene,316,omega2,0.7637533910752238
gene,316,deff,0.10371159722476397
gene,316,library_sparsity,0.3
gene,316,source_r2,0.033471234993275215
gene,317,abundance,0.0967741935483871
gene,317,prevalence,0.09181141439205956
gene,317,distance,0.45
gene,317,dispersion,0.8
gene,317,omega2,1.3699702843997874
gene,317,deff,0.2309118708693829
gene,317,library_sparsity,0.4
gene,317,source_r2,0.01741632039091391
gene,318,abundance,0.09429280397022333
gene,318,prevalence,0.06947890818858561
gene,318,distance,0.25
gene,318,dispersion,0.5
gene,318,omega2,0.3483169597604841
gene,318,deff,0.39430305403121
gene,318,library_sparsity,0.4
gene,318,source_r2,0.0254769790453879
gene,319,abundance,0.07692307692307693
gene,319,prevalence,0.1141439205955335
gene,319,distance,0.5
gene,319,dispersion,0.9
gene,319,omega2,1.4734134050985332
gene,319,deff,0.147979555637902
gene,319,library_sparsity,0.5
gene,319,source_r2,0.11038795174741695
gene,320,abundance,0.11662531017369727
gene,320,prevalence,0.052109181141439205
gene,320,distance,0.28
gene,320,dispersion,0.4
gene,320,omega2,0.3303555998253362
gene,320,deff,0.24577071107683973
gene,320,library_sparsity,0.4
gene,320,source_r2,0.009778153047779597
gene,321,abundance,0.1141439205955335
gene,321,prevalence,0.15632754342431762
gene,321,distance,0.6
gene,321,dispersion,0.9
gene,321,omega2,1.6049595102392338
gene,321,deff,0.2196696017338675
gene,321,library_sparsity,0.6
gene,321,source_r2,0.19353776702370465
gene,322,abundance,0.06947890818858561
gene,322,prevalence,0.10421836228287841
gene,322,distance,0.5
gene,322,dispersion,0.9
gene,322,omega2,1.480524058076029
gene,322,deff,0.1409452187525608
gene,322,library_sparsity,0.5
gene,322,source_r2,0.10599608918572431
gene,323,abundance,0.11662531017369727
gene,323,prevalence,0.10669975186104218
gene,323,distance,0.36
gene,323,dispersion,0.7
gene,323,omega2,1.3915922442184812
gene,323,deff,0.22020962867479668
gene,323,library_sparsity,0.5
gene,323,source_r2,0.037188590733917185
gene,324,abundance,0.14392059553349876
gene,324,prevalence,0.05459057071960298
gene,324,distance,0.32
gene,324,dispersion,0.4
gene,324,omega2,0.6979966132341945
gene,324,deff,0.38944929462802974
gene,324,library_sparsity,0.3
gene,324,source_r2,0.006034103285091715
gene,325,abundance,0.04962779156327544
gene,325,prevalence,0.03225806451612903
gene,325,distance,0.28
gene,325,dispersion,0.4
gene,325,omega2,0.2798379115797837
gene,325,deff,0.24142217607225738
gene,325,library_sparsity,0.2
gene,325,source_r2,0.005148866761178113
gene,326,abundance,0.07196029776674938
gene,326,prevalence,0.03722084367245657
gene,326,distance,0.32
gene,326,dispersion,0.4
gene,326,omega2,0.2400939876226085
gene,326,deff,0.22411571726414173
gene,326,library_sparsity,0.4
gene,326,source_r2,0.016551057021653635
gene,327,abundance,0.08684863523573201
gene,327,prevalence,0.06947890818858561
gene,327,distance,0.2
gene,327,dispersion,0.5
gene,327,omega2,0.2848541781955991
gene,327,deff,0.3775934356762188
gene,327,library_sparsity,0.3
gene,327,source_r2,0.028062371548695616
gene,328,abundance,0.07444168734491315
gene,328,prevalence,0.09181141439205956
gene,328,distance,0.24
gene,328,dispersion,0.4
gene,328,omega2,0.15577135048000382
gene,328,deff,0.20630640954243087
gene,328,library_sparsity,0.6
gene,328,source_r2,0.009451428409513322
gene,329,abundance,0.04466501240694789
gene,329,prevalence,0.06451612903225806
gene,329,distance,0.3
gene,329,dispersion,0.7
gene,329,omega2,1.009271170706812
gene,329,deff,0.022374548082336253
gene,329,library_sparsity,0.3
gene,329,source_r2,0.023405006071965682
gene,330,abundance,0.12158808933002481
gene,330,prevalence,0.07692307692307693
gene,330,distance,0.52
gene,330,dispersion,0.7
gene,330,omega2,0.8310959690383993
gene,330,deff,0.07638071516682102
gene,330,library_sparsity,0.4
gene,330,source_r2,0.05833210400400697
gene,331,abundance,0.08436724565756824
gene,331,prevalence,0.10669975186104218
gene,331,distance,0.25
gene,331,dispersion,0.5
gene,331,omega2,0.21126916842342872
gene,331,deff,0.3340621285833464
gene,331,library_sparsity,0.4
gene,331,source_r2,0.031312565352646524
gene,332,abundance,0.13895781637717122
gene,332,prevalence,0.03970223325062035
gene,332,distance,0.4
gene,332,dispersion,0.6
gene,332,omega2,1.1226712950906328
gene,332,deff,0.2276278659493303
gene,332,library_sparsity,0.3
gene,332,source_r2,0.00085651046296447
gene,333,abundance,0.052109181141439205
gene,333,prevalence,0.022332506203473945
gene,333,distance,0.32
gene,333,dispersion,0.5
gene,333,omega2,0.260648575752483
gene,333,deff,0.2663724325629713
gene,333,library_sparsity,0.2
gene,333,source_r2,0.00427695210121182
gene,334,abundance,0.03970223325062035
gene,334,prevalence,0.05459057071960298
gene,334,distance,0.3
gene,334,dispersion,0.6
gene,334,omega2,0.4993373163323518
gene,334,deff,0.41796860596890334
gene,334,library_sparsity,0.2
gene,334,source_r2,0.02762561848371069
gene,335,abundance,0.1662531017369727
gene,335,prevalence,0.07444168734491315
gene,335,distance,0.44
gene,335,dispersion,0.6
gene,335,omega2,0.43285511448646047
gene,335,deff,0.3715724377152624
gene,335,library_sparsity,0.4
gene,335,source_r2,0.03180775706763655
gene,336,abundance,0.04218362282878412
gene,336,prevalence,0.02729528535980149
gene,336,distance,0.28
gene,336,dispersion,0.4
gene,336,omega2,0.0031944840713942343
gene,336,deff,0.29698900972527925
gene,336,library_sparsity,0.2
gene,336,source_r2,0.01854721049731718
gene,337,abundance,0.06947890818858561
gene,337,prevalence,0.04466501240694789
gene,337,distance,0.28
gene,337,dispersion,0.4
gene,337,omega2,0.1904895418005967
gene,337,deff,0.26140254727998175
gene,337,library_sparsity,0.3
gene,337,source_r2,0.013276991217248717
gene,338,abundance,0.16129032258064516
gene,338,prevalence,0.052109181141439205
gene,338,distance,0.25
gene,338,dispersion,0.4
gene,338,omega2,0.6332160855126959
gene,338,deff,0.39140321547793067
gene,338,library_sparsity,0.3
gene,338,source_r2,0.005838383757455877
gene,339,abundance,0.11662531017369727
gene,339,prevalence,0.05707196029776675
gene,339,distance,0.24
gene,339,dispersion,0.5
gene,339,omega2,0.10163823281886822
gene,339,deff,0.4826552265306457
gene,339,library_sparsity,0.4
gene,339,source_r2,0.02499011027188647
gene,340,abundance,0.052109181141439205
gene,340,prevalence,0.01240694789081886
gene,340,distance,0.28
gene,340,dispersion,0.5
gene,340,omega2,0.34489762720771133
gene,340,deff,0.18214560380998232
gene,340,library_sparsity,0.3
gene,340,source_r2,0.006606223097602709
gene,341,abundance,0.05955334987593052
gene,341,prevalence,0.1141439205955335
gene,341,distance,0.28
gene,341,dispersion,0.4
gene,341,omega2,0.09928760656930853
gene,341,deff,0.23280550672672595
gene,341,library_sparsity,0.3
gene,341,source_r2,0.007613811789506931
gene,342,abundance,0.05459057071960298
gene,342,prevalence,0.06947890818858561
gene,342,distance,0.48
gene,342,dispersion,0.7
gene,342,omega2,0.9411893833831887
gene,342,deff,0.056067702623688785
gene,342,library_sparsity,0.4
gene,342,source_r2,0.043645809850214254
gene,343,abundance,0.05955334987593052
gene,343,prevalence,0.052109181141439205
gene,343,distance,0.4
gene,343,dispersion,0.8
gene,343,omega2,1.1366408910704249
gene,343,deff,0.2847919172106544
gene,343,library_sparsity,0.3
gene,343,source_r2,0.023691774921414086
gene,344,abundance,0.1588089330024814
gene,344,prevalence,0.08933002481389578
gene,344,distance,0.4
gene,344,dispersion,0.5
gene,344,omega2,0.9444292489992919
gene,344,deff,0.332351508971066
gene,344,library_sparsity,0.3
gene,344,source_r2,0.007947069858465217
gene,345,abundance,0.06947890818858561
gene,345,prevalence,0.11166253101736973
gene,345,distance,0.45
gene,345,dispersion,0.8
gene,345,omega2,1.6273407632762606
gene,345,deff,0.08907283270967903
gene,345,library_sparsity,0.5
gene,345,source_r2,0.05620606700891062
gene,346,abundance,0.08933002481389578
gene,346,prevalence,0.08933002481389578
gene,346,distance,0.2
gene,346,dispersion,0.5
gene,346,omega2,0.3499537474283579
gene,346,deff,0.4237790620703616
gene,346,library_sparsity,0.4
gene,346,source_r2,0.026159905386570825
gene,347,abundance,0.08436724565756824
gene,347,prevalence,0.06699751861042183
gene,347,distance,0.25
gene,347,dispersion,0.6
gene,347,omega2,0.14981721648153584
gene,347,deff,0.5555770453212342
gene,347,library_sparsity,0.3
gene,347,source_r2,0.02457775881543841
gene,348,abundance,0.07692307692307693
gene,348,prevalence,0.09181141439205956
gene,348,distance,0.32
gene,348,dispersion,0.4
gene,348,omega2,0.04723053154655245
gene,348,deff,0.2729811377916449
gene,348,library_sparsity,0.3
gene,348,source_r2,0.007295082380350474
gene,349,abundance,0.17866004962779156
gene,349,prevalence,0.08684863523573201
gene,349,distance,0.48
gene,349,dispersion,0.4
gene,349,omega2,0.22742080391999453
gene,349,deff,0.8206277904705599
gene,349,library_sparsity,0.5
gene,349,source_r2,0.06040004897060014
gene,350,abundance,0.24069478908188585
gene,350,prevalence,0.09429280397022333
gene,350,distance,0.52
gene,350,dispersion,0.6
gene,350,omega2,0.5681002689595213
gene,350,deff,0.3885142711307194
gene,350,library_sparsity,0.5
gene,350,source_r2,0.039846418399032094
gene,351,abundance,0.141439205955335
gene,351,prevalence,0.08684863523573201
gene,351,distance,0.48
gene,351,dispersion,0.5
gene,351,omega2,0.4888239293223134
gene,351,deff,0.7080352853858093
gene,351,library_sparsity,0.5
gene,351,source_r2,0.06363061370359853
gene,352,abundance,0.03970223325062035
gene,352,prevalence,0.03970223325062035
gene,352,distance,0.3
gene,352,dispersion,0.7
gene,352,omega2,1.002714250416611
gene,352,deff,0.07386914455120357
gene,352,library_sparsity,0.3
gene,352,source_r2,0.021872481006569064
gene,353,abundance,0.05459057071960298
gene,353,prevalence,0.03225806451612903
gene,353,distance,0.3
gene,353,dispersion,0.4
gene,353,omega2,0.010592039324819683
gene,353,deff,0.2735919104403539
gene,353,library_sparsity,0.3
gene,353,source_r2,0.02208297537137642
gene,354,abundance,0.12406947890818859
gene,354,prevalence,0.0794044665012407
gene,354,distance,0.28
gene,354,dispersion,0.5
gene,354,omega2,0.14679809461444956
gene,354,deff,0.49109665503503863
gene,354,library_sparsity,0.3
gene,354,source_r2,0.028116382666939093
gene,355,abundance,0.11166253101736973
gene,355,prevalence,0.07196029776674938
gene,355,distance,0.24
gene,355,dispersion,0.5
gene,355,omega2,0.10465347160403837
gene,355,deff,0.493908877208893
gene,355,library_sparsity,0.3
gene,355,source_r2,0.025339176635597812
gene,356,abundance,0.1141439205955335
gene,356,prevalence,0.11910669975186104
gene,356,distance,0.24
gene,356,dispersion,0.4
gene,356,omega2,0.437187287047732
gene,356,deff,0.3864066259018091
gene,356,library_sparsity,0.4
gene,356,source_r2,0.010448216092859626
gene,357,abundance,0.1141439205955335
gene,357,prevalence,0.02977667493796526
gene,357,distance,0.3
gene,357,dispersion,0.4
gene,357,omega2,0.5046894822794756
gene,357,deff,0.3698430630081298
gene,357,library_sparsity,0.3
gene,357,source_r2,0.0068086311409302795
gene,358,abundance,0.08684863523573201
gene,358,prevalence,0.09429280397022333
gene,358,distance,0.48
gene,358,dispersion,0.5
gene,358,omega2,0.6706622007643877
gene,358,deff,0.7725255771946213
gene,358,library_sparsity,0.6
gene,358,source_r2,0.06095937548445097
gene,359,abundance,0.11166253101736973
gene,359,prevalence,0.03970223325062035
gene,359,distance,0.32
gene,359,dispersion,0.4
gene,359,omega2,0.4642007388005366
gene,359,deff,0.14235844232493405
gene,359,library_sparsity,0.3
gene,359,source_r2,0.012611659952900705
gene,360,abundance,0.04466501240694789
gene,360,prevalence,0.062034739454094295
gene,360,distance,0.4
gene,360,dispersion,0.7
gene,360,omega2,1.1719921255921872
gene,360,deff,0.009473250026610829
gene,360,library_sparsity,0.4
gene,360,source_r2,0.03612732563565108
gene,361,abundance,0.11910669975186104
gene,361,prevalence,0.05707196029776675
gene,361,distance,0.48
gene,361,dispersion,0.6
gene,361,omega2,0.9815666572305737
gene,361,deff,0.31536194812135243
gene,361,library_sparsity,0.6
gene,361,source_r2,0.008401935069252285
gene,362,abundance,0.06451612903225806
gene,362,prevalence,0.02977667493796526
gene,362,distance,0.28
gene,362,dispersion,0.4
gene,362,omega2,0.1600809355994418
gene,362,deff,0.26030609738685867
gene,362,library_sparsity,0.3
gene,362,source_r2,0.013688616282817357
gene,363,abundance,0.16129032258064516
gene,363,prevalence,0.12158808933002481
gene,363,distance,0.5
gene,363,dispersion,0.8
gene,363,omega2,0.8770356824655902
gene,363,deff,0.8425098563017378
gene,363,library_sparsity,0.4
gene,363,source_r2,0.12766837150619156
gene,364,abundance,0.08188585607940446
gene,364,prevalence,0.10421836228287841
gene,364,distance,0.3
gene,364,dispersion,0.5
gene,364,omega2,0.26510749438984427
gene,364,deff,0.3636827106832207
gene,364,library_sparsity,0.3
gene,364,source_r2,0.027239171823721677
gene,365,abundance,0.24813895781637718
gene,365,prevalence,0.05955334987593052
gene,365,distance,0.48
gene,365,dispersion,0.4
gene,365,omega2,0.9238996820395966
gene,365,deff,0.3075576607563471
gene,365,library_sparsity,0.5
gene,365,source_r2,0.009212511655235893
gene,366,abundance,0.11166253101736973
gene,366,prevalence,0.03225806451612903
gene,366,distance,0.28
gene,366,dispersion,0.5
gene,366,omega2,0.8608019547535378
gene,366,deff,0.2886572080522088
gene,366,library_sparsity,0.4
gene,366,source_r2,9.823735166643161e-05
gene,367,abundance,0.03970223325062035
gene,367,prevalence,0.06451612903225806
gene,367,distance,0.3
gene,367,dispersion,0.6
gene,367,omega2,0.5262975672584482
gene,367,deff,0.4165291554502928
gene,367,library_sparsity,0.3
gene,367,source_r2,0.0275901304783664
gene,368,abundance,0.14640198511166252
gene,368,prevalence,0.1513647642679901
gene,368,distance,0.4
gene,368,dispersion,0.8
gene,368,omega2,0.4234916420485558
gene,368,deff,0.42291952987644765
gene,368,library_sparsity,0.5
gene,368,source_r2,0.08183191992993695
gene,369,abundance,0.062034739454094295
gene,369,prevalence,0.04962779156327544
gene,369,distance,0.4
gene,369,dispersion,0.8
gene,369,omega2,1.1105196330778806
gene,369,deff,0.2677609303099153
gene,369,library_sparsity,0.3
gene,369,source_r2,0.023776878364550544
gene,370,abundance,0.1141439205955335
gene,370,prevalence,0.03722084367245657
gene,370,distance,0.28
gene,370,dispersion,0.4
gene,370,omega2,0.32008725368648616
gene,370,deff,0.23596419998577328
gene,370,library_sparsity,0.3
gene,370,source_r2,0.009916228198485595
gene,371,abundance,0.06947890818858561
gene,371,prevalence,0.11166253101736973
gene,371,distance,0.5
gene,371,dispersion,0.9
gene,371,omega2,1.4377065364949115
gene,371,deff,0.13156061080135137
gene,371,library_sparsity,0.5
gene,371,source_r2,0.10817805494483079
gene,372,abundance,0.05955334987593052
gene,372,prevalence,0.05459057071960298
gene,372,distance,0.2
gene,372,dispersion,0.5
gene,372,omega2,0.5317799552963722
gene,372,deff,0.142521046240221
gene,372,library_sparsity,0.3
gene,372,source_r2,0.0019505890615646904
gene,373,abundance,0.08436724565756824
gene,373,prevalence,0.022332506203473945
gene,373,distance,0.28
gene,373,dispersion,0.4
gene,373,omega2,0.2242670306051663
gene,373,deff,0.24088315809707014
gene,373,library_sparsity,0.3
gene,373,source_r2,0.013350101904445619
gene,374,abundance,0.16377171215880892
gene,374,prevalence,0.11910669975186104
gene,374,distance,0.5
gene,374,dispersion,0.8
gene,374,omega2,0.8870521565795889
gene,374,deff,0.8515163703899754
gene,374,library_sparsity,0.4
gene,374,source_r2,0.12652182617822974
gene,375,abundance,0.03970223325062035
gene,375,prevalence,0.06699751861042183
gene,375,distance,0.45
gene,375,dispersion,0.7
gene,375,omega2,1.1528561600654625
gene,375,deff,0.01146873739586903
gene,375,library_sparsity,0.4
gene,375,source_r2,0.03792736571356573
gene,376,abundance,0.10173697270471464
gene,376,prevalence,0.10173697270471464
gene,376,distance,0.24
gene,376,dispersion,0.4
gene,376,omega2,0.39439095053864137
gene,376,deff,0.4110617960066512
gene,376,library_sparsity,0.4
gene,376,source_r2,0.01191632311009046
gene,377,abundance,0.10421836228287841
gene,377,prevalence,0.03225806451612903
gene,377,distance,0.36
gene,377,dispersion,0.6
gene,377,omega2,0.6612382620026885
gene,377,deff,0.11984656182233609
gene,377,library_sparsity,0.3
gene,377,source_r2,0.000420569531097253
gene,378,abundance,0.052109181141439205
gene,378,prevalence,0.052109181141439205
gene,378,distance,0.3
gene,378,dispersion,0.7
gene,378,omega2,0.9268251020146535
gene,378,deff,0.11216795143863413
gene,378,library_sparsity,0.3
gene,378,source_r2,0.019256753180736504
gene,379,abundance,0.05459057071960298
gene,379,prevalence,0.019851116625310174
gene,379,distance,0.3
gene,379,dispersion,0.4
gene,379,omega2,0.0881625517750448
gene,379,deff,0.31592600318600145
gene,379,library_sparsity,0.4
gene,379,source_r2,0.01690803064387185
gene,380,abundance,0.06699751861042183
gene,380,prevalence,0.09181141439205956
gene,380,distance,0.28
gene,380,dispersion,0.4
gene,380,omega2,0.14984743716175758
gene,380,deff,0.2065758556708868
gene,380,library_sparsity,0.5
gene,380,source_r2,0.009385261424383574
gene,381,abundance,0.08188585607940446
gene,381,prevalence,0.02729528535980149
gene,381,distance,0.28
gene,381,dispersion,0.4
gene,381,omega2,0.09310077433621422
gene,381,deff,0.3265268145742727
gene,381,library_sparsity,0.3
gene,381,source_r2,0.01000470969178521
gene,382,abundance,0.14640198511166252
gene,382,prevalence,0.03970223325062035
gene,382,distance,0.32
gene,382,dispersion,0.4
gene,382,omega2,0.7062947362261875
gene,382,deff,0.3394927483685774
gene,382,library_sparsity,0.3
gene,382,source_r2,0.006595024256039467
gene,383,abundance,0.08933002481389578
gene,383,prevalence,0.08436724565756824
gene,383,distance,0.2
gene,383,dispersion,0.5
gene,383,omega2,0.3125295814333585
gene,383,deff,0.4095970421254408
gene,383,library_sparsity,0.4
gene,383,source_r2,0.026858009637914217
gene,384,abundance,0.06699751861042183
gene,384,prevalence,0.02481389578163772
gene,384,distance,0.24
gene,384,dispersion,0.4
gene,384,omega2,0.12951597624053787
gene,384,deff,0.2601857979091987
gene,384,library_sparsity,0.3
gene,384,source_r2,0.011787033780771136
gene,385,abundance,0.15384615384615385
gene,385,prevalence,0.03722084367245657
gene,385,distance,0.44
gene,385,dispersion,0.6
gene,385,omega2,1.1801597106754669
gene,385,deff,0.2186922258251735
gene,385,library_sparsity,0.4
gene,385,source_r2,0.0004796780307970209
gene,386,abundance,0.07444168734491315
gene,386,prevalence,0.05707196029776675
gene,386,distance,0.4
gene,386,dispersion,0.8
gene,386,omega2,1.148168052042652
gene,386,deff,0.27151788633235246
gene,386,library_sparsity,0.3
gene,386,source_r2,0.02392646410276424
gene,387,abundance,0.062034739454094295
gene,387,prevalence,0.08188585607940446
gene,387,distance,0.3
gene,387,dispersion,0.7
gene,387,omega2,0.7423849741029457
gene,387,deff,0.07835249506047517
gene,387,library_sparsity,0.3
gene,387,source_r2,0.03439698087225262
gene,388,abundance,0.11910669975186104
gene,388,prevalence,0.06699751861042183
gene,388,distance,0.4
gene,388,dispersion,0.7
gene,388,omega2,1.4200850417636757
gene,388,deff,0.1911559924412387
gene,388,library_sparsity,0.4
gene,388,source_r2,0.015676364939794678
gene,389,abundance,0.08436724565756824
gene,389,prevalence,0.04466501240694789
gene,389,distance,0.25
gene,389,dispersion,0.6
gene,389,omega2,0.132730643683189
gene,389,deff,0.5396669125058388
gene,389,library_sparsity,0.4
gene,389,source_r2,0.02291593285183497
gene,390,abundance,0.1761786600496278
gene,390,prevalence,0.07692307692307693
gene,390,distance,0.28
gene,390,dispersion,0.6
gene,390,omega2,0.2672648708077979
gene,390,deff,0.4580953226667479
gene,390,library_sparsity,0.4
gene,390,source_r2,0.02861689341832536
gene,391,abundance,0.07196029776674938
gene,391,prevalence,0.05459057071960298
gene,391,distance,0.4
gene,391,dispersion,0.7
gene,391,omega2,0.9506427311221803
gene,391,deff,0.04528942750340326
gene,391,library_sparsity,0.4
gene,391,source_r2,0.04843606526623133
gene,392,abundance,0.14640198511166252
gene,392,prevalence,0.04714640198511166
gene,392,distance,0.4
gene,392,dispersion,0.6
gene,392,omega2,1.1090411297147291
gene,392,deff,0.21757124050110202
gene,392,library_sparsity,0.4
gene,392,source_r2,0.0005622754228950977
gene,393,abundance,0.14392059553349876
gene,393,prevalence,0.04714640198511166
gene,393,distance,0.6
gene,393,dispersion,0.5
gene,393,omega2,0.16057561648105179
gene,393,deff,0.4060954584443438
gene,393,library_sparsity,0.4
gene,393,source_r2,0.039248283284478276
gene,394,abundance,0.12406947890818859
gene,394,prevalence,0.02729528535980149
gene,394,distance,0.35
gene,394,dispersion,0.4
gene,394,omega2,0.5068158224613446
gene,394,deff,0.39589720803926687
gene,394,library_sparsity,0.3
gene,394,source_r2,0.006207201631426305
gene,395,abundance,0.08436724565756824
gene,395,prevalence,0.10669975186104218
gene,395,distance,0.25
gene,395,dispersion,0.5
gene,395,omega2,0.19251504401723346
gene,395,deff,0.3304286782684892
gene,395,library_sparsity,0.4
gene,395,source_r2,0.03071155915459987
gene,396,abundance,0.17866004962779156
gene,396,prevalence,0.15384615384615385
gene,396,distance,0.44
gene,396,dispersion,0.7
gene,396,omega2,0.05099472873488607
gene,396,deff,0.5446955574244836
gene,396,library_sparsity,0.5
gene,396,source_r2,0.08408595745624295
gene,397,abundance,0.0794044665012407
gene,397,prevalence,0.019851116625310174
gene,397,distance,0.24
gene,397,dispersion,0.4
gene,397,omega2,0.1288762008166695
gene,397,deff,0.2943665346885769
gene,397,library_sparsity,0.3
gene,397,source_r2,0.010871117133320788
gene,398,abundance,0.11166253101736973
gene,398,prevalence,0.04218362282878412
gene,398,distance,0.48
gene,398,dispersion,0.6
gene,398,omega2,0.9188589029572191
gene,398,deff,0.3228502124612052
gene,398,library_sparsity,0.5
gene,398,source_r2,0.012268766065916727
gene,399,abundance,0.062034739454094295
gene,399,prevalence,0.034739454094292806
gene,399,distance,0.24
gene,399,dispersion,0.5
gene,399,omega2,0.44896414376886207
gene,399,deff,0.19284232504338508
gene,399,library_sparsity,0.2
gene,399,source_r2,0.0007764159388336717
gene,400,abundance,0.16377171215880892
gene,400,prevalence,0.07444168734491315
gene,400,distance,0.4
gene,400,dispersion,0.6
gene,400,omega2,0.4167316824420113
gene,400,deff,0.4160678915508585
gene,400,library_sparsity,0.5
gene,400,source_r2,0.033659229936126314
gene,401,abundance,0.062034739454094295
gene,401,prevalence,0.04218362282878412
gene,401,distance,0.16
gene,401,dispersion,0.5
gene,401,omega2,0.5073007097733834
gene,401,deff,0.15913547006359266
gene,401,library_sparsity,0.4
gene,401,source_r2,0.001590425197170528
gene,402,abundance,0.11166253101736973
gene,402,prevalence,0.04218362282878412
gene,402,distance,0.32
gene,402,dispersion,0.4
gene,402,omega2,0.4579615346629748
gene,402,deff,0.148350654234395
gene,402,library_sparsity,0.4
gene,402,source_r2,0.011774567164361672
gene,403,abundance,0.04962779156327544
gene,403,prevalence,0.062034739454094295
gene,403,distance,0.2
gene,403,dispersion,0.4
gene,403,omega2,0.29343375940906813
gene,403,deff,0.2002759785566935
gene,403,library_sparsity,0.2
gene,403,source_r2,0.0063468296500276905
gene,404,abundance,0.1315136476426799
gene,404,prevalence,0.0794044665012407
gene,404,distance,0.28
gene,404,dispersion,0.6
gene,404,omega2,0.02701554046173131
gene,404,deff,0.3048642148343219
gene,404,library_sparsity,0.4
gene,404,source_r2,0.032357162760619604
gene,405,abundance,0.20099255583126552
gene,405,prevalence,0.12158808933002481
gene,405,distance,0.5
gene,405,dispersion,0.8
gene,405,omega2,0.6025226454678569
gene,405,deff,0.9199100063620474
gene,405,library_sparsity,0.5
gene,405,source_r2,0.12393842701429353
gene,406,abundance,0.06699751861042183
gene,406,prevalence,0.01488833746898263
gene,406,distance,0.2
gene,406,dispersion,0.5
gene,406,omega2,0.5272038111780536
gene,406,deff,0.1430909879476175
gene,406,library_sparsity,0.4
gene,406,source_r2,0.0019477548463242443
gene,407,abundance,0.18362282878411912
gene,407,prevalence,0.0794044665012407
gene,407,distance,0.28
gene,407,dispersion,0.6
gene,407,omega2,0.2513491599981355
gene,407,deff,0.4645988010285845
gene,407,library_sparsity,0.3
gene,407,source_r2,0.03212577752973889
gene,408,abundance,0.17369727047146402
gene,408,prevalence,0.09429280397022333
gene,408,distance,0.48
gene,408,dispersion,0.4
gene,408,omega2,0.22593236868804878
gene,408,deff,0.8299272461524156
gene,408,library_sparsity,0.6
gene,408,source_r2,0.06155772282918957
gene,409,abundance,0.16129032258064516
gene,409,prevalence,0.052109181141439205
gene,409,distance,0.6
gene,409,dispersion,0.5
gene,409,omega2,0.010371492588081772
gene,409,deff,0.7343935073679324
gene,409,library_sparsity,0.4
gene,409,source_r2,0.027196714922533706
gene,410,abundance,0.11662531017369727
gene,410,prevalence,0.05459057071960298
gene,410,distance,0.24
gene,410,dispersion,0.6
gene,410,omega2,0.12458770496863707
gene,410,deff,0.4758547548775779
gene,410,library_sparsity,0.4
gene,410,source_r2,0.025717060034299646
gene,411,abundance,0.17369727047146402
gene,411,prevalence,0.10669975186104218
gene,411,distance,0.48
gene,411,dispersion,0.4
gene,411,omega2,0.22386681225199467
gene,411,deff,0.7783006986453977
gene,411,library_sparsity,0.5
gene,411,source_r2,0.06255548703874313
gene,412,abundance,0.11910669975186104
gene,412,prevalence,0.07444168734491315
gene,412,distance,0.36
gene,412,dispersion,0.7
gene,412,omega2,1.390692129126864
gene,412,deff,0.2019359923765932
gene,412,library_sparsity,0.4
gene,412,source_r2,0.01593532404298605
gene,413,abundance,0.1315136476426799
gene,413,prevalence,0.07692307692307693
gene,413,distance,0.28
gene,413,dispersion,0.7
gene,413,omega2,0.020559150755264384
gene,413,deff,0.29277091064941385
gene,413,library_sparsity,0.3
gene,413,source_r2,0.031072398223340274
gene,414,abundance,0.07196029776674938
gene,414,prevalence,0.10918114143920596
gene,414,distance,0.32
gene,414,dispersion,0.7
gene,414,omega2,1.2230469410403733
gene,414,deff,0.021485170303884155
gene,414,library_sparsity,0.4
gene,414,source_r2,0.01641362910698967
gene,415,abundance,0.141439205955335
gene,415,prevalence,0.12903225806451613
gene,415,distance,0.4
gene,415,dispersion,0.5
gene,415,omega2,0.5752586368985837
gene,415,deff,0.342349983447593
gene,415,library_sparsity,0.4
gene,415,source_r2,0.017352406135291973
gene,416,abundance,0.18858560794044665
gene,416,prevalence,0.11910669975186104
gene,416,distance,0.36
gene,416,dispersion,0.7
gene,416,omega2,0.5911071729765118
gene,416,deff,0.9138390481493291
gene,416,library_sparsity,0.5
gene,416,source_r2,0.12300288291128304
gene,417,abundance,0.17121588089330025
gene,417,prevalence,0.10421836228287841
gene,417,distance,0.48
gene,417,dispersion,0.4
gene,417,omega2,0.20443924677135678
gene,417,deff,0.7936115832952819
gene,417,library_sparsity,0.5
gene,417,source_r2,0.06252982249942109
gene,418,abundance,0.09925558312655088
gene,418,prevalence,0.02977667493796526
gene,418,distance,0.32
gene,418,dispersion,0.4
gene,418,omega2,0.6077949077041649
gene,418,deff,0.35726900838362974
gene,418,library_sparsity,0.3
gene,418,source_r2,0.009617186841874221
gene,419,abundance,0.1141439205955335
gene,419,prevalence,0.07196029776674938
gene,419,distance,0.35
gene,419,dispersion,0.6
gene,419,omega2,0.19852020106214557
gene,419,deff,0.4521976367280665
gene,419,library_sparsity,0.3
gene,419,source_r2,0.02743361091770272
gene,420,abundance,0.1935483870967742
gene,420,prevalence,0.05955334987593052
gene,420,distance,0.28
gene,420,dispersion,0.6
gene,420,omega2,0.3037497103984983
gene,420,deff,0.47103893775099753
gene,420,library_sparsity,0.3
gene,420,source_r2,0.032045850914136184
gene,421,abundance,0.04962779156327544
gene,421,prevalence,0.02977667493796526
gene,421,distance,0.32
gene,421,dispersion,0.5
gene,421,omega2,0.38820054022066447
gene,421,deff,0.1735868771178086
gene,421,library_sparsity,0.6
gene,421,source_r2,0.006823751901783457
gene,422,abundance,0.141439205955335
gene,422,prevalence,0.05459057071960298
gene,422,distance,0.32
gene,422,dispersion,0.4
gene,422,omega2,0.6918964615263359
gene,422,deff,0.38669607108542503
gene,422,library_sparsity,0.3
gene,422,source_r2,0.005832508620033531
gene,423,abundance,0.11662531017369727
gene,423,prevalence,0.07692307692307693
gene,423,distance,0.32
gene,423,dispersion,0.5
gene,423,omega2,0.1330875638526725
gene,423,deff,0.4863104301846293
gene,423,library_sparsity,0.2
gene,423,source_r2,0.026926907366189044
gene,424,abundance,0.052109181141439205
gene,424,prevalence,0.02481389578163772
gene,424,distance,0.32
gene,424,dispersion,0.5
gene,424,omega2,0.37667983483983014
gene,424,deff,0.15401776829165814
gene,424,library_sparsity,0.5
gene,424,source_r2,0.007636481760379637
gene,425,abundance,0.17121588089330025
gene,425,prevalence,0.08933002481389578
gene,425,distance,0.32
gene,425,dispersion,0.6
gene,425,omega2,0.2858891258624309
gene,425,deff,0.5003391552827878
gene,425,library_sparsity,0.4
gene,425,source_r2,0.03320860569214272
gene,426,abundance,0.07444168734491315
gene,426,prevalence,0.03722084367245657
gene,426,distance,0.3
gene,426,dispersion,0.5
gene,426,omega2,0.6526436897348012
gene,426,deff,0.34799960847966677
gene,426,library_sparsity,0.3
gene,426,source_r2,0.0023931644463526876
gene,427,abundance,0.062034739454094295
gene,427,prevalence,0.06699751861042183
gene,427,distance,0.4
gene,427,dispersion,0.7
gene,427,omega2,0.9544397206305875
gene,427,deff,0.04800860887738576
gene,427,library_sparsity,0.4
gene,427,source_r2,0.04640403716595943
gene,428,abundance,0.07444168734491315
gene,428,prevalence,0.019851116625310174
gene,428,distance,0.28
gene,428,dispersion,0.5
gene,428,omega2,0.6492872188314972
gene,428,deff,0.33635361414593085
gene,428,library_sparsity,0.4
gene,428,source_r2,0.0021784274754202033
gene,429,abundance,0.14640198511166252
gene,429,prevalence,0.04218362282878412
gene,429,distance,0.44
gene,429,dispersion,0.6
gene,429,omega2,1.137993726815548
gene,429,deff,0.1956484895374738
gene,429,library_sparsity,0.3
gene,429,source_r2,0.0004943152958011457
gene,430,abundance,0.11910669975186104
gene,430,prevalence,0.07692307692307693
gene,430,distance,0.32
gene,430,dispersion,0.5
gene,430,omega2,0.13773801450290318
gene,430,deff,0.4887235549706165
gene,430,library_sparsity,0.3
gene,430,source_r2,0.026987406568853133
gene,431,abundance,0.10918114143920596
gene,431,prevalence,0.02977667493796526
gene,431,distance,0.24
gene,431,dispersion,0.5
gene,431,omega2,0.7943648250880481
gene,431,deff,0.3017307454218267
gene,431,library_sparsity,0.3
gene,431,source_r2,0.00025197433034050796
gene,432,abundance,0.08684863523573201
gene,432,prevalence,0.08188585607940446
gene,432,distance,0.2
gene,432,dispersion,0.5
gene,432,omega2,0.27566643791852286
gene,432,deff,0.4042837449761693
gene,432,library_sparsity,0.3
gene,432,source_r2,0.028334738712558098
gene,433,abundance,0.07692307692307693
gene,433,prevalence,0.1513647642679901
gene,433,distance,0.5
gene,433,dispersion,0.9
gene,433,omega2,1.4713067288884354
gene,433,deff,0.16431207078410848
gene,433,library_sparsity,0.5
gene,433,source_r2,0.10881211770636326
gene,434,abundance,0.04962779156327544
gene,434,prevalence,0.04962779156327544
gene,434,distance,0.2
gene,434,dispersion,0.4
gene,434,omega2,0.31406929120420957
gene,434,deff,0.22333133672437927
gene,434,library_sparsity,0.2
gene,434,source_r2,0.006103651123947712
gene,435,abundance,0.062034739454094295
gene,435,prevalence,0.08188585607940446
gene,435,distance,0.36
gene,435,dispersion,0.7
gene,435,omega2,0.6542539855981968
gene,435,deff,0.148617363459166
gene,435,library_sparsity,0.3
gene,435,source_r2,0.0284200372605212
gene,436,abundance,0.1935483870967742
gene,436,prevalence,0.05955334987593052
gene,436,distance,0.28
gene,436,dispersion,0.6
gene,436,omega2,0.27994953197198996
gene,436,deff,0.4569151071055423
gene,436,library_sparsity,0.3
gene,436,source_r2,0.03134957011201533
gene,437,abundance,0.1315136476426799
gene,437,prevalence,0.07196029776674938
gene,437,distance,0.45
gene,437,dispersion,0.5
gene,437,omega2,0.7582053062284791
gene,437,deff,0.4012626392808218
gene,437,library_sparsity,0.3
gene,437,source_r2,0.011629577622328052
gene,438,abundance,0.15632754342431762
gene,438,prevalence,0.04466501240694789
gene,438,distance,0.28
gene,438,dispersion,0.4
gene,438,omega2,0.6991366364647872
gene,438,deff,0.3737685266433554
gene,438,library_sparsity,0.3
gene,438,source_r2,0.005913184470129059
gene,439,abundance,0.11662531017369727
gene,439,prevalence,0.07692307692307693
gene,439,distance,0.44
gene,439,dispersion,0.7
gene,439,omega2,0.4346366328620963
gene,439,deff,0.19434033405543938
gene,439,library_sparsity,0.3
gene,439,source_r2,0.040918737983881855
gene,440,abundance,0.05707196029776675
gene,440,prevalence,0.017369727047146403
gene,440,distance,0.24
gene,440,dispersion,0.5
gene,440,omega2,0.5682013808040423
gene,440,deff,0.12193245016274837
gene,440,library_sparsity,0.2
gene,440,source_r2,0.002331264079523615
gene,441,abundance,0.1662531017369727
gene,441,prevalence,0.0794044665012407
gene,441,distance,0.32
gene,441,dispersion,0.6
gene,441,omega2,0.3339168008221536
gene,441,deff,0.42764714445203955
gene,441,library_sparsity,0.3
gene,441,source_r2,0.03177281589796058
gene,442,abundance,0.1141439205955335
gene,442,prevalence,0.04714640198511166
gene,442,distance,0.25
gene,442,dispersion,0.4
gene,442,omega2,0.45243880056431307
gene,442,deff,0.42308745639574197
gene,442,library_sparsity,0.2
gene,442,source_r2,0.005464367392619874
gene,443,abundance,0.05707196029776675
gene,443,prevalence,0.05955334987593052
gene,443,distance,0.36
gene,443,dispersion,0.7
gene,443,omega2,0.6634786355301799
gene,443,deff,0.16195709412610626
gene,443,library_sparsity,0.2
gene,443,source_r2,0.028853203572492936
gene,444,abundance,0.07196029776674938
gene,444,prevalence,0.02977667493796526
gene,444,distance,0.25
gene,444,dispersion,0.5
gene,444,omega2,0.5552467270415632
gene,444,deff,0.3889653516269028
gene,444,library_sparsity,0.3
gene,444,source_r2,0.002063753394364518
gene,445,abundance,0.12158808933002481
gene,445,prevalence,0.05955334987593052
gene,445,distance,0.44
gene,445,dispersion,0.7
gene,445,omega2,1.451550742535455
gene,445,deff,0.21432678439741445
gene,445,library_sparsity,0.6
gene,445,source_r2,0.03642724590222461
gene,446,abundance,0.10173697270471464
gene,446,prevalence,0.04714640198511166
gene,446,distance,0.45
gene,446,dispersion,0.7
gene,446,omega2,1.3595666162704152
gene,446,deff,0.20442699340657033
gene,446,library_sparsity,0.4
gene,446,source_r2,0.016799796182941185
gene,447,abundance,0.11166253101736973
gene,447,prevalence,0.04714640198511166
gene,447,distance,0.32
gene,447,dispersion,0.5
gene,447,omega2,0.8831436445113363
gene,447,deff,0.30416680658816997
gene,447,library_sparsity,0.3
gene,447,source_r2,0.00036258703074846355
gene,448,abundance,0.14640198511166252
gene,448,prevalence,0.05459057071960298
gene,448,distance,0.36
gene,448,dispersion,0.6
gene,448,omega2,1.0896925126490518
gene,448,deff,0.2506614245214347
gene,448,library_sparsity,0.4
gene,448,source_r2,0.0010607826514548498
gene,449,abundance,0.04962779156327544
gene,449,prevalence,0.034739454094292806
gene,449,distance,0.2
gene,449,dispersion,0.5
gene,449,omega2,0.5175262038808923
gene,449,deff,0.1785224206840385
gene,449,library_sparsity,0.2
gene,449,source_r2,0.0019141712993118558
gene,450,abundance,0.1687344913151365
gene,450,prevalence,0.08933002481389578
gene,450,distance,0.28
gene,450,dispersion,0.6
gene,450,omega2,0.22135897516104938
gene,450,deff,0.48848932668229283
gene,450,library_sparsity,0.4
gene,450,source_r2,0.03296306796049059
gene,451,abundance,0.17121588089330025
gene,451,prevalence,0.07444168734491315
gene,451,distance,0.28
gene,451,dispersion,0.6
gene,451,omega2,0.3392263676352721
gene,451,deff,0.4318675235499757
gene,451,library_sparsity,0.3
gene,451,source_r2,0.032216046861883826
gene,452,abundance,0.11662531017369727
gene,452,prevalence,0.08933002481389578
gene,452,distance,0.28
gene,452,dispersion,0.6
gene,452,omega2,0.11921209091806866
gene,452,deff,0.49240034421003737
gene,452,library_sparsity,0.3
gene,452,source_r2,0.02778493842169313
gene,453,abundance,0.06699751861042183
gene,453,prevalence,0.03225806451612903
gene,453,distance,0.24
gene,453,dispersion,0.4
gene,453,omega2,0.1840324637017328
gene,453,deff,0.26960250723349993
gene,453,library_sparsity,0.3
gene,453,source_r2,0.013704588073336096
gene,454,abundance,0.17121588089330025
gene,454,prevalence,0.14392059553349876
gene,454,distance,0.55
gene,454,dispersion,0.9
gene,454,omega2,1.3958218352932263
gene,454,deff,0.17193093098212733
gene,454,library_sparsity,0.6
gene,454,source_r2,0.20586693032554237
gene,455,abundance,0.10173697270471464
gene,455,prevalence,0.08188585607940446
gene,455,distance,0.25
gene,455,dispersion,0.5
gene,455,omega2,0.3021689399041765
gene,455,deff,0.391434491259178
gene,455,library_sparsity,0.4
gene,455,source_r2,0.027895322828857875
gene,456,abundance,0.062034739454094295
gene,456,prevalence,0.052109181141439205
gene,456,distance,0.3
gene,456,dispersion,0.7
gene,456,omega2,0.6841709000073295
gene,456,deff,0.14743861915944773
gene,456,library_sparsity,0.4
gene,456,source_r2,0.03158799658475816
gene,457,abundance,0.17369727047146402
gene,457,prevalence,0.10918114143920596
gene,457,distance,0.32
gene,457,dispersion,0.6
gene,457,omega2,0.33611211618151293
gene,457,deff,0.43833378458117767
gene,457,library_sparsity,0.5
gene,457,source_r2,0.034412851440479196
gene,458,abundance,0.062034739454094295
gene,458,prevalence,0.08436724565756824
gene,458,distance,0.32
gene,458,dispersion,0.7
gene,458,omega2,0.793879122091717
gene,458,deff,0.07971009003982481
gene,458,library_sparsity,0.3
gene,458,source_r2,0.032071883992313845
gene,459,abundance,0.12158808933002481
gene,459,prevalence,0.04218362282878412
gene,459,distance,0.4
gene,459,dispersion,0.7
gene,459,omega2,1.6602550225351307
gene,459,deff,0.15522086982472227
gene,459,library_sparsity,0.3
gene,459,source_r2,0.011593711072332341
gene,460,abundance,0.03722084367245657
gene,460,prevalence,0.052109181141439205
gene,460,distance,0.3
gene,460,dispersion,0.6
gene,460,omega2,0.49306436738912535
gene,460,deff,0.4216402235772349
gene,460,library_sparsity,0.3
gene,460,source_r2,0.026330682137599495
gene,461,abundance,0.13647642679900746
gene,461,prevalence,0.06699751861042183
gene,461,distance,0.28
gene,461,dispersion,0.7
gene,461,omega2,0.003628210010513734
gene,461,deff,0.27812551991777934
gene,461,library_sparsity,0.3
gene,461,source_r2,0.03209339024199767
gene,462,abundance,0.11910669975186104
gene,462,prevalence,0.052109181141439205
gene,462,distance,0.24
gene,462,dispersion,0.4
gene,462,omega2,0.3693828282141985
gene,462,deff,0.2112736648129794
gene,462,library_sparsity,0.3
gene,462,source_r2,0.010042359241466693
gene,463,abundance,0.16129032258064516
gene,463,prevalence,0.09181141439205956
gene,463,distance,0.52
gene,463,dispersion,0.5
gene,463,omega2,0.25699571785326736
gene,463,deff,0.8314518680674434
gene,463,library_sparsity,0.5
gene,463,source_r2,0.06125999008739995
gene,464,abundance,0.062034739454094295
gene,464,prevalence,0.11166253101736973
gene,464,distance,0.45
gene,464,dispersion,0.8
gene,464,omega2,1.473709127087442
gene,464,deff,0.07269286404882559
gene,464,library_sparsity,0.4
gene,464,source_r2,0.06957396997072347
gene,465,abundance,0.20099255583126552
gene,465,prevalence,0.12158808933002481
gene,465,distance,0.5
gene,465,dispersion,0.8
gene,465,omega2,0.6002451880218586
gene,465,deff,0.9199240645402997
gene,465,library_sparsity,0.4
gene,465,source_r2,0.12441834140087407
gene,466,abundance,0.08684863523573201
gene,466,prevalence,0.08933002481389578
gene,466,distance,0.25
gene,466,dispersion,0.5
gene,466,omega2,0.24441197092912523
gene,466,deff,0.3685871168411059
gene,466,library_sparsity,0.3
gene,466,source_r2,0.029880733300693293
gene,467,abundance,0.05707196029776675
gene,467,prevalence,0.11166253101736973
gene,467,distance,0.35
gene,467,dispersion,0.7
gene,467,omega2,0.9020781534894686
gene,467,deff,0.5458633772697881
gene,467,library_sparsity,0.5
gene,467,source_r2,0.06352735209742949
gene,468,abundance,0.1141439205955335
gene,468,prevalence,0.05459057071960298
gene,468,distance,0.45
gene,468,dispersion,0.7
gene,468,omega2,1.3677240056451916
gene,468,deff,0.2119106937619859
gene,468,library_sparsity,0.3
gene,468,source_r2,0.01689078479166256
gene,469,abundance,0.1588089330024814
gene,469,prevalence,0.04466501240694789
gene,469,distance,0.32
gene,469,dispersion,0.4
gene,469,omega2,0.7693557214106149
gene,469,deff,0.35457041339227874
gene,469,library_sparsity,0.4
gene,469,source_r2,0.006950424173830781
gene,470,abundance,0.1761786600496278
gene,470,prevalence,0.0794044665012407
gene,470,distance,0.28
gene,470,dispersion,0.6
gene,470,omega2,0.279411378290934
gene,470,deff,0.461110210389203
gene,470,library_sparsity,0.4
gene,470,source_r2,0.028775108639658695
gene,471,abundance,0.0794044665012407
gene,471,prevalence,0.1513647642679901
gene,471,distance,0.5
gene,471,dispersion,0.9
gene,471,omega2,1.4416171725015767
gene,471,deff,0.15045494759047
gene,471,library_sparsity,0.6
gene,471,source_r2,0.11267545497787605
gene,472,abundance,0.1488833746898263
gene,472,prevalence,0.03225806451612903
gene,472,distance,0.4
gene,472,dispersion,0.6
gene,472,omega2,1.1946980294312521
gene,472,deff,0.19978641572665404
gene,472,library_sparsity,0.5
gene,472,source_r2,0.00042115504654832085
gene,473,abundance,0.07196029776674938
gene,473,prevalence,0.022332506203473945
gene,473,distance,0.28
gene,473,dispersion,0.5
gene,473,omega2,0.6561365462614144
gene,473,deff,0.32457409353209676
gene,473,library_sparsity,0.3
gene,473,source_r2,0.0022168676051714303
gene,474,abundance,0.17121588089330025
gene,474,prevalence,0.141439205955335
gene,474,distance,0.4
gene,474,dispersion,0.7
gene,474,omega2,0.115581563855606
gene,474,deff,0.576443953634456
gene,474,library_sparsity,0.5
gene,474,source_r2,0.083566005451639
gene,475,abundance,0.04962779156327544
gene,475,prevalence,0.02481389578163772
gene,475,distance,0.28
gene,475,dispersion,0.5
gene,475,omega2,0.39413982010589615
gene,475,deff,0.1664034877781558
gene,475,library_sparsity,0.4
gene,475,source_r2,0.007518686149677211
gene,476,abundance,0.09925558312655088
gene,476,prevalence,0.034739454094292806
gene,476,distance,0.36
gene,476,dispersion,0.5
gene,476,omega2,0.13793349098245758
gene,476,deff,0.238604640919485
gene,476,library_sparsity,0.3
gene,476,source_r2,0.014087505243720887
gene,477,abundance,0.062034739454094295
gene,477,prevalence,0.05707196029776675
gene,477,distance,0.3
gene,477,dispersion,0.7
gene,477,omega2,0.7477731694107578
gene,477,deff,0.11466950481753287
gene,477,library_sparsity,0.2
gene,477,source_r2,0.031003866777496388
gene,478,abundance,0.12158808933002481
gene,478,prevalence,0.11166253101736973
gene,478,distance,0.24
gene,478,dispersion,0.5
gene,478,omega2,0.10135116580882493
gene,478,deff,0.5017861674546511
gene,478,library_sparsity,0.4
gene,478,source_r2,0.027261989377015967
gene,479,abundance,0.06451612903225806
gene,479,prevalence,0.03225806451612903
gene,479,distance,0.48
gene,479,dispersion,0.6
gene,479,omega2,0.6042082939907497
gene,479,deff,0.124071374440063
gene,479,library_sparsity,0.4
gene,479,source_r2,0.011322092863878308
gene,480,abundance,0.07196029776674938
gene,480,prevalence,0.04714640198511166
gene,480,distance,0.24
gene,480,dispersion,0.4
gene,480,omega2,0.1303975092215328
gene,480,deff,0.29197473844832333
gene,480,library_sparsity,0.3
gene,480,source_r2,0.010177083506965423
gene,481,abundance,0.14392059553349876
gene,481,prevalence,0.04218362282878412
gene,481,distance,0.36
gene,481,dispersion,0.4
gene,481,omega2,0.7501732381439705
gene,481,deff,0.3316600634015602
gene,481,library_sparsity,0.4
gene,481,source_r2,0.006302839874765051
gene,482,abundance,0.03970223325062035
gene,482,prevalence,0.04466501240694789
gene,482,distance,0.25
gene,482,dispersion,0.4
gene,482,omega2,0.01627186109394075
gene,482,deff,0.29360770020752985
gene,482,library_sparsity,0.2
gene,482,source_r2,0.019144815316014134
gene,483,abundance,0.062034739454094295
gene,483,prevalence,0.08188585607940446
gene,483,distance,0.28
gene,483,dispersion,0.4
gene,483,omega2,0.13139690575883134
gene,483,deff,0.32424146418325756
gene,483,library_sparsity,0.4
gene,483,source_r2,0.005642969941648611
gene,484,abundance,0.11166253101736973
gene,484,prevalence,0.08188585607940446
gene,484,distance,0.24
gene,484,dispersion,0.5
gene,484,omega2,0.01563481758411067
gene,484,deff,0.5559557068408659
gene,484,library_sparsity,0.4
gene,484,source_r2,0.025859945707710587
gene,485,abundance,0.16377171215880892
gene,485,prevalence,0.06947890818858561
gene,485,distance,0.36
gene,485,dispersion,0.6
gene,485,omega2,0.3608307880776036
gene,485,deff,0.4025201327705449
gene,485,library_sparsity,0.3
gene,485,source_r2,0.031036721994417683
gene,486,abundance,0.12406947890818859
gene,486,prevalence,0.10918114143920596
gene,486,distance,0.5
gene,486,dispersion,0.9
gene,486,omega2,1.8833644706611292
gene,486,deff,0.17294368436420124
gene,486,library_sparsity,0.5
gene,486,source_r2,0.05832278034882325
gene,487,abundance,0.13647642679900746
gene,487,prevalence,0.10918114143920596
gene,487,distance,0.52
gene,487,dispersion,0.5
gene,487,omega2,0.4737477802482934
gene,487,deff,0.673945871105409
gene,487,library_sparsity,0.5
gene,487,source_r2,0.06867142844042917
gene,488,abundance,0.1315136476426799
gene,488,prevalence,0.10173697270471464
gene,488,distance,0.32
gene,488,dispersion,0.7
gene,488,omega2,0.01668608418696329
gene,488,deff,0.316053258830525
gene,488,library_sparsity,0.4
gene,488,source_r2,0.03101386156808518
gene,489,abundance,0.10918114143920596
gene,489,prevalence,0.10173697270471464
gene,489,distance,0.24
gene,489,dispersion,0.4
gene,489,omega2,0.387719993163804
gene,489,deff,0.3955648952415373
gene,489,library_sparsity,0.4
gene,489,source_r2,0.009714942864917538
gene,490,abundance,0.04714640198511166
gene,490,prevalence,0.02977667493796526
gene,490,distance,0.32
gene,490,dispersion,0.4
gene,490,omega2,0.008754403635886018
gene,490,deff,0.2762288594715105
gene,490,library_sparsity,0.3
gene,490,source_r2,0.022090938231853062
gene,491,abundance,0.08933002481389578
gene,491,prevalence,0.10173697270471464
gene,491,distance,0.2
gene,491,dispersion,0.5
gene,491,omega2,0.1656288607884382
gene,491,deff,0.34879743636047095
gene,491,library_sparsity,0.4
gene,491,source_r2,0.031960244897784935
gene,492,abundance,0.05955334987593052
gene,492,prevalence,0.12655086848635236
gene,492,distance,0.24
gene,492,dispersion,0.4
gene,492,omega2,0.1588653286622318
gene,492,deff,0.2185798629891547
gene,492,library_sparsity,0.4
gene,492,source_r2,0.008565591456166649
gene,493,abundance,0.15632754342431762
gene,493,prevalence,0.034739454094292806
gene,493,distance,0.36
gene,493,dispersion,0.6
gene,493,omega2,1.1405069671704067
gene,493,deff,0.2189594819469114
gene,493,library_sparsity,0.4
gene,493,source_r2,0.0007893787295057272
gene,494,abundance,0.11166253101736973
gene,494,prevalence,0.09925558312655088
gene,494,distance,0.28
gene,494,dispersion,0.4
gene,494,omega2,0.47229483032228115
gene,494,deff,0.3502578133095046
gene,494,library_sparsity,0.6
gene,494,source_r2,0.010448948623064943
gene,495,abundance,0.11166253101736973
gene,495,prevalence,0.05459057071960298
gene,495,distance,0.24
gene,495,dispersion,0.5
gene,495,omega2,0.8798381777214748
gene,495,deff,0.277953562565445
gene,495,library_sparsity,0.4
gene,495,source_r2,0.0002060772191764844
gene,496,abundance,0.10173697270471464
gene,496,prevalence,0.04218362282878412
gene,496,distance,0.3
gene,496,dispersion,0.4
gene,496,omega2,0.45459576483804315
gene,496,deff,0.41801355746984303
gene,496,library_sparsity,0.3
gene,496,source_r2,0.004573910868390675
gene,497,abundance,0.09181141439205956
gene,497,prevalence,0.09925558312655088
gene,497,distance,0.55
gene,497,dispersion,0.9
gene,497,omega2,1.7253270988228087
gene,497,deff,0.15901843036558216
gene,497,library_sparsity,0.5
gene,497,source_r2,0.09735937637242918
gene,498,abundance,0.062034739454094295
gene,498,prevalence,0.07692307692307693
gene,498,distance,0.32
gene,498,dispersion,0.7
gene,498,omega2,0.7837366090183697
gene,498,deff,0.09306601418846708
gene,498,library_sparsity,0.3
gene,498,source_r2,0.030145911133294727
gene,499,abundance,0.11662531017369727
gene,499,prevalence,0.019851116625310174
gene,499,distance,0.36
gene,499,dispersion,0.5
gene,499,omega2,0.9875958508006801
gene,499,deff,0.23221466765743615
gene,499,library_sparsity,0.6
gene,499,source_r2,0.00044625083010308006
