tool,metric,between_scale,n_per_group,rep,power_est,boot_number,permutations
micropower,braycurtis,0.0,10,1,0.2,200,1000
micropower,braycurtis,0.0,10,2,0.22,200,1000
micropower,braycurtis,0.0,10,3,0.185,200,1000
micropower,braycurtis,0.0,10,4,0.21,200,1000
micropower,braycurtis,0.0,10,5,0.23,200,1000
micropower,braycurtis,0.0,10,6,0.18,200,1000
micropower,braycurtis,0.0,10,7,0.245,200,1000
micropower,braycurtis,0.0,10,8,0.17,200,1000
micropower,braycurtis,0.0,10,9,0.225,200,1000
micropower,braycurtis,0.0,10,10,0.15,200,1000
micropower,braycurtis,0.0,10,11,0.21,200,1000
micropower,braycurtis,0.0,10,12,0.215,200,1000
micropower,braycurtis,0.0,10,13,0.21,200,1000
micropower,braycurtis,0.0,10,14,0.235,200,1000
micropower,braycurtis,0.0,10,15,0.255,200,1000
micropower,braycurtis,0.0,10,16,0.22,200,1000
micropower,braycurtis,0.0,10,17,0.225,200,1000
micropower,braycurtis,0.0,10,18,0.215,200,1000
micropower,braycurtis,0.0,10,19,0.155,200,1000
micropower,braycurtis,0.0,10,20,0.23,200,1000
micropower,braycurtis,0.0,10,21,0.245,200,1000
micropower,braycurtis,0.0,10,22,0.22,200,1000
micropower,braycurtis,0.0,10,23,0.23,200,1000
micropower,braycurtis,0.0,10,24,0.22,200,1000
micropower,braycurtis,0.0,10,25,0.255,200,1000
micropower,braycurtis,0.0,10,26,0.24,200,1000
micropower,braycurtis,0.0,10,27,0.21,200,1000
micropower,braycurtis,0.0,10,28,0.215,200,1000
micropower,braycurtis,0.0,10,29,0.255,200,1000
micropower,braycurtis,0.0,10,30,0.205,200,1000
micropower,braycurtis,0.0,10,31,0.195,200,1000
micropower,braycurtis,0.0,10,32,0.16,200,1000
micropower,braycurtis,0.0,10,33,0.225,200,1000
micropower,braycurtis,0.0,10,34,0.195,200,1000
micropower,braycurtis,0.0,10,35,0.2,200,1000
micropower,braycurtis,0.0,10,36,0.255,200,1000
micropower,braycurtis,0.0,10,37,0.24,200,1000
micropower,braycurtis,0.0,10,38,0.185,200,1000
micropower,braycurtis,0.0,10,39,0.17,200,1000
micropower,braycurtis,0.0,10,40,0.19,200,1000
micropower,braycurtis,0.0,10,41,0.19,200,1000
micropower,braycurtis,0.0,10,42,0.235,200,1000
micropower,braycurtis,0.0,10,43,0.18,200,1000
micropower,braycurtis,0.0,10,44,0.21,200,1000
micropower,braycurtis,0.0,10,45,0.235,200,1000
micropower,braycurtis,0.0,10,46,0.26,200,1000
micropower,braycurtis,0.0,10,47,0.235,200,1000
micropower,braycurtis,0.0,10,48,0.165,200,1000
micropower,braycurtis,0.0,10,49,0.235,200,1000
micropower,braycurtis,0.0,10,50,0.25,200,1000
micropower,braycurtis,0.0,14,1,0.375,200,1000
micropower,braycurtis,0.0,14,2,0.365,200,1000
micropower,braycurtis,0.0,14,3,0.325,200,1000
micropower,braycurtis,0.0,14,4,0.405,200,1000
micropower,braycurtis,0.0,14,5,0.395,200,1000
micropower,braycurtis,0.0,14,6,0.405,200,1000
micropower,braycurtis,0.0,14,7,0.405,200,1000
micropower,braycurtis,0.0,14,8,0.475,200,1000
micropower,braycurtis,0.0,14,9,0.42,200,1000
micropower,braycurtis,0.0,14,10,0.455,200,1000
micropower,braycurtis,0.0,14,11,0.49,200,1000
micropower,braycurtis,0.0,14,12,0.37,200,1000
micropower,braycurtis,0.0,14,13,0.35,200,1000
micropower,braycurtis,0.0,14,14,0.37,200,1000
micropower,braycurtis,0.0,14,15,0.41,200,1000
micropower,braycurtis,0.0,14,16,0.42,200,1000
micropower,braycurtis,0.0,14,17,0.38,200,1000
micropower,braycurtis,0.0,14,18,0.445,200,1000
micropower,braycurtis,0.0,14,19,0.345,200,1000
micropower,braycurtis,0.0,14,20,0.35,200,1000
micropower,braycurtis,0.0,14,21,0.365,200,1000
micropower,braycurtis,0.0,14,22,0.44,200,1000
micropower,braycurtis,0.0,14,23,0.445,200,1000
micropower,braycurtis,0.0,14,24,0.41,200,1000
micropower,braycurtis,0.0,14,25,0.41,200,1000
micropower,braycurtis,0.0,14,26,0.405,200,1000
micropower,braycurtis,0.0,14,27,0.385,200,1000
micropower,braycurtis,0.0,14,28,0.39,200,1000
micropower,braycurtis,0.0,14,29,0.37,200,1000
micropower,braycurtis,0.0,14,30,0.415,200,1000
micropower,braycurtis,0.0,14,31,0.385,200,1000
micropower,braycurtis,0.0,14,32,0.405,200,1000
micropower,braycurtis,0.0,14,33,0.39,200,1000
micropower,braycurtis,0.0,14,34,0.325,200,1000
micropower,braycurtis,0.0,14,35,0.36,200,1000
micropower,braycurtis,0.0,14,36,0.42,200,1000
micropower,braycurtis,0.0,14,37,0.38,200,1000
micropower,braycurtis,0.0,14,38,0.345,200,1000
micropower,braycurtis,0.0,14,39,0.365,200,1000
micropower,braycurtis,0.0,14,40,0.455,200,1000
micropower,braycurtis,0.0,14,41,0.395,200,1000
micropower,braycurtis,0.0,14,42,0.375,200,1000
micropower,braycurtis,0.0,14,43,0.475,200,1000
micropower,braycurtis,0.0,14,44,0.4,200,1000
micropower,braycurtis,0.0,14,45,0.48,200,1000
micropower,braycurtis,0.0,14,46,0.47,200,1000
micropower,braycurtis,0.0,14,47,0.355,200,1000
micropower,braycurtis,0.0,14,48,0.475,200,1000
micropower,braycurtis,0.0,14,49,0.385,200,1000
micropower,braycurtis,0.0,14,50,0.405,200,1000
micropower,braycurtis,0.0,4,1,0.055,200,1000
micropower,braycurtis,0.0,4,2,0.11,200,1000
micropower,braycurtis,0.0,4,3,0.115,200,1000
micropower,braycurtis,0.0,4,4,0.09,200,1000
micropower,braycurtis,0.0,4,5,0.045,200,1000
micropower,braycurtis,0.0,4,6,0.08,200,1000
micropower,braycurtis,0.0,4,7,0.085,200,1000
micropower,braycurtis,0.0,4,8,0.1,200,1000
micropower,braycurtis,0.0,4,9,0.1,200,1000
micropower,braycurtis,0.0,4,10,0.1,200,1000
micropower,braycurtis,0.0,4,11,0.075,200,1000
micropower,braycurtis,0.0,4,12,0.07,200,1000
micropower,braycurtis,0.0,4,13,0.135,200,1000
micropower,braycurtis,0.0,4,14,0.075,200,1000
micropower,braycurtis,0.0,4,15,0.105,200,1000
micropower,braycurtis,0.0,4,16,0.075,200,1000
micropower,braycurtis,0.0,4,17,0.1,200,1000
micropower,braycurtis,0.0,4,18,0.08,200,1000
micropower,braycurtis,0.0,4,19,0.075,200,1000
micropower,braycurtis,0.0,4,20,0.09,200,1000
micropower,braycurtis,0.0,4,21,0.085,200,1000
micropower,braycurtis,0.0,4,22,0.095,200,1000
micropower,braycurtis,0.0,4,23,0.06,200,1000
micropower,braycurtis,0.0,4,24,0.065,200,1000
micropower,braycurtis,0.0,4,25,0.075,200,1000
micropower,braycurtis,0.0,4,26,0.07,200,1000
micropower,braycurtis,0.0,4,27,0.105,200,1000
micropower,braycurtis,0.0,4,28,0.08,200,1000
micropower,braycurtis,0.0,4,29,0.065,200,1000
micropower,braycurtis,0.0,4,30,0.1,200,1000
micropower,braycurtis,0.0,4,31,0.075,200,1000
micropower,braycurtis,0.0,4,32,0.105,200,1000
micropower,braycurtis,0.0,4,33,0.075,200,1000
micropower,braycurtis,0.0,4,34,0.075,200,1000
micropower,braycurtis,0.0,4,35,0.085,200,1000
micropower,braycurtis,0.0,4,36,0.065,200,1000
micropower,braycurtis,0.0,4,37,0.06,200,1000
micropower,braycurtis,0.0,4,38,0.075,200,1000
micropower,braycurtis,0.0,4,39,0.115,200,1000
micropower,braycurtis,0.0,4,40,0.085,200,1000
micropower,braycurtis,0.0,4,41,0.09,200,1000
micropower,braycurtis,0.0,4,42,0.11,200,1000
micropower,braycurtis,0.0,4,43,0.065,200,1000
micropower,braycurtis,0.0,4,44,0.13,200,1000
micropower,braycurtis,0.0,4,45,0.05,200,1000
micropower,braycurtis,0.0,4,46,0.06,200,1000
micropower,braycurtis,0.0,4,47,0.055,200,1000
micropower,braycurtis,0.0,4,48,0.095,200,1000
micropower,braycurtis,0.0,4,49,0.05,200,1000
micropower,braycurtis,0.0,4,50,0.045,200,1000
micropower,braycurtis,0.0,6,1,0.14,200,1000
micropower,braycurtis,0.0,6,2,0.1,200,1000
micropower,braycurtis,0.0,6,3,0.15,200,1000
micropower,braycurtis,0.0,6,4,0.135,200,1000
micropower,braycurtis,0.0,6,5,0.12,200,1000
micropower,braycurtis,0.0,6,6,0.125,200,1000
micropower,braycurtis,0.0,6,7,0.12,200,1000
micropower,braycurtis,0.0,6,8,0.155,200,1000
micropower,braycurtis,0.0,6,9,0.115,200,1000
micropower,braycurtis,0.0,6,10,0.135,200,1000
micropower,braycurtis,0.0,6,11,0.125,200,1000
micropower,braycurtis,0.0,6,12,0.13,200,1000
micropower,braycurtis,0.0,6,13,0.16,200,1000
micropower,braycurtis,0.0,6,14,0.14,200,1000
micropower,braycurtis,0.0,6,15,0.105,200,1000
micropower,braycurtis,0.0,6,16,0.085,200,1000
micropower,braycurtis,0.0,6,17,0.14,200,1000
micropower,braycurtis,0.0,6,18,0.15,200,1000
micropower,braycurtis,0.0,6,19,0.08,200,1000
micropower,braycurtis,0.0,6,20,0.125,200,1000
micropower,braycurtis,0.0,6,21,0.085,200,1000
micropower,braycurtis,0.0,6,22,0.115,200,1000
micropower,braycurtis,0.0,6,23,0.14,200,1000
micropower,braycurtis,0.0,6,24,0.1,200,1000
micropower,braycurtis,0.0,6,25,0.105,200,1000
micropower,braycurtis,0.0,6,26,0.16,200,1000
micropower,braycurtis,0.0,6,27,0.11,200,1000
micropower,braycurtis,0.0,6,28,0.115,200,1000
micropower,braycurtis,0.0,6,29,0.15,200,1000
micropower,braycurtis,0.0,6,30,0.1,200,1000
micropower,braycurtis,0.0,6,31,0.095,200,1000
micropower,braycurtis,0.0,6,32,0.13,200,1000
micropower,braycurtis,0.0,6,33,0.135,200,1000
micropower,braycurtis,0.0,6,34,0.125,200,1000
micropower,braycurtis,0.0,6,35,0.12,200,1000
micropower,braycurtis,0.0,6,36,0.055,200,1000
micropower,braycurtis,0.0,6,37,0.14,200,1000
micropower,braycurtis,0.0,6,38,0.115,200,1000
micropower,braycurtis,0.0,6,39,0.17,200,1000
micropower,braycurtis,0.0,6,40,0.13,200,1000
micropower,braycurtis,0.0,6,41,0.145,200,1000
micropower,braycurtis,0.0,6,42,0.115,200,1000
micropower,braycurtis,0.0,6,43,0.115,200,1000
micropower,braycurtis,0.0,6,44,0.125,200,1000
micropower,braycurtis,0.0,6,45,0.1,200,1000
micropower,braycurtis,0.0,6,46,0.12,200,1000
micropower,braycurtis,0.0,6,47,0.075,200,1000
micropower,braycurtis,0.0,6,48,0.095,200,1000
micropower,braycurtis,0.0,6,49,0.085,200,1000
micropower,braycurtis,0.0,6,50,0.115,200,1000
micropower,braycurtis,0.0,8,1,0.205,200,1000
micropower,braycurtis,0.0,8,2,0.145,200,1000
micropower,braycurtis,0.0,8,3,0.17,200,1000
micropower,braycurtis,0.0,8,4,0.2,200,1000
micropower,braycurtis,0.0,8,5,0.165,200,1000
micropower,braycurtis,0.0,8,6,0.21,200,1000
micropower,braycurtis,0.0,8,7,0.19,200,1000
micropower,braycurtis,0.0,8,8,0.185,200,1000
micropower,braycurtis,0.0,8,9,0.155,200,1000
micropower,braycurtis,0.0,8,10,0.165,200,1000
micropower,braycurtis,0.0,8,11,0.2,200,1000
micropower,braycurtis,0.0,8,12,0.125,200,1000
micropower,braycurtis,0.0,8,13,0.11,200,1000
micropower,braycurtis,0.0,8,14,0.175,200,1000
micropower,braycurtis,0.0,8,15,0.185,200,1000
micropower,braycurtis,0.0,8,16,0.16,200,1000
micropower,braycurtis,0.0,8,17,0.145,200,1000
micropower,braycurtis,0.0,8,18,0.155,200,1000
micropower,braycurtis,0.0,8,19,0.16,200,1000
micropower,braycurtis,0.0,8,20,0.18,200,1000
micropower,braycurtis,0.0,8,21,0.155,200,1000
micropower,braycurtis,0.0,8,22,0.15,200,1000
micropower,braycurtis,0.0,8,23,0.12,200,1000
micropower,braycurtis,0.0,8,24,0.175,200,1000
micropower,braycurtis,0.0,8,25,0.16,200,1000
micropower,braycurtis,0.0,8,26,0.19,200,1000
micropower,braycurtis,0.0,8,27,0.17,200,1000
micropower,braycurtis,0.0,8,28,0.17,200,1000
micropower,braycurtis,0.0,8,29,0.17,200,1000
micropower,braycurtis,0.0,8,30,0.21,200,1000
micropower,braycurtis,0.0,8,31,0.21,200,1000
micropower,braycurtis,0.0,8,32,0.185,200,1000
micropower,braycurtis,0.0,8,33,0.14,200,1000
micropower,braycurtis,0.0,8,34,0.135,200,1000
micropower,braycurtis,0.0,8,35,0.16,200,1000
micropower,braycurtis,0.0,8,36,0.225,200,1000
micropower,braycurtis,0.0,8,37,0.15,200,1000
micropower,braycurtis,0.0,8,38,0.185,200,1000
micropower,braycurtis,0.0,8,39,0.13,200,1000
micropower,braycurtis,0.0,8,40,0.15,200,1000
micropower,braycurtis,0.0,8,41,0.175,200,1000
micropower,braycurtis,0.0,8,42,0.155,200,1000
micropower,braycurtis,0.0,8,43,0.175,200,1000
micropower,braycurtis,0.0,8,44,0.165,200,1000
micropower,braycurtis,0.0,8,45,0.185,200,1000
micropower,braycurtis,0.0,8,46,0.15,200,1000
micropower,braycurtis,0.0,8,47,0.125,200,1000
micropower,braycurtis,0.0,8,48,0.16,200,1000
micropower,braycurtis,0.0,8,49,0.155,200,1000
micropower,braycurtis,0.0,8,50,0.115,200,1000
micropower,braycurtis,0.5,10,1,0.99,200,1000
micropower,braycurtis,0.5,10,2,0.985,200,1000
micropower,braycurtis,0.5,10,3,0.99,200,1000
micropower,braycurtis,0.5,10,4,0.99,200,1000
micropower,braycurtis,0.5,10,5,0.99,200,1000
micropower,braycurtis,0.5,10,6,0.995,200,1000
micropower,braycurtis,0.5,10,7,0.985,200,1000
micropower,braycurtis,0.5,10,8,0.995,200,1000
micropower,braycurtis,0.5,10,9,0.995,200,1000
micropower,braycurtis,0.5,10,10,0.985,200,1000
micropower,braycurtis,0.5,10,11,0.99,200,1000
micropower,braycurtis,0.5,10,12,0.995,200,1000
micropower,braycurtis,0.5,10,13,0.99,200,1000
micropower,braycurtis,0.5,10,14,0.98,200,1000
micropower,braycurtis,0.5,10,15,0.985,200,1000
micropower,braycurtis,0.5,10,16,0.995,200,1000
micropower,braycurtis,0.5,10,17,1.0,200,1000
micropower,braycurtis,0.5,10,18,0.99,200,1000
micropower,braycurtis,0.5,10,19,0.98,200,1000
micropower,braycurtis,0.5,10,20,0.995,200,1000
micropower,braycurtis,0.5,10,21,0.98,200,1000
micropower,braycurtis,0.5,10,22,0.985,200,1000
micropower,braycurtis,0.5,10,23,0.995,200,1000
micropower,braycurtis,0.5,10,24,0.995,200,1000
micropower,braycurtis,0.5,10,25,0.995,200,1000
micropower,braycurtis,0.5,10,26,0.975,200,1000
micropower,braycurtis,0.5,10,27,0.985,200,1000
micropower,braycurtis,0.5,10,28,0.99,200,1000
micropower,braycurtis,0.5,10,29,0.99,200,1000
micropower,braycurtis,0.5,10,30,0.995,200,1000
micropower,braycurtis,0.5,10,31,0.99,200,1000
micropower,braycurtis,0.5,10,32,0.99,200,1000
micropower,braycurtis,0.5,10,33,0.98,200,1000
micropower,braycurtis,0.5,10,34,0.985,200,1000
micropower,braycurtis,0.5,10,35,0.995,200,1000
micropower,braycurtis,0.5,10,36,0.965,200,1000
micropower,braycurtis,0.5,10,37,0.995,200,1000
micropower,braycurtis,0.5,10,38,1.0,200,1000
micropower,braycurtis,0.5,10,39,0.985,200,1000
micropower,braycurtis,0.5,10,40,0.995,200,1000
micropower,braycurtis,0.5,10,41,0.99,200,1000
micropower,braycurtis,0.5,10,42,0.995,200,1000
micropower,braycurtis,0.5,10,43,0.99,200,1000
micropower,braycurtis,0.5,10,44,0.99,200,1000
micropower,braycurtis,0.5,10,45,0.985,200,1000
micropower,braycurtis,0.5,10,46,0.98,200,1000
micropower,braycurtis,0.5,10,47,0.99,200,1000
micropower,braycurtis,0.5,10,48,0.97,200,1000
micropower,braycurtis,0.5,10,49,0.985,200,1000
micropower,braycurtis,0.5,10,50,0.995,200,1000
micropower,braycurtis,0.5,14,1,1.0,200,1000
micropower,braycurtis,0.5,14,2,1.0,200,1000
micropower,braycurtis,0.5,14,3,1.0,200,1000
micropower,braycurtis,0.5,14,4,1.0,200,1000
micropower,braycurtis,0.5,14,5,1.0,200,1000
micropower,braycurtis,0.5,14,6,1.0,200,1000
micropower,braycurtis,0.5,14,7,1.0,200,1000
micropower,braycurtis,0.5,14,8,1.0,200,1000
micropower,braycurtis,0.5,14,9,1.0,200,1000
micropower,braycurtis,0.5,14,10,1.0,200,1000
micropower,braycurtis,0.5,14,11,1.0,200,1000
micropower,braycurtis,0.5,14,12,1.0,200,1000
micropower,braycurtis,0.5,14,13,1.0,200,1000
micropower,braycurtis,0.5,14,14,1.0,200,1000
micropower,braycurtis,0.5,14,15,1.0,200,1000
micropower,braycurtis,0.5,14,16,1.0,200,1000
micropower,braycurtis,0.5,14,17,1.0,200,1000
micropower,braycurtis,0.5,14,18,1.0,200,1000
micropower,braycurtis,0.5,14,19,1.0,200,1000
micropower,braycurtis,0.5,14,20,1.0,200,1000
micropower,braycurtis,0.5,14,21,1.0,200,1000
micropower,braycurtis,0.5,14,22,1.0,200,1000
micropower,braycurtis,0.5,14,23,1.0,200,1000
micropower,braycurtis,0.5,14,24,1.0,200,1000
micropower,braycurtis,0.5,14,25,1.0,200,1000
micropower,braycurtis,0.5,14,26,1.0,200,1000
micropower,braycurtis,0.5,14,27,1.0,200,1000
micropower,braycurtis,0.5,14,28,1.0,200,1000
micropower,braycurtis,0.5,14,29,1.0,200,1000
micropower,braycurtis,0.5,14,30,1.0,200,1000
micropower,braycurtis,0.5,14,31,1.0,200,1000
micropower,braycurtis,0.5,14,32,1.0,200,1000
micropower,braycurtis,0.5,14,33,1.0,200,1000
micropower,braycurtis,0.5,14,34,1.0,200,1000
micropower,braycurtis,0.5,14,35,1.0,200,1000
micropower,braycurtis,0.5,14,36,1.0,200,1000
micropower,braycurtis,0.5,14,37,1.0,200,1000
micropower,braycurtis,0.5,14,38,1.0,200,1000
micropower,braycurtis,0.5,14,39,1.0,200,1000
micropower,braycurtis,0.5,14,40,1.0,200,1000
micropower,braycurtis,0.5,14,41,1.0,200,1000
micropower,braycurtis,0.5,14,42,1.0,200,1000
micropower,braycurtis,0.5,14,43,1.0,200,1000
micropower,braycurtis,0.5,14,44,1.0,200,1000
micropower,braycurtis,0.5,14,45,1.0,200,1000
micropower,braycurtis,0.5,14,46,1.0,200,1000
micropower,braycurtis,0.5,14,47,1.0,200,1000
micropower,braycurtis,0.5,14,48,1.0,200,1000
micropower,braycurtis,0.5,14,49,1.0,200,1000
micropower,braycurtis,0.5,14,50,1.0,200,1000
micropower,braycurtis,0.5,4,1,0.265,200,1000
micropower,braycurtis,0.5,4,2,0.31,200,1000
micropower,braycurtis,0.5,4,3,0.215,200,1000
micropower,braycurtis,0.5,4,4,0.3,200,1000
micropower,braycurtis,0.5,4,5,0.265,200,1000
micropower,braycurtis,0.5,4,6,0.315,200,1000
micropower,braycurtis,0.5,4,7,0.315,200,1000
micropower,braycurtis,0.5,4,8,0.345,200,1000
micropower,braycurtis,0.5,4,9,0.295,200,1000
micropower,braycurtis,0.5,4,10,0.28,200,1000
micropower,braycurtis,0.5,4,11,0.24,200,1000
micropower,braycurtis,0.5,4,12,0.27,200,1000
micropower,braycurtis,0.5,4,13,0.235,200,1000
micropower,braycurtis,0.5,4,14,0.365,200,1000
micropower,braycurtis,0.5,4,15,0.28,200,1000
micropower,braycurtis,0.5,4,16,0.22,200,1000
micropower,braycurtis,0.5,4,17,0.2,200,1000
micropower,braycurtis,0.5,4,18,0.27,200,1000
micropower,braycurtis,0.5,4,19,0.275,200,1000
micropower,braycurtis,0.5,4,20,0.33,200,1000
micropower,braycurtis,0.5,4,21,0.265,200,1000
micropower,braycurtis,0.5,4,22,0.29,200,1000
micropower,braycurtis,0.5,4,23,0.295,200,1000
micropower,braycurtis,0.5,4,24,0.305,200,1000
micropower,braycurtis,0.5,4,25,0.235,200,1000
micropower,braycurtis,0.5,4,26,0.32,200,1000
micropower,braycurtis,0.5,4,27,0.27,200,1000
micropower,braycurtis,0.5,4,28,0.23,200,1000
micropower,braycurtis,0.5,4,29,0.24,200,1000
micropower,braycurtis,0.5,4,30,0.295,200,1000
micropower,braycurtis,0.5,4,31,0.3,200,1000
micropower,braycurtis,0.5,4,32,0.31,200,1000
micropower,braycurtis,0.5,4,33,0.26,200,1000
micropower,braycurtis,0.5,4,34,0.275,200,1000
micropower,braycurtis,0.5,4,35,0.33,200,1000
micropower,braycurtis,0.5,4,36,0.31,200,1000
micropower,braycurtis,0.5,4,37,0.27,200,1000
micropower,braycurtis,0.5,4,38,0.27,200,1000
micropower,braycurtis,0.5,4,39,0.305,200,1000
micropower,braycurtis,0.5,4,40,0.295,200,1000
micropower,braycurtis,0.5,4,41,0.29,200,1000
micropower,braycurtis,0.5,4,42,0.23,200,1000
micropower,braycurtis,0.5,4,43,0.3,200,1000
micropower,braycurtis,0.5,4,44,0.315,200,1000
micropower,braycurtis,0.5,4,45,0.31,200,1000
micropower,braycurtis,0.5,4,46,0.33,200,1000
micropower,braycurtis,0.5,4,47,0.32,200,1000
micropower,braycurtis,0.5,4,48,0.25,200,1000
micropower,braycurtis,0.5,4,49,0.265,200,1000
micropower,braycurtis,0.5,4,50,0.28,200,1000
micropower,braycurtis,0.5,6,1,0.67,200,1000
micropower,braycurtis,0.5,6,2,0.57,200,1000
micropower,braycurtis,0.5,6,3,0.63,200,1000
micropower,braycurtis,0.5,6,4,0.68,200,1000
micropower,braycurtis,0.5,6,5,0.635,200,1000
micropower,braycurtis,0.5,6,6,0.655,200,1000
micropower,braycurtis,0.5,6,7,0.615,200,1000
micropower,braycurtis,0.5,6,8,0.65,200,1000
micropower,braycurtis,0.5,6,9,0.64,200,1000
micropower,braycurtis,0.5,6,10,0.64,200,1000
micropower,braycurtis,0.5,6,11,0.675,200,1000
micropower,braycurtis,0.5,6,12,0.625,200,1000
micropower,braycurtis,0.5,6,13,0.66,200,1000
micropower,braycurtis,0.5,6,14,0.64,200,1000
micropower,braycurtis,0.5,6,15,0.585,200,1000
micropower,braycurtis,0.5,6,16,0.58,200,1000
micropower,braycurtis,0.5,6,17,0.625,200,1000
micropower,braycurtis,0.5,6,18,0.7,200,1000
micropower,braycurtis,0.5,6,19,0.71,200,1000
micropower,braycurtis,0.5,6,20,0.59,200,1000
micropower,braycurtis,0.5,6,21,0.59,200,1000
micropower,braycurtis,0.5,6,22,0.69,200,1000
micropower,braycurtis,0.5,6,23,0.625,200,1000
micropower,braycurtis,0.5,6,24,0.63,200,1000
micropower,braycurtis,0.5,6,25,0.63,200,1000
micropower,braycurtis,0.5,6,26,0.635,200,1000
micropower,braycurtis,0.5,6,27,0.685,200,1000
micropower,braycurtis,0.5,6,28,0.635,200,1000
micropower,braycurtis,0.5,6,29,0.63,200,1000
micropower,braycurtis,0.5,6,30,0.675,200,1000
micropower,braycurtis,0.5,6,31,0.645,200,1000
micropower,braycurtis,0.5,6,32,0.585,200,1000
micropower,braycurtis,0.5,6,33,0.69,200,1000
micropower,braycurtis,0.5,6,34,0.735,200,1000
micropower,braycurtis,0.5,6,35,0.66,200,1000
micropower,braycurtis,0.5,6,36,0.585,200,1000
micropower,braycurtis,0.5,6,37,0.68,200,1000
micropower,braycurtis,0.5,6,38,0.67,200,1000
micropower,braycurtis,0.5,6,39,0.67,200,1000
micropower,braycurtis,0.5,6,40,0.64,200,1000
micropower,braycurtis,0.5,6,41,0.67,200,1000
micropower,braycurtis,0.5,6,42,0.685,200,1000
micropower,braycurtis,0.5,6,43,0.665,200,1000
micropower,braycurtis,0.5,6,44,0.65,200,1000
micropower,braycurtis,0.5,6,45,0.68,200,1000
micropower,braycurtis,0.5,6,46,0.605,200,1000
micropower,braycurtis,0.5,6,47,0.65,200,1000
micropower,braycurtis,0.5,6,48,0.695,200,1000
micropower,braycurtis,0.5,6,49,0.66,200,1000
micropower,braycurtis,0.5,6,50,0.63,200,1000
micropower,braycurtis,0.5,8,1,0.91,200,1000
micropower,braycurtis,0.5,8,2,0.95,200,1000
micropower,braycurtis,0.5,8,3,0.95,200,1000
micropower,braycurtis,0.5,8,4,0.915,200,1000
micropower,braycurtis,0.5,8,5,0.935,200,1000
micropower,braycurtis,0.5,8,6,0.945,200,1000
micropower,braycurtis,0.5,8,7,0.9,200,1000
micropower,braycurtis,0.5,8,8,0.9,200,1000
micropower,braycurtis,0.5,8,9,0.935,200,1000
micropower,braycurtis,0.5,8,10,0.9,200,1000
micropower,braycurtis,0.5,8,11,0.93,200,1000
micropower,braycurtis,0.5,8,12,0.915,200,1000
micropower,braycurtis,0.5,8,13,0.93,200,1000
micropower,braycurtis,0.5,8,14,0.925,200,1000
micropower,braycurtis,0.5,8,15,0.93,200,1000
micropower,braycurtis,0.5,8,16,0.94,200,1000
micropower,braycurtis,0.5,8,17,0.935,200,1000
micropower,braycurtis,0.5,8,18,0.935,200,1000
micropower,braycurtis,0.5,8,19,0.91,200,1000
micropower,braycurtis,0.5,8,20,0.925,200,1000
micropower,braycurtis,0.5,8,21,0.895,200,1000
micropower,braycurtis,0.5,8,22,0.925,200,1000
micropower,braycurtis,0.5,8,23,0.925,200,1000
micropower,braycurtis,0.5,8,24,0.89,200,1000
micropower,braycurtis,0.5,8,25,0.95,200,1000
micropower,braycurtis,0.5,8,26,0.9,200,1000
micropower,braycurtis,0.5,8,27,0.94,200,1000
micropower,braycurtis,0.5,8,28,0.9,200,1000
micropower,braycurtis,0.5,8,29,0.915,200,1000
micropower,braycurtis,0.5,8,30,0.92,200,1000
micropower,braycurtis,0.5,8,31,0.91,200,1000
micropower,braycurtis,0.5,8,32,0.905,200,1000
micropower,braycurtis,0.5,8,33,0.92,200,1000
micropower,braycurtis,0.5,8,34,0.94,200,1000
micropower,braycurtis,0.5,8,35,0.945,200,1000
micropower,braycurtis,0.5,8,36,0.965,200,1000
micropower,braycurtis,0.5,8,37,0.91,200,1000
micropower,braycurtis,0.5,8,38,0.91,200,1000
micropower,braycurtis,0.5,8,39,0.945,200,1000
micropower,braycurtis,0.5,8,40,0.95,200,1000
micropower,braycurtis,0.5,8,41,0.9,200,1000
micropower,braycurtis,0.5,8,42,0.92,200,1000
micropower,braycurtis,0.5,8,43,0.93,200,1000
micropower,braycurtis,0.5,8,44,0.905,200,1000
micropower,braycurtis,0.5,8,45,0.92,200,1000
micropower,braycurtis,0.5,8,46,0.91,200,1000
micropower,braycurtis,0.5,8,47,0.905,200,1000
micropower,braycurtis,0.5,8,48,0.93,200,1000
micropower,braycurtis,0.5,8,49,0.91,200,1000
micropower,braycurtis,0.5,8,50,0.93,200,1000
micropower,braycurtis,1.0,10,1,1.0,200,1000
micropower,braycurtis,1.0,10,2,1.0,200,1000
micropower,braycurtis,1.0,10,3,1.0,200,1000
micropower,braycurtis,1.0,10,4,1.0,200,1000
micropower,braycurtis,1.0,10,5,1.0,200,1000
micropower,braycurtis,1.0,10,6,1.0,200,1000
micropower,braycurtis,1.0,10,7,1.0,200,1000
micropower,braycurtis,1.0,10,8,1.0,200,1000
micropower,braycurtis,1.0,10,9,1.0,200,1000
micropower,braycurtis,1.0,10,10,1.0,200,1000
micropower,braycurtis,1.0,10,11,1.0,200,1000
micropower,braycurtis,1.0,10,12,1.0,200,1000
micropower,braycurtis,1.0,10,13,1.0,200,1000
micropower,braycurtis,1.0,10,14,1.0,200,1000
micropower,braycurtis,1.0,10,15,1.0,200,1000
micropower,braycurtis,1.0,10,16,1.0,200,1000
micropower,braycurtis,1.0,10,17,1.0,200,1000
micropower,braycurtis,1.0,10,18,1.0,200,1000
micropower,braycurtis,1.0,10,19,1.0,200,1000
micropower,braycurtis,1.0,10,20,1.0,200,1000
micropower,braycurtis,1.0,10,21,1.0,200,1000
micropower,braycurtis,1.0,10,22,1.0,200,1000
micropower,braycurtis,1.0,10,23,1.0,200,1000
micropower,braycurtis,1.0,10,24,1.0,200,1000
micropower,braycurtis,1.0,10,25,1.0,200,1000
micropower,braycurtis,1.0,10,26,1.0,200,1000
micropower,braycurtis,1.0,10,27,1.0,200,1000
micropower,braycurtis,1.0,10,28,1.0,200,1000
micropower,braycurtis,1.0,10,29,1.0,200,1000
micropower,braycurtis,1.0,10,30,1.0,200,1000
micropower,braycurtis,1.0,10,31,1.0,200,1000
micropower,braycurtis,1.0,10,32,1.0,200,1000
micropower,braycurtis,1.0,10,33,1.0,200,1000
micropower,braycurtis,1.0,10,34,1.0,200,1000
micropower,braycurtis,1.0,10,35,1.0,200,1000
micropower,braycurtis,1.0,10,36,1.0,200,1000
micropower,braycurtis,1.0,10,37,1.0,200,1000
micropower,braycurtis,1.0,10,38,1.0,200,1000
micropower,braycurtis,1.0,10,39,1.0,200,1000
micropower,braycurtis,1.0,10,40,1.0,200,1000
micropower,braycurtis,1.0,10,41,1.0,200,1000
micropower,braycurtis,1.0,10,42,1.0,200,1000
micropower,braycurtis,1.0,10,43,1.0,200,1000
micropower,braycurtis,1.0,10,44,1.0,200,1000
micropower,braycurtis,1.0,10,45,1.0,200,1000
micropower,braycurtis,1.0,10,46,1.0,200,1000
micropower,braycurtis,1.0,10,47,1.0,200,1000
micropower,braycurtis,1.0,10,48,1.0,200,1000
micropower,braycurtis,1.0,10,49,1.0,200,1000
micropower,braycurtis,1.0,10,50,1.0,200,1000
micropower,braycurtis,1.0,14,1,1.0,200,1000
micropower,braycurtis,1.0,14,2,1.0,200,1000
micropower,braycurtis,1.0,14,3,1.0,200,1000
micropower,braycurtis,1.0,14,4,1.0,200,1000
micropower,braycurtis,1.0,14,5,1.0,200,1000
micropower,braycurtis,1.0,14,6,1.0,200,1000
micropower,braycurtis,1.0,14,7,1.0,200,1000
micropower,braycurtis,1.0,14,8,1.0,200,1000
micropower,braycurtis,1.0,14,9,1.0,200,1000
micropower,braycurtis,1.0,14,10,1.0,200,1000
micropower,braycurtis,1.0,14,11,1.0,200,1000
micropower,braycurtis,1.0,14,12,1.0,200,1000
micropower,braycurtis,1.0,14,13,1.0,200,1000
micropower,braycurtis,1.0,14,14,1.0,200,1000
micropower,braycurtis,1.0,14,15,1.0,200,1000
micropower,braycurtis,1.0,14,16,1.0,200,1000
micropower,braycurtis,1.0,14,17,1.0,200,1000
micropower,braycurtis,1.0,14,18,1.0,200,1000
micropower,braycurtis,1.0,14,19,1.0,200,1000
micropower,braycurtis,1.0,14,20,1.0,200,1000
micropower,braycurtis,1.0,14,21,1.0,200,1000
micropower,braycurtis,1.0,14,22,1.0,200,1000
micropower,braycurtis,1.0,14,23,1.0,200,1000
micropower,braycurtis,1.0,14,24,1.0,200,1000
micropower,braycurtis,1.0,14,25,1.0,200,1000
micropower,braycurtis,1.0,14,26,1.0,200,1000
micropower,braycurtis,1.0,14,27,1.0,200,1000
micropower,braycurtis,1.0,14,28,1.0,200,1000
micropower,braycurtis,1.0,14,29,1.0,200,1000
micropower,braycurtis,1.0,14,30,1.0,200,1000
micropower,braycurtis,1.0,14,31,1.0,200,1000
micropower,braycurtis,1.0,14,32,1.0,200,1000
micropower,braycurtis,1.0,14,33,1.0,200,1000
micropower,braycurtis,1.0,14,34,1.0,200,1000
micropower,braycurtis,1.0,14,35,1.0,200,1000
micropower,braycurtis,1.0,14,36,1.0,200,1000
micropower,braycurtis,1.0,14,37,1.0,200,1000
micropower,braycurtis,1.0,14,38,1.0,200,1000
micropower,braycurtis,1.0,14,39,1.0,200,1000
micropower,braycurtis,1.0,14,40,1.0,200,1000
micropower,braycurtis,1.0,14,41,1.0,200,1000
micropower,braycurtis,1.0,14,42,1.0,200,1000
micropower,braycurtis,1.0,14,43,1.0,200,1000
micropower,braycurtis,1.0,14,44,1.0,200,1000
micropower,braycurtis,1.0,14,45,1.0,200,1000
micropower,braycurtis,1.0,14,46,1.0,200,1000
micropower,braycurtis,1.0,14,47,1.0,200,1000
micropower,braycurtis,1.0,14,48,1.0,200,1000
micropower,braycurtis,1.0,14,49,1.0,200,1000
micropower,braycurtis,1.0,14,50,1.0,200,1000
micropower,braycurtis,1.0,4,1,0.535,200,1000
micropower,braycurtis,1.0,4,2,0.495,200,1000
micropower,braycurtis,1.0,4,3,0.525,200,1000
micropower,braycurtis,1.0,4,4,0.47,200,1000
micropower,braycurtis,1.0,4,5,0.485,200,1000
micropower,braycurtis,1.0,4,6,0.585,200,1000
micropower,braycurtis,1.0,4,7,0.505,200,1000
micropower,braycurtis,1.0,4,8,0.525,200,1000
micropower,braycurtis,1.0,4,9,0.565,200,1000
micropower,braycurtis,1.0,4,10,0.535,200,1000
micropower,braycurtis,1.0,4,11,0.55,200,1000
micropower,braycurtis,1.0,4,12,0.525,200,1000
micropower,braycurtis,1.0,4,13,0.495,200,1000
micropower,braycurtis,1.0,4,14,0.515,200,1000
micropower,braycurtis,1.0,4,15,0.46,200,1000
micropower,braycurtis,1.0,4,16,0.52,200,1000
micropower,braycurtis,1.0,4,17,0.505,200,1000
micropower,braycurtis,1.0,4,18,0.54,200,1000
micropower,braycurtis,1.0,4,19,0.545,200,1000
micropower,braycurtis,1.0,4,20,0.52,200,1000
micropower,braycurtis,1.0,4,21,0.555,200,1000
micropower,braycurtis,1.0,4,22,0.5,200,1000
micropower,braycurtis,1.0,4,23,0.46,200,1000
micropower,braycurtis,1.0,4,24,0.545,200,1000
micropower,braycurtis,1.0,4,25,0.435,200,1000
micropower,braycurtis,1.0,4,26,0.56,200,1000
micropower,braycurtis,1.0,4,27,0.5,200,1000
micropower,braycurtis,1.0,4,28,0.495,200,1000
micropower,braycurtis,1.0,4,29,0.51,200,1000
micropower,braycurtis,1.0,4,30,0.545,200,1000
micropower,braycurtis,1.0,4,31,0.485,200,1000
micropower,braycurtis,1.0,4,32,0.49,200,1000
micropower,braycurtis,1.0,4,33,0.47,200,1000
micropower,braycurtis,1.0,4,34,0.515,200,1000
micropower,braycurtis,1.0,4,35,0.49,200,1000
micropower,braycurtis,1.0,4,36,0.505,200,1000
micropower,braycurtis,1.0,4,37,0.485,200,1000
micropower,braycurtis,1.0,4,38,0.52,200,1000
micropower,braycurtis,1.0,4,39,0.545,200,1000
micropower,braycurtis,1.0,4,40,0.52,200,1000
micropower,braycurtis,1.0,4,41,0.515,200,1000
micropower,braycurtis,1.0,4,42,0.57,200,1000
micropower,braycurtis,1.0,4,43,0.545,200,1000
micropower,braycurtis,1.0,4,44,0.55,200,1000
micropower,braycurtis,1.0,4,45,0.58,200,1000
micropower,braycurtis,1.0,4,46,0.5,200,1000
micropower,braycurtis,1.0,4,47,0.58,200,1000
micropower,braycurtis,1.0,4,48,0.5,200,1000
micropower,braycurtis,1.0,4,49,0.565,200,1000
micropower,braycurtis,1.0,4,50,0.535,200,1000
micropower,braycurtis,1.0,6,1,0.96,200,1000
micropower,braycurtis,1.0,6,2,0.945,200,1000
micropower,braycurtis,1.0,6,3,0.895,200,1000
micropower,braycurtis,1.0,6,4,0.94,200,1000
micropower,braycurtis,1.0,6,5,0.96,200,1000
micropower,braycurtis,1.0,6,6,0.96,200,1000
micropower,braycurtis,1.0,6,7,0.93,200,1000
micropower,braycurtis,1.0,6,8,0.95,200,1000
micropower,braycurtis,1.0,6,9,0.955,200,1000
micropower,braycurtis,1.0,6,10,0.935,200,1000
micropower,braycurtis,1.0,6,11,0.935,200,1000
micropower,braycurtis,1.0,6,12,0.95,200,1000
micropower,braycurtis,1.0,6,13,0.945,200,1000
micropower,braycurtis,1.0,6,14,0.975,200,1000
micropower,braycurtis,1.0,6,15,0.955,200,1000
micropower,braycurtis,1.0,6,16,0.92,200,1000
micropower,braycurtis,1.0,6,17,0.96,200,1000
micropower,braycurtis,1.0,6,18,0.965,200,1000
micropower,braycurtis,1.0,6,19,0.97,200,1000
micropower,braycurtis,1.0,6,20,0.96,200,1000
micropower,braycurtis,1.0,6,21,0.95,200,1000
micropower,braycurtis,1.0,6,22,0.955,200,1000
micropower,braycurtis,1.0,6,23,0.925,200,1000
micropower,braycurtis,1.0,6,24,0.91,200,1000
micropower,braycurtis,1.0,6,25,0.92,200,1000
micropower,braycurtis,1.0,6,26,0.96,200,1000
micropower,braycurtis,1.0,6,27,0.92,200,1000
micropower,braycurtis,1.0,6,28,0.95,200,1000
micropower,braycurtis,1.0,6,29,0.945,200,1000
micropower,braycurtis,1.0,6,30,0.94,200,1000
micropower,braycurtis,1.0,6,31,0.935,200,1000
micropower,braycurtis,1.0,6,32,0.965,200,1000
micropower,braycurtis,1.0,6,33,0.97,200,1000
micropower,braycurtis,1.0,6,34,0.95,200,1000
micropower,braycurtis,1.0,6,35,0.95,200,1000
micropower,braycurtis,1.0,6,36,0.94,200,1000
micropower,braycurtis,1.0,6,37,0.94,200,1000
micropower,braycurtis,1.0,6,38,0.965,200,1000
micropower,braycurtis,1.0,6,39,0.955,200,1000
micropower,braycurtis,1.0,6,40,0.95,200,1000
micropower,braycurtis,1.0,6,41,0.985,200,1000
micropower,braycurtis,1.0,6,42,0.925,200,1000
micropower,braycurtis,1.0,6,43,0.935,200,1000
micropower,braycurtis,1.0,6,44,0.93,200,1000
micropower,braycurtis,1.0,6,45,0.935,200,1000
micropower,braycurtis,1.0,6,46,0.945,200,1000
micropower,braycurtis,1.0,6,47,0.935,200,1000
micropower,braycurtis,1.0,6,48,0.94,200,1000
micropower,braycurtis,1.0,6,49,0.98,200,1000
micropower,braycurtis,1.0,6,50,0.935,200,1000
micropower,braycurtis,1.0,8,1,1.0,200,1000
micropower,braycurtis,1.0,8,2,1.0,200,1000
micropower,braycurtis,1.0,8,3,1.0,200,1000
micropower,braycurtis,1.0,8,4,1.0,200,1000
micropower,braycurtis,1.0,8,5,0.995,200,1000
micropower,braycurtis,1.0,8,6,0.995,200,1000
micropower,braycurtis,1.0,8,7,1.0,200,1000
micropower,braycurtis,1.0,8,8,1.0,200,1000
micropower,braycurtis,1.0,8,9,1.0,200,1000
micropower,braycurtis,1.0,8,10,0.995,200,1000
micropower,braycurtis,1.0,8,11,1.0,200,1000
micropower,braycurtis,1.0,8,12,1.0,200,1000
micropower,braycurtis,1.0,8,13,1.0,200,1000
micropower,braycurtis,1.0,8,14,0.995,200,1000
micropower,braycurtis,1.0,8,15,1.0,200,1000
micropower,braycurtis,1.0,8,16,1.0,200,1000
micropower,braycurtis,1.0,8,17,0.995,200,1000
micropower,braycurtis,1.0,8,18,1.0,200,1000
micropower,braycurtis,1.0,8,19,1.0,200,1000
micropower,braycurtis,1.0,8,20,1.0,200,1000
micropower,braycurtis,1.0,8,21,0.995,200,1000
micropower,braycurtis,1.0,8,22,1.0,200,1000
micropower,braycurtis,1.0,8,23,1.0,200,1000
micropower,braycurtis,1.0,8,24,1.0,200,1000
micropower,braycurtis,1.0,8,25,0.995,200,1000
micropower,braycurtis,1.0,8,26,1.0,200,1000
micropower,braycurtis,1.0,8,27,0.995,200,1000
micropower,braycurtis,1.0,8,28,1.0,200,1000
micropower,braycurtis,1.0,8,29,1.0,200,1000
micropower,braycurtis,1.0,8,30,0.995,200,1000
micropower,braycurtis,1.0,8,31,1.0,200,1000
micropower,braycurtis,1.0,8,32,1.0,200,1000
micropower,braycurtis,1.0,8,33,1.0,200,1000
micropower,braycurtis,1.0,8,34,1.0,200,1000
micropower,braycurtis,1.0,8,35,1.0,200,1000
micropower,braycurtis,1.0,8,36,1.0,200,1000
micropower,braycurtis,1.0,8,37,1.0,200,1000
micropower,braycurtis,1.0,8,38,0.995,200,1000
micropower,braycurtis,1.0,8,39,1.0,200,1000
micropower,braycurtis,1.0,8,40,1.0,200,1000
micropower,braycurtis,1.0,8,41,1.0,200,1000
micropower,braycurtis,1.0,8,42,0.99,200,1000
micropower,braycurtis,1.0,8,43,1.0,200,1000
micropower,braycurtis,1.0,8,44,1.0,200,1000
micropower,braycurtis,1.0,8,45,1.0,200,1000
micropower,braycurtis,1.0,8,46,1.0,200,1000
micropower,braycurtis,1.0,8,47,0.995,200,1000
micropower,braycurtis,1.0,8,48,1.0,200,1000
micropower,braycurtis,1.0,8,49,1.0,200,1000
micropower,braycurtis,1.0,8,50,1.0,200,1000
micropower,wunifrac,0.0,10,1,0.77,200,1000
micropower,wunifrac,0.0,10,2,0.81,200,1000
micropower,wunifrac,0.0,10,3,0.825,200,1000
micropower,wunifrac,0.0,10,4,0.76,200,1000
micropower,wunifrac,0.0,10,5,0.765,200,1000
micropower,wunifrac,0.0,10,6,0.74,200,1000
micropower,wunifrac,0.0,10,7,0.73,200,1000
micropower,wunifrac,0.0,10,8,0.78,200,1000
micropower,wunifrac,0.0,10,9,0.785,200,1000
micropower,wunifrac,0.0,10,10,0.775,200,1000
micropower,wunifrac,0.0,10,11,0.765,200,1000
micropower,wunifrac,0.0,10,12,0.75,200,1000
micropower,wunifrac,0.0,10,13,0.7,200,1000
micropower,wunifrac,0.0,10,14,0.765,200,1000
micropower,wunifrac,0.0,10,15,0.705,200,1000
micropower,wunifrac,0.0,10,16,0.68,200,1000
micropower,wunifrac,0.0,10,17,0.735,200,1000
micropower,wunifrac,0.0,10,18,0.745,200,1000
micropower,wunifrac,0.0,10,19,0.815,200,1000
micropower,wunifrac,0.0,10,20,0.705,200,1000
micropower,wunifrac,0.0,10,21,0.755,200,1000
micropower,wunifrac,0.0,10,22,0.745,200,1000
micropower,wunifrac,0.0,10,23,0.665,200,1000
micropower,wunifrac,0.0,10,24,0.75,200,1000
micropower,wunifrac,0.0,10,25,0.745,200,1000
micropower,wunifrac,0.0,10,26,0.76,200,1000
micropower,wunifrac,0.0,10,27,0.765,200,1000
micropower,wunifrac,0.0,10,28,0.75,200,1000
micropower,wunifrac,0.0,10,29,0.78,200,1000
micropower,wunifrac,0.0,10,30,0.73,200,1000
micropower,wunifrac,0.0,10,31,0.77,200,1000
micropower,wunifrac,0.0,10,32,0.77,200,1000
micropower,wunifrac,0.0,10,33,0.765,200,1000
micropower,wunifrac,0.0,10,34,0.765,200,1000
micropower,wunifrac,0.0,10,35,0.785,200,1000
micropower,wunifrac,0.0,10,36,0.7,200,1000
micropower,wunifrac,0.0,10,37,0.765,200,1000
micropower,wunifrac,0.0,10,38,0.74,200,1000
micropower,wunifrac,0.0,10,39,0.785,200,1000
micropower,wunifrac,0.0,10,40,0.76,200,1000
micropower,wunifrac,0.0,10,41,0.73,200,1000
micropower,wunifrac,0.0,10,42,0.73,200,1000
micropower,wunifrac,0.0,10,43,0.715,200,1000
micropower,wunifrac,0.0,10,44,0.745,200,1000
micropower,wunifrac,0.0,10,45,0.8,200,1000
micropower,wunifrac,0.0,10,46,0.715,200,1000
micropower,wunifrac,0.0,10,47,0.735,200,1000
micropower,wunifrac,0.0,10,48,0.74,200,1000
micropower,wunifrac,0.0,10,49,0.775,200,1000
micropower,wunifrac,0.0,10,50,0.75,200,1000
micropower,wunifrac,0.0,14,1,0.945,200,1000
micropower,wunifrac,0.0,14,2,0.93,200,1000
micropower,wunifrac,0.0,14,3,0.945,200,1000
micropower,wunifrac,0.0,14,4,0.955,200,1000
micropower,wunifrac,0.0,14,5,0.92,200,1000
micropower,wunifrac,0.0,14,6,0.925,200,1000
micropower,wunifrac,0.0,14,7,0.935,200,1000
micropower,wunifrac,0.0,14,8,0.915,200,1000
micropower,wunifrac,0.0,14,9,0.94,200,1000
micropower,wunifrac,0.0,14,10,0.935,200,1000
micropower,wunifrac,0.0,14,11,0.955,200,1000
micropower,wunifrac,0.0,14,12,0.94,200,1000
micropower,wunifrac,0.0,14,13,0.95,200,1000
micropower,wunifrac,0.0,14,14,0.925,200,1000
micropower,wunifrac,0.0,14,15,0.96,200,1000
micropower,wunifrac,0.0,14,16,0.935,200,1000
micropower,wunifrac,0.0,14,17,0.95,200,1000
micropower,wunifrac,0.0,14,18,0.97,200,1000
micropower,wunifrac,0.0,14,19,0.94,200,1000
micropower,wunifrac,0.0,14,20,0.92,200,1000
micropower,wunifrac,0.0,14,21,0.945,200,1000
micropower,wunifrac,0.0,14,22,0.94,200,1000
micropower,wunifrac,0.0,14,23,0.94,200,1000
micropower,wunifrac,0.0,14,24,0.95,200,1000
micropower,wunifrac,0.0,14,25,0.935,200,1000
micropower,wunifrac,0.0,14,26,0.95,200,1000
micropower,wunifrac,0.0,14,27,0.945,200,1000
micropower,wunifrac,0.0,14,28,0.95,200,1000
micropower,wunifrac,0.0,14,29,0.935,200,1000
micropower,wunifrac,0.0,14,30,0.935,200,1000
micropower,wunifrac,0.0,14,31,0.955,200,1000
micropower,wunifrac,0.0,14,32,0.94,200,1000
micropower,wunifrac,0.0,14,33,0.945,200,1000
micropower,wunifrac,0.0,14,34,0.945,200,1000
micropower,wunifrac,0.0,14,35,0.955,200,1000
micropower,wunifrac,0.0,14,36,0.95,200,1000
micropower,wunifrac,0.0,14,37,0.91,200,1000
micropower,wunifrac,0.0,14,38,0.93,200,1000
micropower,wunifrac,0.0,14,39,0.95,200,1000
micropower,wunifrac,0.0,14,40,0.935,200,1000
micropower,wunifrac,0.0,14,41,0.955,200,1000
micropower,wunifrac,0.0,14,42,0.92,200,1000
micropower,wunifrac,0.0,14,43,0.95,200,1000
micropower,wunifrac,0.0,14,44,0.945,200,1000
micropower,wunifrac,0.0,14,45,0.95,200,1000
micropower,wunifrac,0.0,14,46,0.94,200,1000
micropower,wunifrac,0.0,14,47,0.94,200,1000
micropower,wunifrac,0.0,14,48,0.94,200,1000
micropower,wunifrac,0.0,14,49,0.96,200,1000
micropower,wunifrac,0.0,14,50,0.925,200,1000
micropower,wunifrac,0.0,4,1,0.235,200,1000
micropower,wunifrac,0.0,4,2,0.22,200,1000
micropower,wunifrac,0.0,4,3,0.215,200,1000
micropower,wunifrac,0.0,4,4,0.19,200,1000
micropower,wunifrac,0.0,4,5,0.18,200,1000
micropower,wunifrac,0.0,4,6,0.155,200,1000
micropower,wunifrac,0.0,4,7,0.2,200,1000
micropower,wunifrac,0.0,4,8,0.18,200,1000
micropower,wunifrac,0.0,4,9,0.195,200,1000
micropower,wunifrac,0.0,4,10,0.155,200,1000
micropower,wunifrac,0.0,4,11,0.185,200,1000
micropower,wunifrac,0.0,4,12,0.21,200,1000
micropower,wunifrac,0.0,4,13,0.18,200,1000
micropower,wunifrac,0.0,4,14,0.21,200,1000
micropower,wunifrac,0.0,4,15,0.21,200,1000
micropower,wunifrac,0.0,4,16,0.24,200,1000
micropower,wunifrac,0.0,4,17,0.2,200,1000
micropower,wunifrac,0.0,4,18,0.205,200,1000
micropower,wunifrac,0.0,4,19,0.195,200,1000
micropower,wunifrac,0.0,4,20,0.18,200,1000
micropower,wunifrac,0.0,4,21,0.21,200,1000
micropower,wunifrac,0.0,4,22,0.19,200,1000
micropower,wunifrac,0.0,4,23,0.2,200,1000
micropower,wunifrac,0.0,4,24,0.2,200,1000
micropower,wunifrac,0.0,4,25,0.165,200,1000
micropower,wunifrac,0.0,4,26,0.18,200,1000
micropower,wunifrac,0.0,4,27,0.195,200,1000
micropower,wunifrac,0.0,4,28,0.195,200,1000
micropower,wunifrac,0.0,4,29,0.22,200,1000
micropower,wunifrac,0.0,4,30,0.21,200,1000
micropower,wunifrac,0.0,4,31,0.175,200,1000
micropower,wunifrac,0.0,4,32,0.235,200,1000
micropower,wunifrac,0.0,4,33,0.21,200,1000
micropower,wunifrac,0.0,4,34,0.21,200,1000
micropower,wunifrac,0.0,4,35,0.21,200,1000
micropower,wunifrac,0.0,4,36,0.195,200,1000
micropower,wunifrac,0.0,4,37,0.21,200,1000
micropower,wunifrac,0.0,4,38,0.18,200,1000
micropower,wunifrac,0.0,4,39,0.205,200,1000
micropower,wunifrac,0.0,4,40,0.235,200,1000
micropower,wunifrac,0.0,4,41,0.185,200,1000
micropower,wunifrac,0.0,4,42,0.145,200,1000
micropower,wunifrac,0.0,4,43,0.21,200,1000
micropower,wunifrac,0.0,4,44,0.24,200,1000
micropower,wunifrac,0.0,4,45,0.17,200,1000
micropower,wunifrac,0.0,4,46,0.185,200,1000
micropower,wunifrac,0.0,4,47,0.17,200,1000
micropower,wunifrac,0.0,4,48,0.16,200,1000
micropower,wunifrac,0.0,4,49,0.155,200,1000
micropower,wunifrac,0.0,4,50,0.195,200,1000
micropower,wunifrac,0.0,6,1,0.405,200,1000
micropower,wunifrac,0.0,6,2,0.465,200,1000
micropower,wunifrac,0.0,6,3,0.385,200,1000
micropower,wunifrac,0.0,6,4,0.31,200,1000
micropower,wunifrac,0.0,6,5,0.36,200,1000
micropower,wunifrac,0.0,6,6,0.42,200,1000
micropower,wunifrac,0.0,6,7,0.345,200,1000
micropower,wunifrac,0.0,6,8,0.345,200,1000
micropower,wunifrac,0.0,6,9,0.445,200,1000
micropower,wunifrac,0.0,6,10,0.365,200,1000
micropower,wunifrac,0.0,6,11,0.375,200,1000
micropower,wunifrac,0.0,6,12,0.42,200,1000
micropower,wunifrac,0.0,6,13,0.43,200,1000
micropower,wunifrac,0.0,6,14,0.42,200,1000
micropower,wunifrac,0.0,6,15,0.445,200,1000
micropower,wunifrac,0.0,6,16,0.435,200,1000
micropower,wunifrac,0.0,6,17,0.365,200,1000
micropower,wunifrac,0.0,6,18,0.38,200,1000
micropower,wunifrac,0.0,6,19,0.38,200,1000
micropower,wunifrac,0.0,6,20,0.405,200,1000
micropower,wunifrac,0.0,6,21,0.38,200,1000
micropower,wunifrac,0.0,6,22,0.4,200,1000
micropower,wunifrac,0.0,6,23,0.355,200,1000
micropower,wunifrac,0.0,6,24,0.43,200,1000
micropower,wunifrac,0.0,6,25,0.4,200,1000
micropower,wunifrac,0.0,6,26,0.4,200,1000
micropower,wunifrac,0.0,6,27,0.445,200,1000
micropower,wunifrac,0.0,6,28,0.44,200,1000
micropower,wunifrac,0.0,6,29,0.38,200,1000
micropower,wunifrac,0.0,6,30,0.425,200,1000
micropower,wunifrac,0.0,6,31,0.44,200,1000
micropower,wunifrac,0.0,6,32,0.415,200,1000
micropower,wunifrac,0.0,6,33,0.355,200,1000
micropower,wunifrac,0.0,6,34,0.4,200,1000
micropower,wunifrac,0.0,6,35,0.41,200,1000
micropower,wunifrac,0.0,6,36,0.385,200,1000
micropower,wunifrac,0.0,6,37,0.405,200,1000
micropower,wunifrac,0.0,6,38,0.395,200,1000
micropower,wunifrac,0.0,6,39,0.355,200,1000
micropower,wunifrac,0.0,6,40,0.35,200,1000
micropower,wunifrac,0.0,6,41,0.47,200,1000
micropower,wunifrac,0.0,6,42,0.385,200,1000
micropower,wunifrac,0.0,6,43,0.365,200,1000
micropower,wunifrac,0.0,6,44,0.45,200,1000
micropower,wunifrac,0.0,6,45,0.45,200,1000
micropower,wunifrac,0.0,6,46,0.405,200,1000
micropower,wunifrac,0.0,6,47,0.335,200,1000
micropower,wunifrac,0.0,6,48,0.415,200,1000
micropower,wunifrac,0.0,6,49,0.405,200,1000
micropower,wunifrac,0.0,6,50,0.42,200,1000
micropower,wunifrac,0.0,8,1,0.535,200,1000
micropower,wunifrac,0.0,8,2,0.505,200,1000
micropower,wunifrac,0.0,8,3,0.58,200,1000
micropower,wunifrac,0.0,8,4,0.605,200,1000
micropower,wunifrac,0.0,8,5,0.6,200,1000
micropower,wunifrac,0.0,8,6,0.58,200,1000
micropower,wunifrac,0.0,8,7,0.63,200,1000
micropower,wunifrac,0.0,8,8,0.625,200,1000
micropower,wunifrac,0.0,8,9,0.61,200,1000
micropower,wunifrac,0.0,8,10,0.66,200,1000
micropower,wunifrac,0.0,8,11,0.595,200,1000
micropower,wunifrac,0.0,8,12,0.615,200,1000
micropower,wunifrac,0.0,8,13,0.605,200,1000
micropower,wunifrac,0.0,8,14,0.63,200,1000
micropower,wunifrac,0.0,8,15,0.58,200,1000
micropower,wunifrac,0.0,8,16,0.63,200,1000
micropower,wunifrac,0.0,8,17,0.585,200,1000
micropower,wunifrac,0.0,8,18,0.595,200,1000
micropower,wunifrac,0.0,8,19,0.6,200,1000
micropower,wunifrac,0.0,8,20,0.615,200,1000
micropower,wunifrac,0.0,8,21,0.63,200,1000
micropower,wunifrac,0.0,8,22,0.65,200,1000
micropower,wunifrac,0.0,8,23,0.705,200,1000
micropower,wunifrac,0.0,8,24,0.575,200,1000
micropower,wunifrac,0.0,8,25,0.625,200,1000
micropower,wunifrac,0.0,8,26,0.65,200,1000
micropower,wunifrac,0.0,8,27,0.6,200,1000
micropower,wunifrac,0.0,8,28,0.59,200,1000
micropower,wunifrac,0.0,8,29,0.6,200,1000
micropower,wunifrac,0.0,8,30,0.575,200,1000
micropower,wunifrac,0.0,8,31,0.555,200,1000
micropower,wunifrac,0.0,8,32,0.605,200,1000
micropower,wunifrac,0.0,8,33,0.615,200,1000
micropower,wunifrac,0.0,8,34,0.61,200,1000
micropower,wunifrac,0.0,8,35,0.65,200,1000
micropower,wunifrac,0.0,8,36,0.57,200,1000
micropower,wunifrac,0.0,8,37,0.655,200,1000
micropower,wunifrac,0.0,8,38,0.63,200,1000
micropower,wunifrac,0.0,8,39,0.55,200,1000
micropower,wunifrac,0.0,8,40,0.55,200,1000
micropower,wunifrac,0.0,8,41,0.595,200,1000
micropower,wunifrac,0.0,8,42,0.63,200,1000
micropower,wunifrac,0.0,8,43,0.575,200,1000
micropower,wunifrac,0.0,8,44,0.615,200,1000
micropower,wunifrac,0.0,8,45,0.585,200,1000
micropower,wunifrac,0.0,8,46,0.605,200,1000
micropower,wunifrac,0.0,8,47,0.615,200,1000
micropower,wunifrac,0.0,8,48,0.635,200,1000
micropower,wunifrac,0.0,8,49,0.56,200,1000
micropower,wunifrac,0.0,8,50,0.62,200,1000
micropower,wunifrac,0.5,10,1,0.97,200,1000
micropower,wunifrac,0.5,10,2,0.94,200,1000
micropower,wunifrac,0.5,10,3,0.955,200,1000
micropower,wunifrac,0.5,10,4,0.965,200,1000
micropower,wunifrac,0.5,10,5,0.97,200,1000
micropower,wunifrac,0.5,10,6,0.98,200,1000
micropower,wunifrac,0.5,10,7,0.975,200,1000
micropower,wunifrac,0.5,10,8,0.96,200,1000
micropower,wunifrac,0.5,10,9,0.965,200,1000
micropower,wunifrac,0.5,10,10,0.975,200,1000
micropower,wunifrac,0.5,10,11,0.955,200,1000
micropower,wunifrac,0.5,10,12,0.975,200,1000
micropower,wunifrac,0.5,10,13,0.96,200,1000
micropower,wunifrac,0.5,10,14,0.965,200,1000
micropower,wunifrac,0.5,10,15,0.965,200,1000
micropower,wunifrac,0.5,10,16,0.955,200,1000
micropower,wunifrac,0.5,10,17,0.96,200,1000
micropower,wunifrac,0.5,10,18,0.96,200,1000
micropower,wunifrac,0.5,10,19,0.965,200,1000
micropower,wunifrac,0.5,10,20,0.96,200,1000
micropower,wunifrac,0.5,10,21,0.95,200,1000
micropower,wunifrac,0.5,10,22,0.955,200,1000
micropower,wunifrac,0.5,10,23,0.955,200,1000
micropower,wunifrac,0.5,10,24,0.955,200,1000
micropower,wunifrac,0.5,10,25,0.96,200,1000
micropower,wunifrac,0.5,10,26,0.95,200,1000
micropower,wunifrac,0.5,10,27,0.985,200,1000
micropower,wunifrac,0.5,10,28,0.97,200,1000
micropower,wunifrac,0.5,10,29,0.965,200,1000
micropower,wunifrac,0.5,10,30,0.95,200,1000
micropower,wunifrac,0.5,10,31,0.96,200,1000
micropower,wunifrac,0.5,10,32,0.975,200,1000
micropower,wunifrac,0.5,10,33,0.97,200,1000
micropower,wunifrac,0.5,10,34,0.975,200,1000
micropower,wunifrac,0.5,10,35,0.955,200,1000
micropower,wunifrac,0.5,10,36,0.945,200,1000
micropower,wunifrac,0.5,10,37,0.965,200,1000
micropower,wunifrac,0.5,10,38,0.955,200,1000
micropower,wunifrac,0.5,10,39,0.945,200,1000
micropower,wunifrac,0.5,10,40,0.975,200,1000
micropower,wunifrac,0.5,10,41,0.94,200,1000
micropower,wunifrac,0.5,10,42,0.955,200,1000
micropower,wunifrac,0.5,10,43,0.97,200,1000
micropower,wunifrac,0.5,10,44,0.955,200,1000
micropower,wunifrac,0.5,10,45,0.955,200,1000
micropower,wunifrac,0.5,10,46,0.96,200,1000
micropower,wunifrac,0.5,10,47,0.97,200,1000
micropower,wunifrac,0.5,10,48,0.97,200,1000
micropower,wunifrac,0.5,10,49,0.975,200,1000
micropower,wunifrac,0.5,10,50,0.955,200,1000
micropower,wunifrac,0.5,14,1,1.0,200,1000
micropower,wunifrac,0.5,14,2,0.995,200,1000
micropower,wunifrac,0.5,14,3,1.0,200,1000
micropower,wunifrac,0.5,14,4,1.0,200,1000
micropower,wunifrac,0.5,14,5,0.99,200,1000
micropower,wunifrac,0.5,14,6,0.995,200,1000
micropower,wunifrac,0.5,14,7,1.0,200,1000
micropower,wunifrac,0.5,14,8,1.0,200,1000
micropower,wunifrac,0.5,14,9,1.0,200,1000
micropower,wunifrac,0.5,14,10,1.0,200,1000
micropower,wunifrac,0.5,14,11,1.0,200,1000
micropower,wunifrac,0.5,14,12,1.0,200,1000
micropower,wunifrac,0.5,14,13,1.0,200,1000
micropower,wunifrac,0.5,14,14,1.0,200,1000
micropower,wunifrac,0.5,14,15,0.995,200,1000
micropower,wunifrac,0.5,14,16,1.0,200,1000
micropower,wunifrac,0.5,14,17,1.0,200,1000
micropower,wunifrac,0.5,14,18,1.0,200,1000
micropower,wunifrac,0.5,14,19,0.995,200,1000
micropower,wunifrac,0.5,14,20,1.0,200,1000
micropower,wunifrac,0.5,14,21,1.0,200,1000
micropower,wunifrac,0.5,14,22,1.0,200,1000
micropower,wunifrac,0.5,14,23,0.995,200,1000
micropower,wunifrac,0.5,14,24,0.995,200,1000
micropower,wunifrac,0.5,14,25,1.0,200,1000
micropower,wunifrac,0.5,14,26,1.0,200,1000
micropower,wunifrac,0.5,14,27,1.0,200,1000
micropower,wunifrac,0.5,14,28,0.995,200,1000
micropower,wunifrac,0.5,14,29,0.995,200,1000
micropower,wunifrac,0.5,14,30,1.0,200,1000
micropower,wunifrac,0.5,14,31,0.995,200,1000
micropower,wunifrac,0.5,14,32,1.0,200,1000
micropower,wunifrac,0.5,14,33,1.0,200,1000
micropower,wunifrac,0.5,14,34,1.0,200,1000
micropower,wunifrac,0.5,14,35,1.0,200,1000
micropower,wunifrac,0.5,14,36,1.0,200,1000
micropower,wunifrac,0.5,14,37,1.0,200,1000
micropower,wunifrac,0.5,14,38,1.0,200,1000
micropower,wunifrac,0.5,14,39,0.995,200,1000
micropower,wunifrac,0.5,14,40,0.995,200,1000
micropower,wunifrac,0.5,14,41,1.0,200,1000
micropower,wunifrac,0.5,14,42,0.995,200,1000
micropower,wunifrac,0.5,14,43,1.0,200,1000
micropower,wunifrac,0.5,14,44,1.0,200,1000
micropower,wunifrac,0.5,14,45,1.0,200,1000
micropower,wunifrac,0.5,14,46,1.0,200,1000
micropower,wunifrac,0.5,14,47,1.0,200,1000
micropower,wunifrac,0.5,14,48,1.0,200,1000
micropower,wunifrac,0.5,14,49,1.0,200,1000
micropower,wunifrac,0.5,14,50,1.0,200,1000
micropower,wunifrac,0.5,4,1,0.295,200,1000
micropower,wunifrac,0.5,4,2,0.33,200,1000
micropower,wunifrac,0.5,4,3,0.335,200,1000
micropower,wunifrac,0.5,4,4,0.33,200,1000
micropower,wunifrac,0.5,4,5,0.26,200,1000
micropower,wunifrac,0.5,4,6,0.325,200,1000
micropower,wunifrac,0.5,4,7,0.29,200,1000
micropower,wunifrac,0.5,4,8,0.295,200,1000
micropower,wunifrac,0.5,4,9,0.33,200,1000
micropower,wunifrac,0.5,4,10,0.26,200,1000
micropower,wunifrac,0.5,4,11,0.335,200,1000
micropower,wunifrac,0.5,4,12,0.295,200,1000
micropower,wunifrac,0.5,4,13,0.275,200,1000
micropower,wunifrac,0.5,4,14,0.25,200,1000
micropower,wunifrac,0.5,4,15,0.34,200,1000
micropower,wunifrac,0.5,4,16,0.31,200,1000
micropower,wunifrac,0.5,4,17,0.285,200,1000
micropower,wunifrac,0.5,4,18,0.325,200,1000
micropower,wunifrac,0.5,4,19,0.33,200,1000
micropower,wunifrac,0.5,4,20,0.31,200,1000
micropower,wunifrac,0.5,4,21,0.29,200,1000
micropower,wunifrac,0.5,4,22,0.305,200,1000
micropower,wunifrac,0.5,4,23,0.335,200,1000
micropower,wunifrac,0.5,4,24,0.31,200,1000
micropower,wunifrac,0.5,4,25,0.275,200,1000
micropower,wunifrac,0.5,4,26,0.315,200,1000
micropower,wunifrac,0.5,4,27,0.305,200,1000
micropower,wunifrac,0.5,4,28,0.335,200,1000
micropower,wunifrac,0.5,4,29,0.36,200,1000
micropower,wunifrac,0.5,4,30,0.235,200,1000
micropower,wunifrac,0.5,4,31,0.26,200,1000
micropower,wunifrac,0.5,4,32,0.295,200,1000
micropower,wunifrac,0.5,4,33,0.31,200,1000
micropower,wunifrac,0.5,4,34,0.245,200,1000
micropower,wunifrac,0.5,4,35,0.36,200,1000
micropower,wunifrac,0.5,4,36,0.27,200,1000
micropower,wunifrac,0.5,4,37,0.255,200,1000
micropower,wunifrac,0.5,4,38,0.275,200,1000
micropower,wunifrac,0.5,4,39,0.285,200,1000
micropower,wunifrac,0.5,4,40,0.275,200,1000
micropower,wunifrac,0.5,4,41,0.315,200,1000
micropower,wunifrac,0.5,4,42,0.335,200,1000
micropower,wunifrac,0.5,4,43,0.265,200,1000
micropower,wunifrac,0.5,4,44,0.25,200,1000
micropower,wunifrac,0.5,4,45,0.285,200,1000
micropower,wunifrac,0.5,4,46,0.375,200,1000
micropower,wunifrac,0.5,4,47,0.29,200,1000
micropower,wunifrac,0.5,4,48,0.305,200,1000
micropower,wunifrac,0.5,4,49,0.33,200,1000
micropower,wunifrac,0.5,4,50,0.29,200,1000
micropower,wunifrac,0.5,6,1,0.65,200,1000
micropower,wunifrac,0.5,6,2,0.59,200,1000
micropower,wunifrac,0.5,6,3,0.595,200,1000
micropower,wunifrac,0.5,6,4,0.635,200,1000
micropower,wunifrac,0.5,6,5,0.585,200,1000
micropower,wunifrac,0.5,6,6,0.565,200,1000
micropower,wunifrac,0.5,6,7,0.555,200,1000
micropower,wunifrac,0.5,6,8,0.515,200,1000
micropower,wunifrac,0.5,6,9,0.65,200,1000
micropower,wunifrac,0.5,6,10,0.585,200,1000
micropower,wunifrac,0.5,6,11,0.61,200,1000
micropower,wunifrac,0.5,6,12,0.605,200,1000
micropower,wunifrac,0.5,6,13,0.58,200,1000
micropower,wunifrac,0.5,6,14,0.61,200,1000
micropower,wunifrac,0.5,6,15,0.65,200,1000
micropower,wunifrac,0.5,6,16,0.635,200,1000
micropower,wunifrac,0.5,6,17,0.63,200,1000
micropower,wunifrac,0.5,6,18,0.65,200,1000
micropower,wunifrac,0.5,6,19,0.585,200,1000
micropower,wunifrac,0.5,6,20,0.685,200,1000
micropower,wunifrac,0.5,6,21,0.645,200,1000
micropower,wunifrac,0.5,6,22,0.63,200,1000
micropower,wunifrac,0.5,6,23,0.59,200,1000
micropower,wunifrac,0.5,6,24,0.595,200,1000
micropower,wunifrac,0.5,6,25,0.63,200,1000
micropower,wunifrac,0.5,6,26,0.62,200,1000
micropower,wunifrac,0.5,6,27,0.615,200,1000
micropower,wunifrac,0.5,6,28,0.58,200,1000
micropower,wunifrac,0.5,6,29,0.585,200,1000
micropower,wunifrac,0.5,6,30,0.65,200,1000
micropower,wunifrac,0.5,6,31,0.63,200,1000
micropower,wunifrac,0.5,6,32,0.635,200,1000
micropower,wunifrac,0.5,6,33,0.665,200,1000
micropower,wunifrac,0.5,6,34,0.635,200,1000
micropower,wunifrac,0.5,6,35,0.625,200,1000
micropower,wunifrac,0.5,6,36,0.555,200,1000
micropower,wunifrac,0.5,6,37,0.585,200,1000
micropower,wunifrac,0.5,6,38,0.58,200,1000
micropower,wunifrac,0.5,6,39,0.575,200,1000
micropower,wunifrac,0.5,6,40,0.635,200,1000
micropower,wunifrac,0.5,6,41,0.55,200,1000
micropower,wunifrac,0.5,6,42,0.6,200,1000
micropower,wunifrac,0.5,6,43,0.57,200,1000
micropower,wunifrac,0.5,6,44,0.615,200,1000
micropower,wunifrac,0.5,6,45,0.52,200,1000
micropower,wunifrac,0.5,6,46,0.615,200,1000
micropower,wunifrac,0.5,6,47,0.555,200,1000
micropower,wunifrac,0.5,6,48,0.665,200,1000
micropower,wunifrac,0.5,6,49,0.635,200,1000
micropower,wunifrac,0.5,6,50,0.535,200,1000
micropower,wunifrac,0.5,8,1,0.87,200,1000
micropower,wunifrac,0.5,8,2,0.845,200,1000
micropower,wunifrac,0.5,8,3,0.865,200,1000
micropower,wunifrac,0.5,8,4,0.78,200,1000
micropower,wunifrac,0.5,8,5,0.86,200,1000
micropower,wunifrac,0.5,8,6,0.84,200,1000
micropower,wunifrac,0.5,8,7,0.82,200,1000
micropower,wunifrac,0.5,8,8,0.79,200,1000
micropower,wunifrac,0.5,8,9,0.835,200,1000
micropower,wunifrac,0.5,8,10,0.835,200,1000
micropower,wunifrac,0.5,8,11,0.815,200,1000
micropower,wunifrac,0.5,8,12,0.82,200,1000
micropower,wunifrac,0.5,8,13,0.875,200,1000
micropower,wunifrac,0.5,8,14,0.87,200,1000
micropower,wunifrac,0.5,8,15,0.89,200,1000
micropower,wunifrac,0.5,8,16,0.885,200,1000
micropower,wunifrac,0.5,8,17,0.83,200,1000
micropower,wunifrac,0.5,8,18,0.82,200,1000
micropower,wunifrac,0.5,8,19,0.84,200,1000
micropower,wunifrac,0.5,8,20,0.86,200,1000
micropower,wunifrac,0.5,8,21,0.875,200,1000
micropower,wunifrac,0.5,8,22,0.825,200,1000
micropower,wunifrac,0.5,8,23,0.825,200,1000
micropower,wunifrac,0.5,8,24,0.835,200,1000
micropower,wunifrac,0.5,8,25,0.83,200,1000
micropower,wunifrac,0.5,8,26,0.82,200,1000
micropower,wunifrac,0.5,8,27,0.795,200,1000
micropower,wunifrac,0.5,8,28,0.845,200,1000
micropower,wunifrac,0.5,8,29,0.845,200,1000
micropower,wunifrac,0.5,8,30,0.755,200,1000
micropower,wunifrac,0.5,8,31,0.85,200,1000
micropower,wunifrac,0.5,8,32,0.83,200,1000
micropower,wunifrac,0.5,8,33,0.85,200,1000
micropower,wunifrac,0.5,8,34,0.81,200,1000
micropower,wunifrac,0.5,8,35,0.81,200,1000
micropower,wunifrac,0.5,8,36,0.84,200,1000
micropower,wunifrac,0.5,8,37,0.865,200,1000
micropower,wunifrac,0.5,8,38,0.85,200,1000
micropower,wunifrac,0.5,8,39,0.86,200,1000
micropower,wunifrac,0.5,8,40,0.845,200,1000
micropower,wunifrac,0.5,8,41,0.85,200,1000
micropower,wunifrac,0.5,8,42,0.845,200,1000
micropower,wunifrac,0.5,8,43,0.865,200,1000
micropower,wunifrac,0.5,8,44,0.885,200,1000
micropower,wunifrac,0.5,8,45,0.85,200,1000
micropower,wunifrac,0.5,8,46,0.84,200,1000
micropower,wunifrac,0.5,8,47,0.86,200,1000
micropower,wunifrac,0.5,8,48,0.85,200,1000
micropower,wunifrac,0.5,8,49,0.855,200,1000
micropower,wunifrac,0.5,8,50,0.825,200,1000
micropower,wunifrac,1.0,10,1,0.975,200,1000
micropower,wunifrac,1.0,10,2,1.0,200,1000
micropower,wunifrac,1.0,10,3,0.99,200,1000
micropower,wunifrac,1.0,10,4,0.99,200,1000
micropower,wunifrac,1.0,10,5,0.995,200,1000
micropower,wunifrac,1.0,10,6,0.985,200,1000
micropower,wunifrac,1.0,10,7,0.995,200,1000
micropower,wunifrac,1.0,10,8,0.99,200,1000
micropower,wunifrac,1.0,10,9,0.995,200,1000
micropower,wunifrac,1.0,10,10,0.995,200,1000
micropower,wunifrac,1.0,10,11,0.995,200,1000
micropower,wunifrac,1.0,10,12,0.985,200,1000
micropower,wunifrac,1.0,10,13,1.0,200,1000
micropower,wunifrac,1.0,10,14,0.995,200,1000
micropower,wunifrac,1.0,10,15,0.995,200,1000
micropower,wunifrac,1.0,10,16,0.995,200,1000
micropower,wunifrac,1.0,10,17,0.99,200,1000
micropower,wunifrac,1.0,10,18,0.99,200,1000
micropower,wunifrac,1.0,10,19,0.99,200,1000
micropower,wunifrac,1.0,10,20,0.99,200,1000
micropower,wunifrac,1.0,10,21,1.0,200,1000
micropower,wunifrac,1.0,10,22,0.99,200,1000
micropower,wunifrac,1.0,10,23,0.975,200,1000
micropower,wunifrac,1.0,10,24,0.985,200,1000
micropower,wunifrac,1.0,10,25,0.985,200,1000
micropower,wunifrac,1.0,10,26,0.985,200,1000
micropower,wunifrac,1.0,10,27,0.98,200,1000
micropower,wunifrac,1.0,10,28,0.99,200,1000
micropower,wunifrac,1.0,10,29,0.99,200,1000
micropower,wunifrac,1.0,10,30,0.99,200,1000
micropower,wunifrac,1.0,10,31,0.995,200,1000
micropower,wunifrac,1.0,10,32,0.985,200,1000
micropower,wunifrac,1.0,10,33,0.99,200,1000
micropower,wunifrac,1.0,10,34,0.985,200,1000
micropower,wunifrac,1.0,10,35,0.99,200,1000
micropower,wunifrac,1.0,10,36,1.0,200,1000
micropower,wunifrac,1.0,10,37,0.99,200,1000
micropower,wunifrac,1.0,10,38,1.0,200,1000
micropower,wunifrac,1.0,10,39,0.985,200,1000
micropower,wunifrac,1.0,10,40,0.99,200,1000
micropower,wunifrac,1.0,10,41,0.98,200,1000
micropower,wunifrac,1.0,10,42,0.99,200,1000
micropower,wunifrac,1.0,10,43,0.97,200,1000
micropower,wunifrac,1.0,10,44,0.985,200,1000
micropower,wunifrac,1.0,10,45,0.995,200,1000
micropower,wunifrac,1.0,10,46,0.98,200,1000
micropower,wunifrac,1.0,10,47,0.99,200,1000
micropower,wunifrac,1.0,10,48,0.985,200,1000
micropower,wunifrac,1.0,10,49,0.995,200,1000
micropower,wunifrac,1.0,10,50,0.995,200,1000
micropower,wunifrac,1.0,14,1,1.0,200,1000
micropower,wunifrac,1.0,14,2,1.0,200,1000
micropower,wunifrac,1.0,14,3,1.0,200,1000
micropower,wunifrac,1.0,14,4,1.0,200,1000
micropower,wunifrac,1.0,14,5,1.0,200,1000
micropower,wunifrac,1.0,14,6,1.0,200,1000
micropower,wunifrac,1.0,14,7,1.0,200,1000
micropower,wunifrac,1.0,14,8,1.0,200,1000
micropower,wunifrac,1.0,14,9,1.0,200,1000
micropower,wunifrac,1.0,14,10,1.0,200,1000
micropower,wunifrac,1.0,14,11,1.0,200,1000
micropower,wunifrac,1.0,14,12,1.0,200,1000
micropower,wunifrac,1.0,14,13,1.0,200,1000
micropower,wunifrac,1.0,14,14,1.0,200,1000
micropower,wunifrac,1.0,14,15,1.0,200,1000
micropower,wunifrac,1.0,14,16,1.0,200,1000
micropower,wunifrac,1.0,14,17,1.0,200,1000
micropower,wunifrac,1.0,14,18,1.0,200,1000
micropower,wunifrac,1.0,14,19,1.0,200,1000
micropower,wunifrac,1.0,14,20,1.0,200,1000
micropower,wunifrac,1.0,14,21,1.0,200,1000
micropower,wunifrac,1.0,14,22,1.0,200,1000
micropower,wunifrac,1.0,14,23,1.0,200,1000
micropower,wunifrac,1.0,14,24,1.0,200,1000
micropower,wunifrac,1.0,14,25,1.0,200,1000
micropower,wunifrac,1.0,14,26,1.0,200,1000
micropower,wunifrac,1.0,14,27,1.0,200,1000
micropower,wunifrac,1.0,14,28,1.0,200,1000
micropower,wunifrac,1.0,14,29,1.0,200,1000
micropower,wunifrac,1.0,14,30,1.0,200,1000
micropower,wunifrac,1.0,14,31,1.0,200,1000
micropower,wunifrac,1.0,14,32,1.0,200,1000
micropower,wunifrac,1.0,14,33,1.0,200,1000
micropower,wunifrac,1.0,14,34,1.0,200,1000
micropower,wunifrac,1.0,14,35,1.0,200,1000
micropower,wunifrac,1.0,14,36,1.0,200,1000
micropower,wunifrac,1.0,14,37,1.0,200,1000
micropower,wunifrac,1.0,14,38,1.0,200,1000
micropower,wunifrac,1.0,14,39,1.0,200,1000
micropower,wunifrac,1.0,14,40,1.0,200,1000
micropower,wunifrac,1.0,14,41,1.0,200,1000
micropower,wunifrac,1.0,14,42,1.0,200,1000
micropower,wunifrac,1.0,14,43,1.0,200,1000
micropower,wunifrac,1.0,14,44,1.0,200,1000
micropower,wunifrac,1.0,14,45,1.0,200,1000
micropower,wunifrac,1.0,14,46,1.0,200,1000
micropower,wunifrac,1.0,14,47,1.0,200,1000
micropower,wunifrac,1.0,14,48,1.0,200,1000
micropower,wunifrac,1.0,14,49,1.0,200,1000
micropower,wunifrac,1.0,14,50,1.0,200,1000
micropower,wunifrac,1.0,4,1,0.375,200,1000
micropower,wunifrac,1.0,4,2,0.34,200,1000
micropower,wunifrac,1.0,4,3,0.365,200,1000
micropower,wunifrac,1.0,4,4,0.395,200,1000
micropower,wunifrac,1.0,4,5,0.34,200,1000
micropower,wunifrac,1.0,4,6,0.39,200,1000
micropower,wunifrac,1.0,4,7,0.335,200,1000
micropower,wunifrac,1.0,4,8,0.35,200,1000
micropower,wunifrac,1.0,4,9,0.38,200,1000
micropower,wunifrac,1.0,4,10,0.325,200,1000
micropower,wunifrac,1.0,4,11,0.255,200,1000
micropower,wunifrac,1.0,4,12,0.385,200,1000
micropower,wunifrac,1.0,4,13,0.33,200,1000
micropower,wunifrac,1.0,4,14,0.405,200,1000
micropower,wunifrac,1.0,4,15,0.29,200,1000
micropower,wunifrac,1.0,4,16,0.32,200,1000
micropower,wunifrac,1.0,4,17,0.345,200,1000
micropower,wunifrac,1.0,4,18,0.325,200,1000
micropower,wunifrac,1.0,4,19,0.355,200,1000
micropower,wunifrac,1.0,4,20,0.435,200,1000
micropower,wunifrac,1.0,4,21,0.385,200,1000
micropower,wunifrac,1.0,4,22,0.375,200,1000
micropower,wunifrac,1.0,4,23,0.33,200,1000
micropower,wunifrac,1.0,4,24,0.31,200,1000
micropower,wunifrac,1.0,4,25,0.285,200,1000
micropower,wunifrac,1.0,4,26,0.315,200,1000
micropower,wunifrac,1.0,4,27,0.31,200,1000
micropower,wunifrac,1.0,4,28,0.335,200,1000
micropower,wunifrac,1.0,4,29,0.355,200,1000
micropower,wunifrac,1.0,4,30,0.395,200,1000
micropower,wunifrac,1.0,4,31,0.38,200,1000
micropower,wunifrac,1.0,4,32,0.34,200,1000
micropower,wunifrac,1.0,4,33,0.35,200,1000
micropower,wunifrac,1.0,4,34,0.4,200,1000
micropower,wunifrac,1.0,4,35,0.37,200,1000
micropower,wunifrac,1.0,4,36,0.32,200,1000
micropower,wunifrac,1.0,4,37,0.335,200,1000
micropower,wunifrac,1.0,4,38,0.325,200,1000
micropower,wunifrac,1.0,4,39,0.375,200,1000
micropower,wunifrac,1.0,4,40,0.42,200,1000
micropower,wunifrac,1.0,4,41,0.305,200,1000
micropower,wunifrac,1.0,4,42,0.385,200,1000
micropower,wunifrac,1.0,4,43,0.365,200,1000
micropower,wunifrac,1.0,4,44,0.285,200,1000
micropower,wunifrac,1.0,4,45,0.355,200,1000
micropower,wunifrac,1.0,4,46,0.345,200,1000
micropower,wunifrac,1.0,4,47,0.32,200,1000
micropower,wunifrac,1.0,4,48,0.345,200,1000
micropower,wunifrac,1.0,4,49,0.415,200,1000
micropower,wunifrac,1.0,4,50,0.325,200,1000
micropower,wunifrac,1.0,6,1,0.775,200,1000
micropower,wunifrac,1.0,6,2,0.745,200,1000
micropower,wunifrac,1.0,6,3,0.82,200,1000
micropower,wunifrac,1.0,6,4,0.73,200,1000
micropower,wunifrac,1.0,6,5,0.785,200,1000
micropower,wunifrac,1.0,6,6,0.71,200,1000
micropower,wunifrac,1.0,6,7,0.78,200,1000
micropower,wunifrac,1.0,6,8,0.77,200,1000
micropower,wunifrac,1.0,6,9,0.76,200,1000
micropower,wunifrac,1.0,6,10,0.78,200,1000
micropower,wunifrac,1.0,6,11,0.76,200,1000
micropower,wunifrac,1.0,6,12,0.745,200,1000
micropower,wunifrac,1.0,6,13,0.775,200,1000
micropower,wunifrac,1.0,6,14,0.795,200,1000
micropower,wunifrac,1.0,6,15,0.75,200,1000
micropower,wunifrac,1.0,6,16,0.755,200,1000
micropower,wunifrac,1.0,6,17,0.82,200,1000
micropower,wunifrac,1.0,6,18,0.755,200,1000
micropower,wunifrac,1.0,6,19,0.785,200,1000
micropower,wunifrac,1.0,6,20,0.735,200,1000
micropower,wunifrac,1.0,6,21,0.77,200,1000
micropower,wunifrac,1.0,6,22,0.765,200,1000
micropower,wunifrac,1.0,6,23,0.72,200,1000
micropower,wunifrac,1.0,6,24,0.775,200,1000
micropower,wunifrac,1.0,6,25,0.8,200,1000
micropower,wunifrac,1.0,6,26,0.77,200,1000
micropower,wunifrac,1.0,6,27,0.79,200,1000
micropower,wunifrac,1.0,6,28,0.8,200,1000
micropower,wunifrac,1.0,6,29,0.785,200,1000
micropower,wunifrac,1.0,6,30,0.8,200,1000
micropower,wunifrac,1.0,6,31,0.805,200,1000
micropower,wunifrac,1.0,6,32,0.745,200,1000
micropower,wunifrac,1.0,6,33,0.795,200,1000
micropower,wunifrac,1.0,6,34,0.74,200,1000
micropower,wunifrac,1.0,6,35,0.74,200,1000
micropower,wunifrac,1.0,6,36,0.73,200,1000
micropower,wunifrac,1.0,6,37,0.76,200,1000
micropower,wunifrac,1.0,6,38,0.74,200,1000
micropower,wunifrac,1.0,6,39,0.76,200,1000
micropower,wunifrac,1.0,6,40,0.76,200,1000
micropower,wunifrac,1.0,6,41,0.805,200,1000
micropower,wunifrac,1.0,6,42,0.745,200,1000
micropower,wunifrac,1.0,6,43,0.77,200,1000
micropower,wunifrac,1.0,6,44,0.805,200,1000
micropower,wunifrac,1.0,6,45,0.755,200,1000
micropower,wunifrac,1.0,6,46,0.745,200,1000
micropower,wunifrac,1.0,6,47,0.785,200,1000
micropower,wunifrac,1.0,6,48,0.775,200,1000
micropower,wunifrac,1.0,6,49,0.795,200,1000
micropower,wunifrac,1.0,6,50,0.785,200,1000
micropower,wunifrac,1.0,8,1,0.945,200,1000
micropower,wunifrac,1.0,8,2,0.935,200,1000
micropower,wunifrac,1.0,8,3,0.935,200,1000
micropower,wunifrac,1.0,8,4,0.94,200,1000
micropower,wunifrac,1.0,8,5,0.925,200,1000
micropower,wunifrac,1.0,8,6,0.95,200,1000
micropower,wunifrac,1.0,8,7,0.92,200,1000
micropower,wunifrac,1.0,8,8,0.95,200,1000
micropower,wunifrac,1.0,8,9,0.92,200,1000
micropower,wunifrac,1.0,8,10,0.91,200,1000
micropower,wunifrac,1.0,8,11,0.92,200,1000
micropower,wunifrac,1.0,8,12,0.935,200,1000
micropower,wunifrac,1.0,8,13,0.955,200,1000
micropower,wunifrac,1.0,8,14,0.935,200,1000
micropower,wunifrac,1.0,8,15,0.95,200,1000
micropower,wunifrac,1.0,8,16,0.94,200,1000
micropower,wunifrac,1.0,8,17,0.94,200,1000
micropower,wunifrac,1.0,8,18,0.965,200,1000
micropower,wunifrac,1.0,8,19,0.95,200,1000
micropower,wunifrac,1.0,8,20,0.9,200,1000
micropower,wunifrac,1.0,8,21,0.94,200,1000
micropower,wunifrac,1.0,8,22,0.945,200,1000
micropower,wunifrac,1.0,8,23,0.93,200,1000
micropower,wunifrac,1.0,8,24,0.93,200,1000
micropower,wunifrac,1.0,8,25,0.955,200,1000
micropower,wunifrac,1.0,8,26,0.93,200,1000
micropower,wunifrac,1.0,8,27,0.94,200,1000
micropower,wunifrac,1.0,8,28,0.92,200,1000
micropower,wunifrac,1.0,8,29,0.925,200,1000
micropower,wunifrac,1.0,8,30,0.93,200,1000
micropower,wunifrac,1.0,8,31,0.95,200,1000
micropower,wunifrac,1.0,8,32,0.935,200,1000
micropower,wunifrac,1.0,8,33,0.94,200,1000
micropower,wunifrac,1.0,8,34,0.9,200,1000
micropower,wunifrac,1.0,8,35,0.95,200,1000
micropower,wunifrac,1.0,8,36,0.9,200,1000
micropower,wunifrac,1.0,8,37,0.94,200,1000
micropower,wunifrac,1.0,8,38,0.94,200,1000
micropower,wunifrac,1.0,8,39,0.94,200,1000
micropower,wunifrac,1.0,8,40,0.94,200,1000
micropower,wunifrac,1.0,8,41,0.915,200,1000
micropower,wunifrac,1.0,8,42,0.925,200,1000
micropower,wunifrac,1.0,8,43,0.94,200,1000
micropower,wunifrac,1.0,8,44,0.965,200,1000
micropower,wunifrac,1.0,8,45,0.96,200,1000
micropower,wunifrac,1.0,8,46,0.94,200,1000
micropower,wunifrac,1.0,8,47,0.9,200,1000
micropower,wunifrac,1.0,8,48,0.96,200,1000
micropower,wunifrac,1.0,8,49,0.95,200,1000
micropower,wunifrac,1.0,8,50,0.935,200,1000
MPrESS,braycurtis,0.0,10,1,0.145,200,999
MPrESS,braycurtis,0.0,10,2,0.115,200,999
MPrESS,braycurtis,0.0,10,3,0.115,200,999
MPrESS,braycurtis,0.0,10,4,0.19,200,999
MPrESS,braycurtis,0.0,10,5,0.12,200,999
MPrESS,braycurtis,0.0,10,6,0.085,200,999
MPrESS,braycurtis,0.0,10,7,0.1,200,999
MPrESS,braycurtis,0.0,10,8,0.12,200,999
MPrESS,braycurtis,0.0,10,9,0.125,200,999
MPrESS,braycurtis,0.0,10,10,0.105,200,999
MPrESS,braycurtis,0.0,10,11,0.12,200,999
MPrESS,braycurtis,0.0,10,12,0.125,200,999
MPrESS,braycurtis,0.0,10,13,0.14,200,999
MPrESS,braycurtis,0.0,10,14,0.11,200,999
MPrESS,braycurtis,0.0,10,15,0.13,200,999
MPrESS,braycurtis,0.0,10,16,0.15,200,999
MPrESS,braycurtis,0.0,10,17,0.105,200,999
MPrESS,braycurtis,0.0,10,18,0.125,200,999
MPrESS,braycurtis,0.0,10,19,0.12,200,999
MPrESS,braycurtis,0.0,10,20,0.11,200,999
MPrESS,braycurtis,0.0,10,21,0.13,200,999
MPrESS,braycurtis,0.0,10,22,0.135,200,999
MPrESS,braycurtis,0.0,10,23,0.12,200,999
MPrESS,braycurtis,0.0,10,24,0.125,200,999
MPrESS,braycurtis,0.0,10,25,0.1,200,999
MPrESS,braycurtis,0.0,10,26,0.115,200,999
MPrESS,braycurtis,0.0,10,27,0.13,200,999
MPrESS,braycurtis,0.0,10,28,0.125,200,999
MPrESS,braycurtis,0.0,10,29,0.105,200,999
MPrESS,braycurtis,0.0,10,30,0.155,200,999
MPrESS,braycurtis,0.0,10,31,0.135,200,999
MPrESS,braycurtis,0.0,10,32,0.13,200,999
MPrESS,braycurtis,0.0,10,33,0.13,200,999
MPrESS,braycurtis,0.0,10,34,0.115,200,999
MPrESS,braycurtis,0.0,10,35,0.15,200,999
MPrESS,braycurtis,0.0,10,36,0.15,200,999
MPrESS,braycurtis,0.0,10,37,0.1,200,999
MPrESS,braycurtis,0.0,10,38,0.11,200,999
MPrESS,braycurtis,0.0,10,39,0.105,200,999
MPrESS,braycurtis,0.0,10,40,0.1,200,999
MPrESS,braycurtis,0.0,10,41,0.13,200,999
MPrESS,braycurtis,0.0,10,42,0.085,200,999
MPrESS,braycurtis,0.0,10,43,0.09,200,999
MPrESS,braycurtis,0.0,10,44,0.08,200,999
MPrESS,braycurtis,0.0,10,45,0.09,200,999
MPrESS,braycurtis,0.0,10,46,0.125,200,999
MPrESS,braycurtis,0.0,10,47,0.15,200,999
MPrESS,braycurtis,0.0,10,48,0.115,200,999
MPrESS,braycurtis,0.0,10,49,0.085,200,999
MPrESS,braycurtis,0.0,10,50,0.115,200,999
MPrESS,braycurtis,0.0,14,1,0.215,200,999
MPrESS,braycurtis,0.0,14,2,0.2,200,999
MPrESS,braycurtis,0.0,14,3,0.215,200,999
MPrESS,braycurtis,0.0,14,4,0.175,200,999
MPrESS,braycurtis,0.0,14,5,0.245,200,999
MPrESS,braycurtis,0.0,14,6,0.165,200,999
MPrESS,braycurtis,0.0,14,7,0.225,200,999
MPrESS,braycurtis,0.0,14,8,0.185,200,999
MPrESS,braycurtis,0.0,14,9,0.195,200,999
MPrESS,braycurtis,0.0,14,10,0.17,200,999
MPrESS,braycurtis,0.0,14,11,0.23,200,999
MPrESS,braycurtis,0.0,14,12,0.24,200,999
MPrESS,braycurtis,0.0,14,13,0.21,200,999
MPrESS,braycurtis,0.0,14,14,0.225,200,999
MPrESS,braycurtis,0.0,14,15,0.185,200,999
MPrESS,braycurtis,0.0,14,16,0.225,200,999
MPrESS,braycurtis,0.0,14,17,0.24,200,999
MPrESS,braycurtis,0.0,14,18,0.195,200,999
MPrESS,braycurtis,0.0,14,19,0.19,200,999
MPrESS,braycurtis,0.0,14,20,0.19,200,999
MPrESS,braycurtis,0.0,14,21,0.195,200,999
MPrESS,braycurtis,0.0,14,22,0.19,200,999
MPrESS,braycurtis,0.0,14,23,0.185,200,999
MPrESS,braycurtis,0.0,14,24,0.195,200,999
MPrESS,braycurtis,0.0,14,25,0.235,200,999
MPrESS,braycurtis,0.0,14,26,0.185,200,999
MPrESS,braycurtis,0.0,14,27,0.16,200,999
MPrESS,braycurtis,0.0,14,28,0.185,200,999
MPrESS,braycurtis,0.0,14,29,0.215,200,999
MPrESS,braycurtis,0.0,14,30,0.24,200,999
MPrESS,braycurtis,0.0,14,31,0.195,200,999
MPrESS,braycurtis,0.0,14,32,0.185,200,999
MPrESS,braycurtis,0.0,14,33,0.225,200,999
MPrESS,braycurtis,0.0,14,34,0.15,200,999
MPrESS,braycurtis,0.0,14,35,0.21,200,999
MPrESS,braycurtis,0.0,14,36,0.26,200,999
MPrESS,braycurtis,0.0,14,37,0.21,200,999
MPrESS,braycurtis,0.0,14,38,0.215,200,999
MPrESS,braycurtis,0.0,14,39,0.155,200,999
MPrESS,braycurtis,0.0,14,40,0.195,200,999
MPrESS,braycurtis,0.0,14,41,0.145,200,999
MPrESS,braycurtis,0.0,14,42,0.185,200,999
MPrESS,braycurtis,0.0,14,43,0.21,200,999
MPrESS,braycurtis,0.0,14,44,0.235,200,999
MPrESS,braycurtis,0.0,14,45,0.18,200,999
MPrESS,braycurtis,0.0,14,46,0.17,200,999
MPrESS,braycurtis,0.0,14,47,0.225,200,999
MPrESS,braycurtis,0.0,14,48,0.19,200,999
MPrESS,braycurtis,0.0,14,49,0.17,200,999
MPrESS,braycurtis,0.0,14,50,0.18,200,999
MPrESS,braycurtis,0.0,4,1,0.05,200,999
MPrESS,braycurtis,0.0,4,2,0.045,200,999
MPrESS,braycurtis,0.0,4,3,0.055,200,999
MPrESS,braycurtis,0.0,4,4,0.035,200,999
MPrESS,braycurtis,0.0,4,5,0.095,200,999
MPrESS,braycurtis,0.0,4,6,0.07,200,999
MPrESS,braycurtis,0.0,4,7,0.08,200,999
MPrESS,braycurtis,0.0,4,8,0.05,200,999
MPrESS,braycurtis,0.0,4,9,0.065,200,999
MPrESS,braycurtis,0.0,4,10,0.05,200,999
MPrESS,braycurtis,0.0,4,11,0.06,200,999
MPrESS,braycurtis,0.0,4,12,0.07,200,999
MPrESS,braycurtis,0.0,4,13,0.06,200,999
MPrESS,braycurtis,0.0,4,14,0.06,200,999
MPrESS,braycurtis,0.0,4,15,0.03,200,999
MPrESS,braycurtis,0.0,4,16,0.045,200,999
MPrESS,braycurtis,0.0,4,17,0.065,200,999
MPrESS,braycurtis,0.0,4,18,0.045,200,999
MPrESS,braycurtis,0.0,4,19,0.065,200,999
MPrESS,braycurtis,0.0,4,20,0.065,200,999
MPrESS,braycurtis,0.0,4,21,0.08,200,999
MPrESS,braycurtis,0.0,4,22,0.065,200,999
MPrESS,braycurtis,0.0,4,23,0.06,200,999
MPrESS,braycurtis,0.0,4,24,0.05,200,999
MPrESS,braycurtis,0.0,4,25,0.035,200,999
MPrESS,braycurtis,0.0,4,26,0.055,200,999
MPrESS,braycurtis,0.0,4,27,0.045,200,999
MPrESS,braycurtis,0.0,4,28,0.055,200,999
MPrESS,braycurtis,0.0,4,29,0.03,200,999
MPrESS,braycurtis,0.0,4,30,0.055,200,999
MPrESS,braycurtis,0.0,4,31,0.06,200,999
MPrESS,braycurtis,0.0,4,32,0.04,200,999
MPrESS,braycurtis,0.0,4,33,0.075,200,999
MPrESS,braycurtis,0.0,4,34,0.06,200,999
MPrESS,braycurtis,0.0,4,35,0.065,200,999
MPrESS,braycurtis,0.0,4,36,0.085,200,999
MPrESS,braycurtis,0.0,4,37,0.055,200,999
MPrESS,braycurtis,0.0,4,38,0.05,200,999
MPrESS,braycurtis,0.0,4,39,0.05,200,999
MPrESS,braycurtis,0.0,4,40,0.075,200,999
MPrESS,braycurtis,0.0,4,41,0.06,200,999
MPrESS,braycurtis,0.0,4,42,0.075,200,999
MPrESS,braycurtis,0.0,4,43,0.07,200,999
MPrESS,braycurtis,0.0,4,44,0.045,200,999
MPrESS,braycurtis,0.0,4,45,0.08,200,999
MPrESS,braycurtis,0.0,4,46,0.065,200,999
MPrESS,braycurtis,0.0,4,47,0.07,200,999
MPrESS,braycurtis,0.0,4,48,0.045,200,999
MPrESS,braycurtis,0.0,4,49,0.04,200,999
MPrESS,braycurtis,0.0,4,50,0.06,200,999
MPrESS,braycurtis,0.0,6,1,0.08,200,999
MPrESS,braycurtis,0.0,6,2,0.1,200,999
MPrESS,braycurtis,0.0,6,3,0.065,200,999
MPrESS,braycurtis,0.0,6,4,0.105,200,999
MPrESS,braycurtis,0.0,6,5,0.075,200,999
MPrESS,braycurtis,0.0,6,6,0.08,200,999
MPrESS,braycurtis,0.0,6,7,0.125,200,999
MPrESS,braycurtis,0.0,6,8,0.065,200,999
MPrESS,braycurtis,0.0,6,9,0.085,200,999
MPrESS,braycurtis,0.0,6,10,0.11,200,999
MPrESS,braycurtis,0.0,6,11,0.09,200,999
MPrESS,braycurtis,0.0,6,12,0.085,200,999
MPrESS,braycurtis,0.0,6,13,0.08,200,999
MPrESS,braycurtis,0.0,6,14,0.065,200,999
MPrESS,braycurtis,0.0,6,15,0.105,200,999
MPrESS,braycurtis,0.0,6,16,0.075,200,999
MPrESS,braycurtis,0.0,6,17,0.085,200,999
MPrESS,braycurtis,0.0,6,18,0.07,200,999
MPrESS,braycurtis,0.0,6,19,0.085,200,999
MPrESS,braycurtis,0.0,6,20,0.055,200,999
MPrESS,braycurtis,0.0,6,21,0.09,200,999
MPrESS,braycurtis,0.0,6,22,0.075,200,999
MPrESS,braycurtis,0.0,6,23,0.075,200,999
MPrESS,braycurtis,0.0,6,24,0.065,200,999
MPrESS,braycurtis,0.0,6,25,0.08,200,999
MPrESS,braycurtis,0.0,6,26,0.055,200,999
MPrESS,braycurtis,0.0,6,27,0.085,200,999
MPrESS,braycurtis,0.0,6,28,0.11,200,999
MPrESS,braycurtis,0.0,6,29,0.07,200,999
MPrESS,braycurtis,0.0,6,30,0.055,200,999
MPrESS,braycurtis,0.0,6,31,0.075,200,999
MPrESS,braycurtis,0.0,6,32,0.105,200,999
MPrESS,braycurtis,0.0,6,33,0.095,200,999
MPrESS,braycurtis,0.0,6,34,0.125,200,999
MPrESS,braycurtis,0.0,6,35,0.09,200,999
MPrESS,braycurtis,0.0,6,36,0.075,200,999
MPrESS,braycurtis,0.0,6,37,0.075,200,999
MPrESS,braycurtis,0.0,6,38,0.065,200,999
MPrESS,braycurtis,0.0,6,39,0.07,200,999
MPrESS,braycurtis,0.0,6,40,0.07,200,999
MPrESS,braycurtis,0.0,6,41,0.065,200,999
MPrESS,braycurtis,0.0,6,42,0.055,200,999
MPrESS,braycurtis,0.0,6,43,0.105,200,999
MPrESS,braycurtis,0.0,6,44,0.095,200,999
MPrESS,braycurtis,0.0,6,45,0.075,200,999
MPrESS,braycurtis,0.0,6,46,0.055,200,999
MPrESS,braycurtis,0.0,6,47,0.08,200,999
MPrESS,braycurtis,0.0,6,48,0.07,200,999
MPrESS,braycurtis,0.0,6,49,0.085,200,999
MPrESS,braycurtis,0.0,6,50,0.05,200,999
MPrESS,braycurtis,0.0,8,1,0.095,200,999
MPrESS,braycurtis,0.0,8,2,0.075,200,999
MPrESS,braycurtis,0.0,8,3,0.105,200,999
MPrESS,braycurtis,0.0,8,4,0.1,200,999
MPrESS,braycurtis,0.0,8,5,0.08,200,999
MPrESS,braycurtis,0.0,8,6,0.13,200,999
MPrESS,braycurtis,0.0,8,7,0.085,200,999
MPrESS,braycurtis,0.0,8,8,0.09,200,999
MPrESS,braycurtis,0.0,8,9,0.11,200,999
MPrESS,braycurtis,0.0,8,10,0.115,200,999
MPrESS,braycurtis,0.0,8,11,0.12,200,999
MPrESS,braycurtis,0.0,8,12,0.1,200,999
MPrESS,braycurtis,0.0,8,13,0.08,200,999
MPrESS,braycurtis,0.0,8,14,0.09,200,999
MPrESS,braycurtis,0.0,8,15,0.125,200,999
MPrESS,braycurtis,0.0,8,16,0.09,200,999
MPrESS,braycurtis,0.0,8,17,0.095,200,999
MPrESS,braycurtis,0.0,8,18,0.1,200,999
MPrESS,braycurtis,0.0,8,19,0.14,200,999
MPrESS,braycurtis,0.0,8,20,0.145,200,999
MPrESS,braycurtis,0.0,8,21,0.085,200,999
MPrESS,braycurtis,0.0,8,22,0.075,200,999
MPrESS,braycurtis,0.0,8,23,0.105,200,999
MPrESS,braycurtis,0.0,8,24,0.105,200,999
MPrESS,braycurtis,0.0,8,25,0.12,200,999
MPrESS,braycurtis,0.0,8,26,0.105,200,999
MPrESS,braycurtis,0.0,8,27,0.135,200,999
MPrESS,braycurtis,0.0,8,28,0.11,200,999
MPrESS,braycurtis,0.0,8,29,0.12,200,999
MPrESS,braycurtis,0.0,8,30,0.065,200,999
MPrESS,braycurtis,0.0,8,31,0.08,200,999
MPrESS,braycurtis,0.0,8,32,0.075,200,999
MPrESS,braycurtis,0.0,8,33,0.09,200,999
MPrESS,braycurtis,0.0,8,34,0.1,200,999
MPrESS,braycurtis,0.0,8,35,0.09,200,999
MPrESS,braycurtis,0.0,8,36,0.105,200,999
MPrESS,braycurtis,0.0,8,37,0.085,200,999
MPrESS,braycurtis,0.0,8,38,0.08,200,999
MPrESS,braycurtis,0.0,8,39,0.11,200,999
MPrESS,braycurtis,0.0,8,40,0.08,200,999
MPrESS,braycurtis,0.0,8,41,0.115,200,999
MPrESS,braycurtis,0.0,8,42,0.075,200,999
MPrESS,braycurtis,0.0,8,43,0.115,200,999
MPrESS,braycurtis,0.0,8,44,0.13,200,999
MPrESS,braycurtis,0.0,8,45,0.09,200,999
MPrESS,braycurtis,0.0,8,46,0.08,200,999
MPrESS,braycurtis,0.0,8,47,0.08,200,999
MPrESS,braycurtis,0.0,8,48,0.1,200,999
MPrESS,braycurtis,0.0,8,49,0.1,200,999
MPrESS,braycurtis,0.0,8,50,0.105,200,999
MPrESS,braycurtis,0.5,10,1,0.985,200,999
MPrESS,braycurtis,0.5,10,2,0.975,200,999
MPrESS,braycurtis,0.5,10,3,0.985,200,999
MPrESS,braycurtis,0.5,10,4,0.985,200,999
MPrESS,braycurtis,0.5,10,5,0.975,200,999
MPrESS,braycurtis,0.5,10,6,0.995,200,999
MPrESS,braycurtis,0.5,10,7,0.96,200,999
MPrESS,braycurtis,0.5,10,8,0.985,200,999
MPrESS,braycurtis,0.5,10,9,0.975,200,999
MPrESS,braycurtis,0.5,10,10,0.985,200,999
MPrESS,braycurtis,0.5,10,11,0.985,200,999
MPrESS,braycurtis,0.5,10,12,0.98,200,999
MPrESS,braycurtis,0.5,10,13,0.98,200,999
MPrESS,braycurtis,0.5,10,14,0.98,200,999
MPrESS,braycurtis,0.5,10,15,0.96,200,999
MPrESS,braycurtis,0.5,10,16,0.985,200,999
MPrESS,braycurtis,0.5,10,17,0.985,200,999
MPrESS,braycurtis,0.5,10,18,0.985,200,999
MPrESS,braycurtis,0.5,10,19,0.99,200,999
MPrESS,braycurtis,0.5,10,20,0.99,200,999
MPrESS,braycurtis,0.5,10,21,0.98,200,999
MPrESS,braycurtis,0.5,10,22,0.965,200,999
MPrESS,braycurtis,0.5,10,23,0.975,200,999
MPrESS,braycurtis,0.5,10,24,0.98,200,999
MPrESS,braycurtis,0.5,10,25,0.98,200,999
MPrESS,braycurtis,0.5,10,26,0.985,200,999
MPrESS,braycurtis,0.5,10,27,0.98,200,999
MPrESS,braycurtis,0.5,10,28,0.99,200,999
MPrESS,braycurtis,0.5,10,29,1.0,200,999
MPrESS,braycurtis,0.5,10,30,0.975,200,999
MPrESS,braycurtis,0.5,10,31,0.99,200,999
MPrESS,braycurtis,0.5,10,32,0.975,200,999
MPrESS,braycurtis,0.5,10,33,1.0,200,999
MPrESS,braycurtis,0.5,10,34,1.0,200,999
MPrESS,braycurtis,0.5,10,35,0.975,200,999
MPrESS,braycurtis,0.5,10,36,0.985,200,999
MPrESS,braycurtis,0.5,10,37,0.995,200,999
MPrESS,braycurtis,0.5,10,38,0.985,200,999
MPrESS,braycurtis,0.5,10,39,0.98,200,999
MPrESS,braycurtis,0.5,10,40,0.99,200,999
MPrESS,braycurtis,0.5,10,41,0.975,200,999
MPrESS,braycurtis,0.5,10,42,0.97,200,999
MPrESS,braycurtis,0.5,10,43,0.99,200,999
MPrESS,braycurtis,0.5,10,44,0.94,200,999
MPrESS,braycurtis,0.5,10,45,0.98,200,999
MPrESS,braycurtis,0.5,10,46,0.97,200,999
MPrESS,braycurtis,0.5,10,47,0.975,200,999
MPrESS,braycurtis,0.5,10,48,1.0,200,999
MPrESS,braycurtis,0.5,10,49,0.995,200,999
MPrESS,braycurtis,0.5,10,50,0.98,200,999
MPrESS,braycurtis,0.5,14,1,1.0,200,999
MPrESS,braycurtis,0.5,14,2,1.0,200,999
MPrESS,braycurtis,0.5,14,3,1.0,200,999
MPrESS,braycurtis,0.5,14,4,1.0,200,999
MPrESS,braycurtis,0.5,14,5,1.0,200,999
MPrESS,braycurtis,0.5,14,6,1.0,200,999
MPrESS,braycurtis,0.5,14,7,1.0,200,999
MPrESS,braycurtis,0.5,14,8,1.0,200,999
MPrESS,braycurtis,0.5,14,9,1.0,200,999
MPrESS,braycurtis,0.5,14,10,1.0,200,999
MPrESS,braycurtis,0.5,14,11,1.0,200,999
MPrESS,braycurtis,0.5,14,12,1.0,200,999
MPrESS,braycurtis,0.5,14,13,1.0,200,999
MPrESS,braycurtis,0.5,14,14,1.0,200,999
MPrESS,braycurtis,0.5,14,15,1.0,200,999
MPrESS,braycurtis,0.5,14,16,1.0,200,999
MPrESS,braycurtis,0.5,14,17,1.0,200,999
MPrESS,braycurtis,0.5,14,18,1.0,200,999
MPrESS,braycurtis,0.5,14,19,1.0,200,999
MPrESS,braycurtis,0.5,14,20,1.0,200,999
MPrESS,braycurtis,0.5,14,21,1.0,200,999
MPrESS,braycurtis,0.5,14,22,1.0,200,999
MPrESS,braycurtis,0.5,14,23,1.0,200,999
MPrESS,braycurtis,0.5,14,24,1.0,200,999
MPrESS,braycurtis,0.5,14,25,1.0,200,999
MPrESS,braycurtis,0.5,14,26,1.0,200,999
MPrESS,braycurtis,0.5,14,27,1.0,200,999
MPrESS,braycurtis,0.5,14,28,1.0,200,999
MPrESS,braycurtis,0.5,14,29,1.0,200,999
MPrESS,braycurtis,0.5,14,30,1.0,200,999
MPrESS,braycurtis,0.5,14,31,1.0,200,999
MPrESS,braycurtis,0.5,14,32,1.0,200,999
MPrESS,braycurtis,0.5,14,33,1.0,200,999
MPrESS,braycurtis,0.5,14,34,1.0,200,999
MPrESS,braycurtis,0.5,14,35,1.0,200,999
MPrESS,braycurtis,0.5,14,36,1.0,200,999
MPrESS,braycurtis,0.5,14,37,1.0,200,999
MPrESS,braycurtis,0.5,14,38,1.0,200,999
MPrESS,braycurtis,0.5,14,39,1.0,200,999
MPrESS,braycurtis,0.5,14,40,1.0,200,999
MPrESS,braycurtis,0.5,14,41,1.0,200,999
MPrESS,braycurtis,0.5,14,42,1.0,200,999
MPrESS,braycurtis,0.5,14,43,1.0,200,999
MPrESS,braycurtis,0.5,14,44,1.0,200,999
MPrESS,braycurtis,0.5,14,45,1.0,200,999
MPrESS,braycurtis,0.5,14,46,1.0,200,999
MPrESS,braycurtis,0.5,14,47,1.0,200,999
MPrESS,braycurtis,0.5,14,48,1.0,200,999
MPrESS,braycurtis,0.5,14,49,1.0,200,999
MPrESS,braycurtis,0.5,14,50,1.0,200,999
MPrESS,braycurtis,0.5,4,1,0.27,200,999
MPrESS,braycurtis,0.5,4,2,0.235,200,999
MPrESS,braycurtis,0.5,4,3,0.205,200,999
MPrESS,braycurtis,0.5,4,4,0.195,200,999
MPrESS,braycurtis,0.5,4,5,0.245,200,999
MPrESS,braycurtis,0.5,4,6,0.225,200,999
MPrESS,braycurtis,0.5,4,7,0.205,200,999
MPrESS,braycurtis,0.5,4,8,0.24,200,999
MPrESS,braycurtis,0.5,4,9,0.25,200,999
MPrESS,braycurtis,0.5,4,10,0.195,200,999
MPrESS,braycurtis,0.5,4,11,0.23,200,999
MPrESS,braycurtis,0.5,4,12,0.255,200,999
MPrESS,braycurtis,0.5,4,13,0.235,200,999
MPrESS,braycurtis,0.5,4,14,0.26,200,999
MPrESS,braycurtis,0.5,4,15,0.2,200,999
MPrESS,braycurtis,0.5,4,16,0.25,200,999
MPrESS,braycurtis,0.5,4,17,0.19,200,999
MPrESS,braycurtis,0.5,4,18,0.265,200,999
MPrESS,braycurtis,0.5,4,19,0.23,200,999
MPrESS,braycurtis,0.5,4,20,0.25,200,999
MPrESS,braycurtis,0.5,4,21,0.24,200,999
MPrESS,braycurtis,0.5,4,22,0.18,200,999
MPrESS,braycurtis,0.5,4,23,0.21,200,999
MPrESS,braycurtis,0.5,4,24,0.22,200,999
MPrESS,braycurtis,0.5,4,25,0.24,200,999
MPrESS,braycurtis,0.5,4,26,0.2,200,999
MPrESS,braycurtis,0.5,4,27,0.205,200,999
MPrESS,braycurtis,0.5,4,28,0.215,200,999
MPrESS,braycurtis,0.5,4,29,0.245,200,999
MPrESS,braycurtis,0.5,4,30,0.23,200,999
MPrESS,braycurtis,0.5,4,31,0.21,200,999
MPrESS,braycurtis,0.5,4,32,0.22,200,999
MPrESS,braycurtis,0.5,4,33,0.235,200,999
MPrESS,braycurtis,0.5,4,34,0.265,200,999
MPrESS,braycurtis,0.5,4,35,0.265,200,999
MPrESS,braycurtis,0.5,4,36,0.245,200,999
MPrESS,braycurtis,0.5,4,37,0.2,200,999
MPrESS,braycurtis,0.5,4,38,0.155,200,999
MPrESS,braycurtis,0.5,4,39,0.205,200,999
MPrESS,braycurtis,0.5,4,40,0.245,200,999
MPrESS,braycurtis,0.5,4,41,0.225,200,999
MPrESS,braycurtis,0.5,4,42,0.225,200,999
MPrESS,braycurtis,0.5,4,43,0.19,200,999
MPrESS,braycurtis,0.5,4,44,0.235,200,999
MPrESS,braycurtis,0.5,4,45,0.25,200,999
MPrESS,braycurtis,0.5,4,46,0.275,200,999
MPrESS,braycurtis,0.5,4,47,0.23,200,999
MPrESS,braycurtis,0.5,4,48,0.205,200,999
MPrESS,braycurtis,0.5,4,49,0.29,200,999
MPrESS,braycurtis,0.5,4,50,0.24,200,999
MPrESS,braycurtis,0.5,6,1,0.54,200,999
MPrESS,braycurtis,0.5,6,2,0.6,200,999
MPrESS,braycurtis,0.5,6,3,0.55,200,999
MPrESS,braycurtis,0.5,6,4,0.54,200,999
MPrESS,braycurtis,0.5,6,5,0.575,200,999
MPrESS,braycurtis,0.5,6,6,0.54,200,999
MPrESS,braycurtis,0.5,6,7,0.535,200,999
MPrESS,braycurtis,0.5,6,8,0.515,200,999
MPrESS,braycurtis,0.5,6,9,0.565,200,999
MPrESS,braycurtis,0.5,6,10,0.605,200,999
MPrESS,braycurtis,0.5,6,11,0.59,200,999
MPrESS,braycurtis,0.5,6,12,0.565,200,999
MPrESS,braycurtis,0.5,6,13,0.575,200,999
MPrESS,braycurtis,0.5,6,14,0.585,200,999
MPrESS,braycurtis,0.5,6,15,0.575,200,999
MPrESS,braycurtis,0.5,6,16,0.555,200,999
MPrESS,braycurtis,0.5,6,17,0.555,200,999
MPrESS,braycurtis,0.5,6,18,0.575,200,999
MPrESS,braycurtis,0.5,6,19,0.635,200,999
MPrESS,braycurtis,0.5,6,20,0.54,200,999
MPrESS,braycurtis,0.5,6,21,0.575,200,999
MPrESS,braycurtis,0.5,6,22,0.56,200,999
MPrESS,braycurtis,0.5,6,23,0.585,200,999
MPrESS,braycurtis,0.5,6,24,0.615,200,999
MPrESS,braycurtis,0.5,6,25,0.62,200,999
MPrESS,braycurtis,0.5,6,26,0.565,200,999
MPrESS,braycurtis,0.5,6,27,0.62,200,999
MPrESS,braycurtis,0.5,6,28,0.545,200,999
MPrESS,braycurtis,0.5,6,29,0.565,200,999
MPrESS,braycurtis,0.5,6,30,0.56,200,999
MPrESS,braycurtis,0.5,6,31,0.595,200,999
MPrESS,braycurtis,0.5,6,32,0.56,200,999
MPrESS,braycurtis,0.5,6,33,0.56,200,999
MPrESS,braycurtis,0.5,6,34,0.525,200,999
MPrESS,braycurtis,0.5,6,35,0.555,200,999
MPrESS,braycurtis,0.5,6,36,0.61,200,999
MPrESS,braycurtis,0.5,6,37,0.54,200,999
MPrESS,braycurtis,0.5,6,38,0.57,200,999
MPrESS,braycurtis,0.5,6,39,0.495,200,999
MPrESS,braycurtis,0.5,6,40,0.62,200,999
MPrESS,braycurtis,0.5,6,41,0.59,200,999
MPrESS,braycurtis,0.5,6,42,0.6,200,999
MPrESS,braycurtis,0.5,6,43,0.56,200,999
MPrESS,braycurtis,0.5,6,44,0.575,200,999
MPrESS,braycurtis,0.5,6,45,0.565,200,999
MPrESS,braycurtis,0.5,6,46,0.535,200,999
MPrESS,braycurtis,0.5,6,47,0.555,200,999
MPrESS,braycurtis,0.5,6,48,0.53,200,999
MPrESS,braycurtis,0.5,6,49,0.56,200,999
MPrESS,braycurtis,0.5,6,50,0.595,200,999
MPrESS,braycurtis,0.5,8,1,0.845,200,999
MPrESS,braycurtis,0.5,8,2,0.875,200,999
MPrESS,braycurtis,0.5,8,3,0.91,200,999
MPrESS,braycurtis,0.5,8,4,0.87,200,999
MPrESS,braycurtis,0.5,8,5,0.87,200,999
MPrESS,braycurtis,0.5,8,6,0.895,200,999
MPrESS,braycurtis,0.5,8,7,0.865,200,999
MPrESS,braycurtis,0.5,8,8,0.895,200,999
MPrESS,braycurtis,0.5,8,9,0.87,200,999
MPrESS,braycurtis,0.5,8,10,0.895,200,999
MPrESS,braycurtis,0.5,8,11,0.875,200,999
MPrESS,braycurtis,0.5,8,12,0.875,200,999
MPrESS,braycurtis,0.5,8,13,0.89,200,999
MPrESS,braycurtis,0.5,8,14,0.89,200,999
MPrESS,braycurtis,0.5,8,15,0.9,200,999
MPrESS,braycurtis,0.5,8,16,0.9,200,999
MPrESS,braycurtis,0.5,8,17,0.895,200,999
MPrESS,braycurtis,0.5,8,18,0.875,200,999
MPrESS,braycurtis,0.5,8,19,0.865,200,999
MPrESS,braycurtis,0.5,8,20,0.865,200,999
MPrESS,braycurtis,0.5,8,21,0.82,200,999
MPrESS,braycurtis,0.5,8,22,0.895,200,999
MPrESS,braycurtis,0.5,8,23,0.865,200,999
MPrESS,braycurtis,0.5,8,24,0.86,200,999
MPrESS,braycurtis,0.5,8,25,0.88,200,999
MPrESS,braycurtis,0.5,8,26,0.905,200,999
MPrESS,braycurtis,0.5,8,27,0.895,200,999
MPrESS,braycurtis,0.5,8,28,0.86,200,999
MPrESS,braycurtis,0.5,8,29,0.88,200,999
MPrESS,braycurtis,0.5,8,30,0.905,200,999
MPrESS,braycurtis,0.5,8,31,0.88,200,999
MPrESS,braycurtis,0.5,8,32,0.9,200,999
MPrESS,braycurtis,0.5,8,33,0.9,200,999
MPrESS,braycurtis,0.5,8,34,0.88,200,999
MPrESS,braycurtis,0.5,8,35,0.82,200,999
MPrESS,braycurtis,0.5,8,36,0.875,200,999
MPrESS,braycurtis,0.5,8,37,0.835,200,999
MPrESS,braycurtis,0.5,8,38,0.84,200,999
MPrESS,braycurtis,0.5,8,39,0.87,200,999
MPrESS,braycurtis,0.5,8,40,0.87,200,999
MPrESS,braycurtis,0.5,8,41,0.835,200,999
MPrESS,braycurtis,0.5,8,42,0.875,200,999
MPrESS,braycurtis,0.5,8,43,0.875,200,999
MPrESS,braycurtis,0.5,8,44,0.875,200,999
MPrESS,braycurtis,0.5,8,45,0.885,200,999
MPrESS,braycurtis,0.5,8,46,0.89,200,999
MPrESS,braycurtis,0.5,8,47,0.92,200,999
MPrESS,braycurtis,0.5,8,48,0.89,200,999
MPrESS,braycurtis,0.5,8,49,0.885,200,999
MPrESS,braycurtis,0.5,8,50,0.885,200,999
MPrESS,braycurtis,1.0,10,1,1.0,200,999
MPrESS,braycurtis,1.0,10,2,1.0,200,999
MPrESS,braycurtis,1.0,10,3,1.0,200,999
MPrESS,braycurtis,1.0,10,4,1.0,200,999
MPrESS,braycurtis,1.0,10,5,1.0,200,999
MPrESS,braycurtis,1.0,10,6,1.0,200,999
MPrESS,braycurtis,1.0,10,7,1.0,200,999
MPrESS,braycurtis,1.0,10,8,1.0,200,999
MPrESS,braycurtis,1.0,10,9,1.0,200,999
MPrESS,braycurtis,1.0,10,10,1.0,200,999
MPrESS,braycurtis,1.0,10,11,1.0,200,999
MPrESS,braycurtis,1.0,10,12,1.0,200,999
MPrESS,braycurtis,1.0,10,13,1.0,200,999
MPrESS,braycurtis,1.0,10,14,1.0,200,999
MPrESS,braycurtis,1.0,10,15,1.0,200,999
MPrESS,braycurtis,1.0,10,16,1.0,200,999
MPrESS,braycurtis,1.0,10,17,1.0,200,999
MPrESS,braycurtis,1.0,10,18,1.0,200,999
MPrESS,braycurtis,1.0,10,19,1.0,200,999
MPrESS,braycurtis,1.0,10,20,1.0,200,999
MPrESS,braycurtis,1.0,10,21,1.0,200,999
MPrESS,braycurtis,1.0,10,22,1.0,200,999
MPrESS,braycurtis,1.0,10,23,1.0,200,999
MPrESS,braycurtis,1.0,10,24,1.0,200,999
MPrESS,braycurtis,1.0,10,25,1.0,200,999
MPrESS,braycurtis,1.0,10,26,1.0,200,999
MPrESS,braycurtis,1.0,10,27,1.0,200,999
MPrESS,braycurtis,1.0,10,28,1.0,200,999
MPrESS,braycurtis,1.0,10,29,1.0,200,999
MPrESS,braycurtis,1.0,10,30,1.0,200,999
MPrESS,braycurtis,1.0,10,31,1.0,200,999
MPrESS,braycurtis,1.0,10,32,1.0,200,999
MPrESS,braycurtis,1.0,10,33,1.0,200,999
MPrESS,braycurtis,1.0,10,34,1.0,200,999
MPrESS,braycurtis,1.0,10,35,1.0,200,999
MPrESS,braycurtis,1.0,10,36,1.0,200,999
MPrESS,braycurtis,1.0,10,37,1.0,200,999
MPrESS,braycurtis,1.0,10,38,1.0,200,999
MPrESS,braycurtis,1.0,10,39,1.0,200,999
MPrESS,braycurtis,1.0,10,40,1.0,200,999
MPrESS,braycurtis,1.0,10,41,1.0,200,999
MPrESS,braycurtis,1.0,10,42,1.0,200,999
MPrESS,braycurtis,1.0,10,43,1.0,200,999
MPrESS,braycurtis,1.0,10,44,1.0,200,999
MPrESS,braycurtis,1.0,10,45,1.0,200,999
MPrESS,braycurtis,1.0,10,46,1.0,200,999
MPrESS,braycurtis,1.0,10,47,1.0,200,999
MPrESS,braycurtis,1.0,10,48,1.0,200,999
MPrESS,braycurtis,1.0,10,49,1.0,200,999
MPrESS,braycurtis,1.0,10,50,1.0,200,999
MPrESS,braycurtis,1.0,14,1,1.0,200,999
MPrESS,braycurtis,1.0,14,2,1.0,200,999
MPrESS,braycurtis,1.0,14,3,1.0,200,999
MPrESS,braycurtis,1.0,14,4,1.0,200,999
MPrESS,braycurtis,1.0,14,5,1.0,200,999
MPrESS,braycurtis,1.0,14,6,1.0,200,999
MPrESS,braycurtis,1.0,14,7,1.0,200,999
MPrESS,braycurtis,1.0,14,8,1.0,200,999
MPrESS,braycurtis,1.0,14,9,1.0,200,999
MPrESS,braycurtis,1.0,14,10,1.0,200,999
MPrESS,braycurtis,1.0,14,11,1.0,200,999
MPrESS,braycurtis,1.0,14,12,1.0,200,999
MPrESS,braycurtis,1.0,14,13,1.0,200,999
MPrESS,braycurtis,1.0,14,14,1.0,200,999
MPrESS,braycurtis,1.0,14,15,1.0,200,999
MPrESS,braycurtis,1.0,14,16,1.0,200,999
MPrESS,braycurtis,1.0,14,17,1.0,200,999
MPrESS,braycurtis,1.0,14,18,1.0,200,999
MPrESS,braycurtis,1.0,14,19,1.0,200,999
MPrESS,braycurtis,1.0,14,20,1.0,200,999
MPrESS,braycurtis,1.0,14,21,1.0,200,999
MPrESS,braycurtis,1.0,14,22,1.0,200,999
MPrESS,braycurtis,1.0,14,23,1.0,200,999
MPrESS,braycurtis,1.0,14,24,1.0,200,999
MPrESS,braycurtis,1.0,14,25,1.0,200,999
MPrESS,braycurtis,1.0,14,26,1.0,200,999
MPrESS,braycurtis,1.0,14,27,1.0,200,999
MPrESS,braycurtis,1.0,14,28,1.0,200,999
MPrESS,braycurtis,1.0,14,29,1.0,200,999
MPrESS,braycurtis,1.0,14,30,1.0,200,999
MPrESS,braycurtis,1.0,14,31,1.0,200,999
MPrESS,braycurtis,1.0,14,32,1.0,200,999
MPrESS,braycurtis,1.0,14,33,1.0,200,999
MPrESS,braycurtis,1.0,14,34,1.0,200,999
MPrESS,braycurtis,1.0,14,35,1.0,200,999
MPrESS,braycurtis,1.0,14,36,1.0,200,999
MPrESS,braycurtis,1.0,14,37,1.0,200,999
MPrESS,braycurtis,1.0,14,38,1.0,200,999
MPrESS,braycurtis,1.0,14,39,1.0,200,999
MPrESS,braycurtis,1.0,14,40,1.0,200,999
MPrESS,braycurtis,1.0,14,41,1.0,200,999
MPrESS,braycurtis,1.0,14,42,1.0,200,999
MPrESS,braycurtis,1.0,14,43,1.0,200,999
MPrESS,braycurtis,1.0,14,44,1.0,200,999
MPrESS,braycurtis,1.0,14,45,1.0,200,999
MPrESS,braycurtis,1.0,14,46,1.0,200,999
MPrESS,braycurtis,1.0,14,47,1.0,200,999
MPrESS,braycurtis,1.0,14,48,1.0,200,999
MPrESS,braycurtis,1.0,14,49,1.0,200,999
MPrESS,braycurtis,1.0,14,50,1.0,200,999
MPrESS,braycurtis,1.0,4,1,0.415,200,999
MPrESS,braycurtis,1.0,4,2,0.425,200,999
MPrESS,braycurtis,1.0,4,3,0.475,200,999
MPrESS,braycurtis,1.0,4,4,0.53,200,999
MPrESS,braycurtis,1.0,4,5,0.46,200,999
MPrESS,braycurtis,1.0,4,6,0.525,200,999
MPrESS,braycurtis,1.0,4,7,0.48,200,999
MPrESS,braycurtis,1.0,4,8,0.48,200,999
MPrESS,braycurtis,1.0,4,9,0.47,200,999
MPrESS,braycurtis,1.0,4,10,0.54,200,999
MPrESS,braycurtis,1.0,4,11,0.485,200,999
MPrESS,braycurtis,1.0,4,12,0.465,200,999
MPrESS,braycurtis,1.0,4,13,0.48,200,999
MPrESS,braycurtis,1.0,4,14,0.435,200,999
MPrESS,braycurtis,1.0,4,15,0.55,200,999
MPrESS,braycurtis,1.0,4,16,0.525,200,999
MPrESS,braycurtis,1.0,4,17,0.485,200,999
MPrESS,braycurtis,1.0,4,18,0.51,200,999
MPrESS,braycurtis,1.0,4,19,0.49,200,999
MPrESS,braycurtis,1.0,4,20,0.52,200,999
MPrESS,braycurtis,1.0,4,21,0.465,200,999
MPrESS,braycurtis,1.0,4,22,0.435,200,999
MPrESS,braycurtis,1.0,4,23,0.5,200,999
MPrESS,braycurtis,1.0,4,24,0.47,200,999
MPrESS,braycurtis,1.0,4,25,0.415,200,999
MPrESS,braycurtis,1.0,4,26,0.545,200,999
MPrESS,braycurtis,1.0,4,27,0.505,200,999
MPrESS,braycurtis,1.0,4,28,0.49,200,999
MPrESS,braycurtis,1.0,4,29,0.48,200,999
MPrESS,braycurtis,1.0,4,30,0.47,200,999
MPrESS,braycurtis,1.0,4,31,0.435,200,999
MPrESS,braycurtis,1.0,4,32,0.48,200,999
MPrESS,braycurtis,1.0,4,33,0.465,200,999
MPrESS,braycurtis,1.0,4,34,0.5,200,999
MPrESS,braycurtis,1.0,4,35,0.52,200,999
MPrESS,braycurtis,1.0,4,36,0.48,200,999
MPrESS,braycurtis,1.0,4,37,0.525,200,999
MPrESS,braycurtis,1.0,4,38,0.5,200,999
MPrESS,braycurtis,1.0,4,39,0.425,200,999
MPrESS,braycurtis,1.0,4,40,0.55,200,999
MPrESS,braycurtis,1.0,4,41,0.47,200,999
MPrESS,braycurtis,1.0,4,42,0.46,200,999
MPrESS,braycurtis,1.0,4,43,0.54,200,999
MPrESS,braycurtis,1.0,4,44,0.595,200,999
MPrESS,braycurtis,1.0,4,45,0.485,200,999
MPrESS,braycurtis,1.0,4,46,0.525,200,999
MPrESS,braycurtis,1.0,4,47,0.485,200,999
MPrESS,braycurtis,1.0,4,48,0.47,200,999
MPrESS,braycurtis,1.0,4,49,0.435,200,999
MPrESS,braycurtis,1.0,4,50,0.5,200,999
MPrESS,braycurtis,1.0,6,1,0.915,200,999
MPrESS,braycurtis,1.0,6,2,0.93,200,999
MPrESS,braycurtis,1.0,6,3,0.905,200,999
MPrESS,braycurtis,1.0,6,4,0.94,200,999
MPrESS,braycurtis,1.0,6,5,0.96,200,999
MPrESS,braycurtis,1.0,6,6,0.92,200,999
MPrESS,braycurtis,1.0,6,7,0.94,200,999
MPrESS,braycurtis,1.0,6,8,0.935,200,999
MPrESS,braycurtis,1.0,6,9,0.98,200,999
MPrESS,braycurtis,1.0,6,10,0.895,200,999
MPrESS,braycurtis,1.0,6,11,0.905,200,999
MPrESS,braycurtis,1.0,6,12,0.925,200,999
MPrESS,braycurtis,1.0,6,13,0.95,200,999
MPrESS,braycurtis,1.0,6,14,0.93,200,999
MPrESS,braycurtis,1.0,6,15,0.925,200,999
MPrESS,braycurtis,1.0,6,16,0.945,200,999
MPrESS,braycurtis,1.0,6,17,0.94,200,999
MPrESS,braycurtis,1.0,6,18,0.95,200,999
MPrESS,braycurtis,1.0,6,19,0.94,200,999
MPrESS,braycurtis,1.0,6,20,0.96,200,999
MPrESS,braycurtis,1.0,6,21,0.955,200,999
MPrESS,braycurtis,1.0,6,22,0.95,200,999
MPrESS,braycurtis,1.0,6,23,0.905,200,999
MPrESS,braycurtis,1.0,6,24,0.965,200,999
MPrESS,braycurtis,1.0,6,25,0.94,200,999
MPrESS,braycurtis,1.0,6,26,0.95,200,999
MPrESS,braycurtis,1.0,6,27,0.945,200,999
MPrESS,braycurtis,1.0,6,28,0.95,200,999
MPrESS,braycurtis,1.0,6,29,0.95,200,999
MPrESS,braycurtis,1.0,6,30,0.93,200,999
MPrESS,braycurtis,1.0,6,31,0.93,200,999
MPrESS,braycurtis,1.0,6,32,0.94,200,999
MPrESS,braycurtis,1.0,6,33,0.935,200,999
MPrESS,braycurtis,1.0,6,34,0.915,200,999
MPrESS,braycurtis,1.0,6,35,0.92,200,999
MPrESS,braycurtis,1.0,6,36,0.93,200,999
MPrESS,braycurtis,1.0,6,37,0.97,200,999
MPrESS,braycurtis,1.0,6,38,0.955,200,999
MPrESS,braycurtis,1.0,6,39,0.935,200,999
MPrESS,braycurtis,1.0,6,40,0.93,200,999
MPrESS,braycurtis,1.0,6,41,0.945,200,999
MPrESS,braycurtis,1.0,6,42,0.935,200,999
MPrESS,braycurtis,1.0,6,43,0.92,200,999
MPrESS,braycurtis,1.0,6,44,0.925,200,999
MPrESS,braycurtis,1.0,6,45,0.94,200,999
MPrESS,braycurtis,1.0,6,46,0.885,200,999
MPrESS,braycurtis,1.0,6,47,0.955,200,999
MPrESS,braycurtis,1.0,6,48,0.94,200,999
MPrESS,braycurtis,1.0,6,49,0.96,200,999
MPrESS,braycurtis,1.0,6,50,0.945,200,999
MPrESS,braycurtis,1.0,8,1,1.0,200,999
MPrESS,braycurtis,1.0,8,2,0.995,200,999
MPrESS,braycurtis,1.0,8,3,1.0,200,999
MPrESS,braycurtis,1.0,8,4,0.995,200,999
MPrESS,braycurtis,1.0,8,5,0.995,200,999
MPrESS,braycurtis,1.0,8,6,1.0,200,999
MPrESS,braycurtis,1.0,8,7,1.0,200,999
MPrESS,braycurtis,1.0,8,8,1.0,200,999
MPrESS,braycurtis,1.0,8,9,1.0,200,999
MPrESS,braycurtis,1.0,8,10,1.0,200,999
MPrESS,braycurtis,1.0,8,11,0.995,200,999
MPrESS,braycurtis,1.0,8,12,1.0,200,999
MPrESS,braycurtis,1.0,8,13,1.0,200,999
MPrESS,braycurtis,1.0,8,14,1.0,200,999
MPrESS,braycurtis,1.0,8,15,0.995,200,999
MPrESS,braycurtis,1.0,8,16,1.0,200,999
MPrESS,braycurtis,1.0,8,17,1.0,200,999
MPrESS,braycurtis,1.0,8,18,0.995,200,999
MPrESS,braycurtis,1.0,8,19,0.995,200,999
MPrESS,braycurtis,1.0,8,20,1.0,200,999
MPrESS,braycurtis,1.0,8,21,1.0,200,999
MPrESS,braycurtis,1.0,8,22,1.0,200,999
MPrESS,braycurtis,1.0,8,23,0.995,200,999
MPrESS,braycurtis,1.0,8,24,1.0,200,999
MPrESS,braycurtis,1.0,8,25,0.995,200,999
MPrESS,braycurtis,1.0,8,26,0.99,200,999
MPrESS,braycurtis,1.0,8,27,1.0,200,999
MPrESS,braycurtis,1.0,8,28,0.99,200,999
MPrESS,braycurtis,1.0,8,29,1.0,200,999
MPrESS,braycurtis,1.0,8,30,1.0,200,999
MPrESS,braycurtis,1.0,8,31,1.0,200,999
MPrESS,braycurtis,1.0,8,32,0.995,200,999
MPrESS,braycurtis,1.0,8,33,0.995,200,999
MPrESS,braycurtis,1.0,8,34,1.0,200,999
MPrESS,braycurtis,1.0,8,35,1.0,200,999
MPrESS,braycurtis,1.0,8,36,0.995,200,999
MPrESS,braycurtis,1.0,8,37,1.0,200,999
MPrESS,braycurtis,1.0,8,38,1.0,200,999
MPrESS,braycurtis,1.0,8,39,1.0,200,999
MPrESS,braycurtis,1.0,8,40,1.0,200,999
MPrESS,braycurtis,1.0,8,41,0.995,200,999
MPrESS,braycurtis,1.0,8,42,1.0,200,999
MPrESS,braycurtis,1.0,8,43,1.0,200,999
MPrESS,braycurtis,1.0,8,44,1.0,200,999
MPrESS,braycurtis,1.0,8,45,1.0,200,999
MPrESS,braycurtis,1.0,8,46,1.0,200,999
MPrESS,braycurtis,1.0,8,47,0.995,200,999
MPrESS,braycurtis,1.0,8,48,1.0,200,999
MPrESS,braycurtis,1.0,8,49,0.995,200,999
MPrESS,braycurtis,1.0,8,50,1.0,200,999
MPrESS,wunifrac,0.0,10,1,0.72,200,999
MPrESS,wunifrac,0.0,10,2,0.665,200,999
MPrESS,wunifrac,0.0,10,3,0.705,200,999
MPrESS,wunifrac,0.0,10,4,0.68,200,999
MPrESS,wunifrac,0.0,10,5,0.715,200,999
MPrESS,wunifrac,0.0,10,6,0.705,200,999
MPrESS,wunifrac,0.0,10,7,0.67,200,999
MPrESS,wunifrac,0.0,10,8,0.71,200,999
MPrESS,wunifrac,0.0,10,9,0.665,200,999
MPrESS,wunifrac,0.0,10,10,0.655,200,999
MPrESS,wunifrac,0.0,10,11,0.72,200,999
MPrESS,wunifrac,0.0,10,12,0.66,200,999
MPrESS,wunifrac,0.0,10,13,0.665,200,999
MPrESS,wunifrac,0.0,10,14,0.7,200,999
MPrESS,wunifrac,0.0,10,15,0.725,200,999
MPrESS,wunifrac,0.0,10,16,0.7,200,999
MPrESS,wunifrac,0.0,10,17,0.7,200,999
MPrESS,wunifrac,0.0,10,18,0.64,200,999
MPrESS,wunifrac,0.0,10,19,0.7,200,999
MPrESS,wunifrac,0.0,10,20,0.68,200,999
MPrESS,wunifrac,0.0,10,21,0.72,200,999
MPrESS,wunifrac,0.0,10,22,0.695,200,999
MPrESS,wunifrac,0.0,10,23,0.71,200,999
MPrESS,wunifrac,0.0,10,24,0.72,200,999
MPrESS,wunifrac,0.0,10,25,0.695,200,999
MPrESS,wunifrac,0.0,10,26,0.635,200,999
MPrESS,wunifrac,0.0,10,27,0.655,200,999
MPrESS,wunifrac,0.0,10,28,0.715,200,999
MPrESS,wunifrac,0.0,10,29,0.65,200,999
MPrESS,wunifrac,0.0,10,30,0.72,200,999
MPrESS,wunifrac,0.0,10,31,0.66,200,999
MPrESS,wunifrac,0.0,10,32,0.71,200,999
MPrESS,wunifrac,0.0,10,33,0.66,200,999
MPrESS,wunifrac,0.0,10,34,0.71,200,999
MPrESS,wunifrac,0.0,10,35,0.655,200,999
MPrESS,wunifrac,0.0,10,36,0.695,200,999
MPrESS,wunifrac,0.0,10,37,0.68,200,999
MPrESS,wunifrac,0.0,10,38,0.69,200,999
MPrESS,wunifrac,0.0,10,39,0.715,200,999
MPrESS,wunifrac,0.0,10,40,0.72,200,999
MPrESS,wunifrac,0.0,10,41,0.725,200,999
MPrESS,wunifrac,0.0,10,42,0.67,200,999
MPrESS,wunifrac,0.0,10,43,0.725,200,999
MPrESS,wunifrac,0.0,10,44,0.65,200,999
MPrESS,wunifrac,0.0,10,45,0.695,200,999
MPrESS,wunifrac,0.0,10,46,0.665,200,999
MPrESS,wunifrac,0.0,10,47,0.725,200,999
MPrESS,wunifrac,0.0,10,48,0.685,200,999
MPrESS,wunifrac,0.0,10,49,0.735,200,999
MPrESS,wunifrac,0.0,10,50,0.64,200,999
MPrESS,wunifrac,0.0,14,1,0.95,200,999
MPrESS,wunifrac,0.0,14,2,0.92,200,999
MPrESS,wunifrac,0.0,14,3,0.935,200,999
MPrESS,wunifrac,0.0,14,4,0.925,200,999
MPrESS,wunifrac,0.0,14,5,0.94,200,999
MPrESS,wunifrac,0.0,14,6,0.93,200,999
MPrESS,wunifrac,0.0,14,7,0.895,200,999
MPrESS,wunifrac,0.0,14,8,0.95,200,999
MPrESS,wunifrac,0.0,14,9,0.905,200,999
MPrESS,wunifrac,0.0,14,10,0.955,200,999
MPrESS,wunifrac,0.0,14,11,0.945,200,999
MPrESS,wunifrac,0.0,14,12,0.965,200,999
MPrESS,wunifrac,0.0,14,13,0.915,200,999
MPrESS,wunifrac,0.0,14,14,0.925,200,999
MPrESS,wunifrac,0.0,14,15,0.955,200,999
MPrESS,wunifrac,0.0,14,16,0.94,200,999
MPrESS,wunifrac,0.0,14,17,0.93,200,999
MPrESS,wunifrac,0.0,14,18,0.925,200,999
MPrESS,wunifrac,0.0,14,19,0.97,200,999
MPrESS,wunifrac,0.0,14,20,0.945,200,999
MPrESS,wunifrac,0.0,14,21,0.95,200,999
MPrESS,wunifrac,0.0,14,22,0.95,200,999
MPrESS,wunifrac,0.0,14,23,0.93,200,999
MPrESS,wunifrac,0.0,14,24,0.955,200,999
MPrESS,wunifrac,0.0,14,25,0.945,200,999
MPrESS,wunifrac,0.0,14,26,0.93,200,999
MPrESS,wunifrac,0.0,14,27,0.925,200,999
MPrESS,wunifrac,0.0,14,28,0.93,200,999
MPrESS,wunifrac,0.0,14,29,0.91,200,999
MPrESS,wunifrac,0.0,14,30,0.895,200,999
MPrESS,wunifrac,0.0,14,31,0.955,200,999
MPrESS,wunifrac,0.0,14,32,0.935,200,999
MPrESS,wunifrac,0.0,14,33,0.955,200,999
MPrESS,wunifrac,0.0,14,34,0.945,200,999
MPrESS,wunifrac,0.0,14,35,0.945,200,999
MPrESS,wunifrac,0.0,14,36,0.915,200,999
MPrESS,wunifrac,0.0,14,37,0.935,200,999
MPrESS,wunifrac,0.0,14,38,0.93,200,999
MPrESS,wunifrac,0.0,14,39,0.915,200,999
MPrESS,wunifrac,0.0,14,40,0.93,200,999
MPrESS,wunifrac,0.0,14,41,0.925,200,999
MPrESS,wunifrac,0.0,14,42,0.94,200,999
MPrESS,wunifrac,0.0,14,43,0.95,200,999
MPrESS,wunifrac,0.0,14,44,0.94,200,999
MPrESS,wunifrac,0.0,14,45,0.96,200,999
MPrESS,wunifrac,0.0,14,46,0.93,200,999
MPrESS,wunifrac,0.0,14,47,0.945,200,999
MPrESS,wunifrac,0.0,14,48,0.96,200,999
MPrESS,wunifrac,0.0,14,49,0.95,200,999
MPrESS,wunifrac,0.0,14,50,0.935,200,999
MPrESS,wunifrac,0.0,4,1,0.16,200,999
MPrESS,wunifrac,0.0,4,2,0.11,200,999
MPrESS,wunifrac,0.0,4,3,0.155,200,999
MPrESS,wunifrac,0.0,4,4,0.125,200,999
MPrESS,wunifrac,0.0,4,5,0.205,200,999
MPrESS,wunifrac,0.0,4,6,0.17,200,999
MPrESS,wunifrac,0.0,4,7,0.18,200,999
MPrESS,wunifrac,0.0,4,8,0.195,200,999
MPrESS,wunifrac,0.0,4,9,0.215,200,999
MPrESS,wunifrac,0.0,4,10,0.115,200,999
MPrESS,wunifrac,0.0,4,11,0.195,200,999
MPrESS,wunifrac,0.0,4,12,0.175,200,999
MPrESS,wunifrac,0.0,4,13,0.2,200,999
MPrESS,wunifrac,0.0,4,14,0.23,200,999
MPrESS,wunifrac,0.0,4,15,0.145,200,999
MPrESS,wunifrac,0.0,4,16,0.17,200,999
MPrESS,wunifrac,0.0,4,17,0.17,200,999
MPrESS,wunifrac,0.0,4,18,0.13,200,999
MPrESS,wunifrac,0.0,4,19,0.17,200,999
MPrESS,wunifrac,0.0,4,20,0.115,200,999
MPrESS,wunifrac,0.0,4,21,0.165,200,999
MPrESS,wunifrac,0.0,4,22,0.165,200,999
MPrESS,wunifrac,0.0,4,23,0.13,200,999
MPrESS,wunifrac,0.0,4,24,0.15,200,999
MPrESS,wunifrac,0.0,4,25,0.155,200,999
MPrESS,wunifrac,0.0,4,26,0.145,200,999
MPrESS,wunifrac,0.0,4,27,0.17,200,999
MPrESS,wunifrac,0.0,4,28,0.145,200,999
MPrESS,wunifrac,0.0,4,29,0.175,200,999
MPrESS,wunifrac,0.0,4,30,0.175,200,999
MPrESS,wunifrac,0.0,4,31,0.165,200,999
MPrESS,wunifrac,0.0,4,32,0.2,200,999
MPrESS,wunifrac,0.0,4,33,0.165,200,999
MPrESS,wunifrac,0.0,4,34,0.235,200,999
MPrESS,wunifrac,0.0,4,35,0.15,200,999
MPrESS,wunifrac,0.0,4,36,0.15,200,999
MPrESS,wunifrac,0.0,4,37,0.185,200,999
MPrESS,wunifrac,0.0,4,38,0.21,200,999
MPrESS,wunifrac,0.0,4,39,0.175,200,999
MPrESS,wunifrac,0.0,4,40,0.17,200,999
MPrESS,wunifrac,0.0,4,41,0.19,200,999
MPrESS,wunifrac,0.0,4,42,0.17,200,999
MPrESS,wunifrac,0.0,4,43,0.14,200,999
MPrESS,wunifrac,0.0,4,44,0.17,200,999
MPrESS,wunifrac,0.0,4,45,0.17,200,999
MPrESS,wunifrac,0.0,4,46,0.205,200,999
MPrESS,wunifrac,0.0,4,47,0.18,200,999
MPrESS,wunifrac,0.0,4,48,0.21,200,999
MPrESS,wunifrac,0.0,4,49,0.18,200,999
MPrESS,wunifrac,0.0,4,50,0.25,200,999
MPrESS,wunifrac,0.0,6,1,0.32,200,999
MPrESS,wunifrac,0.0,6,2,0.335,200,999
MPrESS,wunifrac,0.0,6,3,0.305,200,999
MPrESS,wunifrac,0.0,6,4,0.32,200,999
MPrESS,wunifrac,0.0,6,5,0.345,200,999
MPrESS,wunifrac,0.0,6,6,0.415,200,999
MPrESS,wunifrac,0.0,6,7,0.37,200,999
MPrESS,wunifrac,0.0,6,8,0.405,200,999
MPrESS,wunifrac,0.0,6,9,0.34,200,999
MPrESS,wunifrac,0.0,6,10,0.315,200,999
MPrESS,wunifrac,0.0,6,11,0.32,200,999
MPrESS,wunifrac,0.0,6,12,0.41,200,999
MPrESS,wunifrac,0.0,6,13,0.365,200,999
MPrESS,wunifrac,0.0,6,14,0.305,200,999
MPrESS,wunifrac,0.0,6,15,0.295,200,999
MPrESS,wunifrac,0.0,6,16,0.335,200,999
MPrESS,wunifrac,0.0,6,17,0.33,200,999
MPrESS,wunifrac,0.0,6,18,0.32,200,999
MPrESS,wunifrac,0.0,6,19,0.335,200,999
MPrESS,wunifrac,0.0,6,20,0.3,200,999
MPrESS,wunifrac,0.0,6,21,0.425,200,999
MPrESS,wunifrac,0.0,6,22,0.325,200,999
MPrESS,wunifrac,0.0,6,23,0.305,200,999
MPrESS,wunifrac,0.0,6,24,0.28,200,999
MPrESS,wunifrac,0.0,6,25,0.39,200,999
MPrESS,wunifrac,0.0,6,26,0.245,200,999
MPrESS,wunifrac,0.0,6,27,0.335,200,999
MPrESS,wunifrac,0.0,6,28,0.305,200,999
MPrESS,wunifrac,0.0,6,29,0.265,200,999
MPrESS,wunifrac,0.0,6,30,0.315,200,999
MPrESS,wunifrac,0.0,6,31,0.37,200,999
MPrESS,wunifrac,0.0,6,32,0.43,200,999
MPrESS,wunifrac,0.0,6,33,0.28,200,999
MPrESS,wunifrac,0.0,6,34,0.35,200,999
MPrESS,wunifrac,0.0,6,35,0.34,200,999
MPrESS,wunifrac,0.0,6,36,0.355,200,999
MPrESS,wunifrac,0.0,6,37,0.355,200,999
MPrESS,wunifrac,0.0,6,38,0.355,200,999
MPrESS,wunifrac,0.0,6,39,0.38,200,999
MPrESS,wunifrac,0.0,6,40,0.345,200,999
MPrESS,wunifrac,0.0,6,41,0.38,200,999
MPrESS,wunifrac,0.0,6,42,0.325,200,999
MPrESS,wunifrac,0.0,6,43,0.335,200,999
MPrESS,wunifrac,0.0,6,44,0.335,200,999
MPrESS,wunifrac,0.0,6,45,0.34,200,999
MPrESS,wunifrac,0.0,6,46,0.3,200,999
MPrESS,wunifrac,0.0,6,47,0.335,200,999
MPrESS,wunifrac,0.0,6,48,0.305,200,999
MPrESS,wunifrac,0.0,6,49,0.335,200,999
MPrESS,wunifrac,0.0,6,50,0.335,200,999
MPrESS,wunifrac,0.0,8,1,0.535,200,999
MPrESS,wunifrac,0.0,8,2,0.615,200,999
MPrESS,wunifrac,0.0,8,3,0.57,200,999
MPrESS,wunifrac,0.0,8,4,0.52,200,999
MPrESS,wunifrac,0.0,8,5,0.475,200,999
MPrESS,wunifrac,0.0,8,6,0.475,200,999
MPrESS,wunifrac,0.0,8,7,0.54,200,999
MPrESS,wunifrac,0.0,8,8,0.52,200,999
MPrESS,wunifrac,0.0,8,9,0.48,200,999
MPrESS,wunifrac,0.0,8,10,0.505,200,999
MPrESS,wunifrac,0.0,8,11,0.475,200,999
MPrESS,wunifrac,0.0,8,12,0.505,200,999
MPrESS,wunifrac,0.0,8,13,0.54,200,999
MPrESS,wunifrac,0.0,8,14,0.52,200,999
MPrESS,wunifrac,0.0,8,15,0.53,200,999
MPrESS,wunifrac,0.0,8,16,0.525,200,999
MPrESS,wunifrac,0.0,8,17,0.535,200,999
MPrESS,wunifrac,0.0,8,18,0.66,200,999
MPrESS,wunifrac,0.0,8,19,0.475,200,999
MPrESS,wunifrac,0.0,8,20,0.485,200,999
MPrESS,wunifrac,0.0,8,21,0.515,200,999
MPrESS,wunifrac,0.0,8,22,0.51,200,999
MPrESS,wunifrac,0.0,8,23,0.52,200,999
MPrESS,wunifrac,0.0,8,24,0.51,200,999
MPrESS,wunifrac,0.0,8,25,0.48,200,999
MPrESS,wunifrac,0.0,8,26,0.565,200,999
MPrESS,wunifrac,0.0,8,27,0.53,200,999
MPrESS,wunifrac,0.0,8,28,0.56,200,999
MPrESS,wunifrac,0.0,8,29,0.505,200,999
MPrESS,wunifrac,0.0,8,30,0.5,200,999
MPrESS,wunifrac,0.0,8,31,0.5,200,999
MPrESS,wunifrac,0.0,8,32,0.53,200,999
MPrESS,wunifrac,0.0,8,33,0.525,200,999
MPrESS,wunifrac,0.0,8,34,0.53,200,999
MPrESS,wunifrac,0.0,8,35,0.55,200,999
MPrESS,wunifrac,0.0,8,36,0.52,200,999
MPrESS,wunifrac,0.0,8,37,0.52,200,999
MPrESS,wunifrac,0.0,8,38,0.53,200,999
MPrESS,wunifrac,0.0,8,39,0.485,200,999
MPrESS,wunifrac,0.0,8,40,0.52,200,999
MPrESS,wunifrac,0.0,8,41,0.55,200,999
MPrESS,wunifrac,0.0,8,42,0.51,200,999
MPrESS,wunifrac,0.0,8,43,0.44,200,999
MPrESS,wunifrac,0.0,8,44,0.48,200,999
MPrESS,wunifrac,0.0,8,45,0.525,200,999
MPrESS,wunifrac,0.0,8,46,0.535,200,999
MPrESS,wunifrac,0.0,8,47,0.495,200,999
MPrESS,wunifrac,0.0,8,48,0.565,200,999
MPrESS,wunifrac,0.0,8,49,0.575,200,999
MPrESS,wunifrac,0.0,8,50,0.555,200,999
MPrESS,wunifrac,0.5,10,1,0.95,200,999
MPrESS,wunifrac,0.5,10,2,0.96,200,999
MPrESS,wunifrac,0.5,10,3,0.955,200,999
MPrESS,wunifrac,0.5,10,4,0.96,200,999
MPrESS,wunifrac,0.5,10,5,0.965,200,999
MPrESS,wunifrac,0.5,10,6,0.935,200,999
MPrESS,wunifrac,0.5,10,7,0.94,200,999
MPrESS,wunifrac,0.5,10,8,0.96,200,999
MPrESS,wunifrac,0.5,10,9,0.94,200,999
MPrESS,wunifrac,0.5,10,10,0.98,200,999
MPrESS,wunifrac,0.5,10,11,0.965,200,999
MPrESS,wunifrac,0.5,10,12,0.93,200,999
MPrESS,wunifrac,0.5,10,13,0.945,200,999
MPrESS,wunifrac,0.5,10,14,0.94,200,999
MPrESS,wunifrac,0.5,10,15,0.945,200,999
MPrESS,wunifrac,0.5,10,16,0.955,200,999
MPrESS,wunifrac,0.5,10,17,0.97,200,999
MPrESS,wunifrac,0.5,10,18,0.93,200,999
MPrESS,wunifrac,0.5,10,19,0.955,200,999
MPrESS,wunifrac,0.5,10,20,0.99,200,999
MPrESS,wunifrac,0.5,10,21,0.95,200,999
MPrESS,wunifrac,0.5,10,22,0.965,200,999
MPrESS,wunifrac,0.5,10,23,0.95,200,999
MPrESS,wunifrac,0.5,10,24,0.935,200,999
MPrESS,wunifrac,0.5,10,25,0.955,200,999
MPrESS,wunifrac,0.5,10,26,0.955,200,999
MPrESS,wunifrac,0.5,10,27,0.945,200,999
MPrESS,wunifrac,0.5,10,28,0.93,200,999
MPrESS,wunifrac,0.5,10,29,0.955,200,999
MPrESS,wunifrac,0.5,10,30,0.95,200,999
MPrESS,wunifrac,0.5,10,31,0.935,200,999
MPrESS,wunifrac,0.5,10,32,0.945,200,999
MPrESS,wunifrac,0.5,10,33,0.95,200,999
MPrESS,wunifrac,0.5,10,34,0.96,200,999
MPrESS,wunifrac,0.5,10,35,0.965,200,999
MPrESS,wunifrac,0.5,10,36,0.93,200,999
MPrESS,wunifrac,0.5,10,37,0.94,200,999
MPrESS,wunifrac,0.5,10,38,0.925,200,999
MPrESS,wunifrac,0.5,10,39,0.91,200,999
MPrESS,wunifrac,0.5,10,40,0.96,200,999
MPrESS,wunifrac,0.5,10,41,0.945,200,999
MPrESS,wunifrac,0.5,10,42,0.945,200,999
MPrESS,wunifrac,0.5,10,43,0.955,200,999
MPrESS,wunifrac,0.5,10,44,0.96,200,999
MPrESS,wunifrac,0.5,10,45,0.97,200,999
MPrESS,wunifrac,0.5,10,46,0.96,200,999
MPrESS,wunifrac,0.5,10,47,0.985,200,999
MPrESS,wunifrac,0.5,10,48,0.985,200,999
MPrESS,wunifrac,0.5,10,49,0.955,200,999
MPrESS,wunifrac,0.5,10,50,0.945,200,999
MPrESS,wunifrac,0.5,14,1,1.0,200,999
MPrESS,wunifrac,0.5,14,2,1.0,200,999
MPrESS,wunifrac,0.5,14,3,1.0,200,999
MPrESS,wunifrac,0.5,14,4,1.0,200,999
MPrESS,wunifrac,0.5,14,5,1.0,200,999
MPrESS,wunifrac,0.5,14,6,1.0,200,999
MPrESS,wunifrac,0.5,14,7,1.0,200,999
MPrESS,wunifrac,0.5,14,8,1.0,200,999
MPrESS,wunifrac,0.5,14,9,1.0,200,999
MPrESS,wunifrac,0.5,14,10,1.0,200,999
MPrESS,wunifrac,0.5,14,11,1.0,200,999
MPrESS,wunifrac,0.5,14,12,1.0,200,999
MPrESS,wunifrac,0.5,14,13,1.0,200,999
MPrESS,wunifrac,0.5,14,14,0.995,200,999
MPrESS,wunifrac,0.5,14,15,1.0,200,999
MPrESS,wunifrac,0.5,14,16,1.0,200,999
MPrESS,wunifrac,0.5,14,17,1.0,200,999
MPrESS,wunifrac,0.5,14,18,1.0,200,999
MPrESS,wunifrac,0.5,14,19,1.0,200,999
MPrESS,wunifrac,0.5,14,20,1.0,200,999
MPrESS,wunifrac,0.5,14,21,1.0,200,999
MPrESS,wunifrac,0.5,14,22,1.0,200,999
MPrESS,wunifrac,0.5,14,23,1.0,200,999
MPrESS,wunifrac,0.5,14,24,1.0,200,999
MPrESS,wunifrac,0.5,14,25,1.0,200,999
MPrESS,wunifrac,0.5,14,26,1.0,200,999
MPrESS,wunifrac,0.5,14,27,1.0,200,999
MPrESS,wunifrac,0.5,14,28,1.0,200,999
MPrESS,wunifrac,0.5,14,29,1.0,200,999
MPrESS,wunifrac,0.5,14,30,1.0,200,999
MPrESS,wunifrac,0.5,14,31,1.0,200,999
MPrESS,wunifrac,0.5,14,32,1.0,200,999
MPrESS,wunifrac,0.5,14,33,1.0,200,999
MPrESS,wunifrac,0.5,14,34,1.0,200,999
MPrESS,wunifrac,0.5,14,35,1.0,200,999
MPrESS,wunifrac,0.5,14,36,1.0,200,999
MPrESS,wunifrac,0.5,14,37,0.995,200,999
MPrESS,wunifrac,0.5,14,38,1.0,200,999
MPrESS,wunifrac,0.5,14,39,1.0,200,999
MPrESS,wunifrac,0.5,14,40,1.0,200,999
MPrESS,wunifrac,0.5,14,41,1.0,200,999
MPrESS,wunifrac,0.5,14,42,1.0,200,999
MPrESS,wunifrac,0.5,14,43,1.0,200,999
MPrESS,wunifrac,0.5,14,44,1.0,200,999
MPrESS,wunifrac,0.5,14,45,1.0,200,999
MPrESS,wunifrac,0.5,14,46,1.0,200,999
MPrESS,wunifrac,0.5,14,47,1.0,200,999
MPrESS,wunifrac,0.5,14,48,1.0,200,999
MPrESS,wunifrac,0.5,14,49,1.0,200,999
MPrESS,wunifrac,0.5,14,50,1.0,200,999
MPrESS,wunifrac,0.5,4,1,0.235,200,999
MPrESS,wunifrac,0.5,4,2,0.305,200,999
MPrESS,wunifrac,0.5,4,3,0.27,200,999
MPrESS,wunifrac,0.5,4,4,0.275,200,999
MPrESS,wunifrac,0.5,4,5,0.25,200,999
MPrESS,wunifrac,0.5,4,6,0.255,200,999
MPrESS,wunifrac,0.5,4,7,0.265,200,999
MPrESS,wunifrac,0.5,4,8,0.305,200,999
MPrESS,wunifrac,0.5,4,9,0.245,200,999
MPrESS,wunifrac,0.5,4,10,0.255,200,999
MPrESS,wunifrac,0.5,4,11,0.23,200,999
MPrESS,wunifrac,0.5,4,12,0.245,200,999
MPrESS,wunifrac,0.5,4,13,0.25,200,999
MPrESS,wunifrac,0.5,4,14,0.27,200,999
MPrESS,wunifrac,0.5,4,15,0.29,200,999
MPrESS,wunifrac,0.5,4,16,0.3,200,999
MPrESS,wunifrac,0.5,4,17,0.255,200,999
MPrESS,wunifrac,0.5,4,18,0.235,200,999
MPrESS,wunifrac,0.5,4,19,0.275,200,999
MPrESS,wunifrac,0.5,4,20,0.28,200,999
MPrESS,wunifrac,0.5,4,21,0.29,200,999
MPrESS,wunifrac,0.5,4,22,0.265,200,999
MPrESS,wunifrac,0.5,4,23,0.275,200,999
MPrESS,wunifrac,0.5,4,24,0.34,200,999
MPrESS,wunifrac,0.5,4,25,0.295,200,999
MPrESS,wunifrac,0.5,4,26,0.22,200,999
MPrESS,wunifrac,0.5,4,27,0.255,200,999
MPrESS,wunifrac,0.5,4,28,0.205,200,999
MPrESS,wunifrac,0.5,4,29,0.27,200,999
MPrESS,wunifrac,0.5,4,30,0.275,200,999
MPrESS,wunifrac,0.5,4,31,0.285,200,999
MPrESS,wunifrac,0.5,4,32,0.265,200,999
MPrESS,wunifrac,0.5,4,33,0.295,200,999
MPrESS,wunifrac,0.5,4,34,0.205,200,999
MPrESS,wunifrac,0.5,4,35,0.25,200,999
MPrESS,wunifrac,0.5,4,36,0.27,200,999
MPrESS,wunifrac,0.5,4,37,0.29,200,999
MPrESS,wunifrac,0.5,4,38,0.26,200,999
MPrESS,wunifrac,0.5,4,39,0.29,200,999
MPrESS,wunifrac,0.5,4,40,0.33,200,999
MPrESS,wunifrac,0.5,4,41,0.23,200,999
MPrESS,wunifrac,0.5,4,42,0.275,200,999
MPrESS,wunifrac,0.5,4,43,0.25,200,999
MPrESS,wunifrac,0.5,4,44,0.24,200,999
MPrESS,wunifrac,0.5,4,45,0.27,200,999
MPrESS,wunifrac,0.5,4,46,0.235,200,999
MPrESS,wunifrac,0.5,4,47,0.295,200,999
MPrESS,wunifrac,0.5,4,48,0.22,200,999
MPrESS,wunifrac,0.5,4,49,0.25,200,999
MPrESS,wunifrac,0.5,4,50,0.28,200,999
MPrESS,wunifrac,0.5,6,1,0.58,200,999
MPrESS,wunifrac,0.5,6,2,0.56,200,999
MPrESS,wunifrac,0.5,6,3,0.55,200,999
MPrESS,wunifrac,0.5,6,4,0.53,200,999
MPrESS,wunifrac,0.5,6,5,0.56,200,999
MPrESS,wunifrac,0.5,6,6,0.545,200,999
MPrESS,wunifrac,0.5,6,7,0.58,200,999
MPrESS,wunifrac,0.5,6,8,0.605,200,999
MPrESS,wunifrac,0.5,6,9,0.615,200,999
MPrESS,wunifrac,0.5,6,10,0.58,200,999
MPrESS,wunifrac,0.5,6,11,0.58,200,999
MPrESS,wunifrac,0.5,6,12,0.51,200,999
MPrESS,wunifrac,0.5,6,13,0.505,200,999
MPrESS,wunifrac,0.5,6,14,0.5,200,999
MPrESS,wunifrac,0.5,6,15,0.575,200,999
MPrESS,wunifrac,0.5,6,16,0.625,200,999
MPrESS,wunifrac,0.5,6,17,0.605,200,999
MPrESS,wunifrac,0.5,6,18,0.575,200,999
MPrESS,wunifrac,0.5,6,19,0.525,200,999
MPrESS,wunifrac,0.5,6,20,0.58,200,999
MPrESS,wunifrac,0.5,6,21,0.56,200,999
MPrESS,wunifrac,0.5,6,22,0.63,200,999
MPrESS,wunifrac,0.5,6,23,0.55,200,999
MPrESS,wunifrac,0.5,6,24,0.515,200,999
MPrESS,wunifrac,0.5,6,25,0.605,200,999
MPrESS,wunifrac,0.5,6,26,0.555,200,999
MPrESS,wunifrac,0.5,6,27,0.595,200,999
MPrESS,wunifrac,0.5,6,28,0.59,200,999
MPrESS,wunifrac,0.5,6,29,0.595,200,999
MPrESS,wunifrac,0.5,6,30,0.605,200,999
MPrESS,wunifrac,0.5,6,31,0.555,200,999
MPrESS,wunifrac,0.5,6,32,0.575,200,999
MPrESS,wunifrac,0.5,6,33,0.615,200,999
MPrESS,wunifrac,0.5,6,34,0.585,200,999
MPrESS,wunifrac,0.5,6,35,0.59,200,999
MPrESS,wunifrac,0.5,6,36,0.605,200,999
MPrESS,wunifrac,0.5,6,37,0.61,200,999
MPrESS,wunifrac,0.5,6,38,0.57,200,999
MPrESS,wunifrac,0.5,6,39,0.525,200,999
MPrESS,wunifrac,0.5,6,40,0.59,200,999
MPrESS,wunifrac,0.5,6,41,0.5,200,999
MPrESS,wunifrac,0.5,6,42,0.55,200,999
MPrESS,wunifrac,0.5,6,43,0.555,200,999
MPrESS,wunifrac,0.5,6,44,0.565,200,999
MPrESS,wunifrac,0.5,6,45,0.56,200,999
MPrESS,wunifrac,0.5,6,46,0.535,200,999
MPrESS,wunifrac,0.5,6,47,0.505,200,999
MPrESS,wunifrac,0.5,6,48,0.585,200,999
MPrESS,wunifrac,0.5,6,49,0.56,200,999
MPrESS,wunifrac,0.5,6,50,0.535,200,999
MPrESS,wunifrac,0.5,8,1,0.79,200,999
MPrESS,wunifrac,0.5,8,2,0.805,200,999
MPrESS,wunifrac,0.5,8,3,0.8,200,999
MPrESS,wunifrac,0.5,8,4,0.785,200,999
MPrESS,wunifrac,0.5,8,5,0.815,200,999
MPrESS,wunifrac,0.5,8,6,0.795,200,999
MPrESS,wunifrac,0.5,8,7,0.86,200,999
MPrESS,wunifrac,0.5,8,8,0.805,200,999
MPrESS,wunifrac,0.5,8,9,0.83,200,999
MPrESS,wunifrac,0.5,8,10,0.86,200,999
MPrESS,wunifrac,0.5,8,11,0.845,200,999
MPrESS,wunifrac,0.5,8,12,0.83,200,999
MPrESS,wunifrac,0.5,8,13,0.81,200,999
MPrESS,wunifrac,0.5,8,14,0.825,200,999
MPrESS,wunifrac,0.5,8,15,0.84,200,999
MPrESS,wunifrac,0.5,8,16,0.835,200,999
MPrESS,wunifrac,0.5,8,17,0.815,200,999
MPrESS,wunifrac,0.5,8,18,0.815,200,999
MPrESS,wunifrac,0.5,8,19,0.81,200,999
MPrESS,wunifrac,0.5,8,20,0.87,200,999
MPrESS,wunifrac,0.5,8,21,0.795,200,999
MPrESS,wunifrac,0.5,8,22,0.795,200,999
MPrESS,wunifrac,0.5,8,23,0.845,200,999
MPrESS,wunifrac,0.5,8,24,0.79,200,999
MPrESS,wunifrac,0.5,8,25,0.82,200,999
MPrESS,wunifrac,0.5,8,26,0.81,200,999
MPrESS,wunifrac,0.5,8,27,0.81,200,999
MPrESS,wunifrac,0.5,8,28,0.845,200,999
MPrESS,wunifrac,0.5,8,29,0.81,200,999
MPrESS,wunifrac,0.5,8,30,0.83,200,999
MPrESS,wunifrac,0.5,8,31,0.815,200,999
MPrESS,wunifrac,0.5,8,32,0.785,200,999
MPrESS,wunifrac,0.5,8,33,0.74,200,999
MPrESS,wunifrac,0.5,8,34,0.82,200,999
MPrESS,wunifrac,0.5,8,35,0.84,200,999
MPrESS,wunifrac,0.5,8,36,0.775,200,999
MPrESS,wunifrac,0.5,8,37,0.8,200,999
MPrESS,wunifrac,0.5,8,38,0.805,200,999
MPrESS,wunifrac,0.5,8,39,0.8,200,999
MPrESS,wunifrac,0.5,8,40,0.81,200,999
MPrESS,wunifrac,0.5,8,41,0.795,200,999
MPrESS,wunifrac,0.5,8,42,0.805,200,999
MPrESS,wunifrac,0.5,8,43,0.85,200,999
MPrESS,wunifrac,0.5,8,44,0.795,200,999
MPrESS,wunifrac,0.5,8,45,0.845,200,999
MPrESS,wunifrac,0.5,8,46,0.795,200,999
MPrESS,wunifrac,0.5,8,47,0.8,200,999
MPrESS,wunifrac,0.5,8,48,0.79,200,999
MPrESS,wunifrac,0.5,8,49,0.82,200,999
MPrESS,wunifrac,0.5,8,50,0.775,200,999
MPrESS,wunifrac,1.0,10,1,0.98,200,999
MPrESS,wunifrac,1.0,10,2,0.995,200,999
MPrESS,wunifrac,1.0,10,3,0.99,200,999
MPrESS,wunifrac,1.0,10,4,0.99,200,999
MPrESS,wunifrac,1.0,10,5,0.995,200,999
MPrESS,wunifrac,1.0,10,6,0.995,200,999
MPrESS,wunifrac,1.0,10,7,0.99,200,999
MPrESS,wunifrac,1.0,10,8,0.995,200,999
MPrESS,wunifrac,1.0,10,9,0.995,200,999
MPrESS,wunifrac,1.0,10,10,0.985,200,999
MPrESS,wunifrac,1.0,10,11,0.995,200,999
MPrESS,wunifrac,1.0,10,12,1.0,200,999
MPrESS,wunifrac,1.0,10,13,1.0,200,999
MPrESS,wunifrac,1.0,10,14,0.985,200,999
MPrESS,wunifrac,1.0,10,15,0.985,200,999
MPrESS,wunifrac,1.0,10,16,0.98,200,999
MPrESS,wunifrac,1.0,10,17,0.98,200,999
MPrESS,wunifrac,1.0,10,18,0.995,200,999
MPrESS,wunifrac,1.0,10,19,1.0,200,999
MPrESS,wunifrac,1.0,10,20,0.98,200,999
MPrESS,wunifrac,1.0,10,21,0.995,200,999
MPrESS,wunifrac,1.0,10,22,0.995,200,999
MPrESS,wunifrac,1.0,10,23,0.995,200,999
MPrESS,wunifrac,1.0,10,24,0.995,200,999
MPrESS,wunifrac,1.0,10,25,0.99,200,999
MPrESS,wunifrac,1.0,10,26,0.99,200,999
MPrESS,wunifrac,1.0,10,27,0.99,200,999
MPrESS,wunifrac,1.0,10,28,0.99,200,999
MPrESS,wunifrac,1.0,10,29,0.99,200,999
MPrESS,wunifrac,1.0,10,30,0.985,200,999
MPrESS,wunifrac,1.0,10,31,0.995,200,999
MPrESS,wunifrac,1.0,10,32,0.995,200,999
MPrESS,wunifrac,1.0,10,33,0.995,200,999
MPrESS,wunifrac,1.0,10,34,0.985,200,999
MPrESS,wunifrac,1.0,10,35,0.995,200,999
MPrESS,wunifrac,1.0,10,36,0.995,200,999
MPrESS,wunifrac,1.0,10,37,0.99,200,999
MPrESS,wunifrac,1.0,10,38,0.99,200,999
MPrESS,wunifrac,1.0,10,39,1.0,200,999
MPrESS,wunifrac,1.0,10,40,1.0,200,999
MPrESS,wunifrac,1.0,10,41,0.995,200,999
MPrESS,wunifrac,1.0,10,42,0.995,200,999
MPrESS,wunifrac,1.0,10,43,1.0,200,999
MPrESS,wunifrac,1.0,10,44,1.0,200,999
MPrESS,wunifrac,1.0,10,45,0.985,200,999
MPrESS,wunifrac,1.0,10,46,1.0,200,999
MPrESS,wunifrac,1.0,10,47,0.98,200,999
MPrESS,wunifrac,1.0,10,48,0.985,200,999
MPrESS,wunifrac,1.0,10,49,0.995,200,999
MPrESS,wunifrac,1.0,10,50,0.99,200,999
MPrESS,wunifrac,1.0,14,1,1.0,200,999
MPrESS,wunifrac,1.0,14,2,1.0,200,999
MPrESS,wunifrac,1.0,14,3,1.0,200,999
MPrESS,wunifrac,1.0,14,4,1.0,200,999
MPrESS,wunifrac,1.0,14,5,1.0,200,999
MPrESS,wunifrac,1.0,14,6,1.0,200,999
MPrESS,wunifrac,1.0,14,7,1.0,200,999
MPrESS,wunifrac,1.0,14,8,1.0,200,999
MPrESS,wunifrac,1.0,14,9,1.0,200,999
MPrESS,wunifrac,1.0,14,10,1.0,200,999
MPrESS,wunifrac,1.0,14,11,1.0,200,999
MPrESS,wunifrac,1.0,14,12,1.0,200,999
MPrESS,wunifrac,1.0,14,13,1.0,200,999
MPrESS,wunifrac,1.0,14,14,1.0,200,999
MPrESS,wunifrac,1.0,14,15,1.0,200,999
MPrESS,wunifrac,1.0,14,16,1.0,200,999
MPrESS,wunifrac,1.0,14,17,1.0,200,999
MPrESS,wunifrac,1.0,14,18,1.0,200,999
MPrESS,wunifrac,1.0,14,19,1.0,200,999
MPrESS,wunifrac,1.0,14,20,1.0,200,999
MPrESS,wunifrac,1.0,14,21,1.0,200,999
MPrESS,wunifrac,1.0,14,22,1.0,200,999
MPrESS,wunifrac,1.0,14,23,1.0,200,999
MPrESS,wunifrac,1.0,14,24,1.0,200,999
MPrESS,wunifrac,1.0,14,25,1.0,200,999
MPrESS,wunifrac,1.0,14,26,1.0,200,999
MPrESS,wunifrac,1.0,14,27,1.0,200,999
MPrESS,wunifrac,1.0,14,28,1.0,200,999
MPrESS,wunifrac,1.0,14,29,1.0,200,999
MPrESS,wunifrac,1.0,14,30,1.0,200,999
MPrESS,wunifrac,1.0,14,31,1.0,200,999
MPrESS,wunifrac,1.0,14,32,1.0,200,999
MPrESS,wunifrac,1.0,14,33,1.0,200,999
MPrESS,wunifrac,1.0,14,34,1.0,200,999
MPrESS,wunifrac,1.0,14,35,1.0,200,999
MPrESS,wunifrac,1.0,14,36,1.0,200,999
MPrESS,wunifrac,1.0,14,37,1.0,200,999
MPrESS,wunifrac,1.0,14,38,1.0,200,999
MPrESS,wunifrac,1.0,14,39,1.0,200,999
MPrESS,wunifrac,1.0,14,40,1.0,200,999
MPrESS,wunifrac,1.0,14,41,1.0,200,999
MPrESS,wunifrac,1.0,14,42,1.0,200,999
MPrESS,wunifrac,1.0,14,43,1.0,200,999
MPrESS,wunifrac,1.0,14,44,1.0,200,999
MPrESS,wunifrac,1.0,14,45,1.0,200,999
MPrESS,wunifrac,1.0,14,46,1.0,200,999
MPrESS,wunifrac,1.0,14,47,1.0,200,999
MPrESS,wunifrac,1.0,14,48,1.0,200,999
MPrESS,wunifrac,1.0,14,49,1.0,200,999
MPrESS,wunifrac,1.0,14,50,1.0,200,999
MPrESS,wunifrac,1.0,4,1,0.38,200,999
MPrESS,wunifrac,1.0,4,2,0.3,200,999
MPrESS,wunifrac,1.0,4,3,0.305,200,999
MPrESS,wunifrac,1.0,4,4,0.275,200,999
MPrESS,wunifrac,1.0,4,5,0.315,200,999
MPrESS,wunifrac,1.0,4,6,0.35,200,999
MPrESS,wunifrac,1.0,4,7,0.4,200,999
MPrESS,wunifrac,1.0,4,8,0.265,200,999
MPrESS,wunifrac,1.0,4,9,0.28,200,999
MPrESS,wunifrac,1.0,4,10,0.37,200,999
MPrESS,wunifrac,1.0,4,11,0.35,200,999
MPrESS,wunifrac,1.0,4,12,0.295,200,999
MPrESS,wunifrac,1.0,4,13,0.305,200,999
MPrESS,wunifrac,1.0,4,14,0.33,200,999
MPrESS,wunifrac,1.0,4,15,0.31,200,999
MPrESS,wunifrac,1.0,4,16,0.355,200,999
MPrESS,wunifrac,1.0,4,17,0.325,200,999
MPrESS,wunifrac,1.0,4,18,0.325,200,999
MPrESS,wunifrac,1.0,4,19,0.325,200,999
MPrESS,wunifrac,1.0,4,20,0.365,200,999
MPrESS,wunifrac,1.0,4,21,0.345,200,999
MPrESS,wunifrac,1.0,4,22,0.34,200,999
MPrESS,wunifrac,1.0,4,23,0.35,200,999
MPrESS,wunifrac,1.0,4,24,0.31,200,999
MPrESS,wunifrac,1.0,4,25,0.335,200,999
MPrESS,wunifrac,1.0,4,26,0.28,200,999
MPrESS,wunifrac,1.0,4,27,0.27,200,999
MPrESS,wunifrac,1.0,4,28,0.26,200,999
MPrESS,wunifrac,1.0,4,29,0.295,200,999
MPrESS,wunifrac,1.0,4,30,0.365,200,999
MPrESS,wunifrac,1.0,4,31,0.32,200,999
MPrESS,wunifrac,1.0,4,32,0.285,200,999
MPrESS,wunifrac,1.0,4,33,0.26,200,999
MPrESS,wunifrac,1.0,4,34,0.345,200,999
MPrESS,wunifrac,1.0,4,35,0.255,200,999
MPrESS,wunifrac,1.0,4,36,0.27,200,999
MPrESS,wunifrac,1.0,4,37,0.325,200,999
MPrESS,wunifrac,1.0,4,38,0.31,200,999
MPrESS,wunifrac,1.0,4,39,0.27,200,999
MPrESS,wunifrac,1.0,4,40,0.305,200,999
MPrESS,wunifrac,1.0,4,41,0.385,200,999
MPrESS,wunifrac,1.0,4,42,0.34,200,999
MPrESS,wunifrac,1.0,4,43,0.315,200,999
MPrESS,wunifrac,1.0,4,44,0.325,200,999
MPrESS,wunifrac,1.0,4,45,0.29,200,999
MPrESS,wunifrac,1.0,4,46,0.315,200,999
MPrESS,wunifrac,1.0,4,47,0.315,200,999
MPrESS,wunifrac,1.0,4,48,0.325,200,999
MPrESS,wunifrac,1.0,4,49,0.3,200,999
MPrESS,wunifrac,1.0,4,50,0.26,200,999
MPrESS,wunifrac,1.0,6,1,0.685,200,999
MPrESS,wunifrac,1.0,6,2,0.7,200,999
MPrESS,wunifrac,1.0,6,3,0.74,200,999
MPrESS,wunifrac,1.0,6,4,0.725,200,999
MPrESS,wunifrac,1.0,6,5,0.775,200,999
MPrESS,wunifrac,1.0,6,6,0.765,200,999
MPrESS,wunifrac,1.0,6,7,0.77,200,999
MPrESS,wunifrac,1.0,6,8,0.73,200,999
MPrESS,wunifrac,1.0,6,9,0.78,200,999
MPrESS,wunifrac,1.0,6,10,0.71,200,999
MPrESS,wunifrac,1.0,6,11,0.705,200,999
MPrESS,wunifrac,1.0,6,12,0.765,200,999
MPrESS,wunifrac,1.0,6,13,0.755,200,999
MPrESS,wunifrac,1.0,6,14,0.73,200,999
MPrESS,wunifrac,1.0,6,15,0.735,200,999
MPrESS,wunifrac,1.0,6,16,0.7,200,999
MPrESS,wunifrac,1.0,6,17,0.76,200,999
MPrESS,wunifrac,1.0,6,18,0.675,200,999
MPrESS,wunifrac,1.0,6,19,0.675,200,999
MPrESS,wunifrac,1.0,6,20,0.71,200,999
MPrESS,wunifrac,1.0,6,21,0.77,200,999
MPrESS,wunifrac,1.0,6,22,0.7,200,999
MPrESS,wunifrac,1.0,6,23,0.71,200,999
MPrESS,wunifrac,1.0,6,24,0.705,200,999
MPrESS,wunifrac,1.0,6,25,0.695,200,999
MPrESS,wunifrac,1.0,6,26,0.76,200,999
MPrESS,wunifrac,1.0,6,27,0.695,200,999
MPrESS,wunifrac,1.0,6,28,0.77,200,999
MPrESS,wunifrac,1.0,6,29,0.745,200,999
MPrESS,wunifrac,1.0,6,30,0.75,200,999
MPrESS,wunifrac,1.0,6,31,0.745,200,999
MPrESS,wunifrac,1.0,6,32,0.745,200,999
MPrESS,wunifrac,1.0,6,33,0.695,200,999
MPrESS,wunifrac,1.0,6,34,0.765,200,999
MPrESS,wunifrac,1.0,6,35,0.73,200,999
MPrESS,wunifrac,1.0,6,36,0.735,200,999
MPrESS,wunifrac,1.0,6,37,0.75,200,999
MPrESS,wunifrac,1.0,6,38,0.735,200,999
MPrESS,wunifrac,1.0,6,39,0.705,200,999
MPrESS,wunifrac,1.0,6,40,0.75,200,999
MPrESS,wunifrac,1.0,6,41,0.705,200,999
MPrESS,wunifrac,1.0,6,42,0.785,200,999
MPrESS,wunifrac,1.0,6,43,0.755,200,999
MPrESS,wunifrac,1.0,6,44,0.72,200,999
MPrESS,wunifrac,1.0,6,45,0.695,200,999
MPrESS,wunifrac,1.0,6,46,0.785,200,999
MPrESS,wunifrac,1.0,6,47,0.725,200,999
MPrESS,wunifrac,1.0,6,48,0.72,200,999
MPrESS,wunifrac,1.0,6,49,0.675,200,999
MPrESS,wunifrac,1.0,6,50,0.77,200,999
MPrESS,wunifrac,1.0,8,1,0.945,200,999
MPrESS,wunifrac,1.0,8,2,0.895,200,999
MPrESS,wunifrac,1.0,8,3,0.91,200,999
MPrESS,wunifrac,1.0,8,4,0.9,200,999
MPrESS,wunifrac,1.0,8,5,0.94,200,999
MPrESS,wunifrac,1.0,8,6,0.92,200,999
MPrESS,wunifrac,1.0,8,7,0.905,200,999
MPrESS,wunifrac,1.0,8,8,0.95,200,999
MPrESS,wunifrac,1.0,8,9,0.915,200,999
MPrESS,wunifrac,1.0,8,10,0.88,200,999
MPrESS,wunifrac,1.0,8,11,0.895,200,999
MPrESS,wunifrac,1.0,8,12,0.94,200,999
MPrESS,wunifrac,1.0,8,13,0.935,200,999
MPrESS,wunifrac,1.0,8,14,0.915,200,999
MPrESS,wunifrac,1.0,8,15,0.935,200,999
MPrESS,wunifrac,1.0,8,16,0.935,200,999
MPrESS,wunifrac,1.0,8,17,0.895,200,999
MPrESS,wunifrac,1.0,8,18,0.93,200,999
MPrESS,wunifrac,1.0,8,19,0.915,200,999
MPrESS,wunifrac,1.0,8,20,0.915,200,999
MPrESS,wunifrac,1.0,8,21,0.91,200,999
MPrESS,wunifrac,1.0,8,22,0.94,200,999
MPrESS,wunifrac,1.0,8,23,0.93,200,999
MPrESS,wunifrac,1.0,8,24,0.91,200,999
MPrESS,wunifrac,1.0,8,25,0.93,200,999
MPrESS,wunifrac,1.0,8,26,0.93,200,999
MPrESS,wunifrac,1.0,8,27,0.91,200,999
MPrESS,wunifrac,1.0,8,28,0.925,200,999
MPrESS,wunifrac,1.0,8,29,0.94,200,999
MPrESS,wunifrac,1.0,8,30,0.915,200,999
MPrESS,wunifrac,1.0,8,31,0.915,200,999
MPrESS,wunifrac,1.0,8,32,0.965,200,999
MPrESS,wunifrac,1.0,8,33,0.92,200,999
MPrESS,wunifrac,1.0,8,34,0.935,200,999
MPrESS,wunifrac,1.0,8,35,0.925,200,999
MPrESS,wunifrac,1.0,8,36,0.92,200,999
MPrESS,wunifrac,1.0,8,37,0.925,200,999
MPrESS,wunifrac,1.0,8,38,0.88,200,999
MPrESS,wunifrac,1.0,8,39,0.945,200,999
MPrESS,wunifrac,1.0,8,40,0.91,200,999
MPrESS,wunifrac,1.0,8,41,0.955,200,999
MPrESS,wunifrac,1.0,8,42,0.945,200,999
MPrESS,wunifrac,1.0,8,43,0.935,200,999
MPrESS,wunifrac,1.0,8,44,0.94,200,999
MPrESS,wunifrac,1.0,8,45,0.94,200,999
MPrESS,wunifrac,1.0,8,46,0.9,200,999
MPrESS,wunifrac,1.0,8,47,0.915,200,999
MPrESS,wunifrac,1.0,8,48,0.92,200,999
MPrESS,wunifrac,1.0,8,49,0.945,200,999
MPrESS,wunifrac,1.0,8,50,0.9,200,999
PhyloPower,braycurtis,0.0,10,1,0.115,200,199
PhyloPower,braycurtis,0.0,10,2,0.095,200,199
PhyloPower,braycurtis,0.0,10,3,0.105,200,199
PhyloPower,braycurtis,0.0,10,4,0.125,200,199
PhyloPower,braycurtis,0.0,10,5,0.115,200,199
PhyloPower,braycurtis,0.0,10,6,0.16,200,199
PhyloPower,braycurtis,0.0,10,7,0.125,200,199
PhyloPower,braycurtis,0.0,10,8,0.125,200,199
PhyloPower,braycurtis,0.0,10,9,0.12,200,199
PhyloPower,braycurtis,0.0,10,10,0.105,200,199
PhyloPower,braycurtis,0.0,10,11,0.1,200,199
PhyloPower,braycurtis,0.0,10,12,0.105,200,199
PhyloPower,braycurtis,0.0,10,13,0.105,200,199
PhyloPower,braycurtis,0.0,10,14,0.075,200,199
PhyloPower,braycurtis,0.0,10,15,0.135,200,199
PhyloPower,braycurtis,0.0,10,16,0.12,200,199
PhyloPower,braycurtis,0.0,10,17,0.105,200,199
PhyloPower,braycurtis,0.0,10,18,0.135,200,199
PhyloPower,braycurtis,0.0,10,19,0.085,200,199
PhyloPower,braycurtis,0.0,10,20,0.11,200,199
PhyloPower,braycurtis,0.0,10,21,0.09,200,199
PhyloPower,braycurtis,0.0,10,22,0.13,200,199
PhyloPower,braycurtis,0.0,10,23,0.105,200,199
PhyloPower,braycurtis,0.0,10,24,0.165,200,199
PhyloPower,braycurtis,0.0,10,25,0.13,200,199
PhyloPower,braycurtis,0.0,10,26,0.075,200,199
PhyloPower,braycurtis,0.0,10,27,0.1,200,199
PhyloPower,braycurtis,0.0,10,28,0.095,200,199
PhyloPower,braycurtis,0.0,10,29,0.115,200,199
PhyloPower,braycurtis,0.0,10,30,0.1,200,199
PhyloPower,braycurtis,0.0,10,31,0.105,200,199
PhyloPower,braycurtis,0.0,10,32,0.12,200,199
PhyloPower,braycurtis,0.0,10,33,0.095,200,199
PhyloPower,braycurtis,0.0,10,34,0.085,200,199
PhyloPower,braycurtis,0.0,10,35,0.075,200,199
PhyloPower,braycurtis,0.0,10,36,0.12,200,199
PhyloPower,braycurtis,0.0,10,37,0.135,200,199
PhyloPower,braycurtis,0.0,10,38,0.125,200,199
PhyloPower,braycurtis,0.0,10,39,0.09,200,199
PhyloPower,braycurtis,0.0,10,40,0.115,200,199
PhyloPower,braycurtis,0.0,10,41,0.155,200,199
PhyloPower,braycurtis,0.0,10,42,0.15,200,199
PhyloPower,braycurtis,0.0,10,43,0.115,200,199
PhyloPower,braycurtis,0.0,10,44,0.105,200,199
PhyloPower,braycurtis,0.0,10,45,0.1,200,199
PhyloPower,braycurtis,0.0,10,46,0.1,200,199
PhyloPower,braycurtis,0.0,10,47,0.11,200,199
PhyloPower,braycurtis,0.0,10,48,0.175,200,199
PhyloPower,braycurtis,0.0,10,49,0.105,200,199
PhyloPower,braycurtis,0.0,10,50,0.11,200,199
PhyloPower,braycurtis,0.0,14,1,0.17,200,199
PhyloPower,braycurtis,0.0,14,2,0.195,200,199
PhyloPower,braycurtis,0.0,14,3,0.17,200,199
PhyloPower,braycurtis,0.0,14,4,0.21,200,199
PhyloPower,braycurtis,0.0,14,5,0.18,200,199
PhyloPower,braycurtis,0.0,14,6,0.185,200,199
PhyloPower,braycurtis,0.0,14,7,0.22,200,199
PhyloPower,braycurtis,0.0,14,8,0.205,200,199
PhyloPower,braycurtis,0.0,14,9,0.175,200,199
PhyloPower,braycurtis,0.0,14,10,0.19,200,199
PhyloPower,braycurtis,0.0,14,11,0.25,200,199
PhyloPower,braycurtis,0.0,14,12,0.175,200,199
PhyloPower,braycurtis,0.0,14,13,0.185,200,199
PhyloPower,braycurtis,0.0,14,14,0.195,200,199
PhyloPower,braycurtis,0.0,14,15,0.175,200,199
PhyloPower,braycurtis,0.0,14,16,0.18,200,199
PhyloPower,braycurtis,0.0,14,17,0.235,200,199
PhyloPower,braycurtis,0.0,14,18,0.23,200,199
PhyloPower,braycurtis,0.0,14,19,0.175,200,199
PhyloPower,braycurtis,0.0,14,20,0.15,200,199
PhyloPower,braycurtis,0.0,14,21,0.205,200,199
PhyloPower,braycurtis,0.0,14,22,0.19,200,199
PhyloPower,braycurtis,0.0,14,23,0.23,200,199
PhyloPower,braycurtis,0.0,14,24,0.225,200,199
PhyloPower,braycurtis,0.0,14,25,0.21,200,199
PhyloPower,braycurtis,0.0,14,26,0.2,200,199
PhyloPower,braycurtis,0.0,14,27,0.205,200,199
PhyloPower,braycurtis,0.0,14,28,0.21,200,199
PhyloPower,braycurtis,0.0,14,29,0.185,200,199
PhyloPower,braycurtis,0.0,14,30,0.225,200,199
PhyloPower,braycurtis,0.0,14,31,0.19,200,199
PhyloPower,braycurtis,0.0,14,32,0.215,200,199
PhyloPower,braycurtis,0.0,14,33,0.185,200,199
PhyloPower,braycurtis,0.0,14,34,0.25,200,199
PhyloPower,braycurtis,0.0,14,35,0.15,200,199
PhyloPower,braycurtis,0.0,14,36,0.18,200,199
PhyloPower,braycurtis,0.0,14,37,0.195,200,199
PhyloPower,braycurtis,0.0,14,38,0.17,200,199
PhyloPower,braycurtis,0.0,14,39,0.21,200,199
PhyloPower,braycurtis,0.0,14,40,0.265,200,199
PhyloPower,braycurtis,0.0,14,41,0.2,200,199
PhyloPower,braycurtis,0.0,14,42,0.16,200,199
PhyloPower,braycurtis,0.0,14,43,0.2,200,199
PhyloPower,braycurtis,0.0,14,44,0.21,200,199
PhyloPower,braycurtis,0.0,14,45,0.225,200,199
PhyloPower,braycurtis,0.0,14,46,0.175,200,199
PhyloPower,braycurtis,0.0,14,47,0.24,200,199
PhyloPower,braycurtis,0.0,14,48,0.2,200,199
PhyloPower,braycurtis,0.0,14,49,0.185,200,199
PhyloPower,braycurtis,0.0,14,50,0.3,200,199
PhyloPower,braycurtis,0.0,4,1,0.065,200,199
PhyloPower,braycurtis,0.0,4,2,0.055,200,199
PhyloPower,braycurtis,0.0,4,3,0.065,200,199
PhyloPower,braycurtis,0.0,4,4,0.08,200,199
PhyloPower,braycurtis,0.0,4,5,0.06,200,199
PhyloPower,braycurtis,0.0,4,6,0.065,200,199
PhyloPower,braycurtis,0.0,4,7,0.045,200,199
PhyloPower,braycurtis,0.0,4,8,0.05,200,199
PhyloPower,braycurtis,0.0,4,9,0.075,200,199
PhyloPower,braycurtis,0.0,4,10,0.03,200,199
PhyloPower,braycurtis,0.0,4,11,0.04,200,199
PhyloPower,braycurtis,0.0,4,12,0.05,200,199
PhyloPower,braycurtis,0.0,4,13,0.06,200,199
PhyloPower,braycurtis,0.0,4,14,0.07,200,199
PhyloPower,braycurtis,0.0,4,15,0.045,200,199
PhyloPower,braycurtis,0.0,4,16,0.095,200,199
PhyloPower,braycurtis,0.0,4,17,0.065,200,199
PhyloPower,braycurtis,0.0,4,18,0.065,200,199
PhyloPower,braycurtis,0.0,4,19,0.055,200,199
PhyloPower,braycurtis,0.0,4,20,0.06,200,199
PhyloPower,braycurtis,0.0,4,21,0.035,200,199
PhyloPower,braycurtis,0.0,4,22,0.07,200,199
PhyloPower,braycurtis,0.0,4,23,0.06,200,199
PhyloPower,braycurtis,0.0,4,24,0.06,200,199
PhyloPower,braycurtis,0.0,4,25,0.045,200,199
PhyloPower,braycurtis,0.0,4,26,0.07,200,199
PhyloPower,braycurtis,0.0,4,27,0.06,200,199
PhyloPower,braycurtis,0.0,4,28,0.11,200,199
PhyloPower,braycurtis,0.0,4,29,0.075,200,199
PhyloPower,braycurtis,0.0,4,30,0.095,200,199
PhyloPower,braycurtis,0.0,4,31,0.085,200,199
PhyloPower,braycurtis,0.0,4,32,0.08,200,199
PhyloPower,braycurtis,0.0,4,33,0.055,200,199
PhyloPower,braycurtis,0.0,4,34,0.06,200,199
PhyloPower,braycurtis,0.0,4,35,0.1,200,199
PhyloPower,braycurtis,0.0,4,36,0.07,200,199
PhyloPower,braycurtis,0.0,4,37,0.06,200,199
PhyloPower,braycurtis,0.0,4,38,0.1,200,199
PhyloPower,braycurtis,0.0,4,39,0.055,200,199
PhyloPower,braycurtis,0.0,4,40,0.06,200,199
PhyloPower,braycurtis,0.0,4,41,0.05,200,199
PhyloPower,braycurtis,0.0,4,42,0.045,200,199
PhyloPower,braycurtis,0.0,4,43,0.08,200,199
PhyloPower,braycurtis,0.0,4,44,0.035,200,199
PhyloPower,braycurtis,0.0,4,45,0.06,200,199
PhyloPower,braycurtis,0.0,4,46,0.055,200,199
PhyloPower,braycurtis,0.0,4,47,0.06,200,199
PhyloPower,braycurtis,0.0,4,48,0.115,200,199
PhyloPower,braycurtis,0.0,4,49,0.055,200,199
PhyloPower,braycurtis,0.0,4,50,0.085,200,199
PhyloPower,braycurtis,0.0,6,1,0.055,200,199
PhyloPower,braycurtis,0.0,6,2,0.06,200,199
PhyloPower,braycurtis,0.0,6,3,0.105,200,199
PhyloPower,braycurtis,0.0,6,4,0.07,200,199
PhyloPower,braycurtis,0.0,6,5,0.095,200,199
PhyloPower,braycurtis,0.0,6,6,0.05,200,199
PhyloPower,braycurtis,0.0,6,7,0.05,200,199
PhyloPower,braycurtis,0.0,6,8,0.095,200,199
PhyloPower,braycurtis,0.0,6,9,0.065,200,199
PhyloPower,braycurtis,0.0,6,10,0.09,200,199
PhyloPower,braycurtis,0.0,6,11,0.1,200,199
PhyloPower,braycurtis,0.0,6,12,0.075,200,199
PhyloPower,braycurtis,0.0,6,13,0.11,200,199
PhyloPower,braycurtis,0.0,6,14,0.095,200,199
PhyloPower,braycurtis,0.0,6,15,0.1,200,199
PhyloPower,braycurtis,0.0,6,16,0.075,200,199
PhyloPower,braycurtis,0.0,6,17,0.05,200,199
PhyloPower,braycurtis,0.0,6,18,0.11,200,199
PhyloPower,braycurtis,0.0,6,19,0.12,200,199
PhyloPower,braycurtis,0.0,6,20,0.115,200,199
PhyloPower,braycurtis,0.0,6,21,0.035,200,199
PhyloPower,braycurtis,0.0,6,22,0.065,200,199
PhyloPower,braycurtis,0.0,6,23,0.105,200,199
PhyloPower,braycurtis,0.0,6,24,0.09,200,199
PhyloPower,braycurtis,0.0,6,25,0.08,200,199
PhyloPower,braycurtis,0.0,6,26,0.055,200,199
PhyloPower,braycurtis,0.0,6,27,0.07,200,199
PhyloPower,braycurtis,0.0,6,28,0.1,200,199
PhyloPower,braycurtis,0.0,6,29,0.055,200,199
PhyloPower,braycurtis,0.0,6,30,0.03,200,199
PhyloPower,braycurtis,0.0,6,31,0.09,200,199
PhyloPower,braycurtis,0.0,6,32,0.06,200,199
PhyloPower,braycurtis,0.0,6,33,0.07,200,199
PhyloPower,braycurtis,0.0,6,34,0.08,200,199
PhyloPower,braycurtis,0.0,6,35,0.075,200,199
PhyloPower,braycurtis,0.0,6,36,0.08,200,199
PhyloPower,braycurtis,0.0,6,37,0.1,200,199
PhyloPower,braycurtis,0.0,6,38,0.055,200,199
PhyloPower,braycurtis,0.0,6,39,0.095,200,199
PhyloPower,braycurtis,0.0,6,40,0.125,200,199
PhyloPower,braycurtis,0.0,6,41,0.065,200,199
PhyloPower,braycurtis,0.0,6,42,0.095,200,199
PhyloPower,braycurtis,0.0,6,43,0.06,200,199
PhyloPower,braycurtis,0.0,6,44,0.065,200,199
PhyloPower,braycurtis,0.0,6,45,0.055,200,199
PhyloPower,braycurtis,0.0,6,46,0.09,200,199
PhyloPower,braycurtis,0.0,6,47,0.115,200,199
PhyloPower,braycurtis,0.0,6,48,0.06,200,199
PhyloPower,braycurtis,0.0,6,49,0.095,200,199
PhyloPower,braycurtis,0.0,6,50,0.085,200,199
PhyloPower,braycurtis,0.0,8,1,0.1,200,199
PhyloPower,braycurtis,0.0,8,2,0.065,200,199
PhyloPower,braycurtis,0.0,8,3,0.105,200,199
PhyloPower,braycurtis,0.0,8,4,0.125,200,199
PhyloPower,braycurtis,0.0,8,5,0.095,200,199
PhyloPower,braycurtis,0.0,8,6,0.12,200,199
PhyloPower,braycurtis,0.0,8,7,0.115,200,199
PhyloPower,braycurtis,0.0,8,8,0.065,200,199
PhyloPower,braycurtis,0.0,8,9,0.115,200,199
PhyloPower,braycurtis,0.0,8,10,0.07,200,199
PhyloPower,braycurtis,0.0,8,11,0.115,200,199
PhyloPower,braycurtis,0.0,8,12,0.1,200,199
PhyloPower,braycurtis,0.0,8,13,0.08,200,199
PhyloPower,braycurtis,0.0,8,14,0.075,200,199
PhyloPower,braycurtis,0.0,8,15,0.125,200,199
PhyloPower,braycurtis,0.0,8,16,0.105,200,199
PhyloPower,braycurtis,0.0,8,17,0.1,200,199
PhyloPower,braycurtis,0.0,8,18,0.085,200,199
PhyloPower,braycurtis,0.0,8,19,0.12,200,199
PhyloPower,braycurtis,0.0,8,20,0.095,200,199
PhyloPower,braycurtis,0.0,8,21,0.095,200,199
PhyloPower,braycurtis,0.0,8,22,0.105,200,199
PhyloPower,braycurtis,0.0,8,23,0.06,200,199
PhyloPower,braycurtis,0.0,8,24,0.095,200,199
PhyloPower,braycurtis,0.0,8,25,0.075,200,199
PhyloPower,braycurtis,0.0,8,26,0.125,200,199
PhyloPower,braycurtis,0.0,8,27,0.095,200,199
PhyloPower,braycurtis,0.0,8,28,0.1,200,199
PhyloPower,braycurtis,0.0,8,29,0.1,200,199
PhyloPower,braycurtis,0.0,8,30,0.1,200,199
PhyloPower,braycurtis,0.0,8,31,0.085,200,199
PhyloPower,braycurtis,0.0,8,32,0.105,200,199
PhyloPower,braycurtis,0.0,8,33,0.1,200,199
PhyloPower,braycurtis,0.0,8,34,0.065,200,199
PhyloPower,braycurtis,0.0,8,35,0.09,200,199
PhyloPower,braycurtis,0.0,8,36,0.065,200,199
PhyloPower,braycurtis,0.0,8,37,0.125,200,199
PhyloPower,braycurtis,0.0,8,38,0.115,200,199
PhyloPower,braycurtis,0.0,8,39,0.075,200,199
PhyloPower,braycurtis,0.0,8,40,0.09,200,199
PhyloPower,braycurtis,0.0,8,41,0.12,200,199
PhyloPower,braycurtis,0.0,8,42,0.065,200,199
PhyloPower,braycurtis,0.0,8,43,0.115,200,199
PhyloPower,braycurtis,0.0,8,44,0.105,200,199
PhyloPower,braycurtis,0.0,8,45,0.11,200,199
PhyloPower,braycurtis,0.0,8,46,0.125,200,199
PhyloPower,braycurtis,0.0,8,47,0.1,200,199
PhyloPower,braycurtis,0.0,8,48,0.12,200,199
PhyloPower,braycurtis,0.0,8,49,0.09,200,199
PhyloPower,braycurtis,0.0,8,50,0.12,200,199
PhyloPower,braycurtis,0.5,10,1,0.975,200,199
PhyloPower,braycurtis,0.5,10,2,0.99,200,199
PhyloPower,braycurtis,0.5,10,3,0.995,200,199
PhyloPower,braycurtis,0.5,10,4,0.98,200,199
PhyloPower,braycurtis,0.5,10,5,0.965,200,199
PhyloPower,braycurtis,0.5,10,6,0.975,200,199
PhyloPower,braycurtis,0.5,10,7,0.97,200,199
PhyloPower,braycurtis,0.5,10,8,0.975,200,199
PhyloPower,braycurtis,0.5,10,9,0.98,200,199
PhyloPower,braycurtis,0.5,10,10,0.995,200,199
PhyloPower,braycurtis,0.5,10,11,0.99,200,199
PhyloPower,braycurtis,0.5,10,12,1.0,200,199
PhyloPower,braycurtis,0.5,10,13,0.975,200,199
PhyloPower,braycurtis,0.5,10,14,0.995,200,199
PhyloPower,braycurtis,0.5,10,15,0.99,200,199
PhyloPower,braycurtis,0.5,10,16,0.975,200,199
PhyloPower,braycurtis,0.5,10,17,0.98,200,199
PhyloPower,braycurtis,0.5,10,18,0.975,200,199
PhyloPower,braycurtis,0.5,10,19,0.975,200,199
PhyloPower,braycurtis,0.5,10,20,0.995,200,199
PhyloPower,braycurtis,0.5,10,21,0.97,200,199
PhyloPower,braycurtis,0.5,10,22,0.995,200,199
PhyloPower,braycurtis,0.5,10,23,0.99,200,199
PhyloPower,braycurtis,0.5,10,24,0.99,200,199
PhyloPower,braycurtis,0.5,10,25,0.98,200,199
PhyloPower,braycurtis,0.5,10,26,0.985,200,199
PhyloPower,braycurtis,0.5,10,27,0.98,200,199
PhyloPower,braycurtis,0.5,10,28,0.98,200,199
PhyloPower,braycurtis,0.5,10,29,0.975,200,199
PhyloPower,braycurtis,0.5,10,30,0.98,200,199
PhyloPower,braycurtis,0.5,10,31,0.985,200,199
PhyloPower,braycurtis,0.5,10,32,0.985,200,199
PhyloPower,braycurtis,0.5,10,33,0.975,200,199
PhyloPower,braycurtis,0.5,10,34,0.97,200,199
PhyloPower,braycurtis,0.5,10,35,0.985,200,199
PhyloPower,braycurtis,0.5,10,36,0.965,200,199
PhyloPower,braycurtis,0.5,10,37,0.99,200,199
PhyloPower,braycurtis,0.5,10,38,0.97,200,199
PhyloPower,braycurtis,0.5,10,39,0.975,200,199
PhyloPower,braycurtis,0.5,10,40,0.98,200,199
PhyloPower,braycurtis,0.5,10,41,0.975,200,199
PhyloPower,braycurtis,0.5,10,42,0.985,200,199
PhyloPower,braycurtis,0.5,10,43,0.99,200,199
PhyloPower,braycurtis,0.5,10,44,0.97,200,199
PhyloPower,braycurtis,0.5,10,45,0.975,200,199
PhyloPower,braycurtis,0.5,10,46,0.98,200,199
PhyloPower,braycurtis,0.5,10,47,0.98,200,199
PhyloPower,braycurtis,0.5,10,48,0.985,200,199
PhyloPower,braycurtis,0.5,10,49,0.975,200,199
PhyloPower,braycurtis,0.5,10,50,0.98,200,199
PhyloPower,braycurtis,0.5,14,1,1.0,200,199
PhyloPower,braycurtis,0.5,14,2,1.0,200,199
PhyloPower,braycurtis,0.5,14,3,1.0,200,199
PhyloPower,braycurtis,0.5,14,4,1.0,200,199
PhyloPower,braycurtis,0.5,14,5,1.0,200,199
PhyloPower,braycurtis,0.5,14,6,1.0,200,199
PhyloPower,braycurtis,0.5,14,7,1.0,200,199
PhyloPower,braycurtis,0.5,14,8,1.0,200,199
PhyloPower,braycurtis,0.5,14,9,1.0,200,199
PhyloPower,braycurtis,0.5,14,10,1.0,200,199
PhyloPower,braycurtis,0.5,14,11,1.0,200,199
PhyloPower,braycurtis,0.5,14,12,1.0,200,199
PhyloPower,braycurtis,0.5,14,13,1.0,200,199
PhyloPower,braycurtis,0.5,14,14,1.0,200,199
PhyloPower,braycurtis,0.5,14,15,1.0,200,199
PhyloPower,braycurtis,0.5,14,16,1.0,200,199
PhyloPower,braycurtis,0.5,14,17,1.0,200,199
PhyloPower,braycurtis,0.5,14,18,1.0,200,199
PhyloPower,braycurtis,0.5,14,19,1.0,200,199
PhyloPower,braycurtis,0.5,14,20,1.0,200,199
PhyloPower,braycurtis,0.5,14,21,1.0,200,199
PhyloPower,braycurtis,0.5,14,22,1.0,200,199
PhyloPower,braycurtis,0.5,14,23,1.0,200,199
PhyloPower,braycurtis,0.5,14,24,1.0,200,199
PhyloPower,braycurtis,0.5,14,25,1.0,200,199
PhyloPower,braycurtis,0.5,14,26,1.0,200,199
PhyloPower,braycurtis,0.5,14,27,1.0,200,199
PhyloPower,braycurtis,0.5,14,28,1.0,200,199
PhyloPower,braycurtis,0.5,14,29,1.0,200,199
PhyloPower,braycurtis,0.5,14,30,1.0,200,199
PhyloPower,braycurtis,0.5,14,31,1.0,200,199
PhyloPower,braycurtis,0.5,14,32,1.0,200,199
PhyloPower,braycurtis,0.5,14,33,1.0,200,199
PhyloPower,braycurtis,0.5,14,34,1.0,200,199
PhyloPower,braycurtis,0.5,14,35,1.0,200,199
PhyloPower,braycurtis,0.5,14,36,1.0,200,199
PhyloPower,braycurtis,0.5,14,37,1.0,200,199
PhyloPower,braycurtis,0.5,14,38,1.0,200,199
PhyloPower,braycurtis,0.5,14,39,1.0,200,199
PhyloPower,braycurtis,0.5,14,40,1.0,200,199
PhyloPower,braycurtis,0.5,14,41,1.0,200,199
PhyloPower,braycurtis,0.5,14,42,1.0,200,199
PhyloPower,braycurtis,0.5,14,43,1.0,200,199
PhyloPower,braycurtis,0.5,14,44,1.0,200,199
PhyloPower,braycurtis,0.5,14,45,1.0,200,199
PhyloPower,braycurtis,0.5,14,46,1.0,200,199
PhyloPower,braycurtis,0.5,14,47,1.0,200,199
PhyloPower,braycurtis,0.5,14,48,1.0,200,199
PhyloPower,braycurtis,0.5,14,49,1.0,200,199
PhyloPower,braycurtis,0.5,14,50,1.0,200,199
PhyloPower,braycurtis,0.5,4,1,0.22,200,199
PhyloPower,braycurtis,0.5,4,2,0.265,200,199
PhyloPower,braycurtis,0.5,4,3,0.26,200,199
PhyloPower,braycurtis,0.5,4,4,0.22,200,199
PhyloPower,braycurtis,0.5,4,5,0.255,200,199
PhyloPower,braycurtis,0.5,4,6,0.275,200,199
PhyloPower,braycurtis,0.5,4,7,0.185,200,199
PhyloPower,braycurtis,0.5,4,8,0.235,200,199
PhyloPower,braycurtis,0.5,4,9,0.235,200,199
PhyloPower,braycurtis,0.5,4,10,0.27,200,199
PhyloPower,braycurtis,0.5,4,11,0.265,200,199
PhyloPower,braycurtis,0.5,4,12,0.255,200,199
PhyloPower,braycurtis,0.5,4,13,0.215,200,199
PhyloPower,braycurtis,0.5,4,14,0.315,200,199
PhyloPower,braycurtis,0.5,4,15,0.23,200,199
PhyloPower,braycurtis,0.5,4,16,0.29,200,199
PhyloPower,braycurtis,0.5,4,17,0.265,200,199
PhyloPower,braycurtis,0.5,4,18,0.275,200,199
PhyloPower,braycurtis,0.5,4,19,0.305,200,199
PhyloPower,braycurtis,0.5,4,20,0.225,200,199
PhyloPower,braycurtis,0.5,4,21,0.335,200,199
PhyloPower,braycurtis,0.5,4,22,0.26,200,199
PhyloPower,braycurtis,0.5,4,23,0.285,200,199
PhyloPower,braycurtis,0.5,4,24,0.21,200,199
PhyloPower,braycurtis,0.5,4,25,0.32,200,199
PhyloPower,braycurtis,0.5,4,26,0.275,200,199
PhyloPower,braycurtis,0.5,4,27,0.295,200,199
PhyloPower,braycurtis,0.5,4,28,0.315,200,199
PhyloPower,braycurtis,0.5,4,29,0.28,200,199
PhyloPower,braycurtis,0.5,4,30,0.24,200,199
PhyloPower,braycurtis,0.5,4,31,0.27,200,199
PhyloPower,braycurtis,0.5,4,32,0.29,200,199
PhyloPower,braycurtis,0.5,4,33,0.235,200,199
PhyloPower,braycurtis,0.5,4,34,0.215,200,199
PhyloPower,braycurtis,0.5,4,35,0.28,200,199
PhyloPower,braycurtis,0.5,4,36,0.26,200,199
PhyloPower,braycurtis,0.5,4,37,0.195,200,199
PhyloPower,braycurtis,0.5,4,38,0.29,200,199
PhyloPower,braycurtis,0.5,4,39,0.25,200,199
PhyloPower,braycurtis,0.5,4,40,0.305,200,199
PhyloPower,braycurtis,0.5,4,41,0.275,200,199
PhyloPower,braycurtis,0.5,4,42,0.23,200,199
PhyloPower,braycurtis,0.5,4,43,0.27,200,199
PhyloPower,braycurtis,0.5,4,44,0.25,200,199
PhyloPower,braycurtis,0.5,4,45,0.28,200,199
PhyloPower,braycurtis,0.5,4,46,0.225,200,199
PhyloPower,braycurtis,0.5,4,47,0.28,200,199
PhyloPower,braycurtis,0.5,4,48,0.28,200,199
PhyloPower,braycurtis,0.5,4,49,0.305,200,199
PhyloPower,braycurtis,0.5,4,50,0.24,200,199
PhyloPower,braycurtis,0.5,6,1,0.585,200,199
PhyloPower,braycurtis,0.5,6,2,0.555,200,199
PhyloPower,braycurtis,0.5,6,3,0.6,200,199
PhyloPower,braycurtis,0.5,6,4,0.605,200,199
PhyloPower,braycurtis,0.5,6,5,0.565,200,199
PhyloPower,braycurtis,0.5,6,6,0.565,200,199
PhyloPower,braycurtis,0.5,6,7,0.505,200,199
PhyloPower,braycurtis,0.5,6,8,0.585,200,199
PhyloPower,braycurtis,0.5,6,9,0.6,200,199
PhyloPower,braycurtis,0.5,6,10,0.635,200,199
PhyloPower,braycurtis,0.5,6,11,0.625,200,199
PhyloPower,braycurtis,0.5,6,12,0.555,200,199
PhyloPower,braycurtis,0.5,6,13,0.535,200,199
PhyloPower,braycurtis,0.5,6,14,0.595,200,199
PhyloPower,braycurtis,0.5,6,15,0.625,200,199
PhyloPower,braycurtis,0.5,6,16,0.565,200,199
PhyloPower,braycurtis,0.5,6,17,0.6,200,199
PhyloPower,braycurtis,0.5,6,18,0.55,200,199
PhyloPower,braycurtis,0.5,6,19,0.585,200,199
PhyloPower,braycurtis,0.5,6,20,0.59,200,199
PhyloPower,braycurtis,0.5,6,21,0.555,200,199
PhyloPower,braycurtis,0.5,6,22,0.56,200,199
PhyloPower,braycurtis,0.5,6,23,0.56,200,199
PhyloPower,braycurtis,0.5,6,24,0.53,200,199
PhyloPower,braycurtis,0.5,6,25,0.615,200,199
PhyloPower,braycurtis,0.5,6,26,0.56,200,199
PhyloPower,braycurtis,0.5,6,27,0.65,200,199
PhyloPower,braycurtis,0.5,6,28,0.545,200,199
PhyloPower,braycurtis,0.5,6,29,0.555,200,199
PhyloPower,braycurtis,0.5,6,30,0.56,200,199
PhyloPower,braycurtis,0.5,6,31,0.535,200,199
PhyloPower,braycurtis,0.5,6,32,0.59,200,199
PhyloPower,braycurtis,0.5,6,33,0.6,200,199
PhyloPower,braycurtis,0.5,6,34,0.545,200,199
PhyloPower,braycurtis,0.5,6,35,0.61,200,199
PhyloPower,braycurtis,0.5,6,36,0.57,200,199
PhyloPower,braycurtis,0.5,6,37,0.575,200,199
PhyloPower,braycurtis,0.5,6,38,0.54,200,199
PhyloPower,braycurtis,0.5,6,39,0.625,200,199
PhyloPower,braycurtis,0.5,6,40,0.625,200,199
PhyloPower,braycurtis,0.5,6,41,0.62,200,199
PhyloPower,braycurtis,0.5,6,42,0.575,200,199
PhyloPower,braycurtis,0.5,6,43,0.52,200,199
PhyloPower,braycurtis,0.5,6,44,0.63,200,199
PhyloPower,braycurtis,0.5,6,45,0.575,200,199
PhyloPower,braycurtis,0.5,6,46,0.68,200,199
PhyloPower,braycurtis,0.5,6,47,0.61,200,199
PhyloPower,braycurtis,0.5,6,48,0.585,200,199
PhyloPower,braycurtis,0.5,6,49,0.585,200,199
PhyloPower,braycurtis,0.5,6,50,0.515,200,199
PhyloPower,braycurtis,0.5,8,1,0.9,200,199
PhyloPower,braycurtis,0.5,8,2,0.905,200,199
PhyloPower,braycurtis,0.5,8,3,0.88,200,199
PhyloPower,braycurtis,0.5,8,4,0.92,200,199
PhyloPower,braycurtis,0.5,8,5,0.9,200,199
PhyloPower,braycurtis,0.5,8,6,0.855,200,199
PhyloPower,braycurtis,0.5,8,7,0.89,200,199
PhyloPower,braycurtis,0.5,8,8,0.855,200,199
PhyloPower,braycurtis,0.5,8,9,0.89,200,199
PhyloPower,braycurtis,0.5,8,10,0.915,200,199
PhyloPower,braycurtis,0.5,8,11,0.84,200,199
PhyloPower,braycurtis,0.5,8,12,0.88,200,199
PhyloPower,braycurtis,0.5,8,13,0.895,200,199
PhyloPower,braycurtis,0.5,8,14,0.885,200,199
PhyloPower,braycurtis,0.5,8,15,0.905,200,199
PhyloPower,braycurtis,0.5,8,16,0.915,200,199
PhyloPower,braycurtis,0.5,8,17,0.9,200,199
PhyloPower,braycurtis,0.5,8,18,0.89,200,199
PhyloPower,braycurtis,0.5,8,19,0.895,200,199
PhyloPower,braycurtis,0.5,8,20,0.91,200,199
PhyloPower,braycurtis,0.5,8,21,0.845,200,199
PhyloPower,braycurtis,0.5,8,22,0.83,200,199
PhyloPower,braycurtis,0.5,8,23,0.875,200,199
PhyloPower,braycurtis,0.5,8,24,0.815,200,199
PhyloPower,braycurtis,0.5,8,25,0.85,200,199
PhyloPower,braycurtis,0.5,8,26,0.895,200,199
PhyloPower,braycurtis,0.5,8,27,0.915,200,199
PhyloPower,braycurtis,0.5,8,28,0.875,200,199
PhyloPower,braycurtis,0.5,8,29,0.895,200,199
PhyloPower,braycurtis,0.5,8,30,0.89,200,199
PhyloPower,braycurtis,0.5,8,31,0.885,200,199
PhyloPower,braycurtis,0.5,8,32,0.885,200,199
PhyloPower,braycurtis,0.5,8,33,0.89,200,199
PhyloPower,braycurtis,0.5,8,34,0.88,200,199
PhyloPower,braycurtis,0.5,8,35,0.83,200,199
PhyloPower,braycurtis,0.5,8,36,0.895,200,199
PhyloPower,braycurtis,0.5,8,37,0.915,200,199
PhyloPower,braycurtis,0.5,8,38,0.91,200,199
PhyloPower,braycurtis,0.5,8,39,0.885,200,199
PhyloPower,braycurtis,0.5,8,40,0.855,200,199
PhyloPower,braycurtis,0.5,8,41,0.865,200,199
PhyloPower,braycurtis,0.5,8,42,0.89,200,199
PhyloPower,braycurtis,0.5,8,43,0.855,200,199
PhyloPower,braycurtis,0.5,8,44,0.9,200,199
PhyloPower,braycurtis,0.5,8,45,0.88,200,199
PhyloPower,braycurtis,0.5,8,46,0.82,200,199
PhyloPower,braycurtis,0.5,8,47,0.86,200,199
PhyloPower,braycurtis,0.5,8,48,0.875,200,199
PhyloPower,braycurtis,0.5,8,49,0.915,200,199
PhyloPower,braycurtis,0.5,8,50,0.88,200,199
PhyloPower,braycurtis,1.0,10,1,1.0,200,199
PhyloPower,braycurtis,1.0,10,2,1.0,200,199
PhyloPower,braycurtis,1.0,10,3,1.0,200,199
PhyloPower,braycurtis,1.0,10,4,1.0,200,199
PhyloPower,braycurtis,1.0,10,5,1.0,200,199
PhyloPower,braycurtis,1.0,10,6,1.0,200,199
PhyloPower,braycurtis,1.0,10,7,1.0,200,199
PhyloPower,braycurtis,1.0,10,8,1.0,200,199
PhyloPower,braycurtis,1.0,10,9,1.0,200,199
PhyloPower,braycurtis,1.0,10,10,1.0,200,199
PhyloPower,braycurtis,1.0,10,11,1.0,200,199
PhyloPower,braycurtis,1.0,10,12,1.0,200,199
PhyloPower,braycurtis,1.0,10,13,1.0,200,199
PhyloPower,braycurtis,1.0,10,14,1.0,200,199
PhyloPower,braycurtis,1.0,10,15,1.0,200,199
PhyloPower,braycurtis,1.0,10,16,1.0,200,199
PhyloPower,braycurtis,1.0,10,17,1.0,200,199
PhyloPower,braycurtis,1.0,10,18,1.0,200,199
PhyloPower,braycurtis,1.0,10,19,1.0,200,199
PhyloPower,braycurtis,1.0,10,20,1.0,200,199
PhyloPower,braycurtis,1.0,10,21,1.0,200,199
PhyloPower,braycurtis,1.0,10,22,1.0,200,199
PhyloPower,braycurtis,1.0,10,23,1.0,200,199
PhyloPower,braycurtis,1.0,10,24,1.0,200,199
PhyloPower,braycurtis,1.0,10,25,1.0,200,199
PhyloPower,braycurtis,1.0,10,26,1.0,200,199
PhyloPower,braycurtis,1.0,10,27,1.0,200,199
PhyloPower,braycurtis,1.0,10,28,1.0,200,199
PhyloPower,braycurtis,1.0,10,29,1.0,200,199
PhyloPower,braycurtis,1.0,10,30,1.0,200,199
PhyloPower,braycurtis,1.0,10,31,1.0,200,199
PhyloPower,braycurtis,1.0,10,32,1.0,200,199
PhyloPower,braycurtis,1.0,10,33,1.0,200,199
PhyloPower,braycurtis,1.0,10,34,1.0,200,199
PhyloPower,braycurtis,1.0,10,35,1.0,200,199
PhyloPower,braycurtis,1.0,10,36,1.0,200,199
PhyloPower,braycurtis,1.0,10,37,1.0,200,199
PhyloPower,braycurtis,1.0,10,38,1.0,200,199
PhyloPower,braycurtis,1.0,10,39,1.0,200,199
PhyloPower,braycurtis,1.0,10,40,1.0,200,199
PhyloPower,braycurtis,1.0,10,41,1.0,200,199
PhyloPower,braycurtis,1.0,10,42,1.0,200,199
PhyloPower,braycurtis,1.0,10,43,1.0,200,199
PhyloPower,braycurtis,1.0,10,44,1.0,200,199
PhyloPower,braycurtis,1.0,10,45,1.0,200,199
PhyloPower,braycurtis,1.0,10,46,1.0,200,199
PhyloPower,braycurtis,1.0,10,47,1.0,200,199
PhyloPower,braycurtis,1.0,10,48,1.0,200,199
PhyloPower,braycurtis,1.0,10,49,1.0,200,199
PhyloPower,braycurtis,1.0,10,50,1.0,200,199
PhyloPower,braycurtis,1.0,14,1,1.0,200,199
PhyloPower,braycurtis,1.0,14,2,1.0,200,199
PhyloPower,braycurtis,1.0,14,3,1.0,200,199
PhyloPower,braycurtis,1.0,14,4,1.0,200,199
PhyloPower,braycurtis,1.0,14,5,1.0,200,199
PhyloPower,braycurtis,1.0,14,6,1.0,200,199
PhyloPower,braycurtis,1.0,14,7,1.0,200,199
PhyloPower,braycurtis,1.0,14,8,1.0,200,199
PhyloPower,braycurtis,1.0,14,9,1.0,200,199
PhyloPower,braycurtis,1.0,14,10,1.0,200,199
PhyloPower,braycurtis,1.0,14,11,1.0,200,199
PhyloPower,braycurtis,1.0,14,12,1.0,200,199
PhyloPower,braycurtis,1.0,14,13,1.0,200,199
PhyloPower,braycurtis,1.0,14,14,1.0,200,199
PhyloPower,braycurtis,1.0,14,15,1.0,200,199
PhyloPower,braycurtis,1.0,14,16,1.0,200,199
PhyloPower,braycurtis,1.0,14,17,1.0,200,199
PhyloPower,braycurtis,1.0,14,18,1.0,200,199
PhyloPower,braycurtis,1.0,14,19,1.0,200,199
PhyloPower,braycurtis,1.0,14,20,1.0,200,199
PhyloPower,braycurtis,1.0,14,21,1.0,200,199
PhyloPower,braycurtis,1.0,14,22,1.0,200,199
PhyloPower,braycurtis,1.0,14,23,1.0,200,199
PhyloPower,braycurtis,1.0,14,24,1.0,200,199
PhyloPower,braycurtis,1.0,14,25,1.0,200,199
PhyloPower,braycurtis,1.0,14,26,1.0,200,199
PhyloPower,braycurtis,1.0,14,27,1.0,200,199
PhyloPower,braycurtis,1.0,14,28,1.0,200,199
PhyloPower,braycurtis,1.0,14,29,1.0,200,199
PhyloPower,braycurtis,1.0,14,30,1.0,200,199
PhyloPower,braycurtis,1.0,14,31,1.0,200,199
PhyloPower,braycurtis,1.0,14,32,1.0,200,199
PhyloPower,braycurtis,1.0,14,33,1.0,200,199
PhyloPower,braycurtis,1.0,14,34,1.0,200,199
PhyloPower,braycurtis,1.0,14,35,1.0,200,199
PhyloPower,braycurtis,1.0,14,36,1.0,200,199
PhyloPower,braycurtis,1.0,14,37,1.0,200,199
PhyloPower,braycurtis,1.0,14,38,1.0,200,199
PhyloPower,braycurtis,1.0,14,39,1.0,200,199
PhyloPower,braycurtis,1.0,14,40,1.0,200,199
PhyloPower,braycurtis,1.0,14,41,1.0,200,199
PhyloPower,braycurtis,1.0,14,42,1.0,200,199
PhyloPower,braycurtis,1.0,14,43,1.0,200,199
PhyloPower,braycurtis,1.0,14,44,1.0,200,199
PhyloPower,braycurtis,1.0,14,45,1.0,200,199
PhyloPower,braycurtis,1.0,14,46,1.0,200,199
PhyloPower,braycurtis,1.0,14,47,1.0,200,199
PhyloPower,braycurtis,1.0,14,48,1.0,200,199
PhyloPower,braycurtis,1.0,14,49,1.0,200,199
PhyloPower,braycurtis,1.0,14,50,1.0,200,199
PhyloPower,braycurtis,1.0,4,1,0.455,200,199
PhyloPower,braycurtis,1.0,4,2,0.515,200,199
PhyloPower,braycurtis,1.0,4,3,0.49,200,199
PhyloPower,braycurtis,1.0,4,4,0.455,200,199
PhyloPower,braycurtis,1.0,4,5,0.465,200,199
PhyloPower,braycurtis,1.0,4,6,0.555,200,199
PhyloPower,braycurtis,1.0,4,7,0.525,200,199
PhyloPower,braycurtis,1.0,4,8,0.48,200,199
PhyloPower,braycurtis,1.0,4,9,0.455,200,199
PhyloPower,braycurtis,1.0,4,10,0.45,200,199
PhyloPower,braycurtis,1.0,4,11,0.44,200,199
PhyloPower,braycurtis,1.0,4,12,0.495,200,199
PhyloPower,braycurtis,1.0,4,13,0.505,200,199
PhyloPower,braycurtis,1.0,4,14,0.465,200,199
PhyloPower,braycurtis,1.0,4,15,0.555,200,199
PhyloPower,braycurtis,1.0,4,16,0.43,200,199
PhyloPower,braycurtis,1.0,4,17,0.51,200,199
PhyloPower,braycurtis,1.0,4,18,0.49,200,199
PhyloPower,braycurtis,1.0,4,19,0.435,200,199
PhyloPower,braycurtis,1.0,4,20,0.465,200,199
PhyloPower,braycurtis,1.0,4,21,0.48,200,199
PhyloPower,braycurtis,1.0,4,22,0.465,200,199
PhyloPower,braycurtis,1.0,4,23,0.48,200,199
PhyloPower,braycurtis,1.0,4,24,0.515,200,199
PhyloPower,braycurtis,1.0,4,25,0.52,200,199
PhyloPower,braycurtis,1.0,4,26,0.465,200,199
PhyloPower,braycurtis,1.0,4,27,0.495,200,199
PhyloPower,braycurtis,1.0,4,28,0.49,200,199
PhyloPower,braycurtis,1.0,4,29,0.495,200,199
PhyloPower,braycurtis,1.0,4,30,0.51,200,199
PhyloPower,braycurtis,1.0,4,31,0.485,200,199
PhyloPower,braycurtis,1.0,4,32,0.47,200,199
PhyloPower,braycurtis,1.0,4,33,0.465,200,199
PhyloPower,braycurtis,1.0,4,34,0.47,200,199
PhyloPower,braycurtis,1.0,4,35,0.54,200,199
PhyloPower,braycurtis,1.0,4,36,0.485,200,199
PhyloPower,braycurtis,1.0,4,37,0.49,200,199
PhyloPower,braycurtis,1.0,4,38,0.46,200,199
PhyloPower,braycurtis,1.0,4,39,0.475,200,199
PhyloPower,braycurtis,1.0,4,40,0.485,200,199
PhyloPower,braycurtis,1.0,4,41,0.535,200,199
PhyloPower,braycurtis,1.0,4,42,0.515,200,199
PhyloPower,braycurtis,1.0,4,43,0.445,200,199
PhyloPower,braycurtis,1.0,4,44,0.505,200,199
PhyloPower,braycurtis,1.0,4,45,0.515,200,199
PhyloPower,braycurtis,1.0,4,46,0.47,200,199
PhyloPower,braycurtis,1.0,4,47,0.505,200,199
PhyloPower,braycurtis,1.0,4,48,0.395,200,199
PhyloPower,braycurtis,1.0,4,49,0.495,200,199
PhyloPower,braycurtis,1.0,4,50,0.475,200,199
PhyloPower,braycurtis,1.0,6,1,0.955,200,199
PhyloPower,braycurtis,1.0,6,2,0.95,200,199
PhyloPower,braycurtis,1.0,6,3,0.915,200,199
PhyloPower,braycurtis,1.0,6,4,0.955,200,199
PhyloPower,braycurtis,1.0,6,5,0.935,200,199
PhyloPower,braycurtis,1.0,6,6,0.905,200,199
PhyloPower,braycurtis,1.0,6,7,0.925,200,199
PhyloPower,braycurtis,1.0,6,8,0.905,200,199
PhyloPower,braycurtis,1.0,6,9,0.95,200,199
PhyloPower,braycurtis,1.0,6,10,0.93,200,199
PhyloPower,braycurtis,1.0,6,11,0.915,200,199
PhyloPower,braycurtis,1.0,6,12,0.955,200,199
PhyloPower,braycurtis,1.0,6,13,0.935,200,199
PhyloPower,braycurtis,1.0,6,14,0.93,200,199
PhyloPower,braycurtis,1.0,6,15,0.93,200,199
PhyloPower,braycurtis,1.0,6,16,0.885,200,199
PhyloPower,braycurtis,1.0,6,17,0.91,200,199
PhyloPower,braycurtis,1.0,6,18,0.91,200,199
PhyloPower,braycurtis,1.0,6,19,0.9,200,199
PhyloPower,braycurtis,1.0,6,20,0.925,200,199
PhyloPower,braycurtis,1.0,6,21,0.905,200,199
PhyloPower,braycurtis,1.0,6,22,0.88,200,199
PhyloPower,braycurtis,1.0,6,23,0.91,200,199
PhyloPower,braycurtis,1.0,6,24,0.895,200,199
PhyloPower,braycurtis,1.0,6,25,0.94,200,199
PhyloPower,braycurtis,1.0,6,26,0.95,200,199
PhyloPower,braycurtis,1.0,6,27,0.92,200,199
PhyloPower,braycurtis,1.0,6,28,0.925,200,199
PhyloPower,braycurtis,1.0,6,29,0.93,200,199
PhyloPower,braycurtis,1.0,6,30,0.905,200,199
PhyloPower,braycurtis,1.0,6,31,0.955,200,199
PhyloPower,braycurtis,1.0,6,32,0.925,200,199
PhyloPower,braycurtis,1.0,6,33,0.895,200,199
PhyloPower,braycurtis,1.0,6,34,0.93,200,199
PhyloPower,braycurtis,1.0,6,35,0.92,200,199
PhyloPower,braycurtis,1.0,6,36,0.92,200,199
PhyloPower,braycurtis,1.0,6,37,0.95,200,199
PhyloPower,braycurtis,1.0,6,38,0.925,200,199
PhyloPower,braycurtis,1.0,6,39,0.945,200,199
PhyloPower,braycurtis,1.0,6,40,0.96,200,199
PhyloPower,braycurtis,1.0,6,41,0.935,200,199
PhyloPower,braycurtis,1.0,6,42,0.895,200,199
PhyloPower,braycurtis,1.0,6,43,0.925,200,199
PhyloPower,braycurtis,1.0,6,44,0.905,200,199
PhyloPower,braycurtis,1.0,6,45,0.92,200,199
PhyloPower,braycurtis,1.0,6,46,0.935,200,199
PhyloPower,braycurtis,1.0,6,47,0.915,200,199
PhyloPower,braycurtis,1.0,6,48,0.945,200,199
PhyloPower,braycurtis,1.0,6,49,0.92,200,199
PhyloPower,braycurtis,1.0,6,50,0.94,200,199
PhyloPower,braycurtis,1.0,8,1,0.995,200,199
PhyloPower,braycurtis,1.0,8,2,0.995,200,199
PhyloPower,braycurtis,1.0,8,3,1.0,200,199
PhyloPower,braycurtis,1.0,8,4,0.995,200,199
PhyloPower,braycurtis,1.0,8,5,0.995,200,199
PhyloPower,braycurtis,1.0,8,6,1.0,200,199
PhyloPower,braycurtis,1.0,8,7,0.995,200,199
PhyloPower,braycurtis,1.0,8,8,0.99,200,199
PhyloPower,braycurtis,1.0,8,9,1.0,200,199
PhyloPower,braycurtis,1.0,8,10,1.0,200,199
PhyloPower,braycurtis,1.0,8,11,0.995,200,199
PhyloPower,braycurtis,1.0,8,12,1.0,200,199
PhyloPower,braycurtis,1.0,8,13,0.995,200,199
PhyloPower,braycurtis,1.0,8,14,0.995,200,199
PhyloPower,braycurtis,1.0,8,15,1.0,200,199
PhyloPower,braycurtis,1.0,8,16,0.99,200,199
PhyloPower,braycurtis,1.0,8,17,1.0,200,199
PhyloPower,braycurtis,1.0,8,18,1.0,200,199
PhyloPower,braycurtis,1.0,8,19,0.995,200,199
PhyloPower,braycurtis,1.0,8,20,1.0,200,199
PhyloPower,braycurtis,1.0,8,21,1.0,200,199
PhyloPower,braycurtis,1.0,8,22,0.995,200,199
PhyloPower,braycurtis,1.0,8,23,0.99,200,199
PhyloPower,braycurtis,1.0,8,24,1.0,200,199
PhyloPower,braycurtis,1.0,8,25,1.0,200,199
PhyloPower,braycurtis,1.0,8,26,1.0,200,199
PhyloPower,braycurtis,1.0,8,27,0.995,200,199
PhyloPower,braycurtis,1.0,8,28,1.0,200,199
PhyloPower,braycurtis,1.0,8,29,1.0,200,199
PhyloPower,braycurtis,1.0,8,30,0.995,200,199
PhyloPower,braycurtis,1.0,8,31,0.995,200,199
PhyloPower,braycurtis,1.0,8,32,0.995,200,199
PhyloPower,braycurtis,1.0,8,33,1.0,200,199
PhyloPower,braycurtis,1.0,8,34,1.0,200,199
PhyloPower,braycurtis,1.0,8,35,1.0,200,199
PhyloPower,braycurtis,1.0,8,36,1.0,200,199
PhyloPower,braycurtis,1.0,8,37,1.0,200,199
PhyloPower,braycurtis,1.0,8,38,1.0,200,199
PhyloPower,braycurtis,1.0,8,39,1.0,200,199
PhyloPower,braycurtis,1.0,8,40,0.99,200,199
PhyloPower,braycurtis,1.0,8,41,0.995,200,199
PhyloPower,braycurtis,1.0,8,42,1.0,200,199
PhyloPower,braycurtis,1.0,8,43,0.995,200,199
PhyloPower,braycurtis,1.0,8,44,1.0,200,199
PhyloPower,braycurtis,1.0,8,45,1.0,200,199
PhyloPower,braycurtis,1.0,8,46,1.0,200,199
PhyloPower,braycurtis,1.0,8,47,1.0,200,199
PhyloPower,braycurtis,1.0,8,48,1.0,200,199
PhyloPower,braycurtis,1.0,8,49,1.0,200,199
PhyloPower,braycurtis,1.0,8,50,1.0,200,199
PhyloPower,wunifrac,0.0,10,1,0.695,200,199
PhyloPower,wunifrac,0.0,10,2,0.66,200,199
PhyloPower,wunifrac,0.0,10,3,0.685,200,199
PhyloPower,wunifrac,0.0,10,4,0.685,200,199
PhyloPower,wunifrac,0.0,10,5,0.62,200,199
PhyloPower,wunifrac,0.0,10,6,0.75,200,199
PhyloPower,wunifrac,0.0,10,7,0.685,200,199
PhyloPower,wunifrac,0.0,10,8,0.695,200,199
PhyloPower,wunifrac,0.0,10,9,0.675,200,199
PhyloPower,wunifrac,0.0,10,10,0.66,200,199
PhyloPower,wunifrac,0.0,10,11,0.7,200,199
PhyloPower,wunifrac,0.0,10,12,0.645,200,199
PhyloPower,wunifrac,0.0,10,13,0.73,200,199
PhyloPower,wunifrac,0.0,10,14,0.665,200,199
PhyloPower,wunifrac,0.0,10,15,0.68,200,199
PhyloPower,wunifrac,0.0,10,16,0.665,200,199
PhyloPower,wunifrac,0.0,10,17,0.665,200,199
PhyloPower,wunifrac,0.0,10,18,0.66,200,199
PhyloPower,wunifrac,0.0,10,19,0.665,200,199
PhyloPower,wunifrac,0.0,10,20,0.655,200,199
PhyloPower,wunifrac,0.0,10,21,0.685,200,199
PhyloPower,wunifrac,0.0,10,22,0.715,200,199
PhyloPower,wunifrac,0.0,10,23,0.675,200,199
PhyloPower,wunifrac,0.0,10,24,0.695,200,199
PhyloPower,wunifrac,0.0,10,25,0.655,200,199
PhyloPower,wunifrac,0.0,10,26,0.66,200,199
PhyloPower,wunifrac,0.0,10,27,0.725,200,199
PhyloPower,wunifrac,0.0,10,28,0.565,200,199
PhyloPower,wunifrac,0.0,10,29,0.77,200,199
PhyloPower,wunifrac,0.0,10,30,0.68,200,199
PhyloPower,wunifrac,0.0,10,31,0.73,200,199
PhyloPower,wunifrac,0.0,10,32,0.695,200,199
PhyloPower,wunifrac,0.0,10,33,0.64,200,199
PhyloPower,wunifrac,0.0,10,34,0.675,200,199
PhyloPower,wunifrac,0.0,10,35,0.675,200,199
PhyloPower,wunifrac,0.0,10,36,0.71,200,199
PhyloPower,wunifrac,0.0,10,37,0.655,200,199
PhyloPower,wunifrac,0.0,10,38,0.685,200,199
PhyloPower,wunifrac,0.0,10,39,0.685,200,199
PhyloPower,wunifrac,0.0,10,40,0.65,200,199
PhyloPower,wunifrac,0.0,10,41,0.715,200,199
PhyloPower,wunifrac,0.0,10,42,0.685,200,199
PhyloPower,wunifrac,0.0,10,43,0.75,200,199
PhyloPower,wunifrac,0.0,10,44,0.75,200,199
PhyloPower,wunifrac,0.0,10,45,0.695,200,199
PhyloPower,wunifrac,0.0,10,46,0.72,200,199
PhyloPower,wunifrac,0.0,10,47,0.685,200,199
PhyloPower,wunifrac,0.0,10,48,0.68,200,199
PhyloPower,wunifrac,0.0,10,49,0.68,200,199
PhyloPower,wunifrac,0.0,10,50,0.75,200,199
PhyloPower,wunifrac,0.0,14,1,0.94,200,199
PhyloPower,wunifrac,0.0,14,2,0.885,200,199
PhyloPower,wunifrac,0.0,14,3,0.91,200,199
PhyloPower,wunifrac,0.0,14,4,0.96,200,199
PhyloPower,wunifrac,0.0,14,5,0.91,200,199
PhyloPower,wunifrac,0.0,14,6,0.955,200,199
PhyloPower,wunifrac,0.0,14,7,0.955,200,199
PhyloPower,wunifrac,0.0,14,8,0.945,200,199
PhyloPower,wunifrac,0.0,14,9,0.93,200,199
PhyloPower,wunifrac,0.0,14,10,0.905,200,199
PhyloPower,wunifrac,0.0,14,11,0.95,200,199
PhyloPower,wunifrac,0.0,14,12,0.875,200,199
PhyloPower,wunifrac,0.0,14,13,0.945,200,199
PhyloPower,wunifrac,0.0,14,14,0.885,200,199
PhyloPower,wunifrac,0.0,14,15,0.955,200,199
PhyloPower,wunifrac,0.0,14,16,0.92,200,199
PhyloPower,wunifrac,0.0,14,17,0.96,200,199
PhyloPower,wunifrac,0.0,14,18,0.955,200,199
PhyloPower,wunifrac,0.0,14,19,0.91,200,199
PhyloPower,wunifrac,0.0,14,20,0.93,200,199
PhyloPower,wunifrac,0.0,14,21,0.905,200,199
PhyloPower,wunifrac,0.0,14,22,0.895,200,199
PhyloPower,wunifrac,0.0,14,23,0.935,200,199
PhyloPower,wunifrac,0.0,14,24,0.95,200,199
PhyloPower,wunifrac,0.0,14,25,0.91,200,199
PhyloPower,wunifrac,0.0,14,26,0.95,200,199
PhyloPower,wunifrac,0.0,14,27,0.94,200,199
PhyloPower,wunifrac,0.0,14,28,0.91,200,199
PhyloPower,wunifrac,0.0,14,29,0.91,200,199
PhyloPower,wunifrac,0.0,14,30,0.93,200,199
PhyloPower,wunifrac,0.0,14,31,0.935,200,199
PhyloPower,wunifrac,0.0,14,32,0.905,200,199
PhyloPower,wunifrac,0.0,14,33,0.935,200,199
PhyloPower,wunifrac,0.0,14,34,0.935,200,199
PhyloPower,wunifrac,0.0,14,35,0.945,200,199
PhyloPower,wunifrac,0.0,14,36,0.935,200,199
PhyloPower,wunifrac,0.0,14,37,0.93,200,199
PhyloPower,wunifrac,0.0,14,38,0.915,200,199
PhyloPower,wunifrac,0.0,14,39,0.96,200,199
PhyloPower,wunifrac,0.0,14,40,0.925,200,199
PhyloPower,wunifrac,0.0,14,41,0.945,200,199
PhyloPower,wunifrac,0.0,14,42,0.93,200,199
PhyloPower,wunifrac,0.0,14,43,0.92,200,199
PhyloPower,wunifrac,0.0,14,44,0.91,200,199
PhyloPower,wunifrac,0.0,14,45,0.915,200,199
PhyloPower,wunifrac,0.0,14,46,0.935,200,199
PhyloPower,wunifrac,0.0,14,47,0.925,200,199
PhyloPower,wunifrac,0.0,14,48,0.93,200,199
PhyloPower,wunifrac,0.0,14,49,0.915,200,199
PhyloPower,wunifrac,0.0,14,50,0.885,200,199
PhyloPower,wunifrac,0.0,4,1,0.18,200,199
PhyloPower,wunifrac,0.0,4,2,0.16,200,199
PhyloPower,wunifrac,0.0,4,3,0.195,200,199
PhyloPower,wunifrac,0.0,4,4,0.225,200,199
PhyloPower,wunifrac,0.0,4,5,0.185,200,199
PhyloPower,wunifrac,0.0,4,6,0.175,200,199
PhyloPower,wunifrac,0.0,4,7,0.17,200,199
PhyloPower,wunifrac,0.0,4,8,0.195,200,199
PhyloPower,wunifrac,0.0,4,9,0.145,200,199
PhyloPower,wunifrac,0.0,4,10,0.11,200,199
PhyloPower,wunifrac,0.0,4,11,0.215,200,199
PhyloPower,wunifrac,0.0,4,12,0.22,200,199
PhyloPower,wunifrac,0.0,4,13,0.19,200,199
PhyloPower,wunifrac,0.0,4,14,0.16,200,199
PhyloPower,wunifrac,0.0,4,15,0.175,200,199
PhyloPower,wunifrac,0.0,4,16,0.175,200,199
PhyloPower,wunifrac,0.0,4,17,0.195,200,199
PhyloPower,wunifrac,0.0,4,18,0.2,200,199
PhyloPower,wunifrac,0.0,4,19,0.155,200,199
PhyloPower,wunifrac,0.0,4,20,0.165,200,199
PhyloPower,wunifrac,0.0,4,21,0.13,200,199
PhyloPower,wunifrac,0.0,4,22,0.19,200,199
PhyloPower,wunifrac,0.0,4,23,0.15,200,199
PhyloPower,wunifrac,0.0,4,24,0.175,200,199
PhyloPower,wunifrac,0.0,4,25,0.15,200,199
PhyloPower,wunifrac,0.0,4,26,0.195,200,199
PhyloPower,wunifrac,0.0,4,27,0.145,200,199
PhyloPower,wunifrac,0.0,4,28,0.195,200,199
PhyloPower,wunifrac,0.0,4,29,0.185,200,199
PhyloPower,wunifrac,0.0,4,30,0.175,200,199
PhyloPower,wunifrac,0.0,4,31,0.235,200,199
PhyloPower,wunifrac,0.0,4,32,0.175,200,199
PhyloPower,wunifrac,0.0,4,33,0.155,200,199
PhyloPower,wunifrac,0.0,4,34,0.16,200,199
PhyloPower,wunifrac,0.0,4,35,0.165,200,199
PhyloPower,wunifrac,0.0,4,36,0.235,200,199
PhyloPower,wunifrac,0.0,4,37,0.215,200,199
PhyloPower,wunifrac,0.0,4,38,0.175,200,199
PhyloPower,wunifrac,0.0,4,39,0.21,200,199
PhyloPower,wunifrac,0.0,4,40,0.145,200,199
PhyloPower,wunifrac,0.0,4,41,0.145,200,199
PhyloPower,wunifrac,0.0,4,42,0.14,200,199
PhyloPower,wunifrac,0.0,4,43,0.155,200,199
PhyloPower,wunifrac,0.0,4,44,0.155,200,199
PhyloPower,wunifrac,0.0,4,45,0.15,200,199
PhyloPower,wunifrac,0.0,4,46,0.15,200,199
PhyloPower,wunifrac,0.0,4,47,0.185,200,199
PhyloPower,wunifrac,0.0,4,48,0.21,200,199
PhyloPower,wunifrac,0.0,4,49,0.14,200,199
PhyloPower,wunifrac,0.0,4,50,0.175,200,199
PhyloPower,wunifrac,0.0,6,1,0.36,200,199
PhyloPower,wunifrac,0.0,6,2,0.36,200,199
PhyloPower,wunifrac,0.0,6,3,0.38,200,199
PhyloPower,wunifrac,0.0,6,4,0.295,200,199
PhyloPower,wunifrac,0.0,6,5,0.35,200,199
PhyloPower,wunifrac,0.0,6,6,0.34,200,199
PhyloPower,wunifrac,0.0,6,7,0.305,200,199
PhyloPower,wunifrac,0.0,6,8,0.39,200,199
PhyloPower,wunifrac,0.0,6,9,0.33,200,199
PhyloPower,wunifrac,0.0,6,10,0.43,200,199
PhyloPower,wunifrac,0.0,6,11,0.325,200,199
PhyloPower,wunifrac,0.0,6,12,0.355,200,199
PhyloPower,wunifrac,0.0,6,13,0.375,200,199
PhyloPower,wunifrac,0.0,6,14,0.35,200,199
PhyloPower,wunifrac,0.0,6,15,0.36,200,199
PhyloPower,wunifrac,0.0,6,16,0.335,200,199
PhyloPower,wunifrac,0.0,6,17,0.34,200,199
PhyloPower,wunifrac,0.0,6,18,0.32,200,199
PhyloPower,wunifrac,0.0,6,19,0.325,200,199
PhyloPower,wunifrac,0.0,6,20,0.37,200,199
PhyloPower,wunifrac,0.0,6,21,0.31,200,199
PhyloPower,wunifrac,0.0,6,22,0.27,200,199
PhyloPower,wunifrac,0.0,6,23,0.33,200,199
PhyloPower,wunifrac,0.0,6,24,0.295,200,199
PhyloPower,wunifrac,0.0,6,25,0.305,200,199
PhyloPower,wunifrac,0.0,6,26,0.285,200,199
PhyloPower,wunifrac,0.0,6,27,0.365,200,199
PhyloPower,wunifrac,0.0,6,28,0.375,200,199
PhyloPower,wunifrac,0.0,6,29,0.34,200,199
PhyloPower,wunifrac,0.0,6,30,0.33,200,199
PhyloPower,wunifrac,0.0,6,31,0.365,200,199
PhyloPower,wunifrac,0.0,6,32,0.3,200,199
PhyloPower,wunifrac,0.0,6,33,0.325,200,199
PhyloPower,wunifrac,0.0,6,34,0.34,200,199
PhyloPower,wunifrac,0.0,6,35,0.32,200,199
PhyloPower,wunifrac,0.0,6,36,0.37,200,199
PhyloPower,wunifrac,0.0,6,37,0.35,200,199
PhyloPower,wunifrac,0.0,6,38,0.3,200,199
PhyloPower,wunifrac,0.0,6,39,0.32,200,199
PhyloPower,wunifrac,0.0,6,40,0.345,200,199
PhyloPower,wunifrac,0.0,6,41,0.285,200,199
PhyloPower,wunifrac,0.0,6,42,0.28,200,199
PhyloPower,wunifrac,0.0,6,43,0.28,200,199
PhyloPower,wunifrac,0.0,6,44,0.335,200,199
PhyloPower,wunifrac,0.0,6,45,0.315,200,199
PhyloPower,wunifrac,0.0,6,46,0.395,200,199
PhyloPower,wunifrac,0.0,6,47,0.395,200,199
PhyloPower,wunifrac,0.0,6,48,0.285,200,199
PhyloPower,wunifrac,0.0,6,49,0.36,200,199
PhyloPower,wunifrac,0.0,6,50,0.32,200,199
PhyloPower,wunifrac,0.0,8,1,0.52,200,199
PhyloPower,wunifrac,0.0,8,2,0.52,200,199
PhyloPower,wunifrac,0.0,8,3,0.535,200,199
PhyloPower,wunifrac,0.0,8,4,0.52,200,199
PhyloPower,wunifrac,0.0,8,5,0.525,200,199
PhyloPower,wunifrac,0.0,8,6,0.485,200,199
PhyloPower,wunifrac,0.0,8,7,0.52,200,199
PhyloPower,wunifrac,0.0,8,8,0.52,200,199
PhyloPower,wunifrac,0.0,8,9,0.55,200,199
PhyloPower,wunifrac,0.0,8,10,0.43,200,199
PhyloPower,wunifrac,0.0,8,11,0.515,200,199
PhyloPower,wunifrac,0.0,8,12,0.55,200,199
PhyloPower,wunifrac,0.0,8,13,0.495,200,199
PhyloPower,wunifrac,0.0,8,14,0.49,200,199
PhyloPower,wunifrac,0.0,8,15,0.445,200,199
PhyloPower,wunifrac,0.0,8,16,0.51,200,199
PhyloPower,wunifrac,0.0,8,17,0.545,200,199
PhyloPower,wunifrac,0.0,8,18,0.535,200,199
PhyloPower,wunifrac,0.0,8,19,0.51,200,199
PhyloPower,wunifrac,0.0,8,20,0.52,200,199
PhyloPower,wunifrac,0.0,8,21,0.49,200,199
PhyloPower,wunifrac,0.0,8,22,0.56,200,199
PhyloPower,wunifrac,0.0,8,23,0.515,200,199
PhyloPower,wunifrac,0.0,8,24,0.54,200,199
PhyloPower,wunifrac,0.0,8,25,0.465,200,199
PhyloPower,wunifrac,0.0,8,26,0.51,200,199
PhyloPower,wunifrac,0.0,8,27,0.505,200,199
PhyloPower,wunifrac,0.0,8,28,0.52,200,199
PhyloPower,wunifrac,0.0,8,29,0.525,200,199
PhyloPower,wunifrac,0.0,8,30,0.485,200,199
PhyloPower,wunifrac,0.0,8,31,0.54,200,199
PhyloPower,wunifrac,0.0,8,32,0.465,200,199
PhyloPower,wunifrac,0.0,8,33,0.48,200,199
PhyloPower,wunifrac,0.0,8,34,0.415,200,199
PhyloPower,wunifrac,0.0,8,35,0.46,200,199
PhyloPower,wunifrac,0.0,8,36,0.495,200,199
PhyloPower,wunifrac,0.0,8,37,0.56,200,199
PhyloPower,wunifrac,0.0,8,38,0.495,200,199
PhyloPower,wunifrac,0.0,8,39,0.445,200,199
PhyloPower,wunifrac,0.0,8,40,0.51,200,199
PhyloPower,wunifrac,0.0,8,41,0.53,200,199
PhyloPower,wunifrac,0.0,8,42,0.525,200,199
PhyloPower,wunifrac,0.0,8,43,0.57,200,199
PhyloPower,wunifrac,0.0,8,44,0.53,200,199
PhyloPower,wunifrac,0.0,8,45,0.49,200,199
PhyloPower,wunifrac,0.0,8,46,0.53,200,199
PhyloPower,wunifrac,0.0,8,47,0.55,200,199
PhyloPower,wunifrac,0.0,8,48,0.46,200,199
PhyloPower,wunifrac,0.0,8,49,0.505,200,199
PhyloPower,wunifrac,0.0,8,50,0.495,200,199
PhyloPower,wunifrac,0.5,10,1,0.94,200,199
PhyloPower,wunifrac,0.5,10,2,0.965,200,199
PhyloPower,wunifrac,0.5,10,3,0.955,200,199
PhyloPower,wunifrac,0.5,10,4,0.965,200,199
PhyloPower,wunifrac,0.5,10,5,0.935,200,199
PhyloPower,wunifrac,0.5,10,6,0.965,200,199
PhyloPower,wunifrac,0.5,10,7,0.92,200,199
PhyloPower,wunifrac,0.5,10,8,0.925,200,199
PhyloPower,wunifrac,0.5,10,9,0.94,200,199
PhyloPower,wunifrac,0.5,10,10,0.96,200,199
PhyloPower,wunifrac,0.5,10,11,0.93,200,199
PhyloPower,wunifrac,0.5,10,12,0.935,200,199
PhyloPower,wunifrac,0.5,10,13,0.925,200,199
PhyloPower,wunifrac,0.5,10,14,0.96,200,199
PhyloPower,wunifrac,0.5,10,15,0.945,200,199
PhyloPower,wunifrac,0.5,10,16,0.935,200,199
PhyloPower,wunifrac,0.5,10,17,0.93,200,199
PhyloPower,wunifrac,0.5,10,18,0.945,200,199
PhyloPower,wunifrac,0.5,10,19,0.955,200,199
PhyloPower,wunifrac,0.5,10,20,0.975,200,199
PhyloPower,wunifrac,0.5,10,21,0.925,200,199
PhyloPower,wunifrac,0.5,10,22,0.955,200,199
PhyloPower,wunifrac,0.5,10,23,0.95,200,199
PhyloPower,wunifrac,0.5,10,24,0.96,200,199
PhyloPower,wunifrac,0.5,10,25,0.95,200,199
PhyloPower,wunifrac,0.5,10,26,0.965,200,199
PhyloPower,wunifrac,0.5,10,27,0.96,200,199
PhyloPower,wunifrac,0.5,10,28,0.935,200,199
PhyloPower,wunifrac,0.5,10,29,0.96,200,199
PhyloPower,wunifrac,0.5,10,30,0.955,200,199
PhyloPower,wunifrac,0.5,10,31,0.925,200,199
PhyloPower,wunifrac,0.5,10,32,0.955,200,199
PhyloPower,wunifrac,0.5,10,33,0.95,200,199
PhyloPower,wunifrac,0.5,10,34,0.93,200,199
PhyloPower,wunifrac,0.5,10,35,0.95,200,199
PhyloPower,wunifrac,0.5,10,36,0.935,200,199
PhyloPower,wunifrac,0.5,10,37,0.97,200,199
PhyloPower,wunifrac,0.5,10,38,0.93,200,199
PhyloPower,wunifrac,0.5,10,39,0.955,200,199
PhyloPower,wunifrac,0.5,10,40,0.955,200,199
PhyloPower,wunifrac,0.5,10,41,0.94,200,199
PhyloPower,wunifrac,0.5,10,42,0.93,200,199
PhyloPower,wunifrac,0.5,10,43,0.955,200,199
PhyloPower,wunifrac,0.5,10,44,0.935,200,199
PhyloPower,wunifrac,0.5,10,45,0.94,200,199
PhyloPower,wunifrac,0.5,10,46,0.945,200,199
PhyloPower,wunifrac,0.5,10,47,0.95,200,199
PhyloPower,wunifrac,0.5,10,48,0.945,200,199
PhyloPower,wunifrac,0.5,10,49,0.96,200,199
PhyloPower,wunifrac,0.5,10,50,0.935,200,199
PhyloPower,wunifrac,0.5,14,1,1.0,200,199
PhyloPower,wunifrac,0.5,14,2,1.0,200,199
PhyloPower,wunifrac,0.5,14,3,1.0,200,199
PhyloPower,wunifrac,0.5,14,4,1.0,200,199
PhyloPower,wunifrac,0.5,14,5,1.0,200,199
PhyloPower,wunifrac,0.5,14,6,1.0,200,199
PhyloPower,wunifrac,0.5,14,7,1.0,200,199
PhyloPower,wunifrac,0.5,14,8,1.0,200,199
PhyloPower,wunifrac,0.5,14,9,1.0,200,199
PhyloPower,wunifrac,0.5,14,10,1.0,200,199
PhyloPower,wunifrac,0.5,14,11,1.0,200,199
PhyloPower,wunifrac,0.5,14,12,1.0,200,199
PhyloPower,wunifrac,0.5,14,13,1.0,200,199
PhyloPower,wunifrac,0.5,14,14,0.995,200,199
PhyloPower,wunifrac,0.5,14,15,1.0,200,199
PhyloPower,wunifrac,0.5,14,16,1.0,200,199
PhyloPower,wunifrac,0.5,14,17,1.0,200,199
PhyloPower,wunifrac,0.5,14,18,1.0,200,199
PhyloPower,wunifrac,0.5,14,19,1.0,200,199
PhyloPower,wunifrac,0.5,14,20,1.0,200,199
PhyloPower,wunifrac,0.5,14,21,1.0,200,199
PhyloPower,wunifrac,0.5,14,22,1.0,200,199
PhyloPower,wunifrac,0.5,14,23,1.0,200,199
PhyloPower,wunifrac,0.5,14,24,1.0,200,199
PhyloPower,wunifrac,0.5,14,25,1.0,200,199
PhyloPower,wunifrac,0.5,14,26,1.0,200,199
PhyloPower,wunifrac,0.5,14,27,1.0,200,199
PhyloPower,wunifrac,0.5,14,28,1.0,200,199
PhyloPower,wunifrac,0.5,14,29,1.0,200,199
PhyloPower,wunifrac,0.5,14,30,1.0,200,199
PhyloPower,wunifrac,0.5,14,31,1.0,200,199
PhyloPower,wunifrac,0.5,14,32,1.0,200,199
PhyloPower,wunifrac,0.5,14,33,1.0,200,199
PhyloPower,wunifrac,0.5,14,34,1.0,200,199
PhyloPower,wunifrac,0.5,14,35,1.0,200,199
PhyloPower,wunifrac,0.5,14,36,1.0,200,199
PhyloPower,wunifrac,0.5,14,37,1.0,200,199
PhyloPower,wunifrac,0.5,14,38,1.0,200,199
PhyloPower,wunifrac,0.5,14,39,1.0,200,199
PhyloPower,wunifrac,0.5,14,40,1.0,200,199
PhyloPower,wunifrac,0.5,14,41,0.995,200,199
PhyloPower,wunifrac,0.5,14,42,1.0,200,199
PhyloPower,wunifrac,0.5,14,43,1.0,200,199
PhyloPower,wunifrac,0.5,14,44,1.0,200,199
PhyloPower,wunifrac,0.5,14,45,1.0,200,199
PhyloPower,wunifrac,0.5,14,46,1.0,200,199
PhyloPower,wunifrac,0.5,14,47,1.0,200,199
PhyloPower,wunifrac,0.5,14,48,0.995,200,199
PhyloPower,wunifrac,0.5,14,49,1.0,200,199
PhyloPower,wunifrac,0.5,14,50,1.0,200,199
PhyloPower,wunifrac,0.5,4,1,0.22,200,199
PhyloPower,wunifrac,0.5,4,2,0.25,200,199
PhyloPower,wunifrac,0.5,4,3,0.275,200,199
PhyloPower,wunifrac,0.5,4,4,0.245,200,199
PhyloPower,wunifrac,0.5,4,5,0.24,200,199
PhyloPower,wunifrac,0.5,4,6,0.25,200,199
PhyloPower,wunifrac,0.5,4,7,0.25,200,199
PhyloPower,wunifrac,0.5,4,8,0.225,200,199
PhyloPower,wunifrac,0.5,4,9,0.24,200,199
PhyloPower,wunifrac,0.5,4,10,0.28,200,199
PhyloPower,wunifrac,0.5,4,11,0.27,200,199
PhyloPower,wunifrac,0.5,4,12,0.265,200,199
PhyloPower,wunifrac,0.5,4,13,0.225,200,199
PhyloPower,wunifrac,0.5,4,14,0.315,200,199
PhyloPower,wunifrac,0.5,4,15,0.23,200,199
PhyloPower,wunifrac,0.5,4,16,0.31,200,199
PhyloPower,wunifrac,0.5,4,17,0.305,200,199
PhyloPower,wunifrac,0.5,4,18,0.27,200,199
PhyloPower,wunifrac,0.5,4,19,0.28,200,199
PhyloPower,wunifrac,0.5,4,20,0.23,200,199
PhyloPower,wunifrac,0.5,4,21,0.3,200,199
PhyloPower,wunifrac,0.5,4,22,0.295,200,199
PhyloPower,wunifrac,0.5,4,23,0.27,200,199
PhyloPower,wunifrac,0.5,4,24,0.255,200,199
PhyloPower,wunifrac,0.5,4,25,0.33,200,199
PhyloPower,wunifrac,0.5,4,26,0.3,200,199
PhyloPower,wunifrac,0.5,4,27,0.29,200,199
PhyloPower,wunifrac,0.5,4,28,0.295,200,199
PhyloPower,wunifrac,0.5,4,29,0.27,200,199
PhyloPower,wunifrac,0.5,4,30,0.23,200,199
PhyloPower,wunifrac,0.5,4,31,0.26,200,199
PhyloPower,wunifrac,0.5,4,32,0.345,200,199
PhyloPower,wunifrac,0.5,4,33,0.24,200,199
PhyloPower,wunifrac,0.5,4,34,0.285,200,199
PhyloPower,wunifrac,0.5,4,35,0.28,200,199
PhyloPower,wunifrac,0.5,4,36,0.255,200,199
PhyloPower,wunifrac,0.5,4,37,0.22,200,199
PhyloPower,wunifrac,0.5,4,38,0.295,200,199
PhyloPower,wunifrac,0.5,4,39,0.27,200,199
PhyloPower,wunifrac,0.5,4,40,0.34,200,199
PhyloPower,wunifrac,0.5,4,41,0.295,200,199
PhyloPower,wunifrac,0.5,4,42,0.2,200,199
PhyloPower,wunifrac,0.5,4,43,0.295,200,199
PhyloPower,wunifrac,0.5,4,44,0.31,200,199
PhyloPower,wunifrac,0.5,4,45,0.315,200,199
PhyloPower,wunifrac,0.5,4,46,0.275,200,199
PhyloPower,wunifrac,0.5,4,47,0.27,200,199
PhyloPower,wunifrac,0.5,4,48,0.29,200,199
PhyloPower,wunifrac,0.5,4,49,0.305,200,199
PhyloPower,wunifrac,0.5,4,50,0.295,200,199
PhyloPower,wunifrac,0.5,6,1,0.545,200,199
PhyloPower,wunifrac,0.5,6,2,0.565,200,199
PhyloPower,wunifrac,0.5,6,3,0.57,200,199
PhyloPower,wunifrac,0.5,6,4,0.615,200,199
PhyloPower,wunifrac,0.5,6,5,0.55,200,199
PhyloPower,wunifrac,0.5,6,6,0.505,200,199
PhyloPower,wunifrac,0.5,6,7,0.46,200,199
PhyloPower,wunifrac,0.5,6,8,0.585,200,199
PhyloPower,wunifrac,0.5,6,9,0.585,200,199
PhyloPower,wunifrac,0.5,6,10,0.635,200,199
PhyloPower,wunifrac,0.5,6,11,0.6,200,199
PhyloPower,wunifrac,0.5,6,12,0.515,200,199
PhyloPower,wunifrac,0.5,6,13,0.515,200,199
PhyloPower,wunifrac,0.5,6,14,0.595,200,199
PhyloPower,wunifrac,0.5,6,15,0.55,200,199
PhyloPower,wunifrac,0.5,6,16,0.535,200,199
PhyloPower,wunifrac,0.5,6,17,0.57,200,199
PhyloPower,wunifrac,0.5,6,18,0.53,200,199
PhyloPower,wunifrac,0.5,6,19,0.5,200,199
PhyloPower,wunifrac,0.5,6,20,0.59,200,199
PhyloPower,wunifrac,0.5,6,21,0.555,200,199
PhyloPower,wunifrac,0.5,6,22,0.49,200,199
PhyloPower,wunifrac,0.5,6,23,0.535,200,199
PhyloPower,wunifrac,0.5,6,24,0.505,200,199
PhyloPower,wunifrac,0.5,6,25,0.535,200,199
PhyloPower,wunifrac,0.5,6,26,0.555,200,199
PhyloPower,wunifrac,0.5,6,27,0.56,200,199
PhyloPower,wunifrac,0.5,6,28,0.555,200,199
PhyloPower,wunifrac,0.5,6,29,0.54,200,199
PhyloPower,wunifrac,0.5,6,30,0.54,200,199
PhyloPower,wunifrac,0.5,6,31,0.52,200,199
PhyloPower,wunifrac,0.5,6,32,0.585,200,199
PhyloPower,wunifrac,0.5,6,33,0.51,200,199
PhyloPower,wunifrac,0.5,6,34,0.485,200,199
PhyloPower,wunifrac,0.5,6,35,0.59,200,199
PhyloPower,wunifrac,0.5,6,36,0.535,200,199
PhyloPower,wunifrac,0.5,6,37,0.545,200,199
PhyloPower,wunifrac,0.5,6,38,0.54,200,199
PhyloPower,wunifrac,0.5,6,39,0.58,200,199
PhyloPower,wunifrac,0.5,6,40,0.615,200,199
PhyloPower,wunifrac,0.5,6,41,0.565,200,199
PhyloPower,wunifrac,0.5,6,42,0.565,200,199
PhyloPower,wunifrac,0.5,6,43,0.475,200,199
PhyloPower,wunifrac,0.5,6,44,0.545,200,199
PhyloPower,wunifrac,0.5,6,45,0.51,200,199
PhyloPower,wunifrac,0.5,6,46,0.66,200,199
PhyloPower,wunifrac,0.5,6,47,0.565,200,199
PhyloPower,wunifrac,0.5,6,48,0.555,200,199
PhyloPower,wunifrac,0.5,6,49,0.59,200,199
PhyloPower,wunifrac,0.5,6,50,0.475,200,199
PhyloPower,wunifrac,0.5,8,1,0.845,200,199
PhyloPower,wunifrac,0.5,8,2,0.83,200,199
PhyloPower,wunifrac,0.5,8,3,0.825,200,199
PhyloPower,wunifrac,0.5,8,4,0.805,200,199
PhyloPower,wunifrac,0.5,8,5,0.825,200,199
PhyloPower,wunifrac,0.5,8,6,0.75,200,199
PhyloPower,wunifrac,0.5,8,7,0.84,200,199
PhyloPower,wunifrac,0.5,8,8,0.875,200,199
PhyloPower,wunifrac,0.5,8,9,0.845,200,199
PhyloPower,wunifrac,0.5,8,10,0.81,200,199
PhyloPower,wunifrac,0.5,8,11,0.81,200,199
PhyloPower,wunifrac,0.5,8,12,0.84,200,199
PhyloPower,wunifrac,0.5,8,13,0.82,200,199
PhyloPower,wunifrac,0.5,8,14,0.815,200,199
PhyloPower,wunifrac,0.5,8,15,0.855,200,199
PhyloPower,wunifrac,0.5,8,16,0.86,200,199
PhyloPower,wunifrac,0.5,8,17,0.815,200,199
PhyloPower,wunifrac,0.5,8,18,0.8,200,199
PhyloPower,wunifrac,0.5,8,19,0.835,200,199
PhyloPower,wunifrac,0.5,8,20,0.865,200,199
PhyloPower,wunifrac,0.5,8,21,0.785,200,199
PhyloPower,wunifrac,0.5,8,22,0.77,200,199
PhyloPower,wunifrac,0.5,8,23,0.785,200,199
PhyloPower,wunifrac,0.5,8,24,0.79,200,199
PhyloPower,wunifrac,0.5,8,25,0.79,200,199
PhyloPower,wunifrac,0.5,8,26,0.855,200,199
PhyloPower,wunifrac,0.5,8,27,0.825,200,199
PhyloPower,wunifrac,0.5,8,28,0.795,200,199
PhyloPower,wunifrac,0.5,8,29,0.815,200,199
PhyloPower,wunifrac,0.5,8,30,0.815,200,199
PhyloPower,wunifrac,0.5,8,31,0.825,200,199
PhyloPower,wunifrac,0.5,8,32,0.84,200,199
PhyloPower,wunifrac,0.5,8,33,0.81,200,199
PhyloPower,wunifrac,0.5,8,34,0.775,200,199
PhyloPower,wunifrac,0.5,8,35,0.81,200,199
PhyloPower,wunifrac,0.5,8,36,0.81,200,199
PhyloPower,wunifrac,0.5,8,37,0.845,200,199
PhyloPower,wunifrac,0.5,8,38,0.86,200,199
PhyloPower,wunifrac,0.5,8,39,0.795,200,199
PhyloPower,wunifrac,0.5,8,40,0.85,200,199
PhyloPower,wunifrac,0.5,8,41,0.8,200,199
PhyloPower,wunifrac,0.5,8,42,0.8,200,199
PhyloPower,wunifrac,0.5,8,43,0.805,200,199
PhyloPower,wunifrac,0.5,8,44,0.785,200,199
PhyloPower,wunifrac,0.5,8,45,0.815,200,199
PhyloPower,wunifrac,0.5,8,46,0.74,200,199
PhyloPower,wunifrac,0.5,8,47,0.795,200,199
PhyloPower,wunifrac,0.5,8,48,0.805,200,199
PhyloPower,wunifrac,0.5,8,49,0.895,200,199
PhyloPower,wunifrac,0.5,8,50,0.815,200,199
PhyloPower,wunifrac,1.0,10,1,1.0,200,199
PhyloPower,wunifrac,1.0,10,2,0.995,200,199
PhyloPower,wunifrac,1.0,10,3,0.995,200,199
PhyloPower,wunifrac,1.0,10,4,0.995,200,199
PhyloPower,wunifrac,1.0,10,5,0.98,200,199
PhyloPower,wunifrac,1.0,10,6,0.975,200,199
PhyloPower,wunifrac,1.0,10,7,0.99,200,199
PhyloPower,wunifrac,1.0,10,8,0.99,200,199
PhyloPower,wunifrac,1.0,10,9,0.995,200,199
PhyloPower,wunifrac,1.0,10,10,0.985,200,199
PhyloPower,wunifrac,1.0,10,11,1.0,200,199
PhyloPower,wunifrac,1.0,10,12,0.975,200,199
PhyloPower,wunifrac,1.0,10,13,0.985,200,199
PhyloPower,wunifrac,1.0,10,14,0.99,200,199
PhyloPower,wunifrac,1.0,10,15,0.97,200,199
PhyloPower,wunifrac,1.0,10,16,0.99,200,199
PhyloPower,wunifrac,1.0,10,17,0.995,200,199
PhyloPower,wunifrac,1.0,10,18,0.98,200,199
PhyloPower,wunifrac,1.0,10,19,0.995,200,199
PhyloPower,wunifrac,1.0,10,20,0.995,200,199
PhyloPower,wunifrac,1.0,10,21,0.995,200,199
PhyloPower,wunifrac,1.0,10,22,0.985,200,199
PhyloPower,wunifrac,1.0,10,23,0.99,200,199
PhyloPower,wunifrac,1.0,10,24,0.99,200,199
PhyloPower,wunifrac,1.0,10,25,0.995,200,199
PhyloPower,wunifrac,1.0,10,26,1.0,200,199
PhyloPower,wunifrac,1.0,10,27,0.98,200,199
PhyloPower,wunifrac,1.0,10,28,0.985,200,199
PhyloPower,wunifrac,1.0,10,29,1.0,200,199
PhyloPower,wunifrac,1.0,10,30,0.99,200,199
PhyloPower,wunifrac,1.0,10,31,1.0,200,199
PhyloPower,wunifrac,1.0,10,32,0.98,200,199
PhyloPower,wunifrac,1.0,10,33,0.98,200,199
PhyloPower,wunifrac,1.0,10,34,0.995,200,199
PhyloPower,wunifrac,1.0,10,35,0.98,200,199
PhyloPower,wunifrac,1.0,10,36,0.98,200,199
PhyloPower,wunifrac,1.0,10,37,0.99,200,199
PhyloPower,wunifrac,1.0,10,38,0.99,200,199
PhyloPower,wunifrac,1.0,10,39,0.99,200,199
PhyloPower,wunifrac,1.0,10,40,0.985,200,199
PhyloPower,wunifrac,1.0,10,41,0.99,200,199
PhyloPower,wunifrac,1.0,10,42,0.975,200,199
PhyloPower,wunifrac,1.0,10,43,0.99,200,199
PhyloPower,wunifrac,1.0,10,44,0.98,200,199
PhyloPower,wunifrac,1.0,10,45,0.995,200,199
PhyloPower,wunifrac,1.0,10,46,0.985,200,199
PhyloPower,wunifrac,1.0,10,47,0.985,200,199
PhyloPower,wunifrac,1.0,10,48,0.98,200,199
PhyloPower,wunifrac,1.0,10,49,0.98,200,199
PhyloPower,wunifrac,1.0,10,50,0.98,200,199
PhyloPower,wunifrac,1.0,14,1,1.0,200,199
PhyloPower,wunifrac,1.0,14,2,1.0,200,199
PhyloPower,wunifrac,1.0,14,3,1.0,200,199
PhyloPower,wunifrac,1.0,14,4,1.0,200,199
PhyloPower,wunifrac,1.0,14,5,1.0,200,199
PhyloPower,wunifrac,1.0,14,6,1.0,200,199
PhyloPower,wunifrac,1.0,14,7,1.0,200,199
PhyloPower,wunifrac,1.0,14,8,1.0,200,199
PhyloPower,wunifrac,1.0,14,9,1.0,200,199
PhyloPower,wunifrac,1.0,14,10,1.0,200,199
PhyloPower,wunifrac,1.0,14,11,1.0,200,199
PhyloPower,wunifrac,1.0,14,12,1.0,200,199
PhyloPower,wunifrac,1.0,14,13,1.0,200,199
PhyloPower,wunifrac,1.0,14,14,1.0,200,199
PhyloPower,wunifrac,1.0,14,15,1.0,200,199
PhyloPower,wunifrac,1.0,14,16,1.0,200,199
PhyloPower,wunifrac,1.0,14,17,1.0,200,199
PhyloPower,wunifrac,1.0,14,18,1.0,200,199
PhyloPower,wunifrac,1.0,14,19,1.0,200,199
PhyloPower,wunifrac,1.0,14,20,1.0,200,199
PhyloPower,wunifrac,1.0,14,21,1.0,200,199
PhyloPower,wunifrac,1.0,14,22,1.0,200,199
PhyloPower,wunifrac,1.0,14,23,1.0,200,199
PhyloPower,wunifrac,1.0,14,24,1.0,200,199
PhyloPower,wunifrac,1.0,14,25,1.0,200,199
PhyloPower,wunifrac,1.0,14,26,1.0,200,199
PhyloPower,wunifrac,1.0,14,27,1.0,200,199
PhyloPower,wunifrac,1.0,14,28,1.0,200,199
PhyloPower,wunifrac,1.0,14,29,1.0,200,199
PhyloPower,wunifrac,1.0,14,30,1.0,200,199
PhyloPower,wunifrac,1.0,14,31,1.0,200,199
PhyloPower,wunifrac,1.0,14,32,1.0,200,199
PhyloPower,wunifrac,1.0,14,33,1.0,200,199
PhyloPower,wunifrac,1.0,14,34,1.0,200,199
PhyloPower,wunifrac,1.0,14,35,1.0,200,199
PhyloPower,wunifrac,1.0,14,36,1.0,200,199
PhyloPower,wunifrac,1.0,14,37,1.0,200,199
PhyloPower,wunifrac,1.0,14,38,1.0,200,199
PhyloPower,wunifrac,1.0,14,39,1.0,200,199
PhyloPower,wunifrac,1.0,14,40,1.0,200,199
PhyloPower,wunifrac,1.0,14,41,1.0,200,199
PhyloPower,wunifrac,1.0,14,42,1.0,200,199
PhyloPower,wunifrac,1.0,14,43,1.0,200,199
PhyloPower,wunifrac,1.0,14,44,1.0,200,199
PhyloPower,wunifrac,1.0,14,45,1.0,200,199
PhyloPower,wunifrac,1.0,14,46,1.0,200,199
PhyloPower,wunifrac,1.0,14,47,1.0,200,199
PhyloPower,wunifrac,1.0,14,48,1.0,200,199
PhyloPower,wunifrac,1.0,14,49,1.0,200,199
PhyloPower,wunifrac,1.0,14,50,1.0,200,199
PhyloPower,wunifrac,1.0,4,1,0.315,200,199
PhyloPower,wunifrac,1.0,4,2,0.37,200,199
PhyloPower,wunifrac,1.0,4,3,0.27,200,199
PhyloPower,wunifrac,1.0,4,4,0.295,200,199
PhyloPower,wunifrac,1.0,4,5,0.315,200,199
PhyloPower,wunifrac,1.0,4,6,0.405,200,199
PhyloPower,wunifrac,1.0,4,7,0.36,200,199
PhyloPower,wunifrac,1.0,4,8,0.305,200,199
PhyloPower,wunifrac,1.0,4,9,0.34,200,199
PhyloPower,wunifrac,1.0,4,10,0.31,200,199
PhyloPower,wunifrac,1.0,4,11,0.285,200,199
PhyloPower,wunifrac,1.0,4,12,0.35,200,199
PhyloPower,wunifrac,1.0,4,13,0.295,200,199
PhyloPower,wunifrac,1.0,4,14,0.295,200,199
PhyloPower,wunifrac,1.0,4,15,0.39,200,199
PhyloPower,wunifrac,1.0,4,16,0.31,200,199
PhyloPower,wunifrac,1.0,4,17,0.37,200,199
PhyloPower,wunifrac,1.0,4,18,0.275,200,199
PhyloPower,wunifrac,1.0,4,19,0.285,200,199
PhyloPower,wunifrac,1.0,4,20,0.345,200,199
PhyloPower,wunifrac,1.0,4,21,0.29,200,199
PhyloPower,wunifrac,1.0,4,22,0.31,200,199
PhyloPower,wunifrac,1.0,4,23,0.32,200,199
PhyloPower,wunifrac,1.0,4,24,0.38,200,199
PhyloPower,wunifrac,1.0,4,25,0.32,200,199
PhyloPower,wunifrac,1.0,4,26,0.315,200,199
PhyloPower,wunifrac,1.0,4,27,0.305,200,199
PhyloPower,wunifrac,1.0,4,28,0.34,200,199
PhyloPower,wunifrac,1.0,4,29,0.32,200,199
PhyloPower,wunifrac,1.0,4,30,0.365,200,199
PhyloPower,wunifrac,1.0,4,31,0.305,200,199
PhyloPower,wunifrac,1.0,4,32,0.28,200,199
PhyloPower,wunifrac,1.0,4,33,0.3,200,199
PhyloPower,wunifrac,1.0,4,34,0.3,200,199
PhyloPower,wunifrac,1.0,4,35,0.365,200,199
PhyloPower,wunifrac,1.0,4,36,0.315,200,199
PhyloPower,wunifrac,1.0,4,37,0.335,200,199
PhyloPower,wunifrac,1.0,4,38,0.305,200,199
PhyloPower,wunifrac,1.0,4,39,0.285,200,199
PhyloPower,wunifrac,1.0,4,40,0.34,200,199
PhyloPower,wunifrac,1.0,4,41,0.345,200,199
PhyloPower,wunifrac,1.0,4,42,0.35,200,199
PhyloPower,wunifrac,1.0,4,43,0.245,200,199
PhyloPower,wunifrac,1.0,4,44,0.3,200,199
PhyloPower,wunifrac,1.0,4,45,0.345,200,199
PhyloPower,wunifrac,1.0,4,46,0.29,200,199
PhyloPower,wunifrac,1.0,4,47,0.31,200,199
PhyloPower,wunifrac,1.0,4,48,0.245,200,199
PhyloPower,wunifrac,1.0,4,49,0.345,200,199
PhyloPower,wunifrac,1.0,4,50,0.325,200,199
PhyloPower,wunifrac,1.0,6,1,0.735,200,199
PhyloPower,wunifrac,1.0,6,2,0.735,200,199
PhyloPower,wunifrac,1.0,6,3,0.7,200,199
PhyloPower,wunifrac,1.0,6,4,0.75,200,199
PhyloPower,wunifrac,1.0,6,5,0.755,200,199
PhyloPower,wunifrac,1.0,6,6,0.705,200,199
PhyloPower,wunifrac,1.0,6,7,0.72,200,199
PhyloPower,wunifrac,1.0,6,8,0.725,200,199
PhyloPower,wunifrac,1.0,6,9,0.75,200,199
PhyloPower,wunifrac,1.0,6,10,0.685,200,199
PhyloPower,wunifrac,1.0,6,11,0.725,200,199
PhyloPower,wunifrac,1.0,6,12,0.665,200,199
PhyloPower,wunifrac,1.0,6,13,0.75,200,199
PhyloPower,wunifrac,1.0,6,14,0.66,200,199
PhyloPower,wunifrac,1.0,6,15,0.69,200,199
PhyloPower,wunifrac,1.0,6,16,0.695,200,199
PhyloPower,wunifrac,1.0,6,17,0.715,200,199
PhyloPower,wunifrac,1.0,6,18,0.69,200,199
PhyloPower,wunifrac,1.0,6,19,0.735,200,199
PhyloPower,wunifrac,1.0,6,20,0.715,200,199
PhyloPower,wunifrac,1.0,6,21,0.695,200,199
PhyloPower,wunifrac,1.0,6,22,0.705,200,199
PhyloPower,wunifrac,1.0,6,23,0.71,200,199
PhyloPower,wunifrac,1.0,6,24,0.705,200,199
PhyloPower,wunifrac,1.0,6,25,0.7,200,199
PhyloPower,wunifrac,1.0,6,26,0.735,200,199
PhyloPower,wunifrac,1.0,6,27,0.71,200,199
PhyloPower,wunifrac,1.0,6,28,0.73,200,199
PhyloPower,wunifrac,1.0,6,29,0.73,200,199
PhyloPower,wunifrac,1.0,6,30,0.665,200,199
PhyloPower,wunifrac,1.0,6,31,0.715,200,199
PhyloPower,wunifrac,1.0,6,32,0.735,200,199
PhyloPower,wunifrac,1.0,6,33,0.705,200,199
PhyloPower,wunifrac,1.0,6,34,0.73,200,199
PhyloPower,wunifrac,1.0,6,35,0.7,200,199
PhyloPower,wunifrac,1.0,6,36,0.72,200,199
PhyloPower,wunifrac,1.0,6,37,0.72,200,199
PhyloPower,wunifrac,1.0,6,38,0.695,200,199
PhyloPower,wunifrac,1.0,6,39,0.71,200,199
PhyloPower,wunifrac,1.0,6,40,0.75,200,199
PhyloPower,wunifrac,1.0,6,41,0.705,200,199
PhyloPower,wunifrac,1.0,6,42,0.705,200,199
PhyloPower,wunifrac,1.0,6,43,0.73,200,199
PhyloPower,wunifrac,1.0,6,44,0.675,200,199
PhyloPower,wunifrac,1.0,6,45,0.745,200,199
PhyloPower,wunifrac,1.0,6,46,0.705,200,199
PhyloPower,wunifrac,1.0,6,47,0.66,200,199
PhyloPower,wunifrac,1.0,6,48,0.76,200,199
PhyloPower,wunifrac,1.0,6,49,0.715,200,199
PhyloPower,wunifrac,1.0,6,50,0.67,200,199
PhyloPower,wunifrac,1.0,8,1,0.935,200,199
PhyloPower,wunifrac,1.0,8,2,0.895,200,199
PhyloPower,wunifrac,1.0,8,3,0.955,200,199
PhyloPower,wunifrac,1.0,8,4,0.935,200,199
PhyloPower,wunifrac,1.0,8,5,0.91,200,199
PhyloPower,wunifrac,1.0,8,6,0.915,200,199
PhyloPower,wunifrac,1.0,8,7,0.925,200,199
PhyloPower,wunifrac,1.0,8,8,0.925,200,199
PhyloPower,wunifrac,1.0,8,9,0.91,200,199
PhyloPower,wunifrac,1.0,8,10,0.93,200,199
PhyloPower,wunifrac,1.0,8,11,0.925,200,199
PhyloPower,wunifrac,1.0,8,12,0.94,200,199
PhyloPower,wunifrac,1.0,8,13,0.91,200,199
PhyloPower,wunifrac,1.0,8,14,0.935,200,199
PhyloPower,wunifrac,1.0,8,15,0.885,200,199
PhyloPower,wunifrac,1.0,8,16,0.93,200,199
PhyloPower,wunifrac,1.0,8,17,0.92,200,199
PhyloPower,wunifrac,1.0,8,18,0.915,200,199
PhyloPower,wunifrac,1.0,8,19,0.91,200,199
PhyloPower,wunifrac,1.0,8,20,0.96,200,199
PhyloPower,wunifrac,1.0,8,21,0.935,200,199
PhyloPower,wunifrac,1.0,8,22,0.92,200,199
PhyloPower,wunifrac,1.0,8,23,0.905,200,199
PhyloPower,wunifrac,1.0,8,24,0.91,200,199
PhyloPower,wunifrac,1.0,8,25,0.93,200,199
PhyloPower,wunifrac,1.0,8,26,0.935,200,199
PhyloPower,wunifrac,1.0,8,27,0.89,200,199
PhyloPower,wunifrac,1.0,8,28,0.915,200,199
PhyloPower,wunifrac,1.0,8,29,0.915,200,199
PhyloPower,wunifrac,1.0,8,30,0.935,200,199
PhyloPower,wunifrac,1.0,8,31,0.92,200,199
PhyloPower,wunifrac,1.0,8,32,0.935,200,199
PhyloPower,wunifrac,1.0,8,33,0.92,200,199
PhyloPower,wunifrac,1.0,8,34,0.91,200,199
PhyloPower,wunifrac,1.0,8,35,0.935,200,199
PhyloPower,wunifrac,1.0,8,36,0.92,200,199
PhyloPower,wunifrac,1.0,8,37,0.93,200,199
PhyloPower,wunifrac,1.0,8,38,0.91,200,199
PhyloPower,wunifrac,1.0,8,39,0.89,200,199
PhyloPower,wunifrac,1.0,8,40,0.93,200,199
PhyloPower,wunifrac,1.0,8,41,0.935,200,199
PhyloPower,wunifrac,1.0,8,42,0.91,200,199
PhyloPower,wunifrac,1.0,8,43,0.93,200,199
PhyloPower,wunifrac,1.0,8,44,0.92,200,199
PhyloPower,wunifrac,1.0,8,45,0.915,200,199
PhyloPower,wunifrac,1.0,8,46,0.935,200,199
PhyloPower,wunifrac,1.0,8,47,0.93,200,199
PhyloPower,wunifrac,1.0,8,48,0.91,200,199
PhyloPower,wunifrac,1.0,8,49,0.91,200,199
PhyloPower,wunifrac,1.0,8,50,0.93,200,199
