modality,eval_n,pvalue
protein,6,0.365
protein,6,0.56
protein,6,0.76
protein,6,0.64
protein,6,0.845
protein,6,0.59
protein,6,0.66
protein,6,0.615
protein,6,0.235
protein,6,0.535
protein,6,0.595
protein,6,0.37
protein,6,0.67
protein,6,0.05
protein,6,0.575
protein,6,0.12
protein,6,0.985
protein,6,0.915
protein,6,0.42
protein,6,0.565
protein,6,0.315
protein,6,0.8
protein,6,0.635
protein,6,0.515
protein,6,0.455
protein,6,0.34
protein,6,0.66
protein,6,0.35
protein,6,0.075
protein,6,0.735
protein,6,0.99
protein,6,0.635
protein,6,0.965
protein,6,0.58
protein,6,0.08
protein,6,0.695
protein,6,0.24
protein,6,0.75
protein,6,0.355
protein,6,0.57
protein,6,0.1
protein,6,0.12
protein,6,0.045
protein,6,0.65
protein,6,0.595
protein,6,0.74
protein,6,0.115
protein,6,0.515
protein,6,0.895
protein,6,0.03
protein,6,0.945
protein,6,0.055
protein,6,0.515
protein,6,0.155
protein,6,0.175
protein,6,0.43
protein,6,0.415
protein,6,0.14
protein,6,0.965
protein,6,0.56
protein,6,0.64
protein,6,0.84
protein,6,0.56
protein,6,0.82
protein,6,0.315
protein,6,0.82
protein,6,0.305
protein,6,0.15
protein,6,0.62
protein,6,0.63
protein,6,0.71
protein,6,0.49
protein,6,0.935
protein,6,0.74
protein,6,0.715
protein,6,0.24
protein,6,0.985
protein,6,0.45
protein,6,0.68
protein,6,0.76
protein,6,0.165
protein,6,0.195
protein,6,0.825
protein,6,0.965
protein,6,0.835
protein,6,0.255
protein,6,0.54
protein,6,0.95
protein,6,0.835
protein,6,0.125
protein,6,0.4
protein,6,0.95
protein,6,0.75
protein,6,0.235
protein,6,1.0
protein,6,0.205
protein,6,0.72
protein,6,0.785
protein,6,0.16
protein,6,0.87
protein,6,0.125
protein,6,0.895
protein,6,0.92
protein,6,0.075
protein,6,0.89
protein,6,0.515
protein,6,0.2
protein,6,0.27
protein,6,0.24
protein,6,0.08
protein,6,0.875
protein,6,0.395
protein,6,0.075
protein,6,0.395
protein,6,0.93
protein,6,0.59
protein,6,0.535
protein,6,0.29
protein,6,0.975
protein,6,0.785
protein,6,0.56
protein,6,0.785
protein,6,0.215
protein,6,0.495
protein,6,0.74
protein,6,0.89
protein,6,0.07
protein,6,0.255
protein,6,0.16
protein,6,0.61
protein,6,0.245
protein,6,0.99
protein,6,0.985
protein,6,0.03
protein,6,0.435
protein,6,0.01
protein,6,0.675
protein,6,0.99
protein,6,0.86
protein,6,0.51
protein,6,0.11
protein,6,0.475
protein,6,0.46
protein,6,0.125
protein,6,0.885
protein,6,0.225
protein,6,0.77
protein,6,0.44
protein,6,0.655
protein,6,0.1
protein,6,0.37
protein,6,0.255
protein,6,0.12
protein,6,0.45
protein,6,0.785
protein,6,0.245
protein,6,0.64
protein,6,0.09
protein,6,0.705
protein,6,0.555
protein,6,0.3
protein,6,0.46
protein,6,0.74
protein,6,0.18
protein,6,0.49
protein,6,0.28
protein,6,0.375
protein,6,0.135
protein,6,0.165
protein,6,0.7
protein,6,0.93
protein,6,0.49
protein,6,0.63
protein,6,0.86
protein,6,0.4
protein,6,0.575
protein,6,0.02
protein,6,0.095
protein,6,0.66
protein,6,0.25
protein,6,0.455
protein,6,0.505
protein,6,0.16
protein,6,0.545
protein,6,0.095
protein,6,0.145
protein,6,0.515
protein,6,0.705
protein,6,0.565
protein,6,0.075
protein,6,0.71
protein,6,0.44
protein,6,0.31
protein,6,0.5
protein,6,0.06
protein,6,0.855
protein,6,0.12
protein,6,0.465
protein,6,0.055
protein,6,0.52
protein,6,0.655
protein,6,0.985
protein,6,0.055
protein,6,0.16
protein,6,0.11
protein,6,0.745
protein,6,0.75
protein,6,0.7
protein,6,0.22
protein,6,0.75
protein,6,0.06
protein,6,0.21
protein,6,0.12
protein,6,0.45
protein,6,0.6
protein,6,0.375
protein,6,0.69
protein,6,0.83
protein,6,0.24
protein,6,0.355
protein,6,0.895
protein,6,0.065
protein,6,0.39
protein,6,0.86
protein,6,0.06
protein,6,0.9
protein,6,0.235
protein,6,0.265
protein,6,0.55
protein,6,0.665
protein,6,0.73
protein,6,0.155
protein,6,0.315
protein,6,0.46
protein,6,0.79
protein,6,0.935
protein,6,0.155
protein,6,0.83
protein,6,0.485
protein,6,0.175
protein,6,0.35
protein,6,0.38
protein,6,0.845
protein,6,0.985
protein,6,0.58
protein,6,0.69
protein,6,0.93
protein,6,0.29
protein,6,0.64
protein,6,0.915
protein,6,0.96
protein,6,0.045
protein,6,0.735
protein,6,0.005
protein,6,0.23
protein,6,0.445
protein,6,0.44
protein,6,0.225
protein,6,0.195
protein,6,0.755
protein,6,0.165
protein,6,0.48
protein,6,0.425
protein,6,0.235
protein,6,0.92
protein,6,0.105
protein,6,1.0
protein,6,0.405
protein,6,0.15
protein,6,0.605
protein,6,0.15
protein,6,0.75
protein,6,0.315
protein,6,0.565
protein,6,0.68
protein,6,0.345
protein,6,0.48
protein,6,0.8
protein,6,0.265
protein,6,0.84
protein,6,0.11
protein,6,0.295
protein,6,0.74
protein,6,0.515
protein,6,0.86
protein,6,0.345
protein,6,0.17
protein,6,0.565
protein,6,0.58
protein,6,0.66
protein,6,0.385
protein,6,0.75
protein,6,0.91
protein,6,0.66
protein,6,0.355
protein,6,0.375
protein,6,0.845
protein,6,0.46
protein,6,0.86
protein,6,0.07
protein,6,0.04
protein,6,0.785
protein,6,0.74
protein,6,0.51
protein,6,0.47
protein,6,0.925
protein,6,0.41
protein,6,0.9
protein,6,0.185
protein,6,0.62
protein,6,0.88
protein,6,0.535
protein,6,0.435
protein,6,0.41
protein,6,0.965
protein,6,0.795
protein,6,0.34
protein,6,0.775
protein,6,0.96
protein,6,0.41
protein,6,0.97
protein,6,0.99
protein,6,0.315
protein,6,0.805
protein,6,0.215
protein,6,0.825
protein,6,0.15
protein,6,0.56
protein,6,0.73
protein,6,0.275
protein,6,0.13
protein,6,0.13
protein,6,0.38
protein,6,0.05
protein,6,0.44
protein,6,0.415
protein,6,0.525
protein,6,0.67
protein,6,0.69
protein,6,0.25
protein,6,0.785
protein,6,0.78
protein,6,0.005
protein,6,0.28
protein,6,0.235
protein,6,0.845
protein,6,0.085
protein,6,0.945
protein,6,0.33
protein,6,0.235
protein,6,0.335
protein,6,0.61
protein,6,0.05
protein,6,0.16
protein,6,0.425
protein,6,0.44
protein,6,0.77
protein,6,0.785
protein,6,0.08
protein,6,0.23
protein,6,0.315
protein,6,0.705
protein,6,0.665
protein,6,0.26
protein,6,0.255
protein,6,0.385
protein,6,0.62
protein,6,0.83
protein,6,0.93
protein,6,0.025
protein,6,0.205
protein,6,0.055
protein,6,0.235
protein,6,0.055
protein,6,0.055
protein,6,0.83
protein,6,0.43
protein,6,0.605
protein,6,0.94
protein,6,0.055
protein,6,0.045
protein,6,0.24
protein,6,0.69
protein,6,0.62
protein,6,0.05
protein,6,0.265
protein,6,0.06
protein,6,0.81
protein,6,0.1
protein,6,0.7
protein,6,0.99
protein,6,0.365
protein,6,0.095
protein,6,0.485
protein,6,0.44
protein,6,0.295
protein,6,0.065
protein,6,0.79
protein,6,0.235
protein,6,0.07
protein,6,0.53
protein,6,0.705
protein,6,0.87
protein,6,0.515
protein,6,0.075
protein,6,0.035
protein,6,0.585
protein,6,0.08
protein,6,0.56
protein,6,0.84
protein,6,0.83
protein,6,0.42
protein,6,0.64
protein,6,0.76
protein,6,0.46
protein,6,0.555
protein,6,0.28
protein,6,0.56
protein,6,0.665
protein,6,0.43
protein,6,0.42
protein,6,0.555
protein,6,0.24
protein,6,0.495
protein,6,0.63
protein,6,0.795
protein,6,0.88
protein,6,0.335
protein,6,0.75
protein,6,0.04
protein,6,0.865
protein,6,0.605
protein,6,0.62
protein,6,0.895
protein,6,0.06
protein,6,0.825
protein,6,0.23
protein,6,0.015
protein,6,0.365
protein,6,0.055
protein,6,0.01
protein,6,0.21
protein,6,0.76
protein,6,0.755
protein,6,0.445
protein,6,0.1
protein,6,0.7
protein,6,0.045
protein,6,0.61
protein,6,0.17
protein,6,0.855
protein,6,0.56
protein,6,0.265
protein,6,0.245
protein,6,0.135
protein,6,0.415
protein,6,0.6
protein,6,0.19
protein,6,0.945
protein,6,0.47
protein,6,0.8
protein,6,0.465
protein,6,0.45
protein,6,0.615
protein,6,0.15
protein,6,0.35
protein,6,0.205
protein,6,0.18
protein,6,0.265
protein,6,0.73
protein,6,0.35
protein,6,0.495
protein,6,0.52
protein,6,0.45
protein,6,0.815
protein,6,0.405
protein,6,0.935
protein,6,0.06
protein,6,0.685
protein,6,0.05
protein,6,0.105
protein,6,0.16
protein,6,0.765
protein,6,0.045
protein,6,0.99
protein,6,0.47
protein,6,0.165
protein,6,0.18
protein,6,0.63
protein,6,0.855
protein,6,0.705
protein,6,0.98
protein,6,0.475
protein,6,0.19
protein,6,0.095
protein,6,0.095
protein,6,0.305
protein,6,0.965
protein,6,0.12
protein,6,0.365
protein,6,0.22
protein,6,0.135
protein,6,0.575
protein,6,0.39
protein,6,0.425
protein,6,0.205
protein,6,0.38
protein,6,0.33
protein,6,0.42
protein,6,0.83
protein,6,0.42
protein,6,0.105
protein,6,0.255
protein,6,0.565
protein,6,0.335
protein,6,0.29
protein,6,0.74
protein,6,0.06
protein,6,0.91
protein,6,0.635
protein,6,0.105
protein,6,0.4
protein,6,0.625
protein,6,0.13
protein,6,0.805
protein,6,0.505
protein,6,0.075
protein,6,0.405
protein,6,0.375
protein,6,0.77
protein,6,0.37
protein,6,0.825
protein,6,0.66
protein,6,0.19
protein,6,0.855
protein,6,0.32
protein,6,0.345
protein,6,0.045
protein,6,0.715
protein,6,0.43
protein,6,0.345
protein,6,0.125
protein,6,0.7
protein,6,0.455
protein,6,0.535
protein,6,0.8
protein,6,0.67
protein,6,0.16
protein,6,0.97
protein,6,0.36
protein,6,0.6
protein,6,0.045
protein,6,0.5
protein,6,0.175
protein,6,1.0
protein,6,0.295
protein,6,0.065
protein,6,0.17
protein,6,0.66
protein,6,0.865
protein,6,0.415
protein,6,0.16
protein,6,0.47
protein,6,0.055
protein,6,0.695
protein,6,0.995
protein,6,0.815
protein,6,0.78
protein,6,0.595
protein,6,0.1
protein,6,0.6
protein,6,0.765
protein,6,0.075
protein,6,0.14
protein,6,0.225
protein,6,0.105
protein,6,0.805
protein,6,0.265
protein,6,0.87
protein,6,0.125
protein,6,0.335
protein,6,0.82
protein,6,0.545
protein,6,0.435
protein,6,0.535
protein,6,0.925
protein,6,0.555
protein,6,0.435
protein,6,0.7
protein,6,0.685
protein,6,0.58
protein,6,0.49
protein,6,0.325
protein,6,0.07
protein,6,0.34
protein,6,0.615
protein,6,0.055
protein,6,0.445
protein,6,0.655
protein,6,0.17
protein,6,0.055
protein,6,0.61
protein,6,0.65
protein,6,0.09
protein,6,0.855
protein,6,0.67
protein,6,0.22
protein,6,0.09
protein,6,0.595
protein,6,0.025
protein,6,0.9
protein,6,0.495
protein,6,0.65
protein,6,0.355
protein,6,0.55
protein,6,0.56
protein,6,0.27
protein,6,0.465
protein,6,0.3
protein,6,0.425
protein,6,0.705
protein,6,0.815
protein,6,0.105
protein,6,0.43
protein,6,0.605
protein,6,0.185
protein,6,0.395
protein,6,0.805
protein,6,0.485
protein,6,0.835
protein,6,0.87
protein,6,0.315
protein,6,0.825
protein,6,0.025
protein,6,0.26
protein,6,0.58
protein,6,0.185
protein,6,0.29
protein,6,0.655
protein,6,0.74
protein,6,0.4
protein,6,0.205
protein,6,0.885
protein,6,0.675
protein,6,0.04
protein,6,0.335
protein,6,0.97
protein,6,0.74
protein,6,0.6
protein,6,0.025
protein,6,0.565
protein,6,0.79
protein,6,0.875
protein,6,0.295
protein,6,0.825
protein,6,0.935
protein,6,0.54
protein,6,0.51
protein,6,0.07
protein,6,0.155
protein,6,0.535
protein,6,0.445
protein,6,0.05
protein,6,0.345
protein,6,0.455
protein,6,0.99
protein,6,0.3
protein,6,0.685
protein,6,0.145
protein,6,0.05
protein,6,0.64
protein,6,0.355
protein,6,0.735
protein,6,0.68
protein,6,0.865
protein,6,0.56
protein,6,0.545
protein,6,0.47
protein,6,0.225
protein,6,0.19
protein,6,0.715
protein,6,0.395
protein,6,0.035
protein,6,0.54
protein,6,0.34
protein,6,0.685
protein,6,0.74
protein,6,0.73
protein,6,0.845
protein,6,0.89
protein,6,0.045
protein,6,0.235
protein,6,0.27
protein,6,0.31
protein,6,0.495
protein,6,0.96
protein,6,0.84
protein,6,0.95
protein,6,0.6
protein,6,0.32
protein,6,0.515
protein,6,0.57
protein,6,0.535
protein,6,0.685
protein,6,0.615
protein,6,0.99
protein,6,0.355
protein,6,0.505
protein,6,0.7
protein,6,0.915
protein,6,0.64
protein,6,0.215
protein,6,0.175
protein,6,0.31
protein,6,0.945
protein,6,0.195
protein,6,0.795
protein,6,0.08
protein,6,0.25
protein,6,0.805
protein,6,0.9
protein,6,0.05
protein,6,0.96
protein,6,0.64
protein,6,0.05
protein,6,0.575
protein,6,0.62
protein,6,0.36
protein,6,0.17
protein,6,0.84
protein,6,0.77
protein,6,0.025
protein,6,0.375
protein,6,0.24
protein,6,0.02
protein,6,0.16
protein,6,0.455
protein,6,0.485
protein,6,0.235
protein,6,0.955
protein,6,0.815
protein,6,0.44
protein,6,0.93
protein,6,0.99
protein,6,0.73
protein,6,0.78
protein,6,0.755
protein,6,0.87
protein,6,0.045
protein,6,0.605
protein,6,0.575
protein,6,0.205
protein,6,0.08
protein,6,0.28
protein,6,0.57
protein,6,0.28
protein,6,0.955
protein,6,0.6
protein,6,0.21
protein,6,0.395
protein,6,0.27
protein,6,0.95
protein,6,0.09
protein,6,0.6
protein,6,0.545
protein,6,0.65
protein,6,0.22
protein,6,0.15
protein,6,0.325
protein,6,0.775
protein,6,0.12
protein,6,0.14
protein,6,0.055
protein,6,0.105
protein,6,0.99
protein,6,0.685
protein,6,0.525
protein,6,0.405
protein,6,0.155
protein,6,0.16
protein,6,0.235
protein,6,0.52
protein,6,0.895
protein,6,0.87
protein,6,0.715
protein,6,0.46
protein,6,0.82
protein,6,0.81
protein,6,0.635
protein,6,0.09
protein,6,0.64
protein,6,0.38
protein,6,0.97
protein,6,0.75
protein,6,0.79
protein,6,0.995
protein,6,0.41
protein,6,0.955
protein,6,0.86
protein,6,1.0
protein,6,0.065
protein,6,0.29
protein,6,0.695
protein,6,0.865
protein,6,0.54
protein,6,0.86
protein,6,0.115
protein,6,0.475
protein,6,0.055
protein,6,0.49
protein,6,0.415
protein,6,0.39
protein,6,0.775
protein,6,0.22
protein,6,0.6
protein,6,0.91
protein,6,0.135
protein,6,0.68
protein,6,0.99
protein,6,0.675
protein,6,0.045
protein,6,0.54
protein,6,0.055
protein,6,0.92
protein,6,0.38
protein,6,0.805
protein,6,0.275
protein,6,0.42
protein,6,0.575
protein,6,0.985
protein,6,0.24
protein,6,0.87
protein,6,0.51
protein,6,0.5
protein,6,0.555
protein,6,0.77
protein,6,0.115
protein,6,0.575
protein,6,0.305
protein,6,0.715
protein,6,0.035
protein,6,0.645
protein,6,0.265
protein,6,0.77
protein,6,0.565
protein,6,0.265
protein,6,0.105
protein,6,0.17
protein,6,0.925
protein,6,0.825
protein,6,0.26
protein,6,0.005
protein,6,0.195
protein,6,0.625
protein,6,0.695
protein,6,0.07
protein,6,0.59
protein,6,0.855
protein,6,0.6
protein,6,0.095
protein,6,0.93
protein,6,0.425
protein,6,0.04
protein,6,0.72
protein,6,0.625
protein,6,0.81
protein,6,0.54
protein,6,0.81
protein,6,0.46
protein,6,0.585
protein,6,0.635
protein,6,0.79
protein,6,0.46
protein,6,0.48
protein,6,0.11
protein,6,0.535
protein,6,0.48
protein,6,0.97
protein,6,0.12
protein,6,0.68
protein,6,0.69
protein,6,0.765
protein,6,0.545
protein,6,0.225
protein,6,0.36
protein,6,0.405
protein,6,0.33
protein,6,0.425
protein,6,0.63
protein,6,0.355
protein,6,0.385
protein,6,0.985
protein,6,0.925
protein,6,0.915
protein,6,0.065
protein,6,0.295
protein,6,0.56
protein,6,0.81
protein,6,0.505
protein,6,0.51
protein,6,0.83
protein,6,0.43
protein,6,0.48
protein,6,0.26
protein,6,0.795
protein,6,0.005
protein,6,0.58
protein,6,0.87
protein,6,0.85
protein,6,0.675
protein,6,0.505
protein,6,0.625
protein,6,0.85
protein,6,0.68
protein,6,0.02
protein,6,0.25
protein,6,0.665
protein,6,0.65
protein,6,0.56
protein,6,0.53
protein,6,0.815
protein,6,0.56
protein,6,0.055
protein,6,0.09
protein,6,0.405
protein,6,0.385
protein,6,0.395
protein,6,0.155
protein,6,0.1
protein,6,0.58
protein,6,0.82
protein,6,0.105
protein,6,0.85
protein,6,0.46
protein,6,0.975
protein,6,0.83
protein,6,0.93
protein,6,0.655
protein,6,0.56
protein,6,0.195
protein,6,0.81
protein,6,0.94
protein,6,0.17
protein,6,0.92
protein,6,0.985
protein,6,0.505
protein,6,0.44
protein,6,0.33
protein,6,0.065
protein,6,0.01
protein,6,0.4
protein,6,0.055
protein,6,0.225
protein,6,0.785
protein,6,0.34
protein,6,0.145
protein,6,0.785
protein,6,0.18
protein,6,0.315
protein,6,0.61
protein,6,0.035
protein,6,0.635
protein,6,0.185
protein,6,0.58
protein,6,0.03
protein,6,0.63
protein,6,0.515
protein,6,0.555
protein,6,0.335
protein,6,0.835
protein,6,0.525
protein,6,0.855
protein,6,0.955
protein,6,0.17
protein,6,0.77
protein,6,0.965
protein,6,0.15
protein,6,0.805
protein,6,0.375
protein,6,0.595
protein,6,0.065
protein,6,0.22
protein,6,0.575
protein,6,0.145
protein,6,0.41
protein,6,0.15
protein,6,0.48
protein,6,0.69
protein,6,0.4
protein,6,0.455
protein,6,0.985
protein,6,0.115
protein,6,0.78
protein,6,0.15
protein,6,0.775
protein,6,0.025
protein,6,0.075
protein,6,0.635
protein,6,0.505
protein,6,0.98
protein,6,0.33
protein,6,0.265
protein,6,0.96
protein,6,0.93
protein,6,0.67
protein,6,0.65
protein,6,0.6
protein,6,0.5
protein,6,0.22
protein,6,0.12
protein,6,0.09
protein,6,0.66
protein,6,0.95
protein,6,0.27
protein,6,0.42
protein,6,0.59
protein,6,0.635
protein,6,0.58
protein,6,0.18
protein,6,0.795
protein,6,0.555
protein,6,0.165
protein,6,0.705
protein,6,0.08
protein,6,0.27
protein,6,0.155
protein,6,0.385
protein,6,0.185
protein,6,0.565
protein,6,0.405
protein,6,0.415
protein,6,0.57
protein,6,0.695
protein,6,0.885
protein,6,0.285
protein,6,0.59
protein,6,0.215
protein,6,0.655
protein,6,0.695
protein,6,0.79
protein,6,0.455
protein,6,0.41
protein,6,0.09
protein,6,0.005
protein,6,0.83
protein,6,0.87
protein,6,0.29
protein,6,0.765
protein,6,0.84
protein,6,0.23
protein,6,0.42
protein,6,0.625
protein,6,0.615
protein,6,0.345
protein,6,0.535
protein,6,0.205
protein,6,0.685
protein,6,0.635
protein,6,0.495
protein,6,0.165
protein,6,0.855
protein,6,0.29
protein,6,0.93
protein,6,0.905
protein,6,0.975
protein,6,0.63
protein,6,0.325
protein,6,0.92
protein,6,0.505
protein,6,0.225
protein,6,0.345
protein,6,0.76
protein,6,0.36
protein,6,0.78
protein,6,0.765
protein,6,0.285
protein,6,0.055
protein,6,0.355
protein,6,0.435
protein,6,0.88
protein,6,0.03
protein,6,0.75
protein,6,0.43
protein,6,0.865
protein,6,0.465
protein,6,0.53
protein,6,0.43
protein,6,0.125
protein,6,1.0
protein,6,0.89
protein,6,0.615
protein,6,0.4
protein,6,0.705
protein,6,0.48
protein,6,0.625
protein,6,0.74
protein,6,0.455
protein,6,0.58
protein,6,0.265
protein,6,0.035
protein,6,0.35
protein,6,0.925
protein,6,0.29
protein,6,0.89
protein,6,0.16
protein,6,0.46
protein,6,0.515
protein,6,0.015
protein,6,0.035
protein,6,0.075
protein,6,0.225
protein,6,0.19
protein,6,0.845
protein,6,0.965
protein,6,0.575
protein,6,0.205
protein,6,0.13
protein,6,0.67
protein,6,0.595
protein,6,0.88
protein,6,0.62
protein,6,0.845
protein,6,0.02
protein,6,0.735
protein,6,0.33
protein,6,0.755
protein,6,0.355
protein,6,0.495
protein,6,0.06
protein,6,0.66
protein,6,0.2
protein,6,0.99
protein,6,0.295
protein,6,0.86
protein,6,0.41
protein,6,0.715
protein,6,0.41
protein,6,0.38
protein,6,0.225
protein,6,0.25
protein,6,0.37
protein,6,0.22
protein,6,0.635
protein,6,0.97
protein,6,0.85
protein,6,0.355
protein,6,0.41
protein,6,0.305
protein,6,0.68
protein,6,0.355
protein,6,0.555
protein,6,0.84
protein,6,0.34
protein,6,0.52
protein,6,0.2
protein,6,0.36
protein,6,0.275
protein,6,0.69
protein,6,0.91
protein,6,0.225
protein,6,0.395
protein,6,0.325
protein,6,0.165
protein,6,0.505
protein,6,0.93
protein,6,0.985
protein,6,0.74
protein,6,0.295
protein,6,0.88
protein,6,0.72
protein,6,0.01
protein,6,0.695
protein,6,0.27
protein,6,0.21
protein,6,0.015
protein,6,0.75
protein,6,0.665
protein,6,0.51
protein,6,0.15
protein,6,0.17
protein,6,0.355
protein,6,0.165
protein,6,0.18
protein,6,0.82
protein,6,0.635
protein,6,0.16
protein,6,0.32
protein,6,0.145
protein,6,0.325
protein,6,0.185
protein,6,0.32
protein,6,0.185
protein,6,0.06
protein,6,0.825
protein,6,0.39
protein,6,0.965
protein,6,0.72
protein,6,0.93
protein,6,0.125
protein,6,0.1
protein,6,0.04
protein,6,0.875
protein,6,0.72
protein,6,0.5
protein,6,0.56
protein,6,0.465
protein,6,0.935
protein,6,0.95
protein,6,0.505
protein,6,0.675
protein,6,0.615
protein,6,0.845
protein,6,0.96
protein,6,0.06
protein,6,0.28
protein,6,0.73
protein,6,0.83
protein,6,0.21
protein,6,0.57
protein,6,0.635
protein,6,0.595
protein,6,0.235
protein,6,0.31
protein,6,0.755
protein,6,0.75
protein,6,0.205
protein,6,0.78
protein,6,0.73
protein,6,0.47
protein,6,0.27
protein,6,0.79
protein,6,0.555
protein,6,0.025
protein,6,0.565
protein,6,0.145
protein,6,0.925
protein,6,0.89
protein,6,0.49
protein,6,0.545
protein,6,0.515
protein,6,0.695
protein,6,1.0
protein,6,0.72
protein,6,0.36
protein,6,0.14
protein,6,0.325
protein,6,0.67
protein,6,0.735
protein,6,0.375
protein,6,0.255
protein,6,0.965
protein,6,0.115
protein,6,0.12
protein,6,0.71
protein,6,0.17
protein,6,0.005
protein,6,0.73
protein,6,0.875
protein,6,0.365
protein,6,0.735
protein,6,0.785
protein,6,0.59
protein,6,0.88
protein,6,0.88
protein,6,0.265
protein,6,0.6
protein,6,0.33
protein,6,0.165
protein,6,0.3
protein,6,0.885
protein,6,0.9
protein,6,0.48
protein,6,0.465
protein,6,0.07
protein,6,0.175
protein,6,0.57
protein,6,0.91
protein,6,0.885
protein,6,0.485
protein,6,0.89
protein,6,0.715
protein,6,0.9
protein,6,0.65
protein,6,0.58
protein,6,0.9
protein,6,0.555
protein,6,0.17
protein,6,0.525
protein,6,0.79
protein,6,0.805
protein,6,0.08
protein,6,0.405
protein,6,0.04
protein,6,0.75
protein,6,0.38
protein,6,0.635
protein,6,0.22
protein,6,0.375
protein,6,0.495
protein,6,0.18
protein,6,0.44
protein,6,0.785
protein,6,0.795
protein,6,0.47
protein,6,0.77
protein,6,0.145
protein,6,0.135
protein,6,0.635
protein,6,0.675
protein,6,0.855
protein,6,0.67
protein,6,0.095
protein,6,0.21
protein,6,0.335
protein,6,0.135
protein,6,0.45
protein,6,0.225
protein,6,0.26
protein,6,0.325
protein,6,0.535
protein,6,0.17
protein,6,0.4
protein,6,0.615
protein,6,0.56
protein,6,0.52
protein,6,0.65
protein,6,0.525
protein,6,0.895
protein,6,0.76
protein,6,0.455
protein,6,0.19
protein,6,0.09
protein,6,0.35
protein,6,0.065
protein,6,0.865
protein,6,0.6
protein,6,0.02
protein,6,0.29
protein,6,0.565
protein,6,0.05
protein,6,0.675
protein,6,0.08
protein,6,0.56
protein,6,0.815
protein,6,0.965
protein,6,0.54
protein,6,0.155
protein,6,0.86
protein,6,0.93
protein,6,0.66
protein,6,0.185
protein,6,0.78
protein,6,0.07
protein,6,0.985
protein,6,0.39
protein,6,0.965
protein,6,0.745
protein,6,0.71
protein,6,0.485
protein,6,0.68
protein,6,0.17
protein,6,0.035
protein,6,0.295
protein,6,0.525
protein,6,0.165
protein,6,0.95
protein,6,0.155
protein,6,0.69
protein,6,0.585
protein,6,0.81
protein,6,0.395
protein,6,0.415
protein,6,0.45
protein,6,0.755
protein,6,0.52
protein,6,0.675
protein,6,0.6
protein,6,0.915
protein,6,0.62
protein,6,0.875
protein,6,0.765
protein,6,0.88
protein,6,0.285
protein,6,0.44
protein,6,0.83
protein,6,0.52
protein,6,0.41
protein,6,0.58
protein,6,0.08
protein,6,0.015
protein,6,0.545
protein,6,0.4
protein,6,0.415
protein,6,0.36
protein,6,0.79
protein,6,0.92
protein,6,0.505
protein,6,0.035
protein,6,0.015
protein,6,0.62
protein,6,0.13
protein,6,0.915
protein,6,0.07
protein,6,0.635
protein,6,0.08
protein,6,0.235
protein,6,0.21
protein,6,0.33
protein,6,0.495
protein,6,0.615
protein,6,0.64
protein,6,0.855
protein,6,0.405
protein,6,0.25
protein,6,0.915
protein,6,0.605
protein,6,0.545
protein,6,0.1
protein,6,0.655
protein,6,0.665
protein,6,0.135
protein,6,0.19
protein,6,0.94
protein,6,0.8
protein,6,0.605
protein,6,0.4
protein,6,0.03
protein,6,0.315
protein,6,0.43
protein,6,0.685
protein,6,0.965
protein,6,0.58
protein,6,0.44
protein,6,0.785
protein,6,0.47
protein,6,0.235
protein,6,0.045
protein,6,0.115
protein,6,0.9
protein,6,0.915
protein,6,0.785
protein,6,0.825
protein,6,0.655
protein,6,0.14
protein,6,0.9
protein,6,0.185
protein,6,0.875
protein,6,0.3
protein,6,0.865
protein,6,0.14
protein,6,0.315
protein,6,0.62
protein,6,0.61
protein,6,0.645
protein,6,0.19
protein,6,0.345
protein,6,0.675
protein,6,0.3
protein,6,0.62
protein,6,0.23
protein,6,0.17
protein,6,0.455
protein,6,0.6
protein,6,0.07
protein,6,0.4
protein,6,0.1
protein,6,0.665
protein,6,0.34
protein,6,0.665
protein,6,0.105
protein,6,0.435
protein,6,0.055
protein,6,0.105
protein,6,0.855
protein,6,0.765
protein,6,0.905
protein,6,0.125
protein,6,0.115
protein,6,0.605
protein,6,0.825
protein,6,0.94
protein,6,0.765
protein,6,0.165
protein,6,0.63
protein,6,0.625
protein,6,0.005
protein,6,0.46
protein,6,0.165
protein,6,0.815
protein,6,0.435
protein,6,0.845
protein,6,0.845
protein,6,0.955
protein,6,0.17
protein,6,0.765
protein,6,0.045
protein,6,0.325
protein,6,1.0
protein,6,0.485
protein,6,0.34
protein,6,0.395
protein,6,0.595
protein,6,0.325
protein,6,0.3
protein,6,0.855
protein,6,0.12
protein,6,0.125
protein,6,0.705
protein,6,0.165
protein,6,0.215
protein,6,0.525
protein,6,0.51
protein,6,0.23
protein,6,0.98
protein,6,0.615
protein,6,0.64
protein,6,0.61
protein,6,1.0
protein,6,0.765
protein,6,0.8
protein,6,0.675
protein,6,0.13
protein,6,0.53
protein,6,0.84
protein,6,0.575
protein,6,0.965
protein,6,0.23
protein,6,0.72
protein,6,0.245
protein,6,0.95
protein,6,0.3
protein,6,0.615
protein,6,0.965
protein,6,0.345
protein,6,0.79
protein,6,0.52
protein,6,0.48
protein,6,0.965
protein,6,0.115
protein,6,0.445
protein,6,0.78
protein,6,0.255
protein,6,0.625
protein,6,0.995
protein,6,0.37
protein,6,0.115
protein,6,0.04
protein,6,0.305
protein,6,0.725
protein,6,0.095
protein,6,0.96
protein,6,0.59
protein,6,0.475
protein,6,0.07
protein,6,0.145
protein,6,0.36
protein,6,0.17
protein,6,0.285
protein,6,0.815
protein,6,0.875
protein,6,0.58
protein,6,1.0
protein,6,0.89
protein,6,0.58
protein,6,0.07
protein,6,0.92
protein,6,0.73
protein,6,0.89
protein,6,0.93
protein,6,0.035
protein,6,0.65
protein,6,0.795
protein,6,0.135
protein,6,0.645
protein,6,0.51
protein,6,0.585
protein,6,0.575
protein,6,0.19
protein,6,0.245
protein,6,0.345
protein,6,0.79
protein,6,0.735
protein,6,0.38
protein,6,0.91
protein,6,0.51
protein,6,0.875
protein,6,0.615
protein,6,0.765
protein,6,0.205
protein,6,0.865
protein,6,0.535
protein,6,0.57
protein,6,0.555
protein,6,0.475
protein,6,0.635
protein,6,0.655
protein,6,0.15
protein,6,0.695
protein,6,0.64
protein,6,0.615
protein,6,0.285
protein,6,0.665
protein,6,0.05
protein,6,0.15
protein,6,0.565
protein,6,0.92
protein,6,0.85
protein,6,0.2
protein,6,0.48
protein,6,0.85
protein,6,0.465
protein,6,0.18
protein,6,0.03
protein,6,0.09
protein,6,0.105
protein,6,0.58
protein,6,0.585
protein,6,0.735
protein,6,0.91
protein,6,0.225
protein,6,0.85
protein,6,0.99
protein,6,0.405
protein,6,0.045
protein,6,0.62
protein,6,0.94
protein,6,0.89
protein,6,0.075
protein,6,0.32
protein,6,0.89
protein,6,0.68
protein,6,0.89
protein,6,0.64
protein,6,0.5
protein,6,0.41
protein,6,0.725
protein,6,0.655
protein,6,0.17
protein,6,0.93
protein,6,0.845
protein,6,0.23
protein,6,0.235
protein,6,0.77
protein,6,0.68
protein,6,0.99
protein,6,0.365
protein,6,0.225
protein,6,0.885
protein,6,0.175
protein,6,0.665
protein,6,0.46
protein,6,0.435
protein,6,0.17
protein,6,0.53
protein,6,0.905
protein,6,0.915
protein,6,0.995
protein,6,0.665
protein,6,0.99
protein,6,0.665
protein,6,0.98
protein,6,0.96
protein,6,0.41
protein,6,0.175
protein,6,0.935
protein,6,0.94
protein,6,0.26
protein,6,0.645
protein,6,0.84
protein,6,0.855
protein,6,0.635
protein,6,0.705
protein,6,0.4
protein,6,0.645
protein,6,0.415
protein,6,0.635
protein,6,0.865
protein,6,0.425
protein,6,0.32
protein,6,0.265
protein,6,0.73
protein,6,0.055
protein,6,0.635
protein,6,0.035
protein,6,0.03
protein,6,0.51
protein,6,0.885
protein,6,0.465
protein,6,0.23
protein,6,0.41
protein,6,0.095
protein,6,0.835
protein,6,0.135
protein,6,0.185
protein,6,0.515
protein,6,0.03
protein,6,0.895
protein,6,0.02
protein,6,0.465
protein,6,0.975
protein,6,0.68
protein,6,0.59
protein,6,0.555
protein,6,1.0
protein,6,0.815
protein,6,0.585
protein,6,0.515
protein,6,0.98
protein,6,0.825
protein,6,0.57
protein,6,0.025
protein,6,0.03
protein,6,0.105
protein,6,0.42
protein,6,0.22
protein,6,0.875
protein,6,0.07
protein,6,0.185
protein,6,0.255
protein,6,0.9
protein,6,0.525
protein,6,0.775
protein,6,0.025
protein,6,0.315
protein,6,0.56
protein,6,0.62
protein,6,0.045
protein,6,0.765
protein,6,0.925
protein,6,0.905
protein,6,0.345
protein,6,0.895
protein,6,0.925
protein,6,0.655
protein,6,0.73
protein,6,0.05
protein,6,0.44
protein,6,0.13
protein,6,0.62
protein,6,0.1
protein,6,0.93
protein,6,0.925
protein,6,0.8
protein,6,0.83
protein,6,0.925
protein,6,0.975
protein,6,0.42
protein,6,0.46
protein,6,0.195
protein,6,0.205
protein,6,0.6
protein,6,0.515
protein,6,0.625
protein,6,0.395
protein,6,0.99
protein,6,0.47
protein,6,0.435
protein,6,0.29
protein,6,0.84
protein,6,0.105
protein,6,0.675
protein,6,0.04
protein,6,0.86
protein,6,0.51
protein,6,0.76
protein,6,0.77
protein,6,0.995
protein,6,0.865
protein,6,0.96
protein,6,0.86
protein,6,0.37
protein,6,0.77
protein,6,0.525
protein,6,0.365
protein,6,0.73
protein,6,0.095
protein,6,0.415
protein,6,0.63
protein,6,0.33
protein,6,0.42
protein,6,0.005
protein,6,0.635
protein,6,0.85
protein,6,0.67
protein,6,0.585
protein,6,0.285
protein,6,0.475
protein,6,0.61
protein,6,0.265
protein,6,0.3
protein,6,0.425
protein,6,0.145
protein,6,0.3
protein,6,0.455
protein,6,0.66
protein,6,0.33
protein,6,0.23
protein,6,0.085
protein,6,0.755
protein,6,0.89
protein,10,0.195
protein,10,0.935
protein,10,0.88
protein,10,0.36
protein,10,0.27
protein,10,0.43
protein,10,0.955
protein,10,0.765
protein,10,0.885
protein,10,0.77
protein,10,0.74
protein,10,0.905
protein,10,0.585
protein,10,0.515
protein,10,0.875
protein,10,0.935
protein,10,0.82
protein,10,0.185
protein,10,0.16
protein,10,0.435
protein,10,0.655
protein,10,0.965
protein,10,0.785
protein,10,0.31
protein,10,0.94
protein,10,0.305
protein,10,0.62
protein,10,0.43
protein,10,0.26
protein,10,0.275
protein,10,0.1
protein,10,0.735
protein,10,0.75
protein,10,0.425
protein,10,0.26
protein,10,0.915
protein,10,0.89
protein,10,0.86
protein,10,0.295
protein,10,0.08
protein,10,0.825
protein,10,0.125
protein,10,0.5
protein,10,0.85
protein,10,0.245
protein,10,0.14
protein,10,0.965
protein,10,0.68
protein,10,0.05
protein,10,0.765
protein,10,0.705
protein,10,0.635
protein,10,0.66
protein,10,0.465
protein,10,0.7
protein,10,0.93
protein,10,0.73
protein,10,0.51
protein,10,0.055
protein,10,0.86
protein,10,0.5
protein,10,0.05
protein,10,0.805
protein,10,0.705
protein,10,0.44
protein,10,0.14
protein,10,0.055
protein,10,0.99
protein,10,0.745
protein,10,0.77
protein,10,0.48
protein,10,0.935
protein,10,0.96
protein,10,0.825
protein,10,0.62
protein,10,0.165
protein,10,0.695
protein,10,0.205
protein,10,0.61
protein,10,0.595
protein,10,0.845
protein,10,0.895
protein,10,0.87
protein,10,0.86
protein,10,0.92
protein,10,0.485
protein,10,0.2
protein,10,0.26
protein,10,0.265
protein,10,0.385
protein,10,0.235
protein,10,0.46
protein,10,0.61
protein,10,0.17
protein,10,0.215
protein,10,0.355
protein,10,0.735
protein,10,0.42
protein,10,0.945
protein,10,0.135
protein,10,0.925
protein,10,0.73
protein,10,0.43
protein,10,0.9
protein,10,0.965
protein,10,0.245
protein,10,0.345
protein,10,0.93
protein,10,0.915
protein,10,0.715
protein,10,0.24
protein,10,0.04
protein,10,0.635
protein,10,0.53
protein,10,0.72
protein,10,0.55
protein,10,0.965
protein,10,0.74
protein,10,0.065
protein,10,0.7
protein,10,0.6
protein,10,0.035
protein,10,0.33
protein,10,0.145
protein,10,0.025
protein,10,0.16
protein,10,0.565
protein,10,0.01
protein,10,0.395
protein,10,0.495
protein,10,0.285
protein,10,0.755
protein,10,0.45
protein,10,0.515
protein,10,0.46
protein,10,0.57
protein,10,0.01
protein,10,0.485
protein,10,0.755
protein,10,0.16
protein,10,0.8
protein,10,0.81
protein,10,0.655
protein,10,0.89
protein,10,0.295
protein,10,0.27
protein,10,0.36
protein,10,0.185
protein,10,0.22
protein,10,0.88
protein,10,0.625
protein,10,0.95
protein,10,0.535
protein,10,0.145
protein,10,0.38
protein,10,0.33
protein,10,0.385
protein,10,0.87
protein,10,0.965
protein,10,0.49
protein,10,0.215
protein,10,0.98
protein,10,0.805
protein,10,0.69
protein,10,0.3
protein,10,0.83
protein,10,0.71
protein,10,0.8
protein,10,0.645
protein,10,0.17
protein,10,0.535
protein,10,0.775
protein,10,0.84
protein,10,0.055
protein,10,0.075
protein,10,0.77
protein,10,0.815
protein,10,0.51
protein,10,0.055
protein,10,0.16
protein,10,0.385
protein,10,0.525
protein,10,0.45
protein,10,0.945
protein,10,0.55
protein,10,0.84
protein,10,0.03
protein,10,0.37
protein,10,0.855
protein,10,0.41
protein,10,0.585
protein,10,0.35
protein,10,0.705
protein,10,0.175
protein,10,0.255
protein,10,0.04
protein,10,0.985
protein,10,0.87
protein,10,0.65
protein,10,0.475
protein,10,0.86
protein,10,0.69
protein,10,0.36
protein,10,0.125
protein,10,0.095
protein,10,0.265
protein,10,0.925
protein,10,0.21
protein,10,0.175
protein,10,0.18
protein,10,0.25
protein,10,0.14
protein,10,0.73
protein,10,0.155
protein,10,0.485
protein,10,0.93
protein,10,0.905
protein,10,0.17
protein,10,0.675
protein,10,0.855
protein,10,0.675
protein,10,0.315
protein,10,0.225
protein,10,0.15
protein,10,0.95
protein,10,0.88
protein,10,0.885
protein,10,0.85
protein,10,0.545
protein,10,0.47
protein,10,0.085
protein,10,0.67
protein,10,0.235
protein,10,0.675
protein,10,0.375
protein,10,0.34
protein,10,0.765
protein,10,0.63
protein,10,0.29
protein,10,0.425
protein,10,0.5
protein,10,0.025
protein,10,0.645
protein,10,0.185
protein,10,0.18
protein,10,0.135
protein,10,0.58
protein,10,0.26
protein,10,0.07
protein,10,0.27
protein,10,0.745
protein,10,0.76
protein,10,0.21
protein,10,1.0
protein,10,0.655
protein,10,0.595
protein,10,0.68
protein,10,0.33
protein,10,0.715
protein,10,0.205
protein,10,0.735
protein,10,0.455
protein,10,0.925
protein,10,0.275
protein,10,0.1
protein,10,0.81
protein,10,0.455
protein,10,0.75
protein,10,0.08
protein,10,0.76
protein,10,0.685
protein,10,0.655
protein,10,0.93
protein,10,0.425
protein,10,0.09
protein,10,0.95
protein,10,0.565
protein,10,0.87
protein,10,0.46
protein,10,0.49
protein,10,0.79
protein,10,0.96
protein,10,0.41
protein,10,0.88
protein,10,0.845
protein,10,0.6
protein,10,0.33
protein,10,0.97
protein,10,0.34
protein,10,0.685
protein,10,0.865
protein,10,0.68
protein,10,0.61
protein,10,0.42
protein,10,0.645
protein,10,0.895
protein,10,0.86
protein,10,0.985
protein,10,0.375
protein,10,0.775
protein,10,0.195
protein,10,0.495
protein,10,0.27
protein,10,0.945
protein,10,0.955
protein,10,0.11
protein,10,0.825
protein,10,0.165
protein,10,0.18
protein,10,0.455
protein,10,0.735
protein,10,0.785
protein,10,0.215
protein,10,0.955
protein,10,0.385
protein,10,0.17
protein,10,0.245
protein,10,0.69
protein,10,0.37
protein,10,0.97
protein,10,0.06
protein,10,0.645
protein,10,0.03
protein,10,0.965
protein,10,0.83
protein,10,0.845
protein,10,0.765
protein,10,0.725
protein,10,0.215
protein,10,0.97
protein,10,0.535
protein,10,0.085
protein,10,0.415
protein,10,0.555
protein,10,0.005
protein,10,0.07
protein,10,0.085
protein,10,0.875
protein,10,0.795
protein,10,0.94
protein,10,0.87
protein,10,0.07
protein,10,0.465
protein,10,0.085
protein,10,0.76
protein,10,0.015
protein,10,0.825
protein,10,0.26
protein,10,0.63
protein,10,0.55
protein,10,0.165
protein,10,0.035
protein,10,0.535
protein,10,0.145
protein,10,0.215
protein,10,0.82
protein,10,0.175
protein,10,0.38
protein,10,0.215
protein,10,0.495
protein,10,0.05
protein,10,0.255
protein,10,0.9
protein,10,0.785
protein,10,0.8
protein,10,0.545
protein,10,0.8
protein,10,0.93
protein,10,0.36
protein,10,0.085
protein,10,0.17
protein,10,0.39
protein,10,0.385
protein,10,0.62
protein,10,0.95
protein,10,0.935
protein,10,0.015
protein,10,0.655
protein,10,0.7
protein,10,0.645
protein,10,0.455
protein,10,0.1
protein,10,0.62
protein,10,0.605
protein,10,0.265
protein,10,0.92
protein,10,0.55
protein,10,0.005
protein,10,0.625
protein,10,0.005
protein,10,0.6
protein,10,0.005
protein,10,0.745
protein,10,0.71
protein,10,0.275
protein,10,0.51
protein,10,0.315
protein,10,0.685
protein,10,0.265
protein,10,0.435
protein,10,0.145
protein,10,0.035
protein,10,0.945
protein,10,0.59
protein,10,0.02
protein,10,0.035
protein,10,0.065
protein,10,0.285
protein,10,0.495
protein,10,0.935
protein,10,0.58
protein,10,0.28
protein,10,0.08
protein,10,0.695
protein,10,0.765
protein,10,0.15
protein,10,0.34
protein,10,0.505
protein,10,0.035
protein,10,0.725
protein,10,0.795
protein,10,0.535
protein,10,0.795
protein,10,0.595
protein,10,0.78
protein,10,0.155
protein,10,0.93
protein,10,0.52
protein,10,0.8
protein,10,0.59
protein,10,0.56
protein,10,0.605
protein,10,0.995
protein,10,0.29
protein,10,0.695
protein,10,0.155
protein,10,0.21
protein,10,0.775
protein,10,0.975
protein,10,0.84
protein,10,0.2
protein,10,0.785
protein,10,0.205
protein,10,0.865
protein,10,0.78
protein,10,0.82
protein,10,0.155
protein,10,0.485
protein,10,0.145
protein,10,0.54
protein,10,0.49
protein,10,0.6
protein,10,0.045
protein,10,0.77
protein,10,0.67
protein,10,0.44
protein,10,0.405
protein,10,0.515
protein,10,0.245
protein,10,0.585
protein,10,0.87
protein,10,0.105
protein,10,0.04
protein,10,0.96
protein,10,0.84
protein,10,0.36
protein,10,0.925
protein,10,0.095
protein,10,0.76
protein,10,0.37
protein,10,0.375
protein,10,0.375
protein,10,0.62
protein,10,0.255
protein,10,0.12
protein,10,0.365
protein,10,0.105
protein,10,0.985
protein,10,0.805
protein,10,0.4
protein,10,0.58
protein,10,0.945
protein,10,0.075
protein,10,0.76
protein,10,0.85
protein,10,0.75
protein,10,0.64
protein,10,0.215
protein,10,0.18
protein,10,0.325
protein,10,0.36
protein,10,0.695
protein,10,0.18
protein,10,0.34
protein,10,0.955
protein,10,0.13
protein,10,0.83
protein,10,0.22
protein,10,0.68
protein,10,0.2
protein,10,0.445
protein,10,0.085
protein,10,0.6
protein,10,0.24
protein,10,0.625
protein,10,0.595
protein,10,0.565
protein,10,0.605
protein,10,0.715
protein,10,0.32
protein,10,0.665
protein,10,0.73
protein,10,0.54
protein,10,0.52
protein,10,0.525
protein,10,0.295
protein,10,0.955
protein,10,0.375
protein,10,0.38
protein,10,0.52
protein,10,0.57
protein,10,0.105
protein,10,0.69
protein,10,0.295
protein,10,0.815
protein,10,0.83
protein,10,0.23
protein,10,0.27
protein,10,0.13
protein,10,0.27
protein,10,0.14
protein,10,0.405
protein,10,0.97
protein,10,0.22
protein,10,0.885
protein,10,0.715
protein,10,0.43
protein,10,0.74
protein,10,0.34
protein,10,0.585
protein,10,0.28
protein,10,0.765
protein,10,0.555
protein,10,0.555
protein,10,0.1
protein,10,0.885
protein,10,0.9
protein,10,0.9
protein,10,0.205
protein,10,0.175
protein,10,0.595
protein,10,0.925
protein,10,0.635
protein,10,0.11
protein,10,0.835
protein,10,0.035
protein,10,0.58
protein,10,0.845
protein,10,0.625
protein,10,0.65
protein,10,0.13
protein,10,0.445
protein,10,0.175
protein,10,0.975
protein,10,0.715
protein,10,0.915
protein,10,0.245
protein,10,0.315
protein,10,0.495
protein,10,0.2
protein,10,0.87
protein,10,0.59
protein,10,0.935
protein,10,0.525
protein,10,0.02
protein,10,0.84
protein,10,0.265
protein,10,0.28
protein,10,0.625
protein,10,0.66
protein,10,0.19
protein,10,0.07
protein,10,0.135
protein,10,0.77
protein,10,0.975
protein,10,0.565
protein,10,0.235
protein,10,0.675
protein,10,0.335
protein,10,0.035
protein,10,0.88
protein,10,0.99
protein,10,0.81
protein,10,0.54
protein,10,0.97
protein,10,0.255
protein,10,0.38
protein,10,0.435
protein,10,0.11
protein,10,0.6
protein,10,0.51
protein,10,0.765
protein,10,0.495
protein,10,0.67
protein,10,0.105
protein,10,0.105
protein,10,0.27
protein,10,0.775
protein,10,0.96
protein,10,0.755
protein,10,0.725
protein,10,0.34
protein,10,0.3
protein,10,0.55
protein,10,0.825
protein,10,0.38
protein,10,0.285
protein,10,0.145
protein,10,0.015
protein,10,0.735
protein,10,0.03
protein,10,0.915
protein,10,0.685
protein,10,0.235
protein,10,0.08
protein,10,0.99
protein,10,0.04
protein,10,0.085
protein,10,0.725
protein,10,0.23
protein,10,0.005
protein,10,0.955
protein,10,0.93
protein,10,0.3
protein,10,0.59
protein,10,0.28
protein,10,0.525
protein,10,0.99
protein,10,0.015
protein,10,0.815
protein,10,0.24
protein,10,0.615
protein,10,0.865
protein,10,0.845
protein,10,0.73
protein,10,0.125
protein,10,0.88
protein,10,0.755
protein,10,0.905
protein,10,0.515
protein,10,0.915
protein,10,0.42
protein,10,0.295
protein,10,0.84
protein,10,0.495
protein,10,0.24
protein,10,0.675
protein,10,0.645
protein,10,0.94
protein,10,0.125
protein,10,0.415
protein,10,0.22
protein,10,0.39
protein,10,0.61
protein,10,0.91
protein,10,0.245
protein,10,0.355
protein,10,0.705
protein,10,0.305
protein,10,0.065
protein,10,0.47
protein,10,0.34
protein,10,0.755
protein,10,0.765
protein,10,0.015
protein,10,0.18
protein,10,0.29
protein,10,0.35
protein,10,0.32
protein,10,0.73
protein,10,0.38
protein,10,0.125
protein,10,1.0
protein,10,0.45
protein,10,0.965
protein,10,0.905
protein,10,0.185
protein,10,0.8
protein,10,0.19
protein,10,0.33
protein,10,0.815
protein,10,0.545
protein,10,0.335
protein,10,0.34
protein,10,0.725
protein,10,0.73
protein,10,0.005
protein,10,0.06
protein,10,0.985
protein,10,0.71
protein,10,0.465
protein,10,0.415
protein,10,0.54
protein,10,0.745
protein,10,0.625
protein,10,0.075
protein,10,0.28
protein,10,0.68
protein,10,0.7
protein,10,0.05
protein,10,0.97
protein,10,0.11
protein,10,0.77
protein,10,0.58
protein,10,0.81
protein,10,0.175
protein,10,0.495
protein,10,0.425
protein,10,0.935
protein,10,1.0
protein,10,0.015
protein,10,0.38
protein,10,0.205
protein,10,0.18
protein,10,0.29
protein,10,0.725
protein,10,0.335
protein,10,0.44
protein,10,0.29
protein,10,0.845
protein,10,0.615
protein,10,0.41
protein,10,0.025
protein,10,0.01
protein,10,0.455
protein,10,0.495
protein,10,0.835
protein,10,0.65
protein,10,0.395
protein,10,0.215
protein,10,0.155
protein,10,0.305
protein,10,0.98
protein,10,0.315
protein,10,0.59
protein,10,0.97
protein,10,0.95
protein,10,0.595
protein,10,0.21
protein,10,0.38
protein,10,0.205
protein,10,0.625
protein,10,0.63
protein,10,0.29
protein,10,0.44
protein,10,0.965
protein,10,0.38
protein,10,0.445
protein,10,0.97
protein,10,0.53
protein,10,0.935
protein,10,0.295
protein,10,0.985
protein,10,0.83
protein,10,0.27
protein,10,0.09
protein,10,0.29
protein,10,0.585
protein,10,0.89
protein,10,0.63
protein,10,0.51
protein,10,0.605
protein,10,0.355
protein,10,0.845
protein,10,0.62
protein,10,0.59
protein,10,0.33
protein,10,0.48
protein,10,0.855
protein,10,0.615
protein,10,0.41
protein,10,0.28
protein,10,0.585
protein,10,0.56
protein,10,0.305
protein,10,0.94
protein,10,0.13
protein,10,0.695
protein,10,0.445
protein,10,0.78
protein,10,0.16
protein,10,0.055
protein,10,0.495
protein,10,0.155
protein,10,0.22
protein,10,0.085
protein,10,0.405
protein,10,0.725
protein,10,0.74
protein,10,0.085
protein,10,0.385
protein,10,0.65
protein,10,0.72
protein,10,0.57
protein,10,0.38
protein,10,0.575
protein,10,0.6
protein,10,0.07
protein,10,0.235
protein,10,0.145
protein,10,0.295
protein,10,0.395
protein,10,0.33
protein,10,0.66
protein,10,0.17
protein,10,0.485
protein,10,0.03
protein,10,0.925
protein,10,0.435
protein,10,0.37
protein,10,0.48
protein,10,0.755
protein,10,0.48
protein,10,0.81
protein,10,0.99
protein,10,0.5
protein,10,0.875
protein,10,0.61
protein,10,0.515
protein,10,0.545
protein,10,0.17
protein,10,0.425
protein,10,0.2
protein,10,0.56
protein,10,0.745
protein,10,0.41
protein,10,0.515
protein,10,0.85
protein,10,0.26
protein,10,0.125
protein,10,0.535
protein,10,0.055
protein,10,0.6
protein,10,0.515
protein,10,0.125
protein,10,0.245
protein,10,0.07
protein,10,0.65
protein,10,0.33
protein,10,0.45
protein,10,0.91
protein,10,0.625
protein,10,0.83
protein,10,0.98
protein,10,0.4
protein,10,0.82
protein,10,0.29
protein,10,0.04
protein,10,0.44
protein,10,0.045
protein,10,0.975
protein,10,0.51
protein,10,0.46
protein,10,0.31
protein,10,0.95
protein,10,0.08
protein,10,0.385
protein,10,0.05
protein,10,0.86
protein,10,0.005
protein,10,0.515
protein,10,0.41
protein,10,0.52
protein,10,0.185
protein,10,0.605
protein,10,0.895
protein,10,0.545
protein,10,0.875
protein,10,0.055
protein,10,0.9
protein,10,0.44
protein,10,0.6
protein,10,0.74
protein,10,0.4
protein,10,0.15
protein,10,0.43
protein,10,0.71
protein,10,0.065
protein,10,0.575
protein,10,0.77
protein,10,0.84
protein,10,0.76
protein,10,0.38
protein,10,0.375
protein,10,0.025
protein,10,0.55
protein,10,0.475
protein,10,0.93
protein,10,0.495
protein,10,0.77
protein,10,0.01
protein,10,0.815
protein,10,0.725
protein,10,0.18
protein,10,0.185
protein,10,0.915
protein,10,0.03
protein,10,1.0
protein,10,0.46
protein,10,0.19
protein,10,0.905
protein,10,0.435
protein,10,0.785
protein,10,0.47
protein,10,1.0
protein,10,0.96
protein,10,0.545
protein,10,0.92
protein,10,0.205
protein,10,0.605
protein,10,0.75
protein,10,0.115
protein,10,0.945
protein,10,0.675
protein,10,0.015
protein,10,0.965
protein,10,0.395
protein,10,0.475
protein,10,0.28
protein,10,0.275
protein,10,0.49
protein,10,0.88
protein,10,0.46
protein,10,0.525
protein,10,0.255
protein,10,0.79
protein,10,0.625
protein,10,0.62
protein,10,0.95
protein,10,0.525
protein,10,0.27
protein,10,0.435
protein,10,0.83
protein,10,0.78
protein,10,0.275
protein,10,0.74
protein,10,0.15
protein,10,0.62
protein,10,0.405
protein,10,0.85
protein,10,0.42
protein,10,0.645
protein,10,0.82
protein,10,0.6
protein,10,0.575
protein,10,0.265
protein,10,0.475
protein,10,0.295
protein,10,0.26
protein,10,0.355
protein,10,0.755
protein,10,0.56
protein,10,0.265
protein,10,0.83
protein,10,0.915
protein,10,0.34
protein,10,0.775
protein,10,0.075
protein,10,0.17
protein,10,0.095
protein,10,0.3
protein,10,0.795
protein,10,0.71
protein,10,0.81
protein,10,0.38
protein,10,0.255
protein,10,0.075
protein,10,0.145
protein,10,0.445
protein,10,0.36
protein,10,0.585
protein,10,0.355
protein,10,0.175
protein,10,0.74
protein,10,0.335
protein,10,0.73
protein,10,0.31
protein,10,0.64
protein,10,0.53
protein,10,0.895
protein,10,0.205
protein,10,0.31
protein,10,0.105
protein,10,0.545
protein,10,0.84
protein,10,0.905
protein,10,0.935
protein,10,0.735
protein,10,0.115
protein,10,0.01
protein,10,0.21
protein,10,0.65
protein,10,0.79
protein,10,0.84
protein,10,0.075
protein,10,0.555
protein,10,0.695
protein,10,0.89
protein,10,0.815
protein,10,0.145
protein,10,0.135
protein,10,0.26
protein,10,0.895
protein,10,0.535
protein,10,0.605
protein,10,0.845
protein,10,0.935
protein,10,0.1
protein,10,0.075
protein,10,0.895
protein,10,0.33
protein,10,0.19
protein,10,0.095
protein,10,0.615
protein,10,0.05
protein,10,0.8
protein,10,0.49
protein,10,0.915
protein,10,0.195
protein,10,0.555
protein,10,0.595
protein,10,0.85
protein,10,0.44
protein,10,0.88
protein,10,0.505
protein,10,0.445
protein,10,0.7
protein,10,0.83
protein,10,0.805
protein,10,0.275
protein,10,0.645
protein,10,0.69
protein,10,0.025
protein,10,0.77
protein,10,0.325
protein,10,0.13
protein,10,0.125
protein,10,0.72
protein,10,0.705
protein,10,0.375
protein,10,0.545
protein,10,0.965
protein,10,0.895
protein,10,0.78
protein,10,0.65
protein,10,0.415
protein,10,0.1
protein,10,0.035
protein,10,0.165
protein,10,0.74
protein,10,0.58
protein,10,0.335
protein,10,0.41
protein,10,0.065
protein,10,0.5
protein,10,0.06
protein,10,0.925
protein,10,0.575
protein,10,0.775
protein,10,0.565
protein,10,0.96
protein,10,0.67
protein,10,0.925
protein,10,0.945
protein,10,0.92
protein,10,0.255
protein,10,0.345
protein,10,0.265
protein,10,0.135
protein,10,0.24
protein,10,0.315
protein,10,0.655
protein,10,0.895
protein,10,0.15
protein,10,0.26
protein,10,0.13
protein,10,0.295
protein,10,0.41
protein,10,0.38
protein,10,0.29
protein,10,0.915
protein,10,0.775
protein,10,0.355
protein,10,0.76
protein,10,0.83
protein,10,0.15
protein,10,0.625
protein,10,0.995
protein,10,0.14
protein,10,0.04
protein,10,0.935
protein,10,0.49
protein,10,0.715
protein,10,0.52
protein,10,0.405
protein,10,0.42
protein,10,0.385
protein,10,0.62
protein,10,0.41
protein,10,0.23
protein,10,0.99
protein,10,0.8
protein,10,0.215
protein,10,0.445
protein,10,0.545
protein,10,0.615
protein,10,0.64
protein,10,0.77
protein,10,0.36
protein,10,0.475
protein,10,0.91
protein,10,0.425
protein,10,0.81
protein,10,0.515
protein,10,0.925
protein,10,0.815
protein,10,0.445
protein,10,0.255
protein,10,0.545
protein,10,0.78
protein,10,0.22
protein,10,0.14
protein,10,0.36
protein,10,0.32
protein,10,0.205
protein,10,0.405
protein,10,0.525
protein,10,0.3
protein,10,0.515
protein,10,0.49
protein,10,0.535
protein,10,0.87
protein,10,0.85
protein,10,0.49
protein,10,0.785
protein,10,0.39
protein,10,0.715
protein,10,0.63
protein,10,0.19
protein,10,0.945
protein,10,0.91
protein,10,0.28
protein,10,0.115
protein,10,1.0
protein,10,0.655
protein,10,0.045
protein,10,0.17
protein,10,0.305
protein,10,0.12
protein,10,0.245
protein,10,0.14
protein,10,0.27
protein,10,0.255
protein,10,0.545
protein,10,0.865
protein,10,0.625
protein,10,0.465
protein,10,0.925
protein,10,0.72
protein,10,0.005
protein,10,0.81
protein,10,0.815
protein,10,0.58
protein,10,0.695
protein,10,0.37
protein,10,0.78
protein,10,0.1
protein,10,0.81
protein,10,0.99
protein,10,0.75
protein,10,0.64
protein,10,0.685
protein,10,0.025
protein,10,0.075
protein,10,0.175
protein,10,0.72
protein,10,1.0
protein,10,0.81
protein,10,0.155
protein,10,0.27
protein,10,0.26
protein,10,0.46
protein,10,0.365
protein,10,0.11
protein,10,0.615
protein,10,0.42
protein,10,0.135
protein,10,0.24
protein,10,0.355
protein,10,0.965
protein,10,0.08
protein,10,0.83
protein,10,0.395
protein,10,0.39
protein,10,0.41
protein,10,0.685
protein,10,0.445
protein,10,0.185
protein,10,0.6
protein,10,0.77
protein,10,0.69
protein,10,0.585
protein,10,0.44
protein,10,0.725
protein,10,0.18
protein,10,0.335
protein,10,0.28
protein,10,0.215
protein,10,0.995
protein,10,0.615
protein,10,0.325
protein,10,0.48
protein,10,0.83
protein,10,0.015
protein,10,0.005
protein,10,0.84
protein,10,0.595
protein,10,0.38
protein,10,0.485
protein,10,0.85
protein,10,0.19
protein,10,0.195
protein,10,0.01
protein,10,0.19
protein,10,0.145
protein,10,0.545
protein,10,0.3
protein,10,0.71
protein,10,0.9
protein,10,0.355
protein,10,0.505
protein,10,0.73
protein,10,0.31
protein,10,0.205
protein,10,0.11
protein,10,0.59
protein,10,0.8
protein,10,0.42
protein,10,0.24
protein,10,0.815
protein,10,0.25
protein,10,0.975
protein,10,0.83
protein,10,0.69
protein,10,0.735
protein,10,0.095
protein,10,0.24
protein,10,0.945
protein,10,0.87
protein,10,0.425
protein,10,0.86
protein,10,0.98
protein,10,0.33
protein,10,0.14
protein,10,0.645
protein,10,0.385
protein,10,0.305
protein,10,0.725
protein,10,0.95
protein,10,0.99
protein,10,0.045
protein,10,0.59
protein,10,0.815
protein,10,0.43
protein,10,0.225
protein,10,0.745
protein,10,0.01
protein,10,0.495
protein,10,0.12
protein,10,0.705
protein,10,0.91
protein,10,0.415
protein,10,0.935
protein,10,0.76
protein,10,0.66
protein,10,0.975
protein,10,0.13
protein,10,0.395
protein,10,0.285
protein,10,0.73
protein,10,0.4
protein,10,0.47
protein,10,0.805
protein,10,0.385
protein,10,0.79
protein,10,0.745
protein,10,0.11
protein,10,0.33
protein,10,0.93
protein,10,0.325
protein,10,0.64
protein,10,0.8
protein,10,0.14
protein,10,0.355
protein,10,0.535
protein,10,0.34
protein,10,0.955
protein,10,0.2
protein,10,0.825
protein,10,0.575
protein,10,0.315
protein,10,0.15
protein,10,0.8
protein,10,0.115
protein,10,0.085
protein,10,0.215
protein,10,0.8
protein,10,0.935
protein,10,0.305
protein,10,0.04
protein,10,0.45
protein,10,0.48
protein,10,0.205
protein,10,0.015
protein,10,0.88
protein,10,0.98
protein,10,0.155
protein,10,0.05
protein,10,0.675
protein,10,0.125
protein,10,0.415
protein,10,0.965
protein,10,0.39
protein,10,0.89
protein,10,0.695
protein,10,0.13
protein,10,0.1
protein,10,0.33
protein,10,0.26
protein,10,0.435
protein,10,0.17
protein,10,0.665
protein,10,0.975
protein,10,0.3
protein,10,0.055
protein,10,0.01
protein,10,0.34
protein,10,0.95
protein,10,0.55
protein,10,0.005
protein,10,0.025
protein,10,0.29
protein,10,1.0
protein,10,1.0
protein,10,0.33
protein,10,0.53
protein,10,0.57
protein,10,0.045
protein,10,0.755
protein,10,0.415
protein,10,0.735
protein,10,0.345
protein,10,0.01
protein,10,0.075
protein,10,0.165
protein,10,0.59
protein,10,0.3
protein,10,0.545
protein,10,0.675
protein,10,0.98
protein,10,0.155
protein,10,0.3
protein,10,0.075
protein,10,0.13
protein,10,0.055
protein,10,0.055
protein,10,0.305
protein,10,0.56
protein,10,0.33
protein,10,0.33
protein,10,0.04
protein,10,0.19
protein,10,0.75
protein,10,0.005
protein,10,0.91
protein,10,0.555
protein,10,0.08
protein,10,0.035
protein,10,0.77
protein,10,0.57
protein,10,0.425
protein,10,0.895
protein,10,0.38
protein,10,0.215
protein,10,0.655
protein,10,0.985
protein,10,0.125
protein,10,0.795
protein,10,0.86
protein,10,0.775
protein,10,0.635
protein,10,0.075
protein,10,0.315
protein,10,0.215
protein,10,0.87
protein,10,0.945
protein,10,0.815
protein,10,0.83
protein,10,0.61
protein,10,0.85
protein,10,0.97
protein,10,0.78
protein,10,0.225
protein,10,0.725
protein,10,0.155
protein,10,1.0
protein,10,0.23
protein,10,0.855
protein,10,0.84
protein,10,0.36
protein,10,0.705
protein,10,0.17
protein,10,0.98
protein,10,0.925
protein,10,0.585
protein,10,0.16
protein,10,0.625
protein,10,0.03
protein,10,0.13
protein,10,0.02
protein,10,1.0
protein,10,0.11
protein,10,0.27
protein,10,0.685
protein,10,0.475
protein,10,0.785
protein,10,0.775
protein,10,0.275
protein,10,0.465
protein,10,0.505
protein,10,0.11
protein,10,0.17
protein,10,0.825
protein,10,0.265
protein,10,0.385
protein,10,0.135
protein,10,0.805
protein,10,0.805
protein,10,0.565
protein,10,0.4
protein,10,0.87
protein,10,0.405
protein,10,0.63
protein,10,0.785
protein,10,0.625
protein,10,0.065
protein,10,0.19
protein,10,0.84
protein,10,0.52
protein,10,0.04
protein,10,0.56
protein,10,0.13
protein,10,0.04
protein,10,0.19
protein,10,0.98
protein,10,0.155
protein,10,0.005
protein,10,0.64
protein,10,0.48
protein,10,0.435
protein,10,0.47
protein,10,0.83
protein,10,0.075
protein,10,0.665
protein,10,0.56
protein,10,0.5
protein,10,0.445
protein,10,0.045
protein,10,0.235
protein,10,0.58
protein,10,0.44
protein,10,0.295
protein,10,0.48
protein,10,0.14
protein,10,0.195
protein,10,0.38
protein,10,0.595
protein,10,0.465
protein,10,0.6
protein,10,0.785
protein,10,0.57
protein,10,0.545
protein,10,0.345
protein,10,0.99
protein,10,0.235
protein,10,0.02
protein,10,0.905
protein,10,0.86
protein,10,0.6
protein,10,0.975
protein,10,0.05
protein,10,0.61
protein,10,0.555
protein,10,0.72
protein,10,0.065
protein,10,0.205
protein,10,0.145
protein,10,0.035
protein,10,0.525
protein,10,0.755
protein,10,0.99
protein,10,0.48
protein,10,0.235
protein,10,0.55
protein,10,0.535
protein,10,0.835
protein,10,0.935
protein,10,0.405
protein,10,0.835
protein,10,0.855
protein,10,0.05
protein,10,0.2
protein,10,0.28
protein,10,0.1
protein,10,0.28
protein,10,0.24
protein,10,0.1
protein,10,0.015
protein,10,0.315
protein,10,0.85
protein,10,0.845
protein,10,0.34
protein,10,0.155
protein,10,0.23
protein,10,0.13
protein,10,0.14
protein,10,0.25
protein,10,0.235
protein,10,0.995
protein,10,0.49
protein,10,0.35
protein,10,0.655
protein,10,0.17
protein,10,0.075
protein,10,0.585
protein,10,0.855
protein,10,0.73
protein,10,0.195
protein,10,0.22
protein,10,0.7
protein,10,0.56
protein,10,0.065
protein,10,0.725
protein,10,0.085
protein,10,0.81
protein,10,0.105
protein,10,0.73
protein,10,0.695
protein,10,0.87
protein,10,0.92
protein,10,0.175
protein,10,0.65
protein,10,0.215
protein,10,0.225
protein,10,0.54
protein,10,0.175
protein,10,0.1
protein,10,0.8
protein,10,0.19
protein,10,0.955
protein,10,0.505
protein,10,0.505
protein,10,0.27
protein,10,0.905
protein,10,0.83
protein,10,0.045
protein,10,0.425
protein,10,0.035
protein,10,0.59
protein,10,0.81
protein,10,0.31
protein,10,0.89
protein,10,0.685
protein,10,0.5
protein,10,0.695
protein,10,0.785
protein,10,0.92
protein,10,0.005
protein,10,0.26
protein,10,0.73
protein,10,0.215
protein,10,0.83
protein,10,0.875
protein,10,0.635
protein,10,0.235
protein,10,0.365
protein,10,0.56
protein,10,0.34
protein,10,0.045
protein,10,0.66
protein,10,0.415
protein,10,0.69
protein,10,0.395
protein,10,0.665
protein,10,0.08
protein,10,0.37
protein,10,0.145
protein,10,0.515
protein,10,0.425
protein,10,0.9
protein,10,0.14
protein,10,0.58
protein,10,0.015
protein,10,0.165
protein,10,0.69
protein,10,0.83
protein,10,0.005
protein,10,0.16
protein,10,0.035
protein,10,0.82
protein,10,0.31
protein,10,1.0
protein,10,0.98
protein,10,0.015
protein,10,0.27
protein,10,0.895
protein,10,1.0
protein,10,0.48
protein,10,0.44
protein,10,0.12
protein,10,0.785
protein,10,0.05
protein,10,0.285
protein,10,0.335
protein,10,0.44
protein,10,0.03
protein,10,0.225
protein,10,0.715
protein,10,0.035
protein,10,0.87
protein,10,0.275
protein,10,0.1
protein,10,0.115
protein,10,0.53
protein,10,0.165
protein,10,0.115
protein,10,0.315
protein,10,0.88
protein,10,0.895
protein,10,0.835
protein,10,0.67
protein,10,0.56
protein,10,0.545
protein,10,0.95
protein,10,0.68
protein,10,0.145
protein,10,0.8
protein,10,0.1
protein,10,0.36
protein,10,0.155
protein,10,0.285
protein,10,0.405
protein,10,0.52
protein,10,0.915
protein,10,0.38
protein,10,0.65
protein,10,0.725
protein,10,0.855
protein,10,0.035
protein,10,0.575
protein,10,0.795
protein,10,0.145
protein,10,0.01
protein,10,0.945
protein,10,0.325
protein,10,0.37
protein,10,0.92
protein,10,0.065
protein,10,0.435
protein,10,0.51
protein,10,0.82
protein,10,0.36
protein,10,0.2
protein,10,0.215
protein,10,0.92
protein,10,0.615
protein,10,0.685
protein,10,0.55
protein,10,0.935
protein,10,0.08
protein,10,0.535
protein,10,0.785
protein,10,0.35
protein,10,0.695
protein,10,0.535
protein,10,0.73
protein,10,0.345
protein,10,0.355
protein,10,0.02
protein,10,0.36
protein,10,0.78
protein,10,0.935
protein,10,0.77
protein,10,0.15
protein,10,0.48
protein,10,0.36
protein,10,0.835
protein,10,0.2
protein,10,0.925
protein,10,0.255
protein,10,0.74
protein,10,0.36
protein,10,0.225
protein,10,0.235
protein,10,0.5
protein,10,0.105
protein,10,0.68
protein,10,0.65
protein,10,0.575
protein,10,0.17
protein,10,0.085
protein,10,0.76
protein,10,0.65
protein,10,0.74
protein,10,0.635
protein,10,0.74
protein,10,0.885
protein,10,0.1
protein,10,0.445
protein,10,0.515
protein,10,0.01
protein,10,0.69
protein,10,0.8
protein,10,0.385
protein,10,0.855
protein,10,0.305
protein,10,0.925
protein,10,0.2
protein,10,0.77
protein,10,0.1
protein,10,0.285
protein,10,0.4
protein,10,0.465
protein,10,0.31
protein,10,1.0
protein,10,0.76
protein,10,0.455
protein,10,0.11
protein,10,1.0
protein,10,0.175
protein,10,0.02
protein,10,0.835
protein,10,0.305
protein,10,0.205
protein,10,0.835
protein,10,0.59
protein,10,0.47
protein,10,0.05
protein,10,0.07
protein,10,0.525
protein,10,0.585
protein,10,0.33
protein,10,0.635
protein,10,0.61
protein,10,0.83
protein,10,0.555
protein,10,0.77
protein,10,0.085
protein,10,0.58
protein,10,0.195
protein,10,0.02
protein,10,0.775
protein,10,0.01
protein,10,0.665
protein,10,0.605
protein,10,0.91
protein,10,0.42
protein,10,0.035
protein,10,0.465
protein,10,0.875
protein,10,0.015
protein,10,0.985
protein,10,0.255
protein,10,0.41
protein,10,0.08
protein,10,0.115
protein,10,0.52
protein,10,0.925
protein,10,0.33
protein,10,0.755
protein,10,0.97
protein,10,0.97
protein,10,0.145
protein,10,0.88
protein,10,0.065
protein,10,0.46
protein,10,0.515
protein,10,0.715
protein,10,0.74
protein,10,0.105
protein,17,0.595
protein,17,0.445
protein,17,0.65
protein,17,0.66
protein,17,0.6
protein,17,0.08
protein,17,0.735
protein,17,0.45
protein,17,0.58
protein,17,0.545
protein,17,0.21
protein,17,0.495
protein,17,0.705
protein,17,0.46
protein,17,0.305
protein,17,0.275
protein,17,0.75
protein,17,0.735
protein,17,0.025
protein,17,0.755
protein,17,0.035
protein,17,0.945
protein,17,0.95
protein,17,0.095
protein,17,0.525
protein,17,0.11
protein,17,0.045
protein,17,0.945
protein,17,0.655
protein,17,0.53
protein,17,0.935
protein,17,0.845
protein,17,0.1
protein,17,0.025
protein,17,0.08
protein,17,0.78
protein,17,0.485
protein,17,0.025
protein,17,0.155
protein,17,0.86
protein,17,0.26
protein,17,1.0
protein,17,0.755
protein,17,0.195
protein,17,0.335
protein,17,0.375
protein,17,0.31
protein,17,0.675
protein,17,0.195
protein,17,0.865
protein,17,0.26
protein,17,0.315
protein,17,0.73
protein,17,0.705
protein,17,0.14
protein,17,0.165
protein,17,0.685
protein,17,0.58
protein,17,0.54
protein,17,0.985
protein,17,0.76
protein,17,0.54
protein,17,0.725
protein,17,0.715
protein,17,0.34
protein,17,0.845
protein,17,0.175
protein,17,0.145
protein,17,0.8
protein,17,0.765
protein,17,0.83
protein,17,0.915
protein,17,0.77
protein,17,0.9
protein,17,0.35
protein,17,0.835
protein,17,0.825
protein,17,0.915
protein,17,0.655
protein,17,0.81
protein,17,0.02
protein,17,0.235
protein,17,0.705
protein,17,0.135
protein,17,0.975
protein,17,0.15
protein,17,0.815
protein,17,0.78
protein,17,0.35
protein,17,0.685
protein,17,0.58
protein,17,0.14
protein,17,0.285
protein,17,0.535
protein,17,0.495
protein,17,0.18
protein,17,0.455
protein,17,0.415
protein,17,0.56
protein,17,0.585
protein,17,0.27
protein,17,0.6
protein,17,0.995
protein,17,0.245
protein,17,0.83
protein,17,0.51
protein,17,0.85
protein,17,0.57
protein,17,0.085
protein,17,0.56
protein,17,0.115
protein,17,0.31
protein,17,0.565
protein,17,0.545
protein,17,0.15
protein,17,0.94
protein,17,0.47
protein,17,0.64
protein,17,0.775
protein,17,0.77
protein,17,0.015
protein,17,0.61
protein,17,0.11
protein,17,0.215
protein,17,0.48
protein,17,0.695
protein,17,0.83
protein,17,0.265
protein,17,0.45
protein,17,0.595
protein,17,0.16
protein,17,0.865
protein,17,0.82
protein,17,0.115
protein,17,0.58
protein,17,0.04
protein,17,0.45
protein,17,0.365
protein,17,0.92
protein,17,0.72
protein,17,0.37
protein,17,0.93
protein,17,0.155
protein,17,0.47
protein,17,0.27
protein,17,0.515
protein,17,0.345
protein,17,0.56
protein,17,0.625
protein,17,0.58
protein,17,0.5
protein,17,0.685
protein,17,0.37
protein,17,0.38
protein,17,0.765
protein,17,0.985
protein,17,0.085
protein,17,0.865
protein,17,0.225
protein,17,0.33
protein,17,0.625
protein,17,0.255
protein,17,0.395
protein,17,0.62
protein,17,0.77
protein,17,0.685
protein,17,0.44
protein,17,0.55
protein,17,0.18
protein,17,0.62
protein,17,0.355
protein,17,0.74
protein,17,0.165
protein,17,0.3
protein,17,0.335
protein,17,0.855
protein,17,0.82
protein,17,0.01
protein,17,0.16
protein,17,0.46
protein,17,0.185
protein,17,0.41
protein,17,0.66
protein,17,0.595
protein,17,0.8
protein,17,0.25
protein,17,0.05
protein,17,0.37
protein,17,0.42
protein,17,0.66
protein,17,0.525
protein,17,0.925
protein,17,0.645
protein,17,0.865
protein,17,0.01
protein,17,0.94
protein,17,0.505
protein,17,0.55
protein,17,0.89
protein,17,0.4
protein,17,0.14
protein,17,0.41
protein,17,0.625
protein,17,0.915
protein,17,0.16
protein,17,0.21
protein,17,0.31
protein,17,0.925
protein,17,0.735
protein,17,0.59
protein,17,0.575
protein,17,0.245
protein,17,0.345
protein,17,0.69
protein,17,0.215
protein,17,0.7
protein,17,0.985
protein,17,0.145
protein,17,0.05
protein,17,0.175
protein,17,1.0
protein,17,0.565
protein,17,0.005
protein,17,0.52
protein,17,0.6
protein,17,0.005
protein,17,0.25
protein,17,0.125
protein,17,0.89
protein,17,0.6
protein,17,0.23
protein,17,0.055
protein,17,0.91
protein,17,0.875
protein,17,0.45
protein,17,0.98
protein,17,0.5
protein,17,0.46
protein,17,0.505
protein,17,0.46
protein,17,0.51
protein,17,0.405
protein,17,0.38
protein,17,0.475
protein,17,0.695
protein,17,0.43
protein,17,0.265
protein,17,0.49
protein,17,0.445
protein,17,0.4
protein,17,0.275
protein,17,0.945
protein,17,0.005
protein,17,0.16
protein,17,0.315
protein,17,0.38
protein,17,0.075
protein,17,0.54
protein,17,0.6
protein,17,0.255
protein,17,0.36
protein,17,0.7
protein,17,0.245
protein,17,0.35
protein,17,0.15
protein,17,0.045
protein,17,0.915
protein,17,0.41
protein,17,0.205
protein,17,0.055
protein,17,0.77
protein,17,0.875
protein,17,0.685
protein,17,0.805
protein,17,0.555
protein,17,0.01
protein,17,0.48
protein,17,0.36
protein,17,0.155
protein,17,0.79
protein,17,0.465
protein,17,0.515
protein,17,0.375
protein,17,0.9
protein,17,0.45
protein,17,0.905
protein,17,0.07
protein,17,0.865
protein,17,0.525
protein,17,0.43
protein,17,0.715
protein,17,0.995
protein,17,0.385
protein,17,0.145
protein,17,0.86
protein,17,0.675
protein,17,0.31
protein,17,0.075
protein,17,0.14
protein,17,0.845
protein,17,0.355
protein,17,0.19
protein,17,0.725
protein,17,0.605
protein,17,0.665
protein,17,0.705
protein,17,0.21
protein,17,0.1
protein,17,0.585
protein,17,0.82
protein,17,0.415
protein,17,0.23
protein,17,0.67
protein,17,0.775
protein,17,0.75
protein,17,0.235
protein,17,0.13
protein,17,0.335
protein,17,0.045
protein,17,0.7
protein,17,0.375
protein,17,0.86
protein,17,0.935
protein,17,0.64
protein,17,0.045
protein,17,0.755
protein,17,0.515
protein,17,0.385
protein,17,0.84
protein,17,0.005
protein,17,0.625
protein,17,0.68
protein,17,0.285
protein,17,0.31
protein,17,0.535
protein,17,0.2
protein,17,0.35
protein,17,0.135
protein,17,0.155
protein,17,0.28
protein,17,0.55
protein,17,0.81
protein,17,0.995
protein,17,0.27
protein,17,0.945
protein,17,0.405
protein,17,0.56
protein,17,0.28
protein,17,0.385
protein,17,0.53
protein,17,0.59
protein,17,0.2
protein,17,0.545
protein,17,0.505
protein,17,0.04
protein,17,0.66
protein,17,0.325
protein,17,0.725
protein,17,0.19
protein,17,0.32
protein,17,0.495
protein,17,0.315
protein,17,0.69
protein,17,0.865
protein,17,0.15
protein,17,0.625
protein,17,0.43
protein,17,0.775
protein,17,0.18
protein,17,0.095
protein,17,0.495
protein,17,0.985
protein,17,0.98
protein,17,0.44
protein,17,0.175
protein,17,0.79
protein,17,0.83
protein,17,0.315
protein,17,0.66
protein,17,0.47
protein,17,0.9
protein,17,0.585
protein,17,0.205
protein,17,0.955
protein,17,0.58
protein,17,0.055
protein,17,0.41
protein,17,0.2
protein,17,0.445
protein,17,0.145
protein,17,0.45
protein,17,0.175
protein,17,0.165
protein,17,0.13
protein,17,0.435
protein,17,0.885
protein,17,0.375
protein,17,0.925
protein,17,0.585
protein,17,0.64
protein,17,0.545
protein,17,0.265
protein,17,0.325
protein,17,0.475
protein,17,0.84
protein,17,0.94
protein,17,0.675
protein,17,0.575
protein,17,0.66
protein,17,0.215
protein,17,0.935
protein,17,0.595
protein,17,0.725
protein,17,0.345
protein,17,0.73
protein,17,0.415
protein,17,0.965
protein,17,0.56
protein,17,0.62
protein,17,0.95
protein,17,0.275
protein,17,0.26
protein,17,0.725
protein,17,0.76
protein,17,0.405
protein,17,0.17
protein,17,0.625
protein,17,0.855
protein,17,0.2
protein,17,0.23
protein,17,0.475
protein,17,0.89
protein,17,0.435
protein,17,0.38
protein,17,0.87
protein,17,0.165
protein,17,0.465
protein,17,0.36
protein,17,0.985
protein,17,0.47
protein,17,0.71
protein,17,0.055
protein,17,0.17
protein,17,0.695
protein,17,0.915
protein,17,0.93
protein,17,0.065
protein,17,0.365
protein,17,0.455
protein,17,0.735
protein,17,0.265
protein,17,0.945
protein,17,0.255
protein,17,0.725
protein,17,0.11
protein,17,0.87
protein,17,0.05
protein,17,0.82
protein,17,0.95
protein,17,0.81
protein,17,0.535
protein,17,0.835
protein,17,0.565
protein,17,0.11
protein,17,0.6
protein,17,0.55
protein,17,0.21
protein,17,0.835
protein,17,0.62
protein,17,0.035
protein,17,0.68
protein,17,0.55
protein,17,0.995
protein,17,0.485
protein,17,0.62
protein,17,0.575
protein,17,0.83
protein,17,0.715
protein,17,0.43
protein,17,0.455
protein,17,0.525
protein,17,0.825
protein,17,0.54
protein,17,0.865
protein,17,0.725
protein,17,0.27
protein,17,0.475
protein,17,0.525
protein,17,0.045
protein,17,0.45
protein,17,0.68
protein,17,0.84
protein,17,0.78
protein,17,0.105
protein,17,0.175
protein,17,0.37
protein,17,0.42
protein,17,0.375
protein,17,0.055
protein,17,0.645
protein,17,0.785
protein,17,0.72
protein,17,0.645
protein,17,0.55
protein,17,0.57
protein,17,0.765
protein,17,0.055
protein,17,0.065
protein,17,0.765
protein,17,0.65
protein,17,0.685
protein,17,0.06
protein,17,0.605
protein,17,0.75
protein,17,0.48
protein,17,0.03
protein,17,0.895
protein,17,0.225
protein,17,0.67
protein,17,0.96
protein,17,0.275
protein,17,0.235
protein,17,0.54
protein,17,0.235
protein,17,0.78
protein,17,0.33
protein,17,0.08
protein,17,0.32
protein,17,0.525
protein,17,0.13
protein,17,0.55
protein,17,0.24
protein,17,0.565
protein,17,0.145
protein,17,0.645
protein,17,0.9
protein,17,0.965
protein,17,0.065
protein,17,0.955
protein,17,0.515
protein,17,0.17
protein,17,0.715
protein,17,0.475
protein,17,0.72
protein,17,0.85
protein,17,0.4
protein,17,0.755
protein,17,0.14
protein,17,0.385
protein,17,0.865
protein,17,0.945
protein,17,0.045
protein,17,0.63
protein,17,0.615
protein,17,0.23
protein,17,0.48
protein,17,0.485
protein,17,0.665
protein,17,0.285
protein,17,0.48
protein,17,0.415
protein,17,0.73
protein,17,0.79
protein,17,0.115
protein,17,0.29
protein,17,0.095
protein,17,0.355
protein,17,0.955
protein,17,0.41
protein,17,0.04
protein,17,0.69
protein,17,0.52
protein,17,0.145
protein,17,0.495
protein,17,0.65
protein,17,0.615
protein,17,0.14
protein,17,0.65
protein,17,0.945
protein,17,0.635
protein,17,0.66
protein,17,0.82
protein,17,0.805
protein,17,0.61
protein,17,0.37
protein,17,0.5
protein,17,0.69
protein,17,0.56
protein,17,0.31
protein,17,0.965
protein,17,0.475
protein,17,0.965
protein,17,0.215
protein,17,0.405
protein,17,0.945
protein,17,0.26
protein,17,0.015
protein,17,0.31
protein,17,0.96
protein,17,0.99
protein,17,0.46
protein,17,0.57
protein,17,0.835
protein,17,0.525
protein,17,0.67
protein,17,0.985
protein,17,0.545
protein,17,0.93
protein,17,0.68
protein,17,0.095
protein,17,0.87
protein,17,0.51
protein,17,0.695
protein,17,0.56
protein,17,0.855
protein,17,0.275
protein,17,0.9
protein,17,0.77
protein,17,0.34
protein,17,0.345
protein,17,0.17
protein,17,0.27
protein,17,0.78
protein,17,0.08
protein,17,0.93
protein,17,0.005
protein,17,0.955
protein,17,0.8
protein,17,0.525
protein,17,0.34
protein,17,0.385
protein,17,0.05
protein,17,0.095
protein,17,0.74
protein,17,0.595
protein,17,0.34
protein,17,0.645
protein,17,0.405
protein,17,0.255
protein,17,0.265
protein,17,0.675
protein,17,0.75
protein,17,0.04
protein,17,0.385
protein,17,0.705
protein,17,0.475
protein,17,0.045
protein,17,0.615
protein,17,0.69
protein,17,0.6
protein,17,0.89
protein,17,0.38
protein,17,0.475
protein,17,0.455
protein,17,0.785
protein,17,0.245
protein,17,0.125
protein,17,0.9
protein,17,0.775
protein,17,0.645
protein,17,0.48
protein,17,0.37
protein,17,0.04
protein,17,0.67
protein,17,0.85
protein,17,0.505
protein,17,0.74
protein,17,0.5
protein,17,0.02
protein,17,0.705
protein,17,0.275
protein,17,0.095
protein,17,0.22
protein,17,0.44
protein,17,0.135
protein,17,0.82
protein,17,0.49
protein,17,0.085
protein,17,0.915
protein,17,0.91
protein,17,0.51
protein,17,0.73
protein,17,0.63
protein,17,0.685
protein,17,0.49
protein,17,0.115
protein,17,0.32
protein,17,0.055
protein,17,0.39
protein,17,0.465
protein,17,0.96
protein,17,0.28
protein,17,0.19
protein,17,0.13
protein,17,0.08
protein,17,0.105
protein,17,0.63
protein,17,0.525
protein,17,0.41
protein,17,0.91
protein,17,0.88
protein,17,0.65
protein,17,0.17
protein,17,0.87
protein,17,0.945
protein,17,0.95
protein,17,0.91
protein,17,0.91
protein,17,0.025
protein,17,0.265
protein,17,0.735
protein,17,0.94
protein,17,0.34
protein,17,0.2
protein,17,0.14
protein,17,0.89
protein,17,0.645
protein,17,0.975
protein,17,0.51
protein,17,0.595
protein,17,0.935
protein,17,0.34
protein,17,0.72
protein,17,0.42
protein,17,0.305
protein,17,0.87
protein,17,0.87
protein,17,0.545
protein,17,0.47
protein,17,0.815
protein,17,0.87
protein,17,0.54
protein,17,0.99
protein,17,0.21
protein,17,0.845
protein,17,0.815
protein,17,0.63
protein,17,0.52
protein,17,0.54
protein,17,0.63
protein,17,0.775
protein,17,0.165
protein,17,0.935
protein,17,0.95
protein,17,0.34
protein,17,0.755
protein,17,0.27
protein,17,0.985
protein,17,0.54
protein,17,0.73
protein,17,0.76
protein,17,0.975
protein,17,0.115
protein,17,0.02
protein,17,0.81
protein,17,0.925
protein,17,0.39
protein,17,0.88
protein,17,0.435
protein,17,0.26
protein,17,0.6
protein,17,0.315
protein,17,0.985
protein,17,0.755
protein,17,0.78
protein,17,0.1
protein,17,0.565
protein,17,0.2
protein,17,0.925
protein,17,0.28
protein,17,0.515
protein,17,0.35
protein,17,0.56
protein,17,0.435
protein,17,0.805
protein,17,0.475
protein,17,0.8
protein,17,0.86
protein,17,0.315
protein,17,0.595
protein,17,0.505
protein,17,0.695
protein,17,0.03
protein,17,0.87
protein,17,0.17
protein,17,0.79
protein,17,0.05
protein,17,0.44
protein,17,0.11
protein,17,0.535
protein,17,0.865
protein,17,0.635
protein,17,0.025
protein,17,0.765
protein,17,0.38
protein,17,0.665
protein,17,0.66
protein,17,0.975
protein,17,0.39
protein,17,0.935
protein,17,0.21
protein,17,0.985
protein,17,0.485
protein,17,0.06
protein,17,0.285
protein,17,0.44
protein,17,0.76
protein,17,0.665
protein,17,0.005
protein,17,0.265
protein,17,0.93
protein,17,0.98
protein,17,0.375
protein,17,0.895
protein,17,0.98
protein,17,0.32
protein,17,0.225
protein,17,0.12
protein,17,0.89
protein,17,0.21
protein,17,0.27
protein,17,0.24
protein,17,0.155
protein,17,0.8
protein,17,0.4
protein,17,0.77
protein,17,0.92
protein,17,0.495
protein,17,0.97
protein,17,0.015
protein,17,0.83
protein,17,0.915
protein,17,0.48
protein,17,0.83
protein,17,0.145
protein,17,0.655
protein,17,0.9
protein,17,0.665
protein,17,0.71
protein,17,0.995
protein,17,0.275
protein,17,0.43
protein,17,0.165
protein,17,0.66
protein,17,0.44
protein,17,0.635
protein,17,0.235
protein,17,0.99
protein,17,0.53
protein,17,0.84
protein,17,0.955
protein,17,0.605
protein,17,0.17
protein,17,1.0
protein,17,0.68
protein,17,0.905
protein,17,0.015
protein,17,0.905
protein,17,0.34
protein,17,0.66
protein,17,0.41
protein,17,0.2
protein,17,0.7
protein,17,0.23
protein,17,0.55
protein,17,0.89
protein,17,0.675
protein,17,0.86
protein,17,0.405
protein,17,0.12
protein,17,0.24
protein,17,0.05
protein,17,0.83
protein,17,0.335
protein,17,0.675
protein,17,0.43
protein,17,0.53
protein,17,0.865
protein,17,0.555
protein,17,0.37
protein,17,0.535
protein,17,0.245
protein,17,0.785
protein,17,0.53
protein,17,0.565
protein,17,0.4
protein,17,0.47
protein,17,0.815
protein,17,0.705
protein,17,0.215
protein,17,0.73
protein,17,0.82
protein,17,0.745
protein,17,0.35
protein,17,0.845
protein,17,0.655
protein,17,0.115
protein,17,0.53
protein,17,0.67
protein,17,0.64
protein,17,0.66
protein,17,0.85
protein,17,0.905
protein,17,0.36
protein,17,0.54
protein,17,0.455
protein,17,0.71
protein,17,0.055
protein,17,0.345
protein,17,0.675
protein,17,0.83
protein,17,0.095
protein,17,0.49
protein,17,0.47
protein,17,0.58
protein,17,0.48
protein,17,0.52
protein,17,0.445
protein,17,0.505
protein,17,0.345
protein,17,0.27
protein,17,0.43
protein,17,0.2
protein,17,0.14
protein,17,0.27
protein,17,0.3
protein,17,0.06
protein,17,0.685
protein,17,0.865
protein,17,0.655
protein,17,0.81
protein,17,0.01
protein,17,0.84
protein,17,0.44
protein,17,0.335
protein,17,0.91
protein,17,0.505
protein,17,0.085
protein,17,0.205
protein,17,0.535
protein,17,0.905
protein,17,0.275
protein,17,0.215
protein,17,0.71
protein,17,0.12
protein,17,0.59
protein,17,0.69
protein,17,0.91
protein,17,0.48
protein,17,0.645
protein,17,0.995
protein,17,0.24
protein,17,0.465
protein,17,0.54
protein,17,0.84
protein,17,0.615
protein,17,0.44
protein,17,0.63
protein,17,0.5
protein,17,0.025
protein,17,0.41
protein,17,0.67
protein,17,0.26
protein,17,0.915
protein,17,0.96
protein,17,0.21
protein,17,0.925
protein,17,0.62
protein,17,0.865
protein,17,0.715
protein,17,0.585
protein,17,0.815
protein,17,0.24
protein,17,0.67
protein,17,0.77
protein,17,0.73
protein,17,0.28
protein,17,0.955
protein,17,0.67
protein,17,0.08
protein,17,0.64
protein,17,0.335
protein,17,0.355
protein,17,0.705
protein,17,0.365
protein,17,0.615
protein,17,0.375
protein,17,0.685
protein,17,0.805
protein,17,0.945
protein,17,0.515
protein,17,0.59
protein,17,0.34
protein,17,0.78
protein,17,0.56
protein,17,0.48
protein,17,0.79
protein,17,0.96
protein,17,0.9
protein,17,0.33
protein,17,0.57
protein,17,0.895
protein,17,0.115
protein,17,0.765
protein,17,0.505
protein,17,0.08
protein,17,0.16
protein,17,0.475
protein,17,0.965
protein,17,0.91
protein,17,0.625
protein,17,0.38
protein,17,0.71
protein,17,0.25
protein,17,0.61
protein,17,0.525
protein,17,0.765
protein,17,0.605
protein,17,0.105
protein,17,0.385
protein,17,0.265
protein,17,0.61
protein,17,0.51
protein,17,0.125
protein,17,0.475
protein,17,0.49
protein,17,0.1
protein,17,0.395
protein,17,0.64
protein,17,0.325
protein,17,0.485
protein,17,0.84
protein,17,0.765
protein,17,0.85
protein,17,0.525
protein,17,0.38
protein,17,0.3
protein,17,0.485
protein,17,0.42
protein,17,0.06
protein,17,0.8
protein,17,0.77
protein,17,0.03
protein,17,0.36
protein,17,0.205
protein,17,0.495
protein,17,0.955
protein,17,0.975
protein,17,0.225
protein,17,0.365
protein,17,0.9
protein,17,0.5
protein,17,0.76
protein,17,0.045
protein,17,0.175
protein,17,0.03
protein,17,0.615
protein,17,0.3
protein,17,0.42
protein,17,0.94
protein,17,0.365
protein,17,0.625
protein,17,0.4
protein,17,0.885
protein,17,0.47
protein,17,0.73
protein,17,0.465
protein,17,0.82
protein,17,0.595
protein,17,0.145
protein,17,0.785
protein,17,0.875
protein,17,0.33
protein,17,0.905
protein,17,0.185
protein,17,0.57
protein,17,0.17
protein,17,0.77
protein,17,0.115
protein,17,0.96
protein,17,0.715
protein,17,0.15
protein,17,0.295
protein,17,0.16
protein,17,0.89
protein,17,0.06
protein,17,0.925
protein,17,0.96
protein,17,0.675
protein,17,0.4
protein,17,0.19
protein,17,0.765
protein,17,0.175
protein,17,0.01
protein,17,0.265
protein,17,0.37
protein,17,0.23
protein,17,0.98
protein,17,0.92
protein,17,0.12
protein,17,0.955
protein,17,0.53
protein,17,0.475
protein,17,0.85
protein,17,0.68
protein,17,0.215
protein,17,0.42
protein,17,0.52
protein,17,0.365
protein,17,0.4
protein,17,0.055
protein,17,0.785
protein,17,0.745
protein,17,0.265
protein,17,0.19
protein,17,0.6
protein,17,0.92
protein,17,0.285
protein,17,0.97
protein,17,0.41
protein,17,0.415
protein,17,0.85
protein,17,0.33
protein,17,0.695
protein,17,0.1
protein,17,0.09
protein,17,0.09
protein,17,0.665
protein,17,0.03
protein,17,0.18
protein,17,0.025
protein,17,0.245
protein,17,0.355
protein,17,0.79
protein,17,0.075
protein,17,0.625
protein,17,0.79
protein,17,0.67
protein,17,0.76
protein,17,0.055
protein,17,0.985
protein,17,0.325
protein,17,0.78
protein,17,0.025
protein,17,0.12
protein,17,0.35
protein,17,0.23
protein,17,0.315
protein,17,0.52
protein,17,0.685
protein,17,0.34
protein,17,0.365
protein,17,0.84
protein,17,0.54
protein,17,0.87
protein,17,0.17
protein,17,0.405
protein,17,0.99
protein,17,0.48
protein,17,0.36
protein,17,0.155
protein,17,0.5
protein,17,0.055
protein,17,0.87
protein,17,0.17
protein,17,0.63
protein,17,0.385
protein,17,0.28
protein,17,0.645
protein,17,0.935
protein,17,0.85
protein,17,0.195
protein,17,0.915
protein,17,0.77
protein,17,0.77
protein,17,0.415
protein,17,0.715
protein,17,0.255
protein,17,0.96
protein,17,0.04
protein,17,0.17
protein,17,0.395
protein,17,0.135
protein,17,0.385
protein,17,0.235
protein,17,0.385
protein,17,0.04
protein,17,0.38
protein,17,0.84
protein,17,0.05
protein,17,0.95
protein,17,0.315
protein,17,0.755
protein,17,0.595
protein,17,0.805
protein,17,0.645
protein,17,0.65
protein,17,0.45
protein,17,0.225
protein,17,0.365
protein,17,1.0
protein,17,0.54
protein,17,0.65
protein,17,0.96
protein,17,0.975
protein,17,0.92
protein,17,0.085
protein,17,0.42
protein,17,0.8
protein,17,0.45
protein,17,0.575
protein,17,0.195
protein,17,0.365
protein,17,0.505
protein,17,0.51
protein,17,0.075
protein,17,0.855
protein,17,0.545
protein,17,0.88
protein,17,0.105
protein,17,0.645
protein,17,0.42
protein,17,0.06
protein,17,0.73
protein,17,0.84
protein,17,0.75
protein,17,0.15
protein,17,0.68
protein,17,0.675
protein,17,0.51
protein,17,0.16
protein,17,0.915
protein,17,0.015
protein,17,0.985
protein,17,0.44
protein,17,0.67
protein,17,0.135
protein,17,0.63
protein,17,0.57
protein,17,0.2
protein,17,0.265
protein,17,0.555
protein,17,0.985
protein,17,0.845
protein,17,0.52
protein,17,0.26
protein,17,0.94
protein,17,0.92
protein,17,0.53
protein,17,0.145
protein,17,0.19
protein,17,0.56
protein,17,0.07
protein,17,0.03
protein,17,0.205
protein,17,0.12
protein,17,0.975
protein,17,0.015
protein,17,0.955
protein,17,0.965
protein,17,0.155
protein,17,0.56
protein,17,0.805
protein,17,0.465
protein,17,0.365
protein,17,0.88
protein,17,0.34
protein,17,0.83
protein,17,0.98
protein,17,0.535
protein,17,0.005
protein,17,0.425
protein,17,0.5
protein,17,0.305
protein,17,0.88
protein,17,0.02
protein,17,0.845
protein,17,0.805
protein,17,0.375
protein,17,0.905
protein,17,0.905
protein,17,0.82
protein,17,0.865
protein,17,0.44
protein,17,0.775
protein,17,0.48
protein,17,0.77
protein,17,0.215
protein,17,0.4
protein,17,0.8
protein,17,0.37
protein,17,0.38
protein,17,0.58
protein,17,0.485
protein,17,0.035
protein,17,0.605
protein,17,0.31
protein,17,0.81
protein,17,0.035
protein,17,0.31
protein,17,0.86
protein,17,0.67
protein,17,0.485
protein,17,0.755
protein,17,0.61
protein,17,0.265
protein,17,0.095
protein,17,0.36
protein,17,0.075
protein,17,0.385
protein,17,0.365
protein,17,0.6
protein,17,0.695
protein,17,0.685
protein,17,0.555
protein,17,0.155
protein,17,0.765
protein,17,0.125
protein,17,0.455
protein,17,0.25
protein,17,0.425
protein,17,0.05
protein,17,0.49
protein,17,0.335
protein,17,0.43
protein,17,0.115
protein,17,0.17
protein,17,0.465
protein,17,0.03
protein,17,0.95
protein,17,0.76
protein,17,0.05
protein,17,0.935
protein,17,0.145
protein,17,0.49
protein,17,0.96
protein,17,0.01
protein,17,0.105
protein,17,0.89
protein,17,0.78
protein,17,0.43
protein,17,0.495
protein,17,0.585
protein,17,0.47
protein,17,0.96
protein,17,0.76
protein,17,0.02
protein,17,0.335
protein,17,0.37
protein,17,0.92
protein,17,0.38
protein,17,0.485
protein,17,0.195
protein,17,0.39
protein,17,0.165
protein,17,0.985
protein,17,0.315
protein,17,0.31
protein,17,0.735
protein,17,0.545
protein,17,0.72
protein,17,0.615
protein,17,0.235
protein,17,0.525
protein,17,0.705
protein,17,0.495
protein,17,0.12
protein,17,0.99
protein,17,0.97
protein,17,0.625
protein,17,0.23
protein,17,0.715
protein,17,0.225
protein,17,0.22
protein,17,0.78
protein,17,0.57
protein,17,0.515
protein,17,0.135
protein,17,0.83
protein,17,0.335
protein,17,0.72
protein,17,0.915
protein,17,0.435
protein,17,0.085
protein,17,0.575
protein,17,0.62
protein,17,0.27
protein,17,0.285
protein,17,0.58
protein,17,0.73
protein,17,0.23
protein,17,0.33
protein,17,0.165
protein,17,0.4
protein,17,0.385
protein,17,0.43
protein,17,0.905
protein,17,0.66
protein,17,0.495
protein,17,0.75
protein,17,0.435
protein,17,0.525
protein,17,0.22
protein,17,0.215
protein,17,0.195
protein,17,0.065
protein,17,0.73
protein,17,0.04
protein,17,0.855
protein,17,0.78
protein,17,0.695
protein,17,0.1
protein,17,0.865
protein,17,0.22
protein,17,0.48
protein,17,0.875
protein,17,0.605
protein,17,0.46
protein,17,0.395
protein,17,0.415
protein,17,0.19
protein,17,0.995
protein,17,0.765
protein,17,0.755
protein,17,0.795
protein,17,0.595
protein,17,0.96
protein,17,0.43
protein,17,0.07
protein,17,0.4
protein,17,0.9
protein,17,0.3
protein,17,0.115
protein,17,0.295
protein,17,0.005
protein,17,0.81
protein,17,0.82
protein,17,0.865
protein,17,0.955
protein,17,0.725
protein,17,0.945
protein,17,0.53
protein,17,0.075
protein,17,0.825
protein,17,0.495
protein,17,0.34
protein,17,0.26
protein,17,0.45
protein,17,0.08
protein,17,0.995
protein,17,0.345
protein,17,0.99
protein,17,0.22
protein,17,0.795
protein,17,0.66
protein,17,0.865
protein,17,0.32
protein,17,0.51
protein,17,0.79
protein,17,0.9
protein,17,0.04
protein,17,0.8
protein,17,0.47
protein,17,0.125
protein,17,0.98
protein,17,0.3
protein,17,0.595
protein,17,0.595
protein,17,0.515
protein,17,0.13
protein,17,0.71
protein,17,0.01
protein,17,0.53
protein,17,0.525
protein,17,0.875
protein,17,0.825
protein,17,0.935
protein,17,0.97
protein,17,0.905
protein,17,0.23
protein,17,0.235
protein,17,0.025
protein,17,0.14
protein,17,0.73
protein,17,0.275
protein,17,0.62
protein,17,0.12
protein,17,0.255
protein,17,0.025
protein,17,0.12
protein,17,0.125
protein,17,0.425
protein,17,0.73
protein,17,0.52
protein,17,0.52
protein,17,0.535
protein,17,0.665
protein,17,0.205
protein,17,0.58
protein,17,0.67
protein,17,0.425
protein,17,0.36
protein,17,0.69
protein,17,0.825
protein,17,0.57
protein,17,0.54
protein,17,0.525
protein,17,0.085
protein,17,0.2
protein,17,0.79
protein,17,0.745
protein,17,0.955
protein,17,0.04
protein,17,0.535
protein,17,0.63
protein,17,0.42
protein,17,0.76
protein,17,0.8
protein,17,0.435
protein,17,0.49
protein,17,0.575
protein,17,0.82
protein,17,0.915
protein,17,0.57
protein,17,0.285
protein,17,0.02
protein,17,0.295
protein,17,0.92
protein,17,0.455
protein,17,0.245
protein,17,0.425
protein,17,0.645
protein,17,0.805
protein,17,0.47
protein,17,0.32
protein,17,0.89
protein,17,0.75
protein,17,0.185
protein,17,0.97
protein,17,0.55
protein,17,0.22
protein,17,0.27
protein,17,0.54
protein,17,0.105
protein,17,0.06
protein,17,0.41
protein,17,0.465
protein,17,0.745
protein,17,0.805
protein,17,0.685
protein,17,0.665
protein,17,0.905
protein,17,0.095
protein,17,0.42
protein,17,0.065
protein,17,0.56
protein,17,0.525
protein,17,0.145
protein,17,0.175
protein,17,0.585
protein,17,0.94
protein,17,0.04
protein,17,0.575
protein,17,0.395
protein,17,0.065
protein,17,0.53
protein,17,0.89
protein,17,0.31
protein,17,0.87
protein,17,0.17
protein,17,0.135
protein,17,0.61
protein,17,0.045
protein,17,0.86
protein,17,0.065
protein,17,0.745
protein,17,0.515
protein,17,0.585
protein,17,0.905
protein,17,0.3
protein,17,0.6
protein,17,1.0
protein,17,0.74
protein,17,0.94
protein,17,0.625
protein,17,0.78
protein,17,0.37
protein,17,0.535
protein,17,0.265
protein,17,0.705
protein,17,0.36
protein,17,0.37
protein,17,0.265
protein,17,0.93
protein,17,0.06
protein,17,0.095
protein,17,0.72
protein,17,0.01
protein,17,0.195
protein,17,0.84
protein,17,0.74
protein,17,0.075
protein,17,0.49
protein,17,0.755
protein,17,0.915
protein,17,0.715
protein,17,0.155
protein,17,0.52
protein,17,0.515
protein,17,0.175
protein,17,0.6
protein,17,0.565
protein,17,0.56
protein,17,0.17
protein,17,0.765
protein,17,0.705
protein,17,0.055
protein,17,0.885
protein,17,0.05
protein,17,0.905
protein,17,0.215
protein,17,0.49
protein,17,0.89
protein,17,0.03
protein,17,0.93
protein,17,0.235
protein,17,0.31
protein,17,0.91
protein,17,0.05
protein,17,0.19
protein,17,0.495
protein,17,0.615
protein,17,0.945
protein,17,0.205
protein,17,0.74
protein,17,0.945
protein,17,0.455
protein,17,0.64
protein,17,0.615
protein,17,0.275
protein,17,0.56
protein,17,0.525
protein,17,0.68
protein,17,0.99
protein,17,0.86
protein,17,0.94
protein,17,0.9
protein,17,0.84
protein,17,0.67
protein,17,0.395
protein,17,0.55
protein,17,0.39
protein,17,0.245
protein,17,0.525
protein,17,0.57
protein,17,0.07
protein,17,0.39
protein,17,0.3
protein,17,0.325
protein,17,0.96
protein,17,0.155
protein,17,0.895
protein,17,0.435
protein,17,0.165
protein,17,0.28
protein,17,0.12
protein,17,0.265
protein,17,0.125
protein,17,0.085
protein,17,0.775
protein,17,0.475
protein,17,0.55
protein,17,0.2
protein,17,0.56
protein,17,0.465
protein,17,0.72
protein,17,0.295
protein,17,0.305
protein,17,0.075
protein,17,0.455
protein,17,0.14
protein,17,0.41
protein,17,0.5
protein,17,0.995
protein,17,0.07
protein,17,0.07
protein,17,0.995
protein,17,0.86
protein,17,0.775
protein,17,0.435
protein,17,0.305
protein,17,0.3
protein,17,0.885
protein,17,0.23
protein,17,0.5
protein,17,0.145
protein,17,0.685
protein,17,0.205
protein,17,0.89
protein,17,0.76
protein,17,0.05
protein,17,0.145
protein,17,0.055
protein,17,0.32
protein,17,0.23
protein,17,0.95
protein,17,0.77
protein,17,0.76
protein,17,0.61
protein,17,0.12
protein,17,0.37
protein,17,0.585
protein,17,0.435
protein,17,0.355
protein,17,0.96
protein,17,0.055
protein,17,0.73
protein,17,0.025
protein,17,0.08
protein,17,0.61
protein,17,0.315
protein,17,0.455
protein,17,0.565
protein,17,0.81
protein,17,0.985
protein,17,0.605
protein,17,0.025
protein,17,0.415
protein,17,0.42
protein,17,0.9
protein,17,0.89
protein,17,0.705
protein,17,0.36
protein,17,0.24
protein,17,0.95
protein,17,0.915
protein,17,0.585
protein,17,0.645
protein,17,0.02
protein,17,0.165
protein,17,0.33
protein,17,0.85
protein,17,0.66
protein,17,0.415
protein,17,0.695
protein,17,0.455
protein,17,0.51
protein,17,0.415
protein,17,0.755
protein,17,0.42
protein,17,0.19
protein,17,0.615
protein,17,0.175
protein,17,0.145
protein,17,0.515
protein,17,0.325
protein,17,0.705
protein,17,0.645
protein,17,0.695
protein,17,0.955
protein,17,0.365
protein,17,0.405
protein,17,0.24
protein,17,0.555
protein,17,0.78
protein,17,0.855
protein,17,0.84
protein,17,0.18
protein,17,0.035
protein,17,0.39
protein,17,0.805
protein,17,0.86
protein,17,0.615
protein,17,0.74
protein,17,0.585
protein,17,0.055
protein,17,0.2
protein,17,0.68
protein,17,0.045
protein,17,0.815
protein,17,0.355
protein,17,0.8
protein,17,0.75
protein,17,0.05
protein,17,1.0
protein,17,0.315
protein,17,0.325
protein,17,0.07
protein,17,0.92
protein,17,0.305
protein,17,0.77
protein,17,0.255
protein,17,0.075
protein,17,0.75
protein,17,0.68
protein,17,0.355
protein,17,0.735
protein,17,0.935
protein,17,0.305
protein,17,0.885
protein,30,0.225
protein,30,0.85
protein,30,0.23
protein,30,0.92
protein,30,0.58
protein,30,0.365
protein,30,0.91
protein,30,0.57
protein,30,0.645
protein,30,0.49
protein,30,0.44
protein,30,0.94
protein,30,0.835
protein,30,0.28
protein,30,0.365
protein,30,0.995
protein,30,0.9
protein,30,0.27
protein,30,0.12
protein,30,0.99
protein,30,0.735
protein,30,0.085
protein,30,0.305
protein,30,0.78
protein,30,0.86
protein,30,0.98
protein,30,0.21
protein,30,0.12
protein,30,0.44
protein,30,0.735
protein,30,0.605
protein,30,0.045
protein,30,0.805
protein,30,0.915
protein,30,0.07
protein,30,0.35
protein,30,0.24
protein,30,0.605
protein,30,0.82
protein,30,0.665
protein,30,0.14
protein,30,0.54
protein,30,0.06
protein,30,0.355
protein,30,0.225
protein,30,1.0
protein,30,0.615
protein,30,0.605
protein,30,0.08
protein,30,0.55
protein,30,0.075
protein,30,0.34
protein,30,0.885
protein,30,0.705
protein,30,0.685
protein,30,0.37
protein,30,0.415
protein,30,0.12
protein,30,0.745
protein,30,0.52
protein,30,0.08
protein,30,0.065
protein,30,0.42
protein,30,0.425
protein,30,0.085
protein,30,0.69
protein,30,0.54
protein,30,0.72
protein,30,0.605
protein,30,0.09
protein,30,0.27
protein,30,0.405
protein,30,0.14
protein,30,0.695
protein,30,0.655
protein,30,0.035
protein,30,0.12
protein,30,0.815
protein,30,0.545
protein,30,0.32
protein,30,0.245
protein,30,0.81
protein,30,0.3
protein,30,0.305
protein,30,0.785
protein,30,0.96
protein,30,0.445
protein,30,0.585
protein,30,0.63
protein,30,0.8
protein,30,0.7
protein,30,0.305
protein,30,0.65
protein,30,0.305
protein,30,0.02
protein,30,0.91
protein,30,0.74
protein,30,0.195
protein,30,0.92
protein,30,0.585
protein,30,0.395
protein,30,0.435
protein,30,0.985
protein,30,0.1
protein,30,0.9
protein,30,0.77
protein,30,0.92
protein,30,0.465
protein,30,0.765
protein,30,0.385
protein,30,0.66
protein,30,0.875
protein,30,0.565
protein,30,0.63
protein,30,0.48
protein,30,0.87
protein,30,0.67
protein,30,0.315
protein,30,0.5
protein,30,0.185
protein,30,0.28
protein,30,0.58
protein,30,0.55
protein,30,0.725
protein,30,0.415
protein,30,0.115
protein,30,0.645
protein,30,0.65
protein,30,0.35
protein,30,0.43
protein,30,0.38
protein,30,0.615
protein,30,0.14
protein,30,0.945
protein,30,0.42
protein,30,0.475
protein,30,0.525
protein,30,0.91
protein,30,0.04
protein,30,0.72
protein,30,0.38
protein,30,0.355
protein,30,0.855
protein,30,0.04
protein,30,0.295
protein,30,0.195
protein,30,0.795
protein,30,0.82
protein,30,0.21
protein,30,0.855
protein,30,0.47
protein,30,0.25
protein,30,0.365
protein,30,0.195
protein,30,0.57
protein,30,0.015
protein,30,0.05
protein,30,0.55
protein,30,0.935
protein,30,0.365
protein,30,0.92
protein,30,0.83
protein,30,0.63
protein,30,0.085
protein,30,0.99
protein,30,0.995
protein,30,0.59
protein,30,0.935
protein,30,0.41
protein,30,0.095
protein,30,0.165
protein,30,0.22
protein,30,0.99
protein,30,0.435
protein,30,0.6
protein,30,0.96
protein,30,0.52
protein,30,0.875
protein,30,0.015
protein,30,0.935
protein,30,0.025
protein,30,0.745
protein,30,0.055
protein,30,0.15
protein,30,0.715
protein,30,0.44
protein,30,0.995
protein,30,0.84
protein,30,0.91
protein,30,0.88
protein,30,0.31
protein,30,0.25
protein,30,0.165
protein,30,0.56
protein,30,0.34
protein,30,0.605
protein,30,0.205
protein,30,0.155
protein,30,0.62
protein,30,0.885
protein,30,0.26
protein,30,0.11
protein,30,0.655
protein,30,0.995
protein,30,0.895
protein,30,0.18
protein,30,0.645
protein,30,0.08
protein,30,0.955
protein,30,0.97
protein,30,0.96
protein,30,0.195
protein,30,0.63
protein,30,0.715
protein,30,0.855
protein,30,0.37
protein,30,0.315
protein,30,0.82
protein,30,0.075
protein,30,0.32
protein,30,0.445
protein,30,0.635
protein,30,0.01
protein,30,0.87
protein,30,0.65
protein,30,0.19
protein,30,0.175
protein,30,0.795
protein,30,0.165
protein,30,0.595
protein,30,0.945
protein,30,0.895
protein,30,0.55
protein,30,0.185
protein,30,0.83
protein,30,0.675
protein,30,0.335
protein,30,0.555
protein,30,0.635
protein,30,0.575
protein,30,0.74
protein,30,0.88
protein,30,0.145
protein,30,0.285
protein,30,0.96
protein,30,0.655
protein,30,0.105
protein,30,0.975
protein,30,0.16
protein,30,0.33
protein,30,0.88
protein,30,0.51
protein,30,0.745
protein,30,0.415
protein,30,0.49
protein,30,0.1
protein,30,0.92
protein,30,0.415
protein,30,0.17
protein,30,0.575
protein,30,0.455
protein,30,0.79
protein,30,0.385
protein,30,0.82
protein,30,0.52
protein,30,0.405
protein,30,0.26
protein,30,0.235
protein,30,0.01
protein,30,0.355
protein,30,0.18
protein,30,0.16
protein,30,0.565
protein,30,0.925
protein,30,0.06
protein,30,0.32
protein,30,0.63
protein,30,0.2
protein,30,0.87
protein,30,0.205
protein,30,0.96
protein,30,0.905
protein,30,0.86
protein,30,0.275
protein,30,0.3
protein,30,0.095
protein,30,0.215
protein,30,0.005
protein,30,0.03
protein,30,0.64
protein,30,0.72
protein,30,0.91
protein,30,0.36
protein,30,0.435
protein,30,0.56
protein,30,0.65
protein,30,0.64
protein,30,0.725
protein,30,0.26
protein,30,0.635
protein,30,0.465
protein,30,0.345
protein,30,0.7
protein,30,0.835
protein,30,0.055
protein,30,0.83
protein,30,0.485
protein,30,0.985
protein,30,0.62
protein,30,0.3
protein,30,0.86
protein,30,0.27
protein,30,0.955
protein,30,0.765
protein,30,0.19
protein,30,0.925
protein,30,0.45
protein,30,0.05
protein,30,0.955
protein,30,0.435
protein,30,0.03
protein,30,0.715
protein,30,0.085
protein,30,0.965
protein,30,0.015
protein,30,0.765
protein,30,0.27
protein,30,0.255
protein,30,0.745
protein,30,0.795
protein,30,0.36
protein,30,0.2
protein,30,0.165
protein,30,0.435
protein,30,0.385
protein,30,0.885
protein,30,0.795
protein,30,0.61
protein,30,0.785
protein,30,0.915
protein,30,0.96
protein,30,0.225
protein,30,0.87
protein,30,0.795
protein,30,0.56
protein,30,0.315
protein,30,0.285
protein,30,0.09
protein,30,0.325
protein,30,0.67
protein,30,0.445
protein,30,0.115
protein,30,0.65
protein,30,0.76
protein,30,0.97
protein,30,0.28
protein,30,0.825
protein,30,0.695
protein,30,0.645
protein,30,0.505
protein,30,0.165
protein,30,0.25
protein,30,0.98
protein,30,0.82
protein,30,0.4
protein,30,0.97
protein,30,0.72
protein,30,0.79
protein,30,0.355
protein,30,0.51
protein,30,0.21
protein,30,0.755
protein,30,0.71
protein,30,0.135
protein,30,0.76
protein,30,0.945
protein,30,0.325
protein,30,0.885
protein,30,0.035
protein,30,0.215
protein,30,0.5
protein,30,0.935
protein,30,0.54
protein,30,0.765
protein,30,0.445
protein,30,0.035
protein,30,0.215
protein,30,0.305
protein,30,0.965
protein,30,0.565
protein,30,0.75
protein,30,0.78
protein,30,0.085
protein,30,0.325
protein,30,0.765
protein,30,0.05
protein,30,0.515
protein,30,0.21
protein,30,0.72
protein,30,0.365
protein,30,0.955
protein,30,0.92
protein,30,0.58
protein,30,0.095
protein,30,0.59
protein,30,0.695
protein,30,0.25
protein,30,0.285
protein,30,0.695
protein,30,0.37
protein,30,0.12
protein,30,0.17
protein,30,0.86
protein,30,0.115
protein,30,0.05
protein,30,0.245
protein,30,0.735
protein,30,0.13
protein,30,0.54
protein,30,0.98
protein,30,0.955
protein,30,0.285
protein,30,0.1
protein,30,0.39
protein,30,0.39
protein,30,0.38
protein,30,0.48
protein,30,0.28
protein,30,0.615
protein,30,0.63
protein,30,0.455
protein,30,0.495
protein,30,0.21
protein,30,0.615
protein,30,0.255
protein,30,0.745
protein,30,0.9
protein,30,0.585
protein,30,0.655
protein,30,0.63
protein,30,0.445
protein,30,0.76
protein,30,0.905
protein,30,0.745
protein,30,0.915
protein,30,0.18
protein,30,0.145
protein,30,0.34
protein,30,0.53
protein,30,0.475
protein,30,0.91
protein,30,0.705
protein,30,0.175
protein,30,0.335
protein,30,0.575
protein,30,0.81
protein,30,0.31
protein,30,0.89
protein,30,0.36
protein,30,0.855
protein,30,0.075
protein,30,0.29
protein,30,0.72
protein,30,0.47
protein,30,0.05
protein,30,0.33
protein,30,0.84
protein,30,0.48
protein,30,0.135
protein,30,0.75
protein,30,0.35
protein,30,0.69
protein,30,0.53
protein,30,0.57
protein,30,0.875
protein,30,0.85
protein,30,0.385
protein,30,0.23
protein,30,0.215
protein,30,0.02
protein,30,0.605
protein,30,0.725
protein,30,0.045
protein,30,0.99
protein,30,0.51
protein,30,0.445
protein,30,0.255
protein,30,0.3
protein,30,0.555
protein,30,0.085
protein,30,0.765
protein,30,0.21
protein,30,0.49
protein,30,0.34
protein,30,0.19
protein,30,0.36
protein,30,0.89
protein,30,0.445
protein,30,0.575
protein,30,0.455
protein,30,0.855
protein,30,0.96
protein,30,0.085
protein,30,0.785
protein,30,0.31
protein,30,0.945
protein,30,0.48
protein,30,0.035
protein,30,0.96
protein,30,0.07
protein,30,0.085
protein,30,0.955
protein,30,0.16
protein,30,0.81
protein,30,0.38
protein,30,0.435
protein,30,0.84
protein,30,0.72
protein,30,0.345
protein,30,0.575
protein,30,0.595
protein,30,0.39
protein,30,1.0
protein,30,0.68
protein,30,0.52
protein,30,0.71
protein,30,0.975
protein,30,0.595
protein,30,0.945
protein,30,0.88
protein,30,0.09
protein,30,0.045
protein,30,0.79
protein,30,0.13
protein,30,0.38
protein,30,0.91
protein,30,0.2
protein,30,0.585
protein,30,0.31
protein,30,0.775
protein,30,0.34
protein,30,0.36
protein,30,0.25
protein,30,0.225
protein,30,0.525
protein,30,0.815
protein,30,0.375
protein,30,0.935
protein,30,0.49
protein,30,0.185
protein,30,0.4
protein,30,0.515
protein,30,0.7
protein,30,0.1
protein,30,0.01
protein,30,0.195
protein,30,0.375
protein,30,0.345
protein,30,0.865
protein,30,0.85
protein,30,0.135
protein,30,0.065
protein,30,0.32
protein,30,0.92
protein,30,0.425
protein,30,0.92
protein,30,0.065
protein,30,0.335
protein,30,0.085
protein,30,0.2
protein,30,0.06
protein,30,0.925
protein,30,0.775
protein,30,0.915
protein,30,0.31
protein,30,0.48
protein,30,0.635
protein,30,0.825
protein,30,0.765
protein,30,0.295
protein,30,0.435
protein,30,0.155
protein,30,0.285
protein,30,0.34
protein,30,0.835
protein,30,0.77
protein,30,0.31
protein,30,0.215
protein,30,0.27
protein,30,0.115
protein,30,0.065
protein,30,0.39
protein,30,0.18
protein,30,0.065
protein,30,0.595
protein,30,0.59
protein,30,0.55
protein,30,0.04
protein,30,0.775
protein,30,0.775
protein,30,0.82
protein,30,0.03
protein,30,0.705
protein,30,0.785
protein,30,0.525
protein,30,0.85
protein,30,0.4
protein,30,0.57
protein,30,0.515
protein,30,0.82
protein,30,0.57
protein,30,0.72
protein,30,0.395
protein,30,0.295
protein,30,0.655
protein,30,0.82
protein,30,0.25
protein,30,0.915
protein,30,0.82
protein,30,0.785
protein,30,0.715
protein,30,0.37
protein,30,0.66
protein,30,0.48
protein,30,0.07
protein,30,0.2
protein,30,0.24
protein,30,0.14
protein,30,0.995
protein,30,0.265
protein,30,0.075
protein,30,0.92
protein,30,0.33
protein,30,0.075
protein,30,0.51
protein,30,0.21
protein,30,0.565
protein,30,0.06
protein,30,0.335
protein,30,0.92
protein,30,0.75
protein,30,0.945
protein,30,0.815
protein,30,0.675
protein,30,0.28
protein,30,0.66
protein,30,0.6
protein,30,0.155
protein,30,0.205
protein,30,0.495
protein,30,0.21
protein,30,0.97
protein,30,0.23
protein,30,0.135
protein,30,0.565
protein,30,0.795
protein,30,0.705
protein,30,0.285
protein,30,0.325
protein,30,0.485
protein,30,0.555
protein,30,0.2
protein,30,0.41
protein,30,0.97
protein,30,0.805
protein,30,0.505
protein,30,0.935
protein,30,0.32
protein,30,0.53
protein,30,0.96
protein,30,0.875
protein,30,0.15
protein,30,0.85
protein,30,0.7
protein,30,0.17
protein,30,0.625
protein,30,0.22
protein,30,0.49
protein,30,0.325
protein,30,0.25
protein,30,0.81
protein,30,0.645
protein,30,0.45
protein,30,0.435
protein,30,0.74
protein,30,0.79
protein,30,0.545
protein,30,0.085
protein,30,0.06
protein,30,0.555
protein,30,0.97
protein,30,0.685
protein,30,0.32
protein,30,0.935
protein,30,0.92
protein,30,0.49
protein,30,0.91
protein,30,0.255
protein,30,0.21
protein,30,0.255
protein,30,0.645
protein,30,0.715
protein,30,0.85
protein,30,0.255
protein,30,0.65
protein,30,0.74
protein,30,0.235
protein,30,0.455
protein,30,0.53
protein,30,0.875
protein,30,0.345
protein,30,0.44
protein,30,0.4
protein,30,0.445
protein,30,0.625
protein,30,0.395
protein,30,0.92
protein,30,0.14
protein,30,0.98
protein,30,0.45
protein,30,0.97
protein,30,0.965
protein,30,0.385
protein,30,0.51
protein,30,0.105
protein,30,0.31
protein,30,0.805
protein,30,0.81
protein,30,0.78
protein,30,0.055
protein,30,0.675
protein,30,0.84
protein,30,0.65
protein,30,0.55
protein,30,0.99
protein,30,0.2
protein,30,0.325
protein,30,0.58
protein,30,0.08
protein,30,0.995
protein,30,0.075
protein,30,0.67
protein,30,0.74
protein,30,0.81
protein,30,0.47
protein,30,0.24
protein,30,0.715
protein,30,0.645
protein,30,0.93
protein,30,0.955
protein,30,0.385
protein,30,0.155
protein,30,0.035
protein,30,0.265
protein,30,0.215
protein,30,0.56
protein,30,0.63
protein,30,0.435
protein,30,0.855
protein,30,0.895
protein,30,0.68
protein,30,0.44
protein,30,0.905
protein,30,0.035
protein,30,0.56
protein,30,0.79
protein,30,0.92
protein,30,0.925
protein,30,0.1
protein,30,0.97
protein,30,0.635
protein,30,0.18
protein,30,0.11
protein,30,0.635
protein,30,0.555
protein,30,0.905
protein,30,0.18
protein,30,0.8
protein,30,0.13
protein,30,0.865
protein,30,0.82
protein,30,0.73
protein,30,0.635
protein,30,0.585
protein,30,0.525
protein,30,0.755
protein,30,0.705
protein,30,0.68
protein,30,0.565
protein,30,0.615
protein,30,0.395
protein,30,0.615
protein,30,0.755
protein,30,0.365
protein,30,0.71
protein,30,0.275
protein,30,0.505
protein,30,0.17
protein,30,0.79
protein,30,0.77
protein,30,0.575
protein,30,0.015
protein,30,0.45
protein,30,0.28
protein,30,0.5
protein,30,0.585
protein,30,0.28
protein,30,0.43
protein,30,0.205
protein,30,0.38
protein,30,0.13
protein,30,0.215
protein,30,0.8
protein,30,0.685
protein,30,0.365
protein,30,0.82
protein,30,0.82
protein,30,0.86
protein,30,0.665
protein,30,0.42
protein,30,0.56
protein,30,0.99
protein,30,0.91
protein,30,0.195
protein,30,0.035
protein,30,0.615
protein,30,0.94
protein,30,0.93
protein,30,0.175
protein,30,0.64
protein,30,0.785
protein,30,0.495
protein,30,0.355
protein,30,0.525
protein,30,0.375
protein,30,0.565
protein,30,0.535
protein,30,0.315
protein,30,0.385
protein,30,0.945
protein,30,0.59
protein,30,0.625
protein,30,0.67
protein,30,0.22
protein,30,0.85
protein,30,0.605
protein,30,0.4
protein,30,0.11
protein,30,0.745
protein,30,0.545
protein,30,0.265
protein,30,0.25
protein,30,0.745
protein,30,0.01
protein,30,0.995
protein,30,0.65
protein,30,0.65
protein,30,0.37
protein,30,0.36
protein,30,0.335
protein,30,0.97
protein,30,0.375
protein,30,0.26
protein,30,0.755
protein,30,0.83
protein,30,0.655
protein,30,0.62
protein,30,0.355
protein,30,0.69
protein,30,0.53
protein,30,0.55
protein,30,0.995
protein,30,0.87
protein,30,0.345
protein,30,0.815
protein,30,0.165
protein,30,0.51
protein,30,0.575
protein,30,0.625
protein,30,0.255
protein,30,0.74
protein,30,0.42
protein,30,0.865
protein,30,0.42
protein,30,0.01
protein,30,0.865
protein,30,0.465
protein,30,0.515
protein,30,0.32
protein,30,0.36
protein,30,0.63
protein,30,0.665
protein,30,0.065
protein,30,0.725
protein,30,0.725
protein,30,0.73
protein,30,0.25
protein,30,0.995
protein,30,0.2
protein,30,0.315
protein,30,0.425
protein,30,0.145
protein,30,0.265
protein,30,0.19
protein,30,0.63
protein,30,0.555
protein,30,0.495
protein,30,0.8
protein,30,0.505
protein,30,0.715
protein,30,0.05
protein,30,0.65
protein,30,0.625
protein,30,0.495
protein,30,0.195
protein,30,0.7
protein,30,0.44
protein,30,0.35
protein,30,0.47
protein,30,0.89
protein,30,0.555
protein,30,0.1
protein,30,0.2
protein,30,0.785
protein,30,0.595
protein,30,0.27
protein,30,0.395
protein,30,0.385
protein,30,0.34
protein,30,0.97
protein,30,0.55
protein,30,0.505
protein,30,0.845
protein,30,0.68
protein,30,0.265
protein,30,0.1
protein,30,0.685
protein,30,0.525
protein,30,0.285
protein,30,0.145
protein,30,0.92
protein,30,0.74
protein,30,0.94
protein,30,0.925
protein,30,0.32
protein,30,0.9
protein,30,0.78
protein,30,0.425
protein,30,0.08
protein,30,0.125
protein,30,0.86
protein,30,0.435
protein,30,0.49
protein,30,0.16
protein,30,0.35
protein,30,0.625
protein,30,0.215
protein,30,0.885
protein,30,0.405
protein,30,0.8
protein,30,0.8
protein,30,0.01
protein,30,0.485
protein,30,0.315
protein,30,0.195
protein,30,0.65
protein,30,0.6
protein,30,0.49
protein,30,0.845
protein,30,0.255
protein,30,0.455
protein,30,0.145
protein,30,0.89
protein,30,0.175
protein,30,0.805
protein,30,0.79
protein,30,0.465
protein,30,0.335
protein,30,0.645
protein,30,0.875
protein,30,0.21
protein,30,0.985
protein,30,0.01
protein,30,0.79
protein,30,0.905
protein,30,0.17
protein,30,0.935
protein,30,0.86
protein,30,0.52
protein,30,0.76
protein,30,0.17
protein,30,0.675
protein,30,0.585
protein,30,0.47
protein,30,0.46
protein,30,0.815
protein,30,0.565
protein,30,0.56
protein,30,0.06
protein,30,0.755
protein,30,0.78
protein,30,0.04
protein,30,0.165
protein,30,0.745
protein,30,0.895
protein,30,0.585
protein,30,0.03
protein,30,0.995
protein,30,0.83
protein,30,0.62
protein,30,0.165
protein,30,0.525
protein,30,0.95
protein,30,0.68
protein,30,0.22
protein,30,0.085
protein,30,0.925
protein,30,0.295
protein,30,0.755
protein,30,0.125
protein,30,0.7
protein,30,0.42
protein,30,0.37
protein,30,0.205
protein,30,0.02
protein,30,0.085
protein,30,0.255
protein,30,0.58
protein,30,0.545
protein,30,0.015
protein,30,0.145
protein,30,0.64
protein,30,0.275
protein,30,0.4
protein,30,0.99
protein,30,0.48
protein,30,0.19
protein,30,0.585
protein,30,0.355
protein,30,0.085
protein,30,0.055
protein,30,0.41
protein,30,0.35
protein,30,0.96
protein,30,0.29
protein,30,0.95
protein,30,0.69
protein,30,0.61
protein,30,0.57
protein,30,0.46
protein,30,0.685
protein,30,0.39
protein,30,0.495
protein,30,0.925
protein,30,0.71
protein,30,0.125
protein,30,0.75
protein,30,0.53
protein,30,0.97
protein,30,0.86
protein,30,0.83
protein,30,0.045
protein,30,0.975
protein,30,0.96
protein,30,0.545
protein,30,0.595
protein,30,0.345
protein,30,0.76
protein,30,0.32
protein,30,0.65
protein,30,0.82
protein,30,0.355
protein,30,0.995
protein,30,0.81
protein,30,0.955
protein,30,0.075
protein,30,0.48
protein,30,0.575
protein,30,0.83
protein,30,0.01
protein,30,0.965
protein,30,0.52
protein,30,0.565
protein,30,0.475
protein,30,0.17
protein,30,0.175
protein,30,0.225
protein,30,0.515
protein,30,0.545
protein,30,0.9
protein,30,0.745
protein,30,0.93
protein,30,0.975
protein,30,0.21
protein,30,0.945
protein,30,0.31
protein,30,0.045
protein,30,0.825
protein,30,0.3
protein,30,0.96
protein,30,0.66
protein,30,0.38
protein,30,0.135
protein,30,0.88
protein,30,0.97
protein,30,0.96
protein,30,0.105
protein,30,0.23
protein,30,0.955
protein,30,0.21
protein,30,0.7
protein,30,0.545
protein,30,0.85
protein,30,0.8
protein,30,0.825
protein,30,0.32
protein,30,0.02
protein,30,0.19
protein,30,0.515
protein,30,0.945
protein,30,0.06
protein,30,0.795
protein,30,0.295
protein,30,0.325
protein,30,0.655
protein,30,0.295
protein,30,0.18
protein,30,0.165
protein,30,0.62
protein,30,0.15
protein,30,0.09
protein,30,0.56
protein,30,0.93
protein,30,0.025
protein,30,0.745
protein,30,0.565
protein,30,0.55
protein,30,0.165
protein,30,0.295
protein,30,0.295
protein,30,0.5
protein,30,0.14
protein,30,0.755
protein,30,0.82
protein,30,0.735
protein,30,0.95
protein,30,0.665
protein,30,0.48
protein,30,0.195
protein,30,0.47
protein,30,0.095
protein,30,0.17
protein,30,0.1
protein,30,0.005
protein,30,0.45
protein,30,0.385
protein,30,0.635
protein,30,0.145
protein,30,0.32
protein,30,0.67
protein,30,0.55
protein,30,0.585
protein,30,0.525
protein,30,0.4
protein,30,0.405
protein,30,0.825
protein,30,0.055
protein,30,0.215
protein,30,0.33
protein,30,0.605
protein,30,0.335
protein,30,0.34
protein,30,0.59
protein,30,0.305
protein,30,0.155
protein,30,0.89
protein,30,0.72
protein,30,0.905
protein,30,0.645
protein,30,0.3
protein,30,0.985
protein,30,0.89
protein,30,0.045
protein,30,0.345
protein,30,0.72
protein,30,0.15
protein,30,0.085
protein,30,0.765
protein,30,0.9
protein,30,0.955
protein,30,0.345
protein,30,0.065
protein,30,0.29
protein,30,0.605
protein,30,0.585
protein,30,0.37
protein,30,0.455
protein,30,0.42
protein,30,0.655
protein,30,0.235
protein,30,0.45
protein,30,0.74
protein,30,0.78
protein,30,0.26
protein,30,0.47
protein,30,0.16
protein,30,0.39
protein,30,0.12
protein,30,0.2
protein,30,0.225
protein,30,0.92
protein,30,0.01
protein,30,0.64
protein,30,0.09
protein,30,0.655
protein,30,0.03
protein,30,0.595
protein,30,0.71
protein,30,0.59
protein,30,0.235
protein,30,0.28
protein,30,0.6
protein,30,0.77
protein,30,0.95
protein,30,0.325
protein,30,0.48
protein,30,0.25
protein,30,0.12
protein,30,0.565
protein,30,0.78
protein,30,0.67
protein,30,0.9
protein,30,0.675
protein,30,0.715
protein,30,0.03
protein,30,0.5
protein,30,0.985
protein,30,0.015
protein,30,0.85
protein,30,0.86
protein,30,0.875
protein,30,0.82
protein,30,0.655
protein,30,0.99
protein,30,0.325
protein,30,0.3
protein,30,0.55
protein,30,0.09
protein,30,0.39
protein,30,0.05
protein,30,0.08
protein,30,0.065
protein,30,0.95
protein,30,0.45
protein,30,0.915
protein,30,0.645
protein,30,0.63
protein,30,0.805
protein,30,0.79
protein,30,0.055
protein,30,0.385
protein,30,0.93
protein,30,0.16
protein,30,0.135
protein,30,0.275
protein,30,0.28
protein,30,0.515
protein,30,0.875
protein,30,0.665
protein,30,0.095
protein,30,0.58
protein,30,0.965
protein,30,0.21
protein,30,0.815
protein,30,0.635
protein,30,0.005
protein,30,0.955
protein,30,0.545
protein,30,0.175
protein,30,0.145
protein,30,0.045
protein,30,0.39
protein,30,0.69
protein,30,0.56
protein,30,0.7
protein,30,0.18
protein,30,0.54
protein,30,0.675
protein,30,0.015
protein,30,0.235
protein,30,0.295
protein,30,0.885
protein,30,0.505
protein,30,0.63
protein,30,0.085
protein,30,0.88
protein,30,0.985
protein,30,0.77
protein,30,0.405
protein,30,0.245
protein,30,0.21
protein,30,0.33
protein,30,0.92
protein,30,0.065
protein,30,0.42
protein,30,0.995
protein,30,0.835
protein,30,0.325
protein,30,0.42
protein,30,0.26
protein,30,1.0
protein,30,0.665
protein,30,0.72
protein,30,0.18
protein,30,0.35
protein,30,0.255
protein,30,0.73
protein,30,0.875
protein,30,0.445
protein,30,0.17
protein,30,0.985
protein,30,0.905
protein,30,0.18
protein,30,0.94
protein,30,0.17
protein,30,0.785
protein,30,0.025
protein,30,0.95
protein,30,0.99
protein,30,0.705
protein,30,0.095
protein,30,0.66
protein,30,0.91
protein,30,0.675
protein,30,0.05
protein,30,0.23
protein,30,0.455
protein,30,0.185
protein,30,0.375
protein,30,0.175
protein,30,0.005
protein,30,0.63
protein,30,0.45
protein,30,0.695
protein,30,0.115
protein,30,0.19
protein,30,0.125
protein,30,0.41
protein,30,0.99
protein,30,0.155
protein,30,0.02
protein,30,0.77
protein,30,0.075
protein,30,0.16
protein,30,0.055
protein,30,0.045
protein,30,0.275
protein,30,0.695
protein,30,0.23
protein,30,0.87
protein,30,0.845
protein,30,0.71
protein,30,0.35
protein,30,0.93
protein,30,0.7
protein,30,0.365
protein,30,0.54
protein,30,0.92
protein,30,0.655
protein,30,0.8
protein,30,0.665
protein,30,0.755
protein,30,0.11
protein,30,0.78
protein,30,0.02
protein,30,0.725
protein,30,0.795
protein,30,0.32
protein,30,0.36
protein,30,0.895
protein,30,0.9
protein,30,0.42
protein,30,0.325
protein,30,0.56
protein,30,0.295
protein,30,0.155
protein,30,0.83
protein,30,0.36
protein,30,0.82
protein,30,0.835
protein,30,0.135
protein,30,0.845
protein,30,0.325
protein,30,0.745
protein,30,0.495
protein,30,0.62
protein,30,0.125
protein,30,0.85
protein,30,0.005
protein,30,0.92
protein,30,0.145
protein,30,0.905
protein,30,0.115
protein,30,0.365
protein,30,0.995
protein,30,0.185
protein,30,0.35
protein,30,0.19
protein,30,0.76
protein,30,0.44
protein,30,0.72
protein,30,0.665
protein,30,0.815
protein,30,0.535
protein,30,0.69
protein,30,0.99
protein,30,0.29
protein,30,0.45
protein,30,0.78
protein,30,0.41
protein,30,0.56
protein,30,0.185
protein,30,0.065
protein,30,0.17
protein,30,0.4
protein,30,0.305
protein,30,0.005
protein,30,0.435
protein,30,0.865
protein,30,0.155
protein,30,0.565
protein,30,0.99
protein,30,0.14
protein,30,0.57
protein,30,0.885
protein,30,0.885
protein,30,0.065
protein,30,0.615
protein,30,0.315
protein,30,0.975
protein,30,0.155
protein,30,0.195
protein,30,0.455
protein,30,0.15
protein,30,0.545
protein,30,0.715
protein,30,0.625
protein,30,0.455
protein,30,0.79
protein,30,0.915
protein,30,0.98
protein,30,0.315
protein,30,0.22
protein,30,0.53
protein,30,0.52
protein,30,0.685
protein,30,0.165
protein,30,0.275
protein,30,0.715
protein,30,0.07
protein,30,0.335
protein,30,0.915
protein,30,0.13
protein,30,0.39
protein,30,0.74
protein,30,0.49
protein,30,0.2
protein,30,0.505
protein,30,0.32
protein,30,0.995
protein,30,0.05
protein,30,0.56
protein,30,0.48
protein,30,0.38
protein,30,0.17
protein,30,0.75
protein,30,0.085
protein,30,0.85
protein,30,0.755
protein,30,0.255
protein,30,0.5
protein,30,0.115
protein,30,0.77
protein,30,0.835
protein,30,0.21
protein,30,0.68
protein,30,0.765
protein,30,0.29
protein,30,0.71
protein,30,0.88
protein,30,0.425
protein,30,0.555
protein,30,0.19
protein,30,0.595
protein,30,0.41
protein,30,0.27
protein,30,0.415
protein,30,0.895
protein,30,0.665
protein,30,0.65
protein,30,0.97
protein,30,0.86
protein,30,0.12
protein,30,0.215
protein,30,0.625
protein,30,0.08
protein,30,0.07
protein,30,0.94
protein,30,0.285
protein,30,0.1
protein,30,0.46
protein,30,0.955
protein,30,0.27
protein,30,0.125
protein,30,0.665
protein,30,0.885
protein,30,0.95
protein,30,0.375
protein,30,0.125
protein,30,0.375
protein,30,0.46
protein,30,0.42
protein,30,0.995
protein,30,0.38
protein,30,0.955
protein,30,0.09
protein,30,0.435
protein,30,0.75
protein,30,0.78
protein,30,0.975
protein,30,0.93
protein,30,0.325
protein,30,0.925
protein,30,0.5
protein,30,0.655
protein,30,0.975
protein,30,0.765
protein,30,0.595
protein,30,0.18
protein,30,0.73
protein,30,0.58
protein,30,0.34
protein,30,0.325
protein,30,0.745
protein,30,0.675
protein,30,0.695
protein,30,0.09
protein,30,0.465
protein,30,0.515
protein,30,0.875
protein,30,0.66
protein,30,0.43
protein,30,0.375
protein,30,0.915
protein,30,0.21
protein,30,0.74
protein,30,0.795
protein,30,0.01
protein,30,0.815
protein,30,0.6
protein,30,0.265
protein,30,0.725
protein,30,0.895
protein,30,0.225
protein,30,0.65
protein,30,0.825
protein,30,0.365
protein,30,0.905
protein,30,0.69
protein,30,0.33
protein,30,0.495
protein,30,0.65
protein,30,0.88
protein,30,0.64
protein,30,0.48
protein,30,0.835
protein,30,0.325
protein,30,0.905
protein,30,0.755
protein,30,0.805
protein,30,0.225
protein,30,0.37
protein,30,0.555
protein,30,0.65
protein,30,0.925
protein,30,0.785
protein,30,0.85
protein,30,0.455
protein,30,0.17
protein,30,0.21
protein,30,0.01
protein,30,0.03
protein,30,0.21
protein,30,0.57
protein,30,0.425
protein,30,0.285
protein,30,0.96
protein,30,0.83
protein,30,0.42
protein,30,0.05
protein,30,0.235
protein,30,0.565
protein,30,0.805
protein,30,0.755
protein,30,0.525
protein,30,0.87
protein,30,0.625
protein,30,0.555
protein,30,0.89
protein,30,0.01
protein,30,0.05
protein,30,0.665
protein,30,0.505
protein,30,0.205
protein,30,0.12
protein,30,0.59
protein,30,0.625
protein,30,0.405
protein,30,0.98
protein,30,0.545
protein,30,0.555
protein,30,0.695
protein,30,0.8
protein,30,0.71
protein,30,0.665
protein,30,0.84
protein,30,0.36
protein,30,0.45
protein,30,0.24
protein,30,0.76
protein,30,1.0
protein,30,0.245
protein,30,0.35
protein,30,0.055
protein,30,0.48
protein,30,0.79
protein,30,0.63
protein,30,0.035
protein,30,0.815
protein,30,0.37
protein,30,0.165
protein,30,0.64
protein,30,0.14
protein,30,0.245
protein,30,0.845
protein,30,0.995
protein,30,0.57
protein,30,0.33
protein,30,0.64
protein,30,0.62
protein,30,0.265
protein,30,0.885
protein,30,0.305
protein,30,0.41
protein,30,0.68
protein,30,0.015
protein,30,0.345
protein,30,0.775
protein,30,0.77
protein,30,0.925
protein,30,0.285
protein,30,0.435
protein,30,0.91
protein,30,0.31
protein,30,0.6
protein,30,0.555
protein,30,0.91
protein,30,0.57
protein,30,0.62
protein,30,0.06
protein,30,0.615
protein,30,0.405
protein,30,0.98
protein,30,0.445
protein,30,0.535
protein,30,0.475
protein,30,0.48
protein,30,0.09
protein,30,0.97
protein,30,0.31
protein,30,0.1
protein,30,0.085
protein,30,0.565
protein,30,0.06
protein,30,0.405
protein,30,0.935
protein,30,0.595
protein,30,0.72
protein,30,0.84
protein,30,0.565
protein,30,0.205
protein,30,1.0
protein,30,0.135
protein,30,0.6
protein,30,0.785
protein,30,0.46
protein,30,0.68
protein,30,0.995
protein,30,0.01
protein,30,0.84
protein,30,0.86
protein,30,0.665
protein,30,0.885
protein,30,0.32
protein,30,0.94
protein,30,0.945
protein,30,0.02
protein,30,0.41
protein,30,1.0
protein,30,0.845
protein,30,0.21
protein,30,0.855
protein,30,0.915
protein,30,0.665
protein,30,0.23
protein,30,0.11
protein,30,0.545
protein,30,0.545
protein,30,0.94
protein,30,0.005
protein,30,0.02
protein,30,0.51
protein,30,0.88
protein,30,0.83
protein,30,0.505
protein,30,0.955
protein,30,0.65
protein,30,0.755
protein,30,0.585
protein,30,0.61
protein,30,0.85
protein,30,0.07
protein,30,0.02
protein,30,0.635
protein,30,0.315
protein,30,0.3
protein,30,0.845
protein,30,0.4
protein,30,0.87
protein,30,0.135
protein,30,0.92
protein,30,0.725
protein,30,0.665
protein,30,0.565
protein,30,0.27
protein,30,0.105
protein,30,0.74
protein,30,0.23
protein,30,0.175
protein,30,0.71
protein,30,0.585
protein,30,0.365
protein,30,0.235
protein,30,0.125
protein,30,0.175
protein,30,0.345
protein,30,0.675
protein,30,0.445
protein,30,0.345
protein,30,0.785
protein,30,0.895
protein,30,0.085
protein,30,0.68
protein,30,0.835
protein,30,0.12
protein,30,0.235
protein,30,0.61
protein,30,0.24
protein,30,0.65
protein,30,0.225
protein,30,0.42
protein,30,0.74
protein,30,0.9
protein,30,0.29
protein,30,0.92
protein,30,0.73
protein,30,0.98
protein,30,0.57
protein,30,0.97
protein,30,0.745
protein,30,0.125
protein,30,0.93
protein,30,0.6
protein,30,0.66
protein,30,0.785
protein,30,0.37
protein,30,0.105
protein,30,0.3
protein,30,0.255
protein,30,0.27
protein,30,0.01
protein,30,0.445
protein,30,0.74
protein,30,1.0
protein,30,0.19
protein,30,0.04
protein,30,0.16
protein,30,0.08
protein,30,0.14
protein,30,0.94
protein,50,0.8
protein,50,0.245
protein,50,0.725
protein,50,0.455
protein,50,0.46
protein,50,0.885
protein,50,0.975
protein,50,0.85
protein,50,0.325
protein,50,0.82
protein,50,0.305
protein,50,0.15
protein,50,0.545
protein,50,0.15
protein,50,0.45
protein,50,0.21
protein,50,0.02
protein,50,0.08
protein,50,0.065
protein,50,0.525
protein,50,0.205
protein,50,0.695
protein,50,0.855
protein,50,0.985
protein,50,0.815
protein,50,0.79
protein,50,0.17
protein,50,0.07
protein,50,0.145
protein,50,0.855
protein,50,0.62
protein,50,0.87
protein,50,0.24
protein,50,0.485
protein,50,0.375
protein,50,0.88
protein,50,0.61
protein,50,0.73
protein,50,0.35
protein,50,0.405
protein,50,0.89
protein,50,0.405
protein,50,0.165
protein,50,0.35
protein,50,0.585
protein,50,0.64
protein,50,0.86
protein,50,0.11
protein,50,0.785
protein,50,0.995
protein,50,0.37
protein,50,0.925
protein,50,0.98
protein,50,0.86
protein,50,0.72
protein,50,0.975
protein,50,0.185
protein,50,0.71
protein,50,0.585
protein,50,0.62
protein,50,0.37
protein,50,0.92
protein,50,0.32
protein,50,0.985
protein,50,0.54
protein,50,0.515
protein,50,0.11
protein,50,0.865
protein,50,0.79
protein,50,0.51
protein,50,0.29
protein,50,0.13
protein,50,0.01
protein,50,0.65
protein,50,0.885
protein,50,0.17
protein,50,0.455
protein,50,0.655
protein,50,0.935
protein,50,0.5
protein,50,0.35
protein,50,0.59
protein,50,0.1
protein,50,0.095
protein,50,0.095
protein,50,0.68
protein,50,0.445
protein,50,0.98
protein,50,0.96
protein,50,0.085
protein,50,0.765
protein,50,0.665
protein,50,0.19
protein,50,0.8
protein,50,0.225
protein,50,0.845
protein,50,0.535
protein,50,0.085
protein,50,0.525
protein,50,0.02
protein,50,0.44
protein,50,0.28
protein,50,0.365
protein,50,0.305
protein,50,0.675
protein,50,0.9
protein,50,0.13
protein,50,0.175
protein,50,0.77
protein,50,0.095
protein,50,0.765
protein,50,0.805
protein,50,0.135
protein,50,0.475
protein,50,0.295
protein,50,0.345
protein,50,0.775
protein,50,0.97
protein,50,0.225
protein,50,0.93
protein,50,0.83
protein,50,0.365
protein,50,0.98
protein,50,0.215
protein,50,0.01
protein,50,0.455
protein,50,0.625
protein,50,0.31
protein,50,0.275
protein,50,0.145
protein,50,0.385
protein,50,0.135
protein,50,0.33
protein,50,0.63
protein,50,0.9
protein,50,0.72
protein,50,0.295
protein,50,0.22
protein,50,0.365
protein,50,0.21
protein,50,0.955
protein,50,0.805
protein,50,0.195
protein,50,0.54
protein,50,0.915
protein,50,0.615
protein,50,0.225
protein,50,0.47
protein,50,0.525
protein,50,0.61
protein,50,0.76
protein,50,0.815
protein,50,0.6
protein,50,0.995
protein,50,0.535
protein,50,0.21
protein,50,1.0
protein,50,0.395
protein,50,0.665
protein,50,0.865
protein,50,0.89
protein,50,0.64
protein,50,0.005
protein,50,0.57
protein,50,0.595
protein,50,0.68
protein,50,0.37
protein,50,0.925
protein,50,0.185
protein,50,0.315
protein,50,0.715
protein,50,0.435
protein,50,0.215
protein,50,0.42
protein,50,0.035
protein,50,0.075
protein,50,0.365
protein,50,0.525
protein,50,0.245
protein,50,0.76
protein,50,0.31
protein,50,0.88
protein,50,0.28
protein,50,0.86
protein,50,0.97
protein,50,0.555
protein,50,0.03
protein,50,0.885
protein,50,0.155
protein,50,0.63
protein,50,0.605
protein,50,0.105
protein,50,0.055
protein,50,0.22
protein,50,0.32
protein,50,0.72
protein,50,0.665
protein,50,0.645
protein,50,0.21
protein,50,0.865
protein,50,0.89
protein,50,0.925
protein,50,0.43
protein,50,0.185
protein,50,0.525
protein,50,0.015
protein,50,0.97
protein,50,0.715
protein,50,0.38
protein,50,0.805
protein,50,0.215
protein,50,0.91
protein,50,0.785
protein,50,0.765
protein,50,0.17
protein,50,0.215
protein,50,0.085
protein,50,0.685
protein,50,0.965
protein,50,0.815
protein,50,0.38
protein,50,0.685
protein,50,0.635
protein,50,0.865
protein,50,0.215
protein,50,0.92
protein,50,0.08
protein,50,0.825
protein,50,0.995
protein,50,0.53
protein,50,0.035
protein,50,0.21
protein,50,0.165
protein,50,0.11
protein,50,0.925
protein,50,0.99
protein,50,0.395
protein,50,0.31
protein,50,0.625
protein,50,0.775
protein,50,0.235
protein,50,0.745
protein,50,0.77
protein,50,0.07
protein,50,0.07
protein,50,0.335
protein,50,0.515
protein,50,0.1
protein,50,0.52
protein,50,0.355
protein,50,0.14
protein,50,0.495
protein,50,0.205
protein,50,0.425
protein,50,0.68
protein,50,0.11
protein,50,0.555
protein,50,0.575
protein,50,0.14
protein,50,0.47
protein,50,0.63
protein,50,0.1
protein,50,0.995
protein,50,0.195
protein,50,0.66
protein,50,0.755
protein,50,0.175
protein,50,0.99
protein,50,0.92
protein,50,0.65
protein,50,0.32
protein,50,0.755
protein,50,0.87
protein,50,0.745
protein,50,0.36
protein,50,0.15
protein,50,0.255
protein,50,0.87
protein,50,0.835
protein,50,0.075
protein,50,0.995
protein,50,0.08
protein,50,0.165
protein,50,0.535
protein,50,0.835
protein,50,0.4
protein,50,0.675
protein,50,0.73
protein,50,0.61
protein,50,0.4
protein,50,0.495
protein,50,0.765
protein,50,0.89
protein,50,0.695
protein,50,0.695
protein,50,0.24
protein,50,0.08
protein,50,0.395
protein,50,0.815
protein,50,0.5
protein,50,0.74
protein,50,0.51
protein,50,0.58
protein,50,0.745
protein,50,0.01
protein,50,0.49
protein,50,0.445
protein,50,0.455
protein,50,0.575
protein,50,0.48
protein,50,0.415
protein,50,0.315
protein,50,0.315
protein,50,0.07
protein,50,0.9
protein,50,0.095
protein,50,0.635
protein,50,0.755
protein,50,0.16
protein,50,0.24
protein,50,0.755
protein,50,0.58
protein,50,0.91
protein,50,0.4
protein,50,0.82
protein,50,0.99
protein,50,0.48
protein,50,0.175
protein,50,0.09
protein,50,0.5
protein,50,0.915
protein,50,0.365
protein,50,0.705
protein,50,0.18
protein,50,0.33
protein,50,0.745
protein,50,0.33
protein,50,0.425
protein,50,0.41
protein,50,0.925
protein,50,0.31
protein,50,0.305
protein,50,0.605
protein,50,0.53
protein,50,0.965
protein,50,0.785
protein,50,0.115
protein,50,0.99
protein,50,0.32
protein,50,0.86
protein,50,0.29
protein,50,0.345
protein,50,0.79
protein,50,0.96
protein,50,0.56
protein,50,0.1
protein,50,0.49
protein,50,0.81
protein,50,0.68
protein,50,0.195
protein,50,0.08
protein,50,0.57
protein,50,0.29
protein,50,0.115
protein,50,0.07
protein,50,0.41
protein,50,0.26
protein,50,0.01
protein,50,0.805
protein,50,0.35
protein,50,0.58
protein,50,0.705
protein,50,0.195
protein,50,0.73
protein,50,0.275
protein,50,0.545
protein,50,0.15
protein,50,0.21
protein,50,0.265
protein,50,0.505
protein,50,0.645
protein,50,0.415
protein,50,0.995
protein,50,0.14
protein,50,0.39
protein,50,0.405
protein,50,0.195
protein,50,0.11
protein,50,0.915
protein,50,0.195
protein,50,0.74
protein,50,0.745
protein,50,0.42
protein,50,0.22
protein,50,0.905
protein,50,0.495
protein,50,0.385
protein,50,0.645
protein,50,0.165
protein,50,0.64
protein,50,0.755
protein,50,0.215
protein,50,0.475
protein,50,0.38
protein,50,0.125
protein,50,0.82
protein,50,0.415
protein,50,0.985
protein,50,0.18
protein,50,0.97
protein,50,0.81
protein,50,0.24
protein,50,0.425
protein,50,0.44
protein,50,0.705
protein,50,0.54
protein,50,0.195
protein,50,0.23
protein,50,0.44
protein,50,0.74
protein,50,0.455
protein,50,0.22
protein,50,0.25
protein,50,0.5
protein,50,0.735
protein,50,0.735
protein,50,0.985
protein,50,0.015
protein,50,0.22
protein,50,0.4
protein,50,0.47
protein,50,0.01
protein,50,0.44
protein,50,0.305
protein,50,0.64
protein,50,0.295
protein,50,0.825
protein,50,0.51
protein,50,0.045
protein,50,0.92
protein,50,1.0
protein,50,0.345
protein,50,0.775
protein,50,0.455
protein,50,0.345
protein,50,0.505
protein,50,0.465
protein,50,0.74
protein,50,0.35
protein,50,0.285
protein,50,0.795
protein,50,0.955
protein,50,0.09
protein,50,0.1
protein,50,0.055
protein,50,0.925
protein,50,0.12
protein,50,0.63
protein,50,0.39
protein,50,0.93
protein,50,0.65
protein,50,0.1
protein,50,0.085
protein,50,0.035
protein,50,0.54
protein,50,0.485
protein,50,0.125
protein,50,0.81
protein,50,0.635
protein,50,0.205
protein,50,0.145
protein,50,0.325
protein,50,0.335
protein,50,0.995
protein,50,0.98
protein,50,0.97
protein,50,0.13
protein,50,0.465
protein,50,0.225
protein,50,0.5
protein,50,0.455
protein,50,0.97
protein,50,0.28
protein,50,0.665
protein,50,0.055
protein,50,0.14
protein,50,0.2
protein,50,0.87
protein,50,0.45
protein,50,0.825
protein,50,0.455
protein,50,0.84
protein,50,0.345
protein,50,0.13
protein,50,0.66
protein,50,0.255
protein,50,0.155
protein,50,0.945
protein,50,0.15
protein,50,0.52
protein,50,0.62
protein,50,0.32
protein,50,0.6
protein,50,0.25
protein,50,0.84
protein,50,0.745
protein,50,0.955
protein,50,0.34
protein,50,0.94
protein,50,0.015
protein,50,0.75
protein,50,0.24
protein,50,0.06
protein,50,0.005
protein,50,0.085
protein,50,0.105
protein,50,0.455
protein,50,0.285
protein,50,0.65
protein,50,0.415
protein,50,0.055
protein,50,0.91
protein,50,0.835
protein,50,0.24
protein,50,0.52
protein,50,0.56
protein,50,0.635
protein,50,0.19
protein,50,0.595
protein,50,0.13
protein,50,0.595
protein,50,0.7
protein,50,0.77
protein,50,0.125
protein,50,0.47
protein,50,0.985
protein,50,0.3
protein,50,0.13
protein,50,0.95
protein,50,0.59
protein,50,0.755
protein,50,0.135
protein,50,0.785
protein,50,0.13
protein,50,0.785
protein,50,0.835
protein,50,0.42
protein,50,0.48
protein,50,0.885
protein,50,0.67
protein,50,0.61
protein,50,0.155
protein,50,0.36
protein,50,0.905
protein,50,0.23
protein,50,0.935
protein,50,0.38
protein,50,0.08
protein,50,0.14
protein,50,0.63
protein,50,0.435
protein,50,0.51
protein,50,0.235
protein,50,0.94
protein,50,0.215
protein,50,0.925
protein,50,0.315
protein,50,0.11
protein,50,0.175
protein,50,0.72
protein,50,0.72
protein,50,0.86
protein,50,0.47
protein,50,0.905
protein,50,0.77
protein,50,0.875
protein,50,0.325
protein,50,0.84
protein,50,0.29
protein,50,0.795
protein,50,0.42
protein,50,0.475
protein,50,0.625
protein,50,0.445
protein,50,0.575
protein,50,0.235
protein,50,0.805
protein,50,0.265
protein,50,0.85
protein,50,0.165
protein,50,0.61
protein,50,0.26
protein,50,0.09
protein,50,0.125
protein,50,0.51
protein,50,0.91
protein,50,0.88
protein,50,0.055
protein,50,0.47
protein,50,0.795
protein,50,0.205
protein,50,0.37
protein,50,0.87
protein,50,0.465
protein,50,0.355
protein,50,0.02
protein,50,0.71
protein,50,0.575
protein,50,0.405
protein,50,0.865
protein,50,0.995
protein,50,0.82
protein,50,0.13
protein,50,0.765
protein,50,0.345
protein,50,0.655
protein,50,0.115
protein,50,0.705
protein,50,0.08
protein,50,0.995
protein,50,0.675
protein,50,0.365
protein,50,0.36
protein,50,0.465
protein,50,0.605
protein,50,0.035
protein,50,0.435
protein,50,0.56
protein,50,0.265
protein,50,0.14
protein,50,0.33
protein,50,0.585
protein,50,0.015
protein,50,0.605
protein,50,0.575
protein,50,0.305
protein,50,0.975
protein,50,0.11
protein,50,0.075
protein,50,0.08
protein,50,0.455
protein,50,0.405
protein,50,0.795
protein,50,0.555
protein,50,0.555
protein,50,0.46
protein,50,0.525
protein,50,0.515
protein,50,0.98
protein,50,0.955
protein,50,0.29
protein,50,0.12
protein,50,0.33
protein,50,0.935
protein,50,0.165
protein,50,0.61
protein,50,0.52
protein,50,0.98
protein,50,0.74
protein,50,0.93
protein,50,0.59
protein,50,0.74
protein,50,0.89
protein,50,0.535
protein,50,0.55
protein,50,0.065
protein,50,0.155
protein,50,0.415
protein,50,0.23
protein,50,0.1
protein,50,0.96
protein,50,0.12
protein,50,1.0
protein,50,0.48
protein,50,0.275
protein,50,0.96
protein,50,0.225
protein,50,0.825
protein,50,0.185
protein,50,0.33
protein,50,0.8
protein,50,0.22
protein,50,0.88
protein,50,0.87
protein,50,0.27
protein,50,0.3
protein,50,0.035
protein,50,0.39
protein,50,0.115
protein,50,0.5
protein,50,0.14
protein,50,0.015
protein,50,0.005
protein,50,0.95
protein,50,0.21
protein,50,0.51
protein,50,0.965
protein,50,0.265
protein,50,0.37
protein,50,0.82
protein,50,0.685
protein,50,0.04
protein,50,0.18
protein,50,0.265
protein,50,0.4
protein,50,0.31
protein,50,0.555
protein,50,0.825
protein,50,0.05
protein,50,0.265
protein,50,0.145
protein,50,0.565
protein,50,0.265
protein,50,0.925
protein,50,0.565
protein,50,0.295
protein,50,0.31
protein,50,0.49
protein,50,0.105
protein,50,0.14
protein,50,0.24
protein,50,0.835
protein,50,0.2
protein,50,0.46
protein,50,0.195
protein,50,0.285
protein,50,0.09
protein,50,0.02
protein,50,0.695
protein,50,0.505
protein,50,0.365
protein,50,0.57
protein,50,0.01
protein,50,0.895
protein,50,0.075
protein,50,0.46
protein,50,0.455
protein,50,0.15
protein,50,0.35
protein,50,0.12
protein,50,0.815
protein,50,0.665
protein,50,0.85
protein,50,0.545
protein,50,0.03
protein,50,0.755
protein,50,0.865
protein,50,0.47
protein,50,0.94
protein,50,0.85
protein,50,0.185
protein,50,0.38
protein,50,0.13
protein,50,0.525
protein,50,0.775
protein,50,0.645
protein,50,0.175
protein,50,0.23
protein,50,0.66
protein,50,0.185
protein,50,0.4
protein,50,0.435
protein,50,0.145
protein,50,0.2
protein,50,0.6
protein,50,0.99
protein,50,0.69
protein,50,0.67
protein,50,0.72
protein,50,0.825
protein,50,0.31
protein,50,0.635
protein,50,0.91
protein,50,0.45
protein,50,0.515
protein,50,0.88
protein,50,0.045
protein,50,0.815
protein,50,0.6
protein,50,0.535
protein,50,0.535
protein,50,0.61
protein,50,0.76
protein,50,0.435
protein,50,0.4
protein,50,0.365
protein,50,0.98
protein,50,0.11
protein,50,0.165
protein,50,0.055
protein,50,0.42
protein,50,0.375
protein,50,0.49
protein,50,0.745
protein,50,0.94
protein,50,0.06
protein,50,0.595
protein,50,0.185
protein,50,0.325
protein,50,0.795
protein,50,0.14
protein,50,0.155
protein,50,0.245
protein,50,0.57
protein,50,0.66
protein,50,0.62
protein,50,0.72
protein,50,0.14
protein,50,0.815
protein,50,0.415
protein,50,0.11
protein,50,0.53
protein,50,0.14
protein,50,0.615
protein,50,0.47
protein,50,0.115
protein,50,0.005
protein,50,0.24
protein,50,0.69
protein,50,0.645
protein,50,0.18
protein,50,0.17
protein,50,0.23
protein,50,0.39
protein,50,0.805
protein,50,0.01
protein,50,0.39
protein,50,0.41
protein,50,0.26
protein,50,0.24
protein,50,0.81
protein,50,0.31
protein,50,0.39
protein,50,0.045
protein,50,0.22
protein,50,0.88
protein,50,0.27
protein,50,0.62
protein,50,0.135
protein,50,0.12
protein,50,0.665
protein,50,0.31
protein,50,0.395
protein,50,0.235
protein,50,0.02
protein,50,0.525
protein,50,0.645
protein,50,0.655
protein,50,0.165
protein,50,0.03
protein,50,0.445
protein,50,0.48
protein,50,0.885
protein,50,0.945
protein,50,0.68
protein,50,0.57
protein,50,0.575
protein,50,0.095
protein,50,0.49
protein,50,0.91
protein,50,0.915
protein,50,0.61
protein,50,0.45
protein,50,0.075
protein,50,0.21
protein,50,0.83
protein,50,0.72
protein,50,0.24
protein,50,0.9
protein,50,0.815
protein,50,0.83
protein,50,0.82
protein,50,0.535
protein,50,0.385
protein,50,0.93
protein,50,0.175
protein,50,0.46
protein,50,0.01
protein,50,0.35
protein,50,0.86
protein,50,0.9
protein,50,0.03
protein,50,0.315
protein,50,0.19
protein,50,0.94
protein,50,0.065
protein,50,0.275
protein,50,0.655
protein,50,0.155
protein,50,0.485
protein,50,0.415
protein,50,0.305
protein,50,0.72
protein,50,0.595
protein,50,0.065
protein,50,0.995
protein,50,0.78
protein,50,0.83
protein,50,0.395
protein,50,0.395
protein,50,0.815
protein,50,0.15
protein,50,0.975
protein,50,0.955
protein,50,0.325
protein,50,0.34
protein,50,0.705
protein,50,0.955
protein,50,0.455
protein,50,0.05
protein,50,0.325
protein,50,0.64
protein,50,0.045
protein,50,0.375
protein,50,0.25
protein,50,0.715
protein,50,0.28
protein,50,0.11
protein,50,0.17
protein,50,0.965
protein,50,0.695
protein,50,0.545
protein,50,0.52
protein,50,0.345
protein,50,0.085
protein,50,0.505
protein,50,0.405
protein,50,0.97
protein,50,0.905
protein,50,0.975
protein,50,0.54
protein,50,0.685
protein,50,0.255
protein,50,0.075
protein,50,0.525
protein,50,0.545
protein,50,0.43
protein,50,0.17
protein,50,0.885
protein,50,0.575
protein,50,0.33
protein,50,0.785
protein,50,0.9
protein,50,0.11
protein,50,0.3
protein,50,0.46
protein,50,0.335
protein,50,0.08
protein,50,0.375
protein,50,0.765
protein,50,0.595
protein,50,0.295
protein,50,0.275
protein,50,1.0
protein,50,0.6
protein,50,0.655
protein,50,0.375
protein,50,0.915
protein,50,0.065
protein,50,0.07
protein,50,0.74
protein,50,0.29
protein,50,0.695
protein,50,0.735
protein,50,0.61
protein,50,0.95
protein,50,0.63
protein,50,0.715
protein,50,0.015
protein,50,0.11
protein,50,0.795
protein,50,0.265
protein,50,0.775
protein,50,0.53
protein,50,0.515
protein,50,0.355
protein,50,0.77
protein,50,0.01
protein,50,0.405
protein,50,0.46
protein,50,0.045
protein,50,0.15
protein,50,0.9
protein,50,0.115
protein,50,0.805
protein,50,0.02
protein,50,0.12
protein,50,0.365
protein,50,0.26
protein,50,0.02
protein,50,1.0
protein,50,0.33
protein,50,0.32
protein,50,0.99
protein,50,0.645
protein,50,0.205
protein,50,0.515
protein,50,0.96
protein,50,0.66
protein,50,0.085
protein,50,0.945
protein,50,0.55
protein,50,0.04
protein,50,0.885
protein,50,0.885
protein,50,0.455
protein,50,0.29
protein,50,0.15
protein,50,0.08
protein,50,0.34
protein,50,0.255
protein,50,0.135
protein,50,0.95
protein,50,0.605
protein,50,0.61
protein,50,0.68
protein,50,0.425
protein,50,0.695
protein,50,0.69
protein,50,0.495
protein,50,0.845
protein,50,0.55
protein,50,0.98
protein,50,0.9
protein,50,0.75
protein,50,0.245
protein,50,0.41
protein,50,0.2
protein,50,0.04
protein,50,0.995
protein,50,0.53
protein,50,0.09
protein,50,0.815
protein,50,0.805
protein,50,0.495
protein,50,0.63
protein,50,0.535
protein,50,0.715
protein,50,0.085
protein,50,0.575
protein,50,0.475
protein,50,0.265
protein,50,0.655
protein,50,0.265
protein,50,0.275
protein,50,0.385
protein,50,0.26
protein,50,0.825
protein,50,0.995
protein,50,0.65
protein,50,0.585
protein,50,0.09
protein,50,0.875
protein,50,0.87
protein,50,0.4
protein,50,0.145
protein,50,0.315
protein,50,0.825
protein,50,0.86
protein,50,0.6
protein,50,0.29
protein,50,0.675
protein,50,0.43
protein,50,0.835
protein,50,0.535
protein,50,0.195
protein,50,0.925
protein,50,0.98
protein,50,0.85
protein,50,0.74
protein,50,0.425
protein,50,0.815
protein,50,0.445
protein,50,0.535
protein,50,0.76
protein,50,0.745
protein,50,0.29
protein,50,0.67
protein,50,0.36
protein,50,0.79
protein,50,0.155
protein,50,0.075
protein,50,0.95
protein,50,0.855
protein,50,0.79
protein,50,0.18
protein,50,0.625
protein,50,0.14
protein,50,0.11
protein,50,0.78
protein,50,0.645
protein,50,0.28
protein,50,0.845
protein,50,0.375
protein,50,0.64
protein,50,0.7
protein,50,0.625
protein,50,0.83
protein,50,0.835
protein,50,0.625
protein,50,0.275
protein,50,0.6
protein,50,0.975
protein,50,0.915
protein,50,0.705
protein,50,0.91
protein,50,0.63
protein,50,0.705
protein,50,0.075
protein,50,0.78
protein,50,0.305
protein,50,0.52
protein,50,0.575
protein,50,0.04
protein,50,0.31
protein,50,0.495
protein,50,0.385
protein,50,0.21
protein,50,0.415
protein,50,0.715
protein,50,0.235
protein,50,0.085
protein,50,0.115
protein,50,0.99
protein,50,0.06
protein,50,0.355
protein,50,0.31
protein,50,0.695
protein,50,0.24
protein,50,0.17
protein,50,0.285
protein,50,0.045
protein,50,0.42
protein,50,0.25
protein,50,0.215
protein,50,0.97
protein,50,0.16
protein,50,0.19
protein,50,0.925
protein,50,0.33
protein,50,0.25
protein,50,0.065
protein,50,0.675
protein,50,0.495
protein,50,0.24
protein,50,0.405
protein,50,0.55
protein,50,0.545
protein,50,0.245
protein,50,0.07
protein,50,0.845
protein,50,0.23
protein,50,0.61
protein,50,0.155
protein,50,0.895
protein,50,0.23
protein,50,0.1
protein,50,0.22
protein,50,0.295
protein,50,0.26
protein,50,0.985
protein,50,0.42
protein,50,0.055
protein,50,0.76
protein,50,0.91
protein,50,0.885
protein,50,0.33
protein,50,0.295
protein,50,0.47
protein,50,0.825
protein,50,0.105
protein,50,0.635
protein,50,0.595
protein,50,0.89
protein,50,0.62
protein,50,0.99
protein,50,0.305
protein,50,0.125
protein,50,0.505
protein,50,0.11
protein,50,0.415
protein,50,0.59
protein,50,0.5
protein,50,0.935
protein,50,0.385
protein,50,0.855
protein,50,0.625
protein,50,0.26
protein,50,0.185
protein,50,0.78
protein,50,0.705
protein,50,0.865
protein,50,0.42
protein,50,0.93
protein,50,0.885
protein,50,0.395
protein,50,0.83
protein,50,0.595
protein,50,0.785
protein,50,0.375
protein,50,0.065
protein,50,0.44
protein,50,0.5
protein,50,0.865
protein,50,0.48
protein,50,0.02
protein,50,0.505
protein,50,0.29
protein,50,0.705
protein,50,0.7
protein,50,0.38
protein,50,0.22
protein,50,0.48
protein,50,0.405
protein,50,0.965
protein,50,0.9
protein,50,0.54
protein,50,0.825
protein,50,0.62
protein,50,0.615
protein,50,0.34
protein,50,0.645
protein,50,0.115
protein,50,0.49
protein,50,0.08
protein,50,0.135
protein,50,0.865
protein,50,0.7
protein,50,0.685
protein,50,0.055
protein,50,0.38
protein,50,0.77
protein,50,0.035
protein,50,0.075
protein,50,0.56
protein,50,0.78
protein,50,0.405
protein,50,0.21
protein,50,0.18
protein,50,0.35
protein,50,0.45
protein,50,0.15
protein,50,0.245
protein,50,0.96
protein,50,0.345
protein,50,0.23
protein,50,0.915
protein,50,0.92
protein,50,0.605
protein,50,0.19
protein,50,0.445
protein,50,0.075
protein,50,0.44
protein,50,0.435
protein,50,0.45
protein,50,0.43
protein,50,0.46
protein,50,0.53
protein,50,0.295
protein,50,0.07
protein,50,0.095
protein,50,0.725
protein,50,0.855
protein,50,0.49
protein,50,0.96
protein,50,0.7
protein,50,0.61
protein,50,0.035
protein,50,0.585
protein,50,0.185
protein,50,0.27
protein,50,0.91
protein,50,0.165
protein,50,0.6
protein,50,0.98
protein,50,0.365
protein,50,0.995
protein,50,0.775
protein,50,0.96
protein,50,0.47
protein,50,0.895
protein,50,0.49
protein,50,0.075
protein,50,0.045
protein,50,0.94
protein,50,0.7
protein,50,0.53
protein,50,0.25
protein,50,0.365
protein,50,0.405
protein,50,0.16
protein,50,0.205
protein,50,0.71
protein,50,0.13
protein,50,0.655
protein,50,0.785
protein,50,0.26
protein,50,0.015
protein,50,0.91
protein,50,0.835
protein,50,0.45
protein,50,0.405
protein,50,0.95
protein,50,0.52
protein,50,0.705
protein,50,0.745
protein,50,0.265
protein,50,0.105
protein,50,0.495
protein,50,0.05
protein,50,0.09
protein,50,0.755
protein,50,0.135
protein,50,0.805
protein,50,0.455
protein,50,0.215
protein,50,0.55
protein,50,0.6
protein,50,0.63
protein,50,0.885
protein,50,0.79
protein,50,0.185
protein,50,0.51
protein,50,0.59
protein,50,0.68
protein,50,0.435
protein,50,0.415
protein,50,0.6
protein,50,0.75
protein,50,0.01
protein,50,0.63
protein,50,0.95
protein,50,0.205
protein,50,0.24
protein,50,0.3
protein,50,0.57
protein,50,0.755
protein,50,0.925
protein,50,0.185
protein,50,0.84
protein,50,0.245
protein,50,0.845
protein,50,0.75
protein,50,0.955
protein,50,0.365
protein,50,0.925
protein,50,0.225
protein,50,0.445
protein,50,0.055
protein,50,0.795
protein,50,0.97
protein,50,0.155
protein,50,0.235
protein,50,0.995
protein,50,0.235
protein,50,0.44
protein,50,0.76
protein,50,0.95
protein,50,0.085
protein,50,0.155
protein,50,0.04
protein,50,0.28
protein,50,0.18
protein,50,0.375
protein,50,0.9
protein,50,0.305
protein,50,0.39
protein,50,0.905
protein,50,0.74
protein,50,0.71
protein,50,0.17
protein,50,0.455
protein,50,0.565
protein,50,0.595
protein,50,0.145
protein,50,0.965
protein,50,0.19
protein,50,0.08
protein,50,0.27
protein,50,0.685
protein,50,0.305
protein,50,0.105
protein,50,0.5
protein,50,0.29
protein,50,0.69
protein,50,0.12
protein,50,0.145
protein,50,0.91
protein,50,0.645
protein,50,0.165
protein,50,0.395
protein,50,0.685
protein,50,0.105
protein,50,0.455
protein,50,0.06
protein,50,0.46
protein,50,0.03
protein,50,0.17
protein,50,0.765
protein,50,0.245
protein,50,0.93
protein,50,0.615
protein,50,0.25
protein,50,0.665
protein,50,0.825
protein,50,0.67
protein,50,0.595
protein,50,0.565
protein,50,0.19
protein,50,0.975
protein,50,0.145
protein,50,0.185
protein,50,0.6
protein,50,0.96
protein,50,0.48
protein,50,0.72
protein,50,0.78
protein,50,0.015
protein,50,0.58
protein,50,0.95
protein,50,0.29
protein,50,0.93
protein,50,0.985
protein,50,0.895
protein,50,0.9
protein,50,0.06
protein,50,0.455
protein,50,0.925
protein,50,0.915
protein,50,0.11
protein,50,0.425
protein,50,0.29
protein,50,0.45
protein,50,0.5
protein,50,0.915
protein,50,0.06
protein,50,0.355
protein,50,0.35
protein,50,0.595
protein,50,0.02
protein,50,0.785
protein,50,0.825
protein,50,0.03
protein,50,0.32
protein,50,0.5
protein,50,0.695
protein,50,0.41
protein,50,0.625
protein,50,0.73
protein,50,0.45
protein,50,0.325
protein,50,0.455
protein,50,0.7
protein,50,0.9
protein,50,0.67
protein,50,0.495
protein,50,0.27
protein,50,0.745
protein,50,0.025
protein,50,0.04
protein,50,0.795
protein,50,0.345
protein,50,0.1
protein,50,0.86
protein,50,0.005
protein,50,0.23
protein,50,0.01
protein,50,0.875
protein,50,0.675
protein,50,0.675
protein,50,0.495
protein,50,0.075
protein,50,0.635
protein,50,0.46
protein,50,0.055
protein,50,0.365
protein,50,0.27
protein,50,0.835
protein,50,0.255
protein,50,0.455
protein,50,0.26
protein,50,0.595
protein,50,0.31
protein,50,0.27
protein,50,0.455
protein,50,0.41
protein,50,0.495
protein,50,0.16
protein,50,0.58
protein,50,0.28
protein,50,0.57
protein,50,0.36
protein,50,0.56
protein,50,0.815
protein,50,0.675
protein,50,0.67
protein,50,0.79
protein,50,0.235
protein,50,0.43
protein,50,0.655
protein,50,0.94
protein,50,0.8
protein,50,0.055
protein,50,0.195
protein,50,0.01
protein,50,0.16
protein,50,0.375
protein,50,0.69
protein,50,0.3
protein,50,0.955
protein,50,0.81
protein,50,0.785
protein,50,0.685
protein,50,0.41
protein,50,0.86
protein,50,0.365
protein,50,0.455
protein,50,0.92
protein,50,0.625
protein,50,0.1
protein,50,0.975
protein,50,0.965
protein,50,0.265
protein,50,0.63
protein,50,0.25
protein,50,0.28
protein,50,0.625
protein,50,0.65
protein,50,0.24
protein,50,0.175
protein,50,0.005
protein,50,0.07
protein,50,0.555
protein,50,0.91
protein,50,0.37
protein,50,0.78
protein,50,0.53
protein,50,0.28
protein,50,0.005
protein,50,0.035
protein,50,0.64
protein,50,0.34
protein,50,0.475
protein,50,0.76
protein,50,0.74
protein,50,0.715
protein,50,0.555
protein,50,0.94
protein,50,0.87
protein,50,0.355
protein,50,0.545
protein,50,0.835
protein,50,0.535
protein,50,0.14
protein,50,0.505
protein,50,0.145
protein,50,0.545
protein,50,0.09
protein,50,0.39
protein,50,0.265
protein,50,0.895
protein,50,0.965
protein,50,0.155
protein,50,0.78
protein,50,0.145
protein,50,0.055
protein,50,0.585
protein,50,0.885
protein,50,0.215
protein,50,0.305
protein,50,0.085
protein,50,0.91
protein,50,0.355
protein,50,0.37
protein,50,0.66
protein,50,0.49
protein,50,0.175
protein,50,0.975
protein,50,0.72
protein,50,0.16
protein,50,0.375
protein,50,0.035
protein,50,0.895
protein,50,0.985
protein,50,0.36
protein,50,0.37
protein,50,0.535
protein,50,0.95
protein,50,0.6
protein,50,0.45
protein,50,0.83
protein,50,0.58
protein,50,0.655
protein,50,0.045
protein,50,0.905
protein,50,0.345
protein,50,0.3
protein,50,0.215
protein,50,0.62
protein,50,0.425
protein,50,0.595
protein,50,0.995
protein,50,0.185
protein,50,0.22
protein,50,0.61
protein,50,0.55
protein,50,0.305
protein,50,0.64
protein,50,0.1
protein,50,0.795
protein,50,0.305
protein,50,0.74
protein,50,0.04
protein,50,0.41
protein,50,0.205
protein,50,0.775
protein,50,0.66
protein,50,0.55
protein,50,0.62
protein,50,0.215
protein,50,0.67
protein,50,0.145
protein,50,0.725
protein,50,0.88
protein,50,0.315
protein,50,0.345
protein,50,0.04
protein,50,0.86
protein,50,0.085
protein,50,0.825
protein,50,0.93
protein,50,0.795
protein,50,0.99
protein,50,0.16
protein,50,0.21
protein,50,0.77
protein,50,0.76
protein,50,0.135
protein,50,0.075
protein,50,0.82
protein,50,0.455
protein,50,0.32
protein,50,0.345
protein,50,0.295
protein,50,0.755
protein,50,0.445
protein,50,0.66
protein,50,0.795
protein,50,0.655
protein,50,0.495
protein,50,0.25
protein,50,0.63
protein,50,0.3
protein,50,0.79
protein,50,0.55
protein,50,0.065
protein,50,0.24
protein,50,0.895
protein,50,0.225
protein,50,0.73
protein,50,0.475
protein,50,0.355
protein,50,0.165
protein,50,0.775
protein,50,0.86
protein,50,0.205
protein,50,0.09
protein,50,0.245
protein,50,0.47
protein,50,0.765
protein,50,0.405
protein,50,0.495
protein,50,0.09
protein,50,0.5
protein,50,0.415
protein,50,0.815
protein,50,0.075
protein,50,0.505
protein,50,0.72
protein,50,0.255
protein,50,0.585
protein,50,0.35
protein,50,0.37
protein,50,0.13
protein,50,0.2
protein,50,0.875
protein,50,0.685
protein,50,0.995
protein,50,0.58
protein,50,0.43
protein,50,0.115
protein,50,0.59
protein,50,0.6
protein,50,0.455
protein,50,0.355
protein,50,0.48
protein,50,0.66
protein,50,0.305
protein,50,0.79
protein,50,0.045
protein,50,0.61
protein,50,0.84
protein,50,0.66
protein,50,0.595
protein,50,0.64
protein,50,0.68
protein,50,0.365
protein,50,0.355
protein,50,0.9
protein,50,0.995
protein,50,0.765
protein,50,0.965
protein,50,0.97
protein,50,0.65
protein,50,0.58
protein,50,0.965
protein,50,0.08
protein,50,0.96
protein,50,0.025
protein,50,0.25
protein,50,0.095
protein,50,0.97
protein,50,0.465
protein,50,0.025
protein,50,0.45
protein,50,0.785
protein,50,0.465
protein,50,0.1
protein,50,0.32
protein,50,0.345
protein,50,0.92
protein,50,0.27
protein,50,0.015
protein,50,0.005
protein,50,0.07
protein,50,0.48
protein,50,0.75
protein,50,0.825
protein,50,0.71
protein,50,0.485
protein,50,0.685
protein,50,0.73
protein,50,0.065
protein,50,0.83
protein,50,0.115
protein,50,0.425
protein,50,0.025
protein,50,0.095
protein,50,0.275
protein,50,0.65
protein,50,0.885
protein,50,0.145
protein,50,0.74
protein,50,0.665
protein,50,0.4
protein,50,0.98
protein,50,0.8
protein,50,0.3
protein,50,0.18
protein,50,0.06
protein,50,0.795
protein,50,0.245
protein,50,0.57
protein,50,0.54
protein,50,0.11
protein,50,0.44
protein,50,0.325
protein,50,0.685
protein,50,0.825
protein,50,0.065
protein,50,0.695
protein,50,0.015
protein,50,0.68
protein,50,0.295
protein,50,0.99
protein,50,0.39
protein,50,0.225
protein,50,0.74
protein,50,0.18
protein,50,0.52
protein,50,0.775
protein,50,0.225
protein,50,0.06
protein,50,0.605
protein,50,0.59
protein,50,0.4
protein,50,0.885
protein,50,0.59
protein,50,0.025
protein,50,0.415
protein,50,0.835
protein,50,0.65
protein,50,1.0
protein,50,0.685
protein,50,0.69
protein,50,0.16
protein,50,0.1
protein,50,0.615
protein,50,0.125
protein,50,0.845
gene,6,0.225
gene,6,0.62
gene,6,0.52
gene,6,0.41
gene,6,0.605
gene,6,0.18
gene,6,0.81
gene,6,0.635
gene,6,0.605
gene,6,0.9
gene,6,0.26
gene,6,0.11
gene,6,0.43
gene,6,0.31
gene,6,0.665
gene,6,0.585
gene,6,0.865
gene,6,0.67
gene,6,0.625
gene,6,0.505
gene,6,0.655
gene,6,0.84
gene,6,0.55
gene,6,0.325
gene,6,0.525
gene,6,0.76
gene,6,0.785
gene,6,0.195
gene,6,0.775
gene,6,0.915
gene,6,0.695
gene,6,0.045
gene,6,0.945
gene,6,0.12
gene,6,0.935
gene,6,0.07
gene,6,0.38
gene,6,0.42
gene,6,0.355
gene,6,0.3
gene,6,0.76
gene,6,0.295
gene,6,0.975
gene,6,0.675
gene,6,0.095
gene,6,0.57
gene,6,0.625
gene,6,0.085
gene,6,0.04
gene,6,0.355
gene,6,0.6
gene,6,0.37
gene,6,0.585
gene,6,0.435
gene,6,0.845
gene,6,0.33
gene,6,0.845
gene,6,0.65
gene,6,0.35
gene,6,0.97
gene,6,0.26
gene,6,0.125
gene,6,0.03
gene,6,1.0
gene,6,0.125
gene,6,0.905
gene,6,0.245
gene,6,0.28
gene,6,0.38
gene,6,0.43
gene,6,0.16
gene,6,0.225
gene,6,0.2
gene,6,0.915
gene,6,0.28
gene,6,0.44
gene,6,0.825
gene,6,0.1
gene,6,0.79
gene,6,0.06
gene,6,0.575
gene,6,0.88
gene,6,0.645
gene,6,0.87
gene,6,0.64
gene,6,0.615
gene,6,0.945
gene,6,0.12
gene,6,0.08
gene,6,0.365
gene,6,0.185
gene,6,0.85
gene,6,0.38
gene,6,0.98
gene,6,0.635
gene,6,0.4
gene,6,0.01
gene,6,0.175
gene,6,0.255
gene,6,0.65
gene,6,0.67
gene,6,0.295
gene,6,0.095
gene,6,0.08
gene,6,0.55
gene,6,0.465
gene,6,0.73
gene,6,0.34
gene,6,0.635
gene,6,0.67
gene,6,0.39
gene,6,0.735
gene,6,0.33
gene,6,0.135
gene,6,0.725
gene,6,0.475
gene,6,0.545
gene,6,0.095
gene,6,0.095
gene,6,0.18
gene,6,0.35
gene,6,0.8
gene,6,0.96
gene,6,0.885
gene,6,0.6
gene,6,0.36
gene,6,0.37
gene,6,0.325
gene,6,0.39
gene,6,0.815
gene,6,0.78
gene,6,1.0
gene,6,0.46
gene,6,0.445
gene,6,0.73
gene,6,0.84
gene,6,0.64
gene,6,0.39
gene,6,0.51
gene,6,0.155
gene,6,0.165
gene,6,0.06
gene,6,0.68
gene,6,0.215
gene,6,0.84
gene,6,0.275
gene,6,0.185
gene,6,0.88
gene,6,0.15
gene,6,0.675
gene,6,0.565
gene,6,0.855
gene,6,0.25
gene,6,0.595
gene,6,0.885
gene,6,0.5
gene,6,0.445
gene,6,0.475
gene,6,0.24
gene,6,0.295
gene,6,0.81
gene,6,0.36
gene,6,0.42
gene,6,0.115
gene,6,0.14
gene,6,0.965
gene,6,0.325
gene,6,0.865
gene,6,0.765
gene,6,0.625
gene,6,0.21
gene,6,0.39
gene,6,0.695
gene,6,0.845
gene,6,0.515
gene,6,0.34
gene,6,0.36
gene,6,0.27
gene,6,0.23
gene,6,0.285
gene,6,0.73
gene,6,0.835
gene,6,0.865
gene,6,0.955
gene,6,0.04
gene,6,0.525
gene,6,0.415
gene,6,0.87
gene,6,0.435
gene,6,0.26
gene,6,0.42
gene,6,0.79
gene,6,0.965
gene,6,0.405
gene,6,0.555
gene,6,0.33
gene,6,0.17
gene,6,0.37
gene,6,0.36
gene,6,0.67
gene,6,0.34
gene,6,0.995
gene,6,0.82
gene,6,0.495
gene,6,0.13
gene,6,0.085
gene,6,0.165
gene,6,0.31
gene,6,0.76
gene,6,0.62
gene,6,0.72
gene,6,0.565
gene,6,0.035
gene,6,0.575
gene,6,0.79
gene,6,0.865
gene,6,0.695
gene,6,0.08
gene,6,0.13
gene,6,0.98
gene,6,0.405
gene,6,0.575
gene,6,0.935
gene,6,0.07
gene,6,0.79
gene,6,0.525
gene,6,0.05
gene,6,0.395
gene,6,0.325
gene,6,0.75
gene,6,0.075
gene,6,0.605
gene,6,0.925
gene,6,0.91
gene,6,0.52
gene,6,0.81
gene,6,0.93
gene,6,0.125
gene,6,0.44
gene,6,0.425
gene,6,0.995
gene,6,0.91
gene,6,0.365
gene,6,0.06
gene,6,0.955
gene,6,0.52
gene,6,0.73
gene,6,0.35
gene,6,0.49
gene,6,0.75
gene,6,0.385
gene,6,0.72
gene,6,0.32
gene,6,0.18
gene,6,0.835
gene,6,0.925
gene,6,0.48
gene,6,0.605
gene,6,0.455
gene,6,0.24
gene,6,0.54
gene,6,0.425
gene,6,0.91
gene,6,0.785
gene,6,0.205
gene,6,0.085
gene,6,0.27
gene,6,0.685
gene,6,0.19
gene,6,0.745
gene,6,0.785
gene,6,0.98
gene,6,0.26
gene,6,0.935
gene,6,0.1
gene,6,0.395
gene,6,0.415
gene,6,0.71
gene,6,0.765
gene,6,0.22
gene,6,0.71
gene,6,0.6
gene,6,0.775
gene,6,0.505
gene,6,0.715
gene,6,0.445
gene,6,0.04
gene,6,0.69
gene,6,0.935
gene,6,0.675
gene,6,0.185
gene,6,0.975
gene,6,0.37
gene,6,0.66
gene,6,0.535
gene,6,0.675
gene,6,0.36
gene,6,0.055
gene,6,0.82
gene,6,0.49
gene,6,0.03
gene,6,0.015
gene,6,0.32
gene,6,0.705
gene,6,0.865
gene,6,0.4
gene,6,0.685
gene,6,0.085
gene,6,0.24
gene,6,0.84
gene,6,0.4
gene,6,0.645
gene,6,0.025
gene,6,0.23
gene,6,0.375
gene,6,0.615
gene,6,0.885
gene,6,0.435
gene,6,0.92
gene,6,0.785
gene,6,0.83
gene,6,0.92
gene,6,0.09
gene,6,0.315
gene,6,0.51
gene,6,0.555
gene,6,0.37
gene,6,0.825
gene,6,0.025
gene,6,0.595
gene,6,0.55
gene,6,0.255
gene,6,0.66
gene,6,0.17
gene,6,0.89
gene,6,0.905
gene,6,0.12
gene,6,0.705
gene,6,0.285
gene,6,0.69
gene,6,0.73
gene,6,0.015
gene,6,0.48
gene,6,0.155
gene,6,0.325
gene,6,0.42
gene,6,0.31
gene,6,0.91
gene,6,0.84
gene,6,0.195
gene,6,0.925
gene,6,0.885
gene,6,0.335
gene,6,0.11
gene,6,0.745
gene,6,0.62
gene,6,0.97
gene,6,0.45
gene,6,0.465
gene,6,0.615
gene,6,0.96
gene,6,0.455
gene,6,0.185
gene,6,0.85
gene,6,0.205
gene,6,0.875
gene,6,0.705
gene,6,0.095
gene,6,0.78
gene,6,0.165
gene,6,0.195
gene,6,0.78
gene,6,0.96
gene,6,0.9
gene,6,0.54
gene,6,0.975
gene,6,0.84
gene,6,0.075
gene,6,0.68
gene,6,0.77
gene,6,0.535
gene,6,0.565
gene,6,0.07
gene,6,0.98
gene,6,0.295
gene,6,0.71
gene,6,0.785
gene,6,0.05
gene,6,0.425
gene,6,0.425
gene,6,0.7
gene,6,0.415
gene,6,0.105
gene,6,0.23
gene,6,0.14
gene,6,0.52
gene,6,0.68
gene,6,0.475
gene,6,0.17
gene,6,0.335
gene,6,0.54
gene,6,0.695
gene,6,0.645
gene,6,0.16
gene,6,0.19
gene,6,0.745
gene,6,0.525
gene,6,0.545
gene,6,0.155
gene,6,0.125
gene,6,0.965
gene,6,0.38
gene,6,0.285
gene,6,0.285
gene,6,0.01
gene,6,0.6
gene,6,0.69
gene,6,0.745
gene,6,0.845
gene,6,0.18
gene,6,0.03
gene,6,0.785
gene,6,0.19
gene,6,0.705
gene,6,0.645
gene,6,0.85
gene,6,0.5
gene,6,0.94
gene,6,0.84
gene,6,0.52
gene,6,0.29
gene,6,0.455
gene,6,0.78
gene,6,0.325
gene,6,0.32
gene,6,0.365
gene,6,0.48
gene,6,0.045
gene,6,0.405
gene,6,0.735
gene,6,0.215
gene,6,0.7
gene,6,0.35
gene,6,0.13
gene,6,0.475
gene,6,0.12
gene,6,0.04
gene,6,0.95
gene,6,0.69
gene,6,0.665
gene,6,0.77
gene,6,0.895
gene,6,0.045
gene,6,0.535
gene,6,0.125
gene,6,0.89
gene,6,0.13
gene,6,0.315
gene,6,0.42
gene,6,0.47
gene,6,0.105
gene,6,0.87
gene,6,0.415
gene,6,0.725
gene,6,0.835
gene,6,0.38
gene,6,0.13
gene,6,0.38
gene,6,0.55
gene,6,0.045
gene,6,0.655
gene,6,0.445
gene,6,0.54
gene,6,0.76
gene,6,0.27
gene,6,0.65
gene,6,0.065
gene,6,0.11
gene,6,0.825
gene,6,0.895
gene,6,0.57
gene,6,0.055
gene,6,0.565
gene,6,0.765
gene,6,0.9
gene,6,0.57
gene,6,0.25
gene,6,0.98
gene,6,0.31
gene,6,0.88
gene,6,0.22
gene,6,0.135
gene,6,0.105
gene,6,0.065
gene,6,0.405
gene,6,0.225
gene,6,0.59
gene,6,0.325
gene,6,0.46
gene,6,0.3
gene,6,0.45
gene,6,0.075
gene,6,0.435
gene,6,0.13
gene,6,0.84
gene,6,0.955
gene,6,0.21
gene,6,0.4
gene,6,0.795
gene,6,0.42
gene,6,0.37
gene,6,0.895
gene,6,0.4
gene,6,0.095
gene,6,0.105
gene,6,0.025
gene,6,0.18
gene,6,0.645
gene,6,0.125
gene,6,0.885
gene,6,0.61
gene,6,0.105
gene,6,0.665
gene,6,0.41
gene,6,0.92
gene,6,0.645
gene,6,0.145
gene,6,0.42
gene,6,0.465
gene,6,0.345
gene,6,0.74
gene,6,0.1
gene,6,0.825
gene,6,0.175
gene,6,0.075
gene,6,0.425
gene,6,0.135
gene,6,0.065
gene,6,0.135
gene,6,0.855
gene,6,0.895
gene,6,0.95
gene,6,0.765
gene,6,0.68
gene,6,0.66
gene,6,0.83
gene,6,0.125
gene,6,0.36
gene,6,0.985
gene,6,0.785
gene,6,0.795
gene,6,0.485
gene,6,0.36
gene,6,0.685
gene,6,0.895
gene,6,0.42
gene,6,0.01
gene,6,0.3
gene,6,0.745
gene,6,0.33
gene,6,0.685
gene,6,0.115
gene,6,0.32
gene,6,0.28
gene,6,0.68
gene,6,0.835
gene,6,0.6
gene,6,0.95
gene,6,0.965
gene,6,0.565
gene,6,0.55
gene,6,0.67
gene,6,0.85
gene,6,0.56
gene,6,0.445
gene,6,0.16
gene,6,0.775
gene,6,0.8
gene,6,0.23
gene,6,0.99
gene,6,0.65
gene,6,0.12
gene,6,0.65
gene,6,0.73
gene,6,0.05
gene,6,0.68
gene,6,0.99
gene,6,0.095
gene,6,0.805
gene,6,0.565
gene,6,0.505
gene,6,0.21
gene,6,0.295
gene,6,0.79
gene,6,0.035
gene,6,0.51
gene,6,0.135
gene,6,0.955
gene,6,0.775
gene,6,0.185
gene,6,0.93
gene,6,0.895
gene,6,0.335
gene,6,0.105
gene,6,0.26
gene,6,0.515
gene,6,0.555
gene,6,0.705
gene,6,0.185
gene,6,0.7
gene,6,0.91
gene,6,0.555
gene,6,0.875
gene,6,0.435
gene,6,0.96
gene,6,0.735
gene,6,0.855
gene,6,0.39
gene,6,0.05
gene,6,0.195
gene,6,0.695
gene,6,0.635
gene,6,0.58
gene,6,0.445
gene,6,0.395
gene,6,0.51
gene,6,0.69
gene,6,0.135
gene,6,0.31
gene,6,1.0
gene,6,0.8
gene,6,0.75
gene,6,0.84
gene,6,0.28
gene,6,0.265
gene,6,0.905
gene,6,0.37
gene,6,0.295
gene,6,0.075
gene,6,0.885
gene,6,0.775
gene,6,0.465
gene,6,0.305
gene,6,0.955
gene,6,0.095
gene,6,0.09
gene,6,0.495
gene,6,0.095
gene,6,0.835
gene,6,0.405
gene,6,0.99
gene,6,0.54
gene,6,0.4
gene,6,0.825
gene,6,0.805
gene,6,0.735
gene,6,0.18
gene,6,0.235
gene,6,0.21
gene,6,0.495
gene,6,0.46
gene,6,0.615
gene,6,0.12
gene,6,0.835
gene,6,0.67
gene,6,0.675
gene,6,0.38
gene,6,0.425
gene,6,0.545
gene,6,0.565
gene,6,0.91
gene,6,0.455
gene,6,0.21
gene,6,0.195
gene,6,0.79
gene,6,0.49
gene,6,0.12
gene,6,0.82
gene,6,0.71
gene,6,0.27
gene,6,0.475
gene,6,0.775
gene,6,0.305
gene,6,0.09
gene,6,0.385
gene,6,0.21
gene,6,0.54
gene,6,0.055
gene,6,0.68
gene,6,0.11
gene,6,0.045
gene,6,0.795
gene,6,0.505
gene,6,0.31
gene,6,0.56
gene,6,0.725
gene,6,0.315
gene,6,0.07
gene,6,0.685
gene,6,0.695
gene,6,0.18
gene,6,0.86
gene,6,0.335
gene,6,0.335
gene,6,0.915
gene,6,0.11
gene,6,0.79
gene,6,0.315
gene,6,0.67
gene,6,0.915
gene,6,0.45
gene,6,0.21
gene,6,0.995
gene,6,0.615
gene,6,0.675
gene,6,0.835
gene,6,0.47
gene,6,0.49
gene,6,0.78
gene,6,0.965
gene,6,0.27
gene,6,0.6
gene,6,0.535
gene,6,0.545
gene,6,0.69
gene,6,0.26
gene,6,0.71
gene,6,0.58
gene,6,0.84
gene,6,0.24
gene,6,0.275
gene,6,0.915
gene,6,0.26
gene,6,0.045
gene,6,0.21
gene,6,0.305
gene,6,0.79
gene,6,0.795
gene,6,0.795
gene,6,0.885
gene,6,0.125
gene,6,0.845
gene,6,0.03
gene,6,0.285
gene,6,0.69
gene,6,0.25
gene,6,0.125
gene,6,0.285
gene,6,0.95
gene,6,0.725
gene,6,0.5
gene,6,0.77
gene,6,0.465
gene,6,0.19
gene,6,0.205
gene,6,0.11
gene,6,0.425
gene,6,0.15
gene,6,0.23
gene,6,0.775
gene,6,0.485
gene,6,0.25
gene,6,0.87
gene,6,0.5
gene,6,0.35
gene,6,0.78
gene,6,0.94
gene,6,0.96
gene,6,0.29
gene,6,0.43
gene,6,0.705
gene,6,0.425
gene,6,0.325
gene,6,0.415
gene,6,0.445
gene,6,0.85
gene,6,0.305
gene,6,0.285
gene,6,0.065
gene,6,0.365
gene,6,0.89
gene,6,0.17
gene,6,0.56
gene,6,0.755
gene,6,0.89
gene,6,0.405
gene,6,0.555
gene,6,0.69
gene,6,0.365
gene,6,0.925
gene,6,0.64
gene,6,0.79
gene,6,0.275
gene,6,0.42
gene,6,0.22
gene,6,0.6
gene,6,0.34
gene,6,0.16
gene,6,0.96
gene,6,0.86
gene,6,0.07
gene,6,0.28
gene,6,0.275
gene,6,0.07
gene,6,0.11
gene,6,0.885
gene,6,1.0
gene,6,0.395
gene,6,0.02
gene,6,0.385
gene,6,0.825
gene,6,0.12
gene,6,0.355
gene,6,0.39
gene,6,0.235
gene,6,0.765
gene,6,0.065
gene,6,0.47
gene,6,0.505
gene,6,0.07
gene,6,0.715
gene,6,0.725
gene,6,0.67
gene,6,0.115
gene,6,1.0
gene,6,0.98
gene,6,0.915
gene,6,0.445
gene,6,0.6
gene,6,0.02
gene,6,0.85
gene,6,0.1
gene,6,0.305
gene,6,0.215
gene,6,0.53
gene,6,0.965
gene,6,0.945
gene,6,0.555
gene,6,0.625
gene,6,0.85
gene,6,0.04
gene,6,0.02
gene,6,0.805
gene,6,0.115
gene,6,0.68
gene,6,0.13
gene,6,0.755
gene,6,0.125
gene,6,0.55
gene,6,0.34
gene,6,0.11
gene,6,0.285
gene,6,0.71
gene,6,0.6
gene,6,0.525
gene,6,0.49
gene,6,0.37
gene,6,0.285
gene,6,0.86
gene,6,0.44
gene,6,0.045
gene,6,0.075
gene,6,0.275
gene,6,0.275
gene,6,0.325
gene,6,0.02
gene,6,0.68
gene,6,0.255
gene,6,0.38
gene,6,0.815
gene,6,0.315
gene,6,0.67
gene,6,0.605
gene,6,0.62
gene,6,0.195
gene,6,0.22
gene,6,0.215
gene,6,0.645
gene,6,0.23
gene,6,0.42
gene,6,0.3
gene,6,0.69
gene,6,0.69
gene,6,0.5
gene,6,0.57
gene,6,0.255
gene,6,0.79
gene,6,0.37
gene,6,0.35
gene,6,0.33
gene,6,0.215
gene,6,0.765
gene,6,0.645
gene,6,0.49
gene,6,0.845
gene,6,0.71
gene,6,0.99
gene,6,0.37
gene,6,0.785
gene,6,0.83
gene,6,0.88
gene,6,0.195
gene,6,0.41
gene,6,0.87
gene,6,0.895
gene,6,0.83
gene,6,0.3
gene,6,0.93
gene,6,0.765
gene,6,0.41
gene,6,0.54
gene,6,0.14
gene,6,0.27
gene,6,0.51
gene,6,0.38
gene,6,0.08
gene,6,0.24
gene,6,0.675
gene,6,0.265
gene,6,0.485
gene,6,0.98
gene,6,0.5
gene,6,1.0
gene,6,0.31
gene,6,0.645
gene,6,0.36
gene,6,0.845
gene,6,0.1
gene,6,0.145
gene,6,0.75
gene,6,0.72
gene,6,0.55
gene,6,0.91
gene,6,0.5
gene,6,0.61
gene,6,0.115
gene,6,0.18
gene,6,0.4
gene,6,0.25
gene,6,0.185
gene,6,0.45
gene,6,0.13
gene,6,0.55
gene,6,0.82
gene,6,0.645
gene,6,0.625
gene,6,1.0
gene,6,0.81
gene,6,0.33
gene,6,0.555
gene,6,0.6
gene,6,0.955
gene,6,0.895
gene,6,0.695
gene,6,0.89
gene,6,0.655
gene,6,0.015
gene,6,0.4
gene,6,0.865
gene,6,0.465
gene,6,0.78
gene,6,0.665
gene,6,0.175
gene,6,0.145
gene,6,0.695
gene,6,0.355
gene,6,0.29
gene,6,0.825
gene,6,0.735
gene,6,0.53
gene,6,0.18
gene,6,0.47
gene,6,0.245
gene,6,0.215
gene,6,0.855
gene,6,0.265
gene,6,0.56
gene,6,0.04
gene,6,0.965
gene,6,0.65
gene,6,0.95
gene,6,0.31
gene,6,0.5
gene,6,0.33
gene,6,0.89
gene,6,0.05
gene,6,0.76
gene,6,0.23
gene,6,0.485
gene,6,0.895
gene,6,0.33
gene,6,0.985
gene,6,0.995
gene,6,0.09
gene,6,0.075
gene,6,0.92
gene,6,0.045
gene,6,0.92
gene,6,0.145
gene,6,0.36
gene,6,0.635
gene,6,0.07
gene,6,0.915
gene,6,0.29
gene,6,0.935
gene,6,0.855
gene,6,0.105
gene,6,0.23
gene,6,0.115
gene,6,0.38
gene,6,0.675
gene,6,0.39
gene,6,0.765
gene,6,0.35
gene,6,0.83
gene,6,0.12
gene,6,0.605
gene,6,0.985
gene,6,0.48
gene,6,0.385
gene,6,0.06
gene,6,0.315
gene,6,0.285
gene,6,0.105
gene,6,0.475
gene,6,0.875
gene,6,0.215
gene,6,0.155
gene,6,0.765
gene,6,0.2
gene,6,0.845
gene,6,0.755
gene,6,0.915
gene,6,0.71
gene,6,0.75
gene,6,0.32
gene,6,0.175
gene,6,0.05
gene,6,0.665
gene,6,0.37
gene,6,0.03
gene,6,0.51
gene,6,0.15
gene,6,0.02
gene,6,0.405
gene,6,0.345
gene,6,0.345
gene,6,0.805
gene,6,0.19
gene,6,0.975
gene,6,0.685
gene,6,0.52
gene,6,0.595
gene,6,0.045
gene,6,0.51
gene,6,0.12
gene,6,0.635
gene,6,0.28
gene,6,0.92
gene,6,0.375
gene,6,0.955
gene,6,0.16
gene,6,0.705
gene,6,0.01
gene,6,0.315
gene,6,0.255
gene,6,0.36
gene,6,0.455
gene,6,0.99
gene,6,0.33
gene,6,0.77
gene,6,0.485
gene,6,0.115
gene,6,0.41
gene,6,0.685
gene,6,0.035
gene,6,0.715
gene,6,0.305
gene,6,0.47
gene,6,0.565
gene,6,0.05
gene,6,0.645
gene,6,0.94
gene,6,0.695
gene,6,0.775
gene,6,0.24
gene,6,0.115
gene,6,0.16
gene,6,0.735
gene,6,0.03
gene,6,0.67
gene,6,0.18
gene,6,0.06
gene,6,0.235
gene,6,0.62
gene,6,0.55
gene,6,0.945
gene,6,0.79
gene,6,0.56
gene,6,0.35
gene,6,0.175
gene,6,0.625
gene,6,1.0
gene,6,0.16
gene,6,0.685
gene,6,0.91
gene,6,0.06
gene,6,0.985
gene,6,0.92
gene,6,0.62
gene,6,0.65
gene,6,0.495
gene,6,0.765
gene,6,0.76
gene,6,0.24
gene,6,0.565
gene,6,0.73
gene,6,0.13
gene,6,0.71
gene,6,0.22
gene,6,0.37
gene,6,0.595
gene,6,0.595
gene,6,0.71
gene,6,0.26
gene,6,0.275
gene,6,0.195
gene,6,0.69
gene,6,0.12
gene,6,0.15
gene,6,0.23
gene,6,0.35
gene,6,0.805
gene,6,0.395
gene,6,0.725
gene,6,0.35
gene,6,0.865
gene,6,0.84
gene,6,0.01
gene,6,0.31
gene,6,0.43
gene,6,0.655
gene,6,0.75
gene,6,0.48
gene,6,0.545
gene,6,0.48
gene,6,0.24
gene,6,0.615
gene,6,0.22
gene,6,0.12
gene,6,0.045
gene,6,0.4
gene,6,0.035
gene,6,0.565
gene,6,0.675
gene,6,0.84
gene,6,0.665
gene,6,0.615
gene,6,0.86
gene,6,0.39
gene,6,0.69
gene,6,0.72
gene,6,0.08
gene,6,0.68
gene,6,0.45
gene,6,0.855
gene,6,0.525
gene,6,0.6
gene,6,0.295
gene,6,0.385
gene,6,0.965
gene,6,0.275
gene,6,0.645
gene,6,0.305
gene,6,0.105
gene,6,0.145
gene,6,0.605
gene,6,0.975
gene,6,0.64
gene,6,0.57
gene,6,0.145
gene,6,0.315
gene,6,0.875
gene,6,0.675
gene,6,0.765
gene,6,0.355
gene,6,0.855
gene,6,0.945
gene,6,0.38
gene,6,0.46
gene,6,0.56
gene,6,0.39
gene,6,0.73
gene,6,0.285
gene,6,0.07
gene,6,0.56
gene,6,0.17
gene,6,0.24
gene,6,0.965
gene,6,0.075
gene,6,0.105
gene,6,0.455
gene,6,0.865
gene,6,0.845
gene,6,0.465
gene,6,0.635
gene,6,0.48
gene,6,0.125
gene,6,0.365
gene,6,0.415
gene,6,0.095
gene,6,0.35
gene,6,0.895
gene,6,0.415
gene,6,0.22
gene,6,0.2
gene,6,0.545
gene,6,0.56
gene,6,0.345
gene,6,0.675
gene,6,0.48
gene,6,0.205
gene,6,0.255
gene,6,0.13
gene,6,0.185
gene,6,0.785
gene,6,0.765
gene,6,0.815
gene,6,0.645
gene,6,0.335
gene,6,0.695
gene,6,0.765
gene,6,0.52
gene,6,0.535
gene,6,0.62
gene,6,0.015
gene,6,0.735
gene,6,0.705
gene,6,0.18
gene,6,0.095
gene,6,0.16
gene,6,0.595
gene,6,0.32
gene,6,0.65
gene,6,0.34
gene,6,0.72
gene,6,0.175
gene,6,0.57
gene,6,0.965
gene,6,0.185
gene,6,0.225
gene,6,0.645
gene,6,0.195
gene,6,0.125
gene,6,0.92
gene,6,0.115
gene,6,0.39
gene,6,0.51
gene,6,0.495
gene,6,0.375
gene,6,0.935
gene,6,0.225
gene,6,0.015
gene,6,0.895
gene,6,0.25
gene,6,0.125
gene,6,0.215
gene,6,0.945
gene,6,0.48
gene,6,0.88
gene,6,0.86
gene,6,0.785
gene,6,0.685
gene,6,0.67
gene,6,0.495
gene,6,0.27
gene,6,0.555
gene,6,0.235
gene,6,0.355
gene,6,0.93
gene,6,0.91
gene,6,0.41
gene,6,0.31
gene,6,0.42
gene,6,0.145
gene,6,0.38
gene,6,0.445
gene,6,0.325
gene,6,0.005
gene,6,0.8
gene,6,0.305
gene,6,0.255
gene,6,0.015
gene,6,0.505
gene,6,0.545
gene,6,0.97
gene,6,0.23
gene,6,0.22
gene,6,0.33
gene,6,0.175
gene,6,0.22
gene,6,0.535
gene,6,0.75
gene,6,0.415
gene,6,0.09
gene,6,0.095
gene,6,0.87
gene,6,0.295
gene,6,0.595
gene,6,0.835
gene,6,0.33
gene,6,0.955
gene,6,0.265
gene,6,0.86
gene,6,0.835
gene,6,0.95
gene,6,0.475
gene,6,0.945
gene,6,0.345
gene,6,0.705
gene,6,0.95
gene,6,0.415
gene,6,0.555
gene,6,0.385
gene,6,0.13
gene,6,0.905
gene,6,0.695
gene,6,0.27
gene,6,0.195
gene,6,0.99
gene,6,0.645
gene,6,0.385
gene,6,0.255
gene,6,0.38
gene,6,0.515
gene,6,0.85
gene,6,0.78
gene,6,0.89
gene,6,0.505
gene,6,0.39
gene,6,0.65
gene,6,0.86
gene,6,0.615
gene,6,0.075
gene,6,0.68
gene,6,0.035
gene,6,0.205
gene,6,0.365
gene,6,0.05
gene,6,0.27
gene,6,0.12
gene,6,0.775
gene,6,0.605
gene,6,0.21
gene,6,0.025
gene,6,0.295
gene,6,0.115
gene,6,0.395
gene,6,0.355
gene,6,0.835
gene,6,0.11
gene,6,0.93
gene,6,0.545
gene,6,0.34
gene,6,0.855
gene,6,0.71
gene,6,0.035
gene,6,0.465
gene,6,0.405
gene,6,0.095
gene,6,0.965
gene,6,0.82
gene,6,0.355
gene,6,0.28
gene,6,0.38
gene,6,0.385
gene,6,0.125
gene,6,0.16
gene,6,0.955
gene,6,0.945
gene,6,0.245
gene,6,0.205
gene,6,0.415
gene,6,0.66
gene,6,0.62
gene,6,0.57
gene,6,0.79
gene,6,0.415
gene,6,0.93
gene,6,0.75
gene,6,0.14
gene,6,0.135
gene,6,0.8
gene,6,0.945
gene,6,0.95
gene,6,0.61
gene,6,0.1
gene,6,0.4
gene,6,0.675
gene,6,0.055
gene,6,0.23
gene,6,0.27
gene,6,0.155
gene,6,0.04
gene,6,0.005
gene,6,0.185
gene,6,0.615
gene,6,0.49
gene,6,0.67
gene,6,0.285
gene,6,0.59
gene,6,0.975
gene,6,0.65
gene,6,0.295
gene,6,0.62
gene,6,0.79
gene,6,0.675
gene,6,0.245
gene,6,0.515
gene,6,0.2
gene,6,0.505
gene,6,0.115
gene,6,0.01
gene,6,0.505
gene,6,0.835
gene,6,0.035
gene,6,0.26
gene,6,0.03
gene,6,0.715
gene,6,0.545
gene,6,0.275
gene,6,0.605
gene,6,0.195
gene,6,0.87
gene,6,0.84
gene,6,0.335
gene,6,0.635
gene,6,0.475
gene,6,0.855
gene,6,0.86
gene,6,0.655
gene,6,0.145
gene,6,0.37
gene,6,0.165
gene,6,0.91
gene,6,0.68
gene,6,0.79
gene,6,0.915
gene,6,0.475
gene,6,0.76
gene,6,0.72
gene,6,0.345
gene,6,0.14
gene,6,0.32
gene,6,0.23
gene,6,0.805
gene,6,0.33
gene,6,0.81
gene,6,0.735
gene,6,0.715
gene,6,0.495
gene,6,0.855
gene,6,0.645
gene,6,0.7
gene,6,0.52
gene,6,0.465
gene,6,0.535
gene,6,0.36
gene,6,0.215
gene,6,0.24
gene,6,0.305
gene,6,0.845
gene,6,0.47
gene,6,0.735
gene,6,0.545
gene,6,0.8
gene,6,0.94
gene,6,0.14
gene,6,0.48
gene,6,0.585
gene,6,0.74
gene,6,0.565
gene,6,0.785
gene,6,0.5
gene,6,0.665
gene,6,0.91
gene,6,0.665
gene,6,0.28
gene,6,0.45
gene,6,0.73
gene,6,0.915
gene,6,0.525
gene,6,0.45
gene,6,0.425
gene,6,0.065
gene,6,0.295
gene,6,0.205
gene,6,0.96
gene,6,0.355
gene,6,0.185
gene,6,0.3
gene,6,0.77
gene,6,0.51
gene,6,0.66
gene,6,0.375
gene,6,0.455
gene,6,0.12
gene,6,0.71
gene,6,0.49
gene,6,0.6
gene,6,0.51
gene,6,0.91
gene,6,0.98
gene,6,0.015
gene,6,0.695
gene,6,0.57
gene,6,0.615
gene,6,0.595
gene,6,0.955
gene,6,0.64
gene,6,0.48
gene,6,0.76
gene,6,0.505
gene,6,0.43
gene,6,0.65
gene,6,0.58
gene,6,0.165
gene,6,0.47
gene,6,0.83
gene,6,0.635
gene,6,0.06
gene,6,0.51
gene,6,0.16
gene,6,0.97
gene,6,0.215
gene,6,0.955
gene,6,0.09
gene,6,0.635
gene,6,0.055
gene,6,0.855
gene,6,0.905
gene,6,0.42
gene,6,0.645
gene,6,0.09
gene,6,0.775
gene,6,0.81
gene,6,0.145
gene,6,0.56
gene,6,0.67
gene,6,0.79
gene,6,0.555
gene,6,0.085
gene,6,0.725
gene,6,0.195
gene,6,0.855
gene,6,0.815
gene,6,0.71
gene,6,0.08
gene,6,0.91
gene,6,0.185
gene,6,0.71
gene,6,0.785
gene,6,0.515
gene,6,0.365
gene,6,0.105
gene,6,0.645
gene,6,0.315
gene,6,0.12
gene,6,0.255
gene,6,0.245
gene,6,0.995
gene,6,0.255
gene,6,0.65
gene,6,0.605
gene,6,0.68
gene,6,0.79
gene,6,0.585
gene,6,0.31
gene,6,0.97
gene,6,0.665
gene,6,0.375
gene,6,0.7
gene,6,0.99
gene,6,0.4
gene,6,0.125
gene,6,0.615
gene,6,0.195
gene,6,0.38
gene,6,0.365
gene,6,0.89
gene,6,0.795
gene,6,0.945
gene,6,0.54
gene,6,0.36
gene,6,0.64
gene,6,0.2
gene,6,0.34
gene,6,0.365
gene,6,0.93
gene,6,0.37
gene,6,0.125
gene,6,0.41
gene,6,0.09
gene,6,0.875
gene,6,0.275
gene,6,0.2
gene,6,0.68
gene,6,0.79
gene,6,0.425
gene,6,0.285
gene,6,0.275
gene,6,0.215
gene,6,0.115
gene,6,0.485
gene,6,0.455
gene,6,0.97
gene,6,0.06
gene,6,0.05
gene,6,0.64
gene,6,0.415
gene,6,0.645
gene,6,0.795
gene,6,0.97
gene,6,0.65
gene,6,0.625
gene,6,0.38
gene,6,0.395
gene,6,0.44
gene,6,0.985
gene,6,0.975
gene,6,0.645
gene,6,0.79
gene,6,0.545
gene,6,1.0
gene,6,0.815
gene,6,0.795
gene,6,0.19
gene,6,0.07
gene,6,0.695
gene,6,0.73
gene,6,0.625
gene,6,0.88
gene,6,0.145
gene,6,0.71
gene,6,0.95
gene,6,0.125
gene,6,0.44
gene,6,0.59
gene,6,0.04
gene,6,0.98
gene,6,0.545
gene,6,0.535
gene,6,0.7
gene,6,0.22
gene,6,0.57
gene,6,0.23
gene,6,0.63
gene,6,0.635
gene,6,0.23
gene,6,0.33
gene,6,0.495
gene,6,0.255
gene,6,0.385
gene,6,0.72
gene,6,0.87
gene,6,0.245
gene,6,0.91
gene,6,0.425
gene,6,0.09
gene,6,0.92
gene,6,0.045
gene,6,0.65
gene,6,0.115
gene,6,0.495
gene,6,0.34
gene,6,0.535
gene,6,0.985
gene,6,0.255
gene,6,0.83
gene,6,0.56
gene,6,0.63
gene,6,0.13
gene,6,0.365
gene,6,0.64
gene,6,0.14
gene,6,0.23
gene,6,0.97
gene,6,0.44
gene,6,0.16
gene,6,0.83
gene,6,0.14
gene,6,0.405
gene,6,0.235
gene,6,0.755
gene,6,0.555
gene,6,0.475
gene,6,0.99
gene,6,0.01
gene,6,0.725
gene,6,0.175
gene,6,0.165
gene,6,0.14
gene,6,0.01
gene,6,0.33
gene,6,0.55
gene,6,0.32
gene,6,0.63
gene,6,0.26
gene,6,0.785
gene,6,0.33
gene,6,0.84
gene,6,0.125
gene,6,0.555
gene,6,0.485
gene,6,1.0
gene,6,0.82
gene,6,0.875
gene,6,0.305
gene,6,0.085
gene,6,0.43
gene,6,0.615
gene,6,0.95
gene,6,0.945
gene,6,0.19
gene,6,0.285
gene,6,0.955
gene,6,0.845
gene,6,0.155
gene,6,0.29
gene,6,0.935
gene,6,0.705
gene,6,0.69
gene,6,0.345
gene,6,0.835
gene,6,0.065
gene,6,0.16
gene,6,0.435
gene,6,0.48
gene,6,0.87
gene,6,0.595
gene,6,0.62
gene,6,0.97
gene,6,0.73
gene,6,0.39
gene,6,0.86
gene,6,0.32
gene,6,0.28
gene,6,0.615
gene,6,0.14
gene,6,0.665
gene,6,0.955
gene,6,0.985
gene,6,0.79
gene,6,0.005
gene,6,0.76
gene,6,0.46
gene,6,0.135
gene,6,0.805
gene,6,0.37
gene,6,0.285
gene,6,0.44
gene,6,0.785
gene,6,0.26
gene,6,0.535
gene,6,0.31
gene,6,0.545
gene,6,0.085
gene,6,0.195
gene,6,0.65
gene,6,0.16
gene,6,0.715
gene,6,0.12
gene,6,0.84
gene,6,0.03
gene,6,0.105
gene,6,0.895
gene,6,0.915
gene,6,0.15
gene,6,0.065
gene,6,0.52
gene,6,0.855
gene,6,0.485
gene,6,0.315
gene,6,0.765
gene,6,0.04
gene,6,0.93
gene,6,0.04
gene,6,0.015
gene,6,0.15
gene,6,0.33
gene,6,0.855
gene,6,0.635
gene,6,0.62
gene,6,0.33
gene,6,0.185
gene,6,0.285
gene,6,0.615
gene,6,0.085
gene,6,0.805
gene,6,0.125
gene,10,0.615
gene,10,0.425
gene,10,0.27
gene,10,0.075
gene,10,0.515
gene,10,0.56
gene,10,0.365
gene,10,0.01
gene,10,0.575
gene,10,0.135
gene,10,1.0
gene,10,0.09
gene,10,0.625
gene,10,0.07
gene,10,0.085
gene,10,0.57
gene,10,0.195
gene,10,0.685
gene,10,0.035
gene,10,0.435
gene,10,0.185
gene,10,0.665
gene,10,0.49
gene,10,0.885
gene,10,0.145
gene,10,0.295
gene,10,0.625
gene,10,0.825
gene,10,0.94
gene,10,0.995
gene,10,0.97
gene,10,0.37
gene,10,0.12
gene,10,0.425
gene,10,0.415
gene,10,0.565
gene,10,0.015
gene,10,0.795
gene,10,0.77
gene,10,0.36
gene,10,0.22
gene,10,0.94
gene,10,0.8
gene,10,0.835
gene,10,0.54
gene,10,0.995
gene,10,0.725
gene,10,0.57
gene,10,0.575
gene,10,0.13
gene,10,0.81
gene,10,0.505
gene,10,0.955
gene,10,0.75
gene,10,0.345
gene,10,0.235
gene,10,0.35
gene,10,0.48
gene,10,0.725
gene,10,0.795
gene,10,0.565
gene,10,0.33
gene,10,0.25
gene,10,0.135
gene,10,0.34
gene,10,0.56
gene,10,0.06
gene,10,0.565
gene,10,1.0
gene,10,0.54
gene,10,0.15
gene,10,0.19
gene,10,0.215
gene,10,0.07
gene,10,0.355
gene,10,0.375
gene,10,0.88
gene,10,0.66
gene,10,0.425
gene,10,0.385
gene,10,0.555
gene,10,0.495
gene,10,0.155
gene,10,0.565
gene,10,0.49
gene,10,0.74
gene,10,0.815
gene,10,0.945
gene,10,0.025
gene,10,0.165
gene,10,0.835
gene,10,0.595
gene,10,0.205
gene,10,0.725
gene,10,0.515
gene,10,0.135
gene,10,0.115
gene,10,0.915
gene,10,0.285
gene,10,0.55
gene,10,0.99
gene,10,0.84
gene,10,0.1
gene,10,0.515
gene,10,0.67
gene,10,0.665
gene,10,0.54
gene,10,0.3
gene,10,0.175
gene,10,0.5
gene,10,0.79
gene,10,0.495
gene,10,0.62
gene,10,0.02
gene,10,0.975
gene,10,0.165
gene,10,0.405
gene,10,0.76
gene,10,0.99
gene,10,0.33
gene,10,0.55
gene,10,0.17
gene,10,0.265
gene,10,0.09
gene,10,0.09
gene,10,0.8
gene,10,0.575
gene,10,0.89
gene,10,0.745
gene,10,0.61
gene,10,0.005
gene,10,0.59
gene,10,0.195
gene,10,0.465
gene,10,0.125
gene,10,0.45
gene,10,0.285
gene,10,0.515
gene,10,0.23
gene,10,0.825
gene,10,0.83
gene,10,0.09
gene,10,0.565
gene,10,0.31
gene,10,0.415
gene,10,0.32
gene,10,0.39
gene,10,0.32
gene,10,0.21
gene,10,0.82
gene,10,0.475
gene,10,0.385
gene,10,0.34
gene,10,0.29
gene,10,0.995
gene,10,0.09
gene,10,0.71
gene,10,0.885
gene,10,0.63
gene,10,0.225
gene,10,0.67
gene,10,0.925
gene,10,0.555
gene,10,0.67
gene,10,0.835
gene,10,0.385
gene,10,0.925
gene,10,0.625
gene,10,0.505
gene,10,0.265
gene,10,0.755
gene,10,0.095
gene,10,0.95
gene,10,0.43
gene,10,0.69
gene,10,0.32
gene,10,0.265
gene,10,0.295
gene,10,0.355
gene,10,0.13
gene,10,0.64
gene,10,0.25
gene,10,0.935
gene,10,0.525
gene,10,0.595
gene,10,0.835
gene,10,0.755
gene,10,0.68
gene,10,0.675
gene,10,0.895
gene,10,0.42
gene,10,0.85
gene,10,0.16
gene,10,0.835
gene,10,0.24
gene,10,0.22
gene,10,0.45
gene,10,0.06
gene,10,0.57
gene,10,0.26
gene,10,0.965
gene,10,0.545
gene,10,0.565
gene,10,0.73
gene,10,0.535
gene,10,0.225
gene,10,0.895
gene,10,0.155
gene,10,0.555
gene,10,0.01
gene,10,0.46
gene,10,0.67
gene,10,0.24
gene,10,0.785
gene,10,0.06
gene,10,0.42
gene,10,0.15
gene,10,0.61
gene,10,0.215
gene,10,0.97
gene,10,0.46
gene,10,0.635
gene,10,0.155
gene,10,0.42
gene,10,0.8
gene,10,0.075
gene,10,0.545
gene,10,0.585
gene,10,0.82
gene,10,0.9
gene,10,0.19
gene,10,0.405
gene,10,0.1
gene,10,0.685
gene,10,0.86
gene,10,0.265
gene,10,0.795
gene,10,0.53
gene,10,0.845
gene,10,0.065
gene,10,0.54
gene,10,0.52
gene,10,0.32
gene,10,0.605
gene,10,0.575
gene,10,0.105
gene,10,0.35
gene,10,0.11
gene,10,0.92
gene,10,0.905
gene,10,0.765
gene,10,0.4
gene,10,0.06
gene,10,0.93
gene,10,0.855
gene,10,0.01
gene,10,0.255
gene,10,0.57
gene,10,0.45
gene,10,0.945
gene,10,0.135
gene,10,0.385
gene,10,0.82
gene,10,0.97
gene,10,0.195
gene,10,0.255
gene,10,0.46
gene,10,0.39
gene,10,0.1
gene,10,0.12
gene,10,0.41
gene,10,0.95
gene,10,0.435
gene,10,0.985
gene,10,0.55
gene,10,0.79
gene,10,0.42
gene,10,0.15
gene,10,0.78
gene,10,0.305
gene,10,0.165
gene,10,0.77
gene,10,0.205
gene,10,0.45
gene,10,0.07
gene,10,0.94
gene,10,0.83
gene,10,0.68
gene,10,0.935
gene,10,0.555
gene,10,0.115
gene,10,0.15
gene,10,0.46
gene,10,0.28
gene,10,0.965
gene,10,0.78
gene,10,0.43
gene,10,0.315
gene,10,0.31
gene,10,0.235
gene,10,0.08
gene,10,0.455
gene,10,0.315
gene,10,0.7
gene,10,0.475
gene,10,0.21
gene,10,0.495
gene,10,0.69
gene,10,0.38
gene,10,0.93
gene,10,0.375
gene,10,0.025
gene,10,0.105
gene,10,0.445
gene,10,0.905
gene,10,0.33
gene,10,0.845
gene,10,0.73
gene,10,0.74
gene,10,0.295
gene,10,0.735
gene,10,0.935
gene,10,0.66
gene,10,0.845
gene,10,0.19
gene,10,0.59
gene,10,0.25
gene,10,0.585
gene,10,0.855
gene,10,0.215
gene,10,0.87
gene,10,0.565
gene,10,0.005
gene,10,0.155
gene,10,0.87
gene,10,0.485
gene,10,0.06
gene,10,0.01
gene,10,0.055
gene,10,0.39
gene,10,0.465
gene,10,0.845
gene,10,0.205
gene,10,0.17
gene,10,0.66
gene,10,0.22
gene,10,0.69
gene,10,0.085
gene,10,0.875
gene,10,0.855
gene,10,0.72
gene,10,0.43
gene,10,0.48
gene,10,0.69
gene,10,0.955
gene,10,0.5
gene,10,0.57
gene,10,0.355
gene,10,0.56
gene,10,0.43
gene,10,0.28
gene,10,0.115
gene,10,0.33
gene,10,0.12
gene,10,0.52
gene,10,0.86
gene,10,0.325
gene,10,0.625
gene,10,0.995
gene,10,0.57
gene,10,0.085
gene,10,0.375
gene,10,0.33
gene,10,0.44
gene,10,0.065
gene,10,0.255
gene,10,0.37
gene,10,0.855
gene,10,0.78
gene,10,0.74
gene,10,0.855
gene,10,0.035
gene,10,0.33
gene,10,0.975
gene,10,0.675
gene,10,0.185
gene,10,1.0
gene,10,0.945
gene,10,0.54
gene,10,0.275
gene,10,0.31
gene,10,0.16
gene,10,0.955
gene,10,0.015
gene,10,0.645
gene,10,0.475
gene,10,0.75
gene,10,0.38
gene,10,0.115
gene,10,0.875
gene,10,0.295
gene,10,0.01
gene,10,0.92
gene,10,0.65
gene,10,0.735
gene,10,0.69
gene,10,0.41
gene,10,0.465
gene,10,0.425
gene,10,0.095
gene,10,0.765
gene,10,0.915
gene,10,0.63
gene,10,0.44
gene,10,0.065
gene,10,0.345
gene,10,0.965
gene,10,0.725
gene,10,0.73
gene,10,0.265
gene,10,0.27
gene,10,0.895
gene,10,0.57
gene,10,0.735
gene,10,0.62
gene,10,0.16
gene,10,0.21
gene,10,0.205
gene,10,0.01
gene,10,0.68
gene,10,0.99
gene,10,0.115
gene,10,0.16
gene,10,0.01
gene,10,0.49
gene,10,0.495
gene,10,0.085
gene,10,0.185
gene,10,0.17
gene,10,0.915
gene,10,0.955
gene,10,0.01
gene,10,0.145
gene,10,0.255
gene,10,0.29
gene,10,0.055
gene,10,0.125
gene,10,0.415
gene,10,0.185
gene,10,0.455
gene,10,0.715
gene,10,0.355
gene,10,0.395
gene,10,0.055
gene,10,0.515
gene,10,0.285
gene,10,0.46
gene,10,0.465
gene,10,0.33
gene,10,0.09
gene,10,0.035
gene,10,0.215
gene,10,0.88
gene,10,0.075
gene,10,0.645
gene,10,0.26
gene,10,0.59
gene,10,0.89
gene,10,0.89
gene,10,0.4
gene,10,0.845
gene,10,0.305
gene,10,0.75
gene,10,0.415
gene,10,0.65
gene,10,0.915
gene,10,0.595
gene,10,0.345
gene,10,0.715
gene,10,0.73
gene,10,0.36
gene,10,0.355
gene,10,0.01
gene,10,0.18
gene,10,0.385
gene,10,0.23
gene,10,0.06
gene,10,0.31
gene,10,0.33
gene,10,0.8
gene,10,0.83
gene,10,0.665
gene,10,0.89
gene,10,0.105
gene,10,0.125
gene,10,0.34
gene,10,0.515
gene,10,0.09
gene,10,0.325
gene,10,0.755
gene,10,0.59
gene,10,0.5
gene,10,0.86
gene,10,0.605
gene,10,0.125
gene,10,0.76
gene,10,0.3
gene,10,0.44
gene,10,0.245
gene,10,0.9
gene,10,0.045
gene,10,0.635
gene,10,0.29
gene,10,0.905
gene,10,0.925
gene,10,0.785
gene,10,0.7
gene,10,0.05
gene,10,0.73
gene,10,0.765
gene,10,0.67
gene,10,0.1
gene,10,0.26
gene,10,0.86
gene,10,0.02
gene,10,0.27
gene,10,0.175
gene,10,0.695
gene,10,0.325
gene,10,0.89
gene,10,0.62
gene,10,0.16
gene,10,0.56
gene,10,0.765
gene,10,0.8
gene,10,0.195
gene,10,0.61
gene,10,0.665
gene,10,0.36
gene,10,0.815
gene,10,0.475
gene,10,0.78
gene,10,0.83
gene,10,0.56
gene,10,0.425
gene,10,0.54
gene,10,0.555
gene,10,0.305
gene,10,0.975
gene,10,0.18
gene,10,0.18
gene,10,0.835
gene,10,0.4
gene,10,0.015
gene,10,0.405
gene,10,0.19
gene,10,0.155
gene,10,0.045
gene,10,0.265
gene,10,0.91
gene,10,0.9
gene,10,0.785
gene,10,0.195
gene,10,0.565
gene,10,0.34
gene,10,0.305
gene,10,0.425
gene,10,0.335
gene,10,0.685
gene,10,0.39
gene,10,0.845
gene,10,0.735
gene,10,0.87
gene,10,0.84
gene,10,0.075
gene,10,0.315
gene,10,0.415
gene,10,0.335
gene,10,0.715
gene,10,0.545
gene,10,0.865
gene,10,0.71
gene,10,0.48
gene,10,0.28
gene,10,0.095
gene,10,0.005
gene,10,0.83
gene,10,0.675
gene,10,0.51
gene,10,0.88
gene,10,0.63
gene,10,0.02
gene,10,0.96
gene,10,0.195
gene,10,0.91
gene,10,0.21
gene,10,0.005
gene,10,0.71
gene,10,0.415
gene,10,0.23
gene,10,0.635
gene,10,0.265
gene,10,0.025
gene,10,0.61
gene,10,0.31
gene,10,0.9
gene,10,0.285
gene,10,0.185
gene,10,0.89
gene,10,0.445
gene,10,0.575
gene,10,0.22
gene,10,0.265
gene,10,0.415
gene,10,0.25
gene,10,0.92
gene,10,0.33
gene,10,0.39
gene,10,0.695
gene,10,0.86
gene,10,0.395
gene,10,0.66
gene,10,0.45
gene,10,0.235
gene,10,0.13
gene,10,0.68
gene,10,0.615
gene,10,0.51
gene,10,0.225
gene,10,0.72
gene,10,0.44
gene,10,0.89
gene,10,0.41
gene,10,0.465
gene,10,0.03
gene,10,0.085
gene,10,0.015
gene,10,0.85
gene,10,0.605
gene,10,0.735
gene,10,0.305
gene,10,0.455
gene,10,0.95
gene,10,0.025
gene,10,0.34
gene,10,0.32
gene,10,0.28
gene,10,0.235
gene,10,0.215
gene,10,0.685
gene,10,0.685
gene,10,0.19
gene,10,0.115
gene,10,0.35
gene,10,0.535
gene,10,0.135
gene,10,0.58
gene,10,0.05
gene,10,0.145
gene,10,0.755
gene,10,0.605
gene,10,0.845
gene,10,0.485
gene,10,0.7
gene,10,0.64
gene,10,0.535
gene,10,0.37
gene,10,0.89
gene,10,0.83
gene,10,0.68
gene,10,0.725
gene,10,0.07
gene,10,1.0
gene,10,0.245
gene,10,0.435
gene,10,0.44
gene,10,0.535
gene,10,0.105
gene,10,0.565
gene,10,0.99
gene,10,0.71
gene,10,0.605
gene,10,0.13
gene,10,0.435
gene,10,0.985
gene,10,0.735
gene,10,0.53
gene,10,0.31
gene,10,0.58
gene,10,0.67
gene,10,0.615
gene,10,0.775
gene,10,0.825
gene,10,0.26
gene,10,0.44
gene,10,0.945
gene,10,0.39
gene,10,0.415
gene,10,0.525
gene,10,0.465
gene,10,0.545
gene,10,0.27
gene,10,0.505
gene,10,0.34
gene,10,0.245
gene,10,0.36
gene,10,0.11
gene,10,0.68
gene,10,0.02
gene,10,0.44
gene,10,0.105
gene,10,0.55
gene,10,0.025
gene,10,0.12
gene,10,0.035
gene,10,0.535
gene,10,0.58
gene,10,0.345
gene,10,0.065
gene,10,0.345
gene,10,0.065
gene,10,0.615
gene,10,0.16
gene,10,0.93
gene,10,0.115
gene,10,0.975
gene,10,0.8
gene,10,0.475
gene,10,0.105
gene,10,0.355
gene,10,0.4
gene,10,0.195
gene,10,0.7
gene,10,0.735
gene,10,0.535
gene,10,0.595
gene,10,0.395
gene,10,0.955
gene,10,0.075
gene,10,0.19
gene,10,0.53
gene,10,0.56
gene,10,0.155
gene,10,0.805
gene,10,0.55
gene,10,0.28
gene,10,0.645
gene,10,0.565
gene,10,0.97
gene,10,0.45
gene,10,0.495
gene,10,0.75
gene,10,0.135
gene,10,0.485
gene,10,0.55
gene,10,0.015
gene,10,0.595
gene,10,0.705
gene,10,0.33
gene,10,0.585
gene,10,0.405
gene,10,0.75
gene,10,0.395
gene,10,0.675
gene,10,0.76
gene,10,0.985
gene,10,0.425
gene,10,0.355
gene,10,0.93
gene,10,0.205
gene,10,0.95
gene,10,0.53
gene,10,0.23
gene,10,0.515
gene,10,0.47
gene,10,0.895
gene,10,0.08
gene,10,0.42
gene,10,0.445
gene,10,0.13
gene,10,0.3
gene,10,0.115
gene,10,0.75
gene,10,0.495
gene,10,0.405
gene,10,0.195
gene,10,0.915
gene,10,0.6
gene,10,0.975
gene,10,0.535
gene,10,0.615
gene,10,0.695
gene,10,0.995
gene,10,0.675
gene,10,0.8
gene,10,0.345
gene,10,0.49
gene,10,0.05
gene,10,0.81
gene,10,0.54
gene,10,0.01
gene,10,0.795
gene,10,0.54
gene,10,0.205
gene,10,0.96
gene,10,0.315
gene,10,0.435
gene,10,0.44
gene,10,0.65
gene,10,0.18
gene,10,0.22
gene,10,0.755
gene,10,0.28
gene,10,0.025
gene,10,0.135
gene,10,0.805
gene,10,0.1
gene,10,0.76
gene,10,0.26
gene,10,0.47
gene,10,0.94
gene,10,0.49
gene,10,0.24
gene,10,0.305
gene,10,0.135
gene,10,0.08
gene,10,0.76
gene,10,0.18
gene,10,0.855
gene,10,0.815
gene,10,0.495
gene,10,0.26
gene,10,0.165
gene,10,0.62
gene,10,0.385
gene,10,0.755
gene,10,0.005
gene,10,0.52
gene,10,0.085
gene,10,0.45
gene,10,0.87
gene,10,0.65
gene,10,0.375
gene,10,0.42
gene,10,0.5
gene,10,0.36
gene,10,0.975
gene,10,0.86
gene,10,0.01
gene,10,1.0
gene,10,1.0
gene,10,0.955
gene,10,0.14
gene,10,0.8
gene,10,0.065
gene,10,0.16
gene,10,0.46
gene,10,0.825
gene,10,0.885
gene,10,0.65
gene,10,0.15
gene,10,0.34
gene,10,0.195
gene,10,0.325
gene,10,0.055
gene,10,0.75
gene,10,0.46
gene,10,0.385
gene,10,0.215
gene,10,0.7
gene,10,0.5
gene,10,0.77
gene,10,0.44
gene,10,0.815
gene,10,0.105
gene,10,0.905
gene,10,0.095
gene,10,0.045
gene,10,0.11
gene,10,0.755
gene,10,0.45
gene,10,0.855
gene,10,0.21
gene,10,0.175
gene,10,0.01
gene,10,0.165
gene,10,0.325
gene,10,0.14
gene,10,0.365
gene,10,0.165
gene,10,0.61
gene,10,0.815
gene,10,0.35
gene,10,0.62
gene,10,0.87
gene,10,0.255
gene,10,0.265
gene,10,0.04
gene,10,0.41
gene,10,0.97
gene,10,0.955
gene,10,0.05
gene,10,0.95
gene,10,0.105
gene,10,0.135
gene,10,0.13
gene,10,0.38
gene,10,0.265
gene,10,0.395
gene,10,0.045
gene,10,0.29
gene,10,0.355
gene,10,0.63
gene,10,0.965
gene,10,0.08
gene,10,0.405
gene,10,0.45
gene,10,0.72
gene,10,0.63
gene,10,0.23
gene,10,0.245
gene,10,0.795
gene,10,0.42
gene,10,0.87
gene,10,0.32
gene,10,0.415
gene,10,0.02
gene,10,0.535
gene,10,0.55
gene,10,0.175
gene,10,0.345
gene,10,0.22
gene,10,0.555
gene,10,0.85
gene,10,0.955
gene,10,0.095
gene,10,0.94
gene,10,0.94
gene,10,0.535
gene,10,0.965
gene,10,0.745
gene,10,0.205
gene,10,0.35
gene,10,0.85
gene,10,0.915
gene,10,0.93
gene,10,0.905
gene,10,0.985
gene,10,0.795
gene,10,0.99
gene,10,0.14
gene,10,0.285
gene,10,0.45
gene,10,0.715
gene,10,0.8
gene,10,0.62
gene,10,0.6
gene,10,0.275
gene,10,0.305
gene,10,0.23
gene,10,0.51
gene,10,0.63
gene,10,0.025
gene,10,0.01
gene,10,0.225
gene,10,0.215
gene,10,0.305
gene,10,0.725
gene,10,0.59
gene,10,0.52
gene,10,0.955
gene,10,0.465
gene,10,0.85
gene,10,0.66
gene,10,0.59
gene,10,0.705
gene,10,0.79
gene,10,0.895
gene,10,0.49
gene,10,0.225
gene,10,0.265
gene,10,0.56
gene,10,0.32
gene,10,0.11
gene,10,0.365
gene,10,0.725
gene,10,0.57
gene,10,0.39
gene,10,0.195
gene,10,0.275
gene,10,0.33
gene,10,0.29
gene,10,0.42
gene,10,0.83
gene,10,0.58
gene,10,0.06
gene,10,0.835
gene,10,0.94
gene,10,0.725
gene,10,0.63
gene,10,0.655
gene,10,0.875
gene,10,0.375
gene,10,0.95
gene,10,0.47
gene,10,0.925
gene,10,0.225
gene,10,0.34
gene,10,0.06
gene,10,0.415
gene,10,0.49
gene,10,0.51
gene,10,0.515
gene,10,0.595
gene,10,0.54
gene,10,0.085
gene,10,0.65
gene,10,0.875
gene,10,0.695
gene,10,0.94
gene,10,0.14
gene,10,0.92
gene,10,0.2
gene,10,0.665
gene,10,0.045
gene,10,0.37
gene,10,0.495
gene,10,0.14
gene,10,0.865
gene,10,0.28
gene,10,0.25
gene,10,0.62
gene,10,0.04
gene,10,0.59
gene,10,0.215
gene,10,0.68
gene,10,0.115
gene,10,0.965
gene,10,0.455
gene,10,0.46
gene,10,0.69
gene,10,0.245
gene,10,0.26
gene,10,0.25
gene,10,0.01
gene,10,0.86
gene,10,0.36
gene,10,0.215
gene,10,0.775
gene,10,0.035
gene,10,0.81
gene,10,0.33
gene,10,0.415
gene,10,0.04
gene,10,0.715
gene,10,0.01
gene,10,0.575
gene,10,0.41
gene,10,0.79
gene,10,0.575
gene,10,0.5
gene,10,0.26
gene,10,0.41
gene,10,0.68
gene,10,0.41
gene,10,0.845
gene,10,0.955
gene,10,0.925
gene,10,0.83
gene,10,0.445
gene,10,0.55
gene,10,0.665
gene,10,0.245
gene,10,0.725
gene,10,0.75
gene,10,0.98
gene,10,0.92
gene,10,1.0
gene,10,0.025
gene,10,0.75
gene,10,0.97
gene,10,0.27
gene,10,0.855
gene,10,0.715
gene,10,0.375
gene,10,0.235
gene,10,0.695
gene,10,0.31
gene,10,0.735
gene,10,0.09
gene,10,0.28
gene,10,0.5
gene,10,0.905
gene,10,0.38
gene,10,0.59
gene,10,0.455
gene,10,0.365
gene,10,0.685
gene,10,0.875
gene,10,0.375
gene,10,0.235
gene,10,0.77
gene,10,0.71
gene,10,0.895
gene,10,0.01
gene,10,0.235
gene,10,0.415
gene,10,0.465
gene,10,0.705
gene,10,0.28
gene,10,0.86
gene,10,0.31
gene,10,0.105
gene,10,0.95
gene,10,0.975
gene,10,0.875
gene,10,0.225
gene,10,0.225
gene,10,0.88
gene,10,0.865
gene,10,0.54
gene,10,0.785
gene,10,0.47
gene,10,0.56
gene,10,0.075
gene,10,0.565
gene,10,0.515
gene,10,0.85
gene,10,0.935
gene,10,0.87
gene,10,0.325
gene,10,0.705
gene,10,0.75
gene,10,0.52
gene,10,0.61
gene,10,0.28
gene,10,0.32
gene,10,0.375
gene,10,0.635
gene,10,0.415
gene,10,0.22
gene,10,0.38
gene,10,0.65
gene,10,0.145
gene,10,0.75
gene,10,0.395
gene,10,0.07
gene,10,0.365
gene,10,0.545
gene,10,0.655
gene,10,0.41
gene,10,0.025
gene,10,0.375
gene,10,0.9
gene,10,0.995
gene,10,0.64
gene,10,0.505
gene,10,0.575
gene,10,0.53
gene,10,0.19
gene,10,0.625
gene,10,0.605
gene,10,0.03
gene,10,0.57
gene,10,0.255
gene,10,0.18
gene,10,0.895
gene,10,0.22
gene,10,0.405
gene,10,0.09
gene,10,0.81
gene,10,0.995
gene,10,0.245
gene,10,0.75
gene,10,0.75
gene,10,0.63
gene,10,0.81
gene,10,0.395
gene,10,0.575
gene,10,0.15
gene,10,0.425
gene,10,0.47
gene,10,0.515
gene,10,0.66
gene,10,0.73
gene,10,0.825
gene,10,0.445
gene,10,0.175
gene,10,0.185
gene,10,0.6
gene,10,0.995
gene,10,0.43
gene,10,0.75
gene,10,0.21
gene,10,0.675
gene,10,0.16
gene,10,0.535
gene,10,0.96
gene,10,0.59
gene,10,0.475
gene,10,0.625
gene,10,0.765
gene,10,0.985
gene,10,0.1
gene,10,0.05
gene,10,0.9
gene,10,0.075
gene,10,0.11
gene,10,0.865
gene,10,0.355
gene,10,0.22
gene,10,0.865
gene,10,0.055
gene,10,0.3
gene,10,0.995
gene,10,0.64
gene,10,0.33
gene,10,0.755
gene,10,0.425
gene,10,0.64
gene,10,0.8
gene,10,0.925
gene,10,0.965
gene,10,0.23
gene,10,0.2
gene,10,0.76
gene,10,0.79
gene,10,0.58
gene,10,0.71
gene,10,0.945
gene,10,0.86
gene,10,0.07
gene,10,0.235
gene,10,0.655
gene,10,0.625
gene,10,0.705
gene,10,0.895
gene,10,0.59
gene,10,0.775
gene,10,0.45
gene,10,0.915
gene,10,0.015
gene,10,0.905
gene,10,0.48
gene,10,0.215
gene,10,0.58
gene,10,0.86
gene,10,0.715
gene,10,0.45
gene,10,0.825
gene,10,0.905
gene,10,0.595
gene,10,0.87
gene,10,0.085
gene,10,0.445
gene,10,0.825
gene,10,0.795
gene,10,0.825
gene,10,0.78
gene,10,0.885
gene,10,0.695
gene,10,0.505
gene,10,0.17
gene,10,0.375
gene,10,0.44
gene,10,0.185
gene,10,0.85
gene,10,0.165
gene,10,0.87
gene,10,0.81
gene,10,0.89
gene,10,0.16
gene,10,0.38
gene,10,0.64
gene,10,0.535
gene,10,0.965
gene,10,0.075
gene,10,0.57
gene,10,0.595
gene,10,0.205
gene,10,0.76
gene,10,0.86
gene,10,0.315
gene,10,0.32
gene,10,0.73
gene,10,0.285
gene,10,0.675
gene,10,0.66
gene,10,0.68
gene,10,0.58
gene,10,0.795
gene,10,0.735
gene,10,0.84
gene,10,0.215
gene,10,0.97
gene,10,0.835
gene,10,0.05
gene,10,0.03
gene,10,0.785
gene,10,0.715
gene,10,0.725
gene,10,1.0
gene,10,0.84
gene,10,0.615
gene,10,0.285
gene,10,0.69
gene,10,0.99
gene,10,0.92
gene,10,0.21
gene,10,0.1
gene,10,0.48
gene,10,0.045
gene,10,0.02
gene,10,0.88
gene,10,0.035
gene,10,0.135
gene,10,0.96
gene,10,0.79
gene,10,0.155
gene,10,0.07
gene,10,0.485
gene,10,0.56
gene,10,0.18
gene,10,0.875
gene,10,0.915
gene,10,0.295
gene,10,0.59
gene,10,0.275
gene,10,0.015
gene,10,0.515
gene,10,0.985
gene,10,0.4
gene,10,0.075
gene,10,0.18
gene,10,0.255
gene,10,0.555
gene,10,0.79
gene,10,0.19
gene,10,0.595
gene,10,0.935
gene,10,0.615
gene,10,0.255
gene,10,0.515
gene,10,0.29
gene,10,0.345
gene,10,0.72
gene,10,0.975
gene,10,0.94
gene,10,0.215
gene,10,0.955
gene,10,0.99
gene,10,0.83
gene,10,0.71
gene,10,0.385
gene,10,0.015
gene,10,0.48
gene,10,0.6
gene,10,0.775
gene,10,0.69
gene,10,0.39
gene,10,0.325
gene,10,0.635
gene,10,0.325
gene,10,0.11
gene,10,0.81
gene,10,0.88
gene,10,0.46
gene,10,0.975
gene,10,0.45
gene,10,0.51
gene,10,0.965
gene,10,0.205
gene,10,0.565
gene,10,0.405
gene,10,0.91
gene,10,0.955
gene,10,0.48
gene,10,0.695
gene,10,0.49
gene,10,0.705
gene,10,0.635
gene,10,0.96
gene,10,0.1
gene,10,0.315
gene,10,0.69
gene,10,0.16
gene,10,0.995
gene,10,0.64
gene,10,0.89
gene,10,0.86
gene,10,0.665
gene,10,0.43
gene,10,0.61
gene,10,0.665
gene,10,0.91
gene,10,0.515
gene,10,0.04
gene,10,0.38
gene,10,0.915
gene,10,0.805
gene,10,0.775
gene,10,0.15
gene,10,0.115
gene,10,0.455
gene,10,1.0
gene,10,0.88
gene,10,0.71
gene,10,0.28
gene,10,0.18
gene,10,0.515
gene,10,0.965
gene,10,0.22
gene,10,0.16
gene,10,0.245
gene,10,0.69
gene,10,0.885
gene,10,0.975
gene,10,0.56
gene,10,0.175
gene,10,0.835
gene,10,0.78
gene,10,0.24
gene,10,0.67
gene,10,0.15
gene,10,0.36
gene,10,0.885
gene,10,0.38
gene,10,0.66
gene,10,0.525
gene,10,0.26
gene,10,0.28
gene,10,0.675
gene,10,0.165
gene,10,0.685
gene,10,0.79
gene,10,0.05
gene,10,0.265
gene,10,0.755
gene,10,0.265
gene,10,0.1
gene,10,0.63
gene,10,0.74
gene,10,0.76
gene,10,0.975
gene,10,0.66
gene,10,0.545
gene,10,0.31
gene,10,0.245
gene,10,0.57
gene,10,0.125
gene,10,0.72
gene,10,0.135
gene,10,0.195
gene,10,0.555
gene,10,0.855
gene,10,0.185
gene,10,0.205
gene,10,0.735
gene,10,0.41
gene,10,0.85
gene,10,0.665
gene,10,0.24
gene,10,0.815
gene,10,0.035
gene,10,0.535
gene,10,0.92
gene,10,0.45
gene,10,0.87
gene,10,0.065
gene,10,0.59
gene,10,0.145
gene,10,0.095
gene,10,0.115
gene,10,0.38
gene,10,0.13
gene,10,0.525
gene,10,0.38
gene,10,0.36
gene,10,0.485
gene,10,0.59
gene,10,0.525
gene,10,0.17
gene,10,0.865
gene,10,0.675
gene,10,0.775
gene,10,0.185
gene,10,0.49
gene,10,0.575
gene,10,0.505
gene,10,0.255
gene,10,0.365
gene,10,0.45
gene,10,0.015
gene,10,0.15
gene,10,0.835
gene,10,0.345
gene,10,0.65
gene,10,0.05
gene,10,0.98
gene,10,0.13
gene,10,0.425
gene,10,0.34
gene,10,0.43
gene,10,0.17
gene,10,0.535
gene,10,0.985
gene,10,0.815
gene,10,0.96
gene,10,0.71
gene,10,0.125
gene,10,0.305
gene,10,0.405
gene,10,0.395
gene,10,0.49
gene,10,0.99
gene,10,0.425
gene,10,0.075
gene,10,0.185
gene,10,0.34
gene,10,0.765
gene,10,0.14
gene,10,0.29
gene,10,0.865
gene,10,0.77
gene,10,0.045
gene,10,0.93
gene,10,0.55
gene,10,0.495
gene,10,0.595
gene,10,0.98
gene,10,0.79
gene,10,0.54
gene,10,0.875
gene,10,0.95
gene,10,0.685
gene,10,0.125
gene,10,0.985
gene,10,0.35
gene,10,0.345
gene,10,0.57
gene,10,0.19
gene,10,0.125
gene,10,0.235
gene,10,0.515
gene,10,0.74
gene,10,0.18
gene,10,0.34
gene,10,0.81
gene,10,0.095
gene,10,0.915
gene,10,0.035
gene,10,0.225
gene,10,0.975
gene,10,0.91
gene,10,0.47
gene,10,0.72
gene,10,0.585
gene,10,0.13
gene,10,0.21
gene,10,0.57
gene,10,0.08
gene,10,0.915
gene,10,0.675
gene,10,0.025
gene,10,0.73
gene,10,0.02
gene,10,0.73
gene,10,0.19
gene,10,0.78
gene,10,0.945
gene,10,0.06
gene,10,0.44
gene,10,0.995
gene,10,0.24
gene,10,0.09
gene,10,0.55
gene,10,0.13
gene,10,0.63
gene,10,0.395
gene,10,0.285
gene,10,0.27
gene,10,0.345
gene,10,0.99
gene,10,0.405
gene,10,0.54
gene,10,0.775
gene,10,0.65
gene,10,0.065
gene,10,0.835
gene,10,0.28
gene,10,0.295
gene,10,0.895
gene,10,0.795
gene,10,0.38
gene,10,0.365
gene,10,0.97
gene,10,0.685
gene,10,0.915
gene,10,0.105
gene,10,0.08
gene,10,0.24
gene,10,0.94
gene,10,0.55
gene,10,0.56
gene,10,0.96
gene,10,0.13
gene,10,0.22
gene,10,0.965
gene,10,0.42
gene,10,0.605
gene,10,0.925
gene,10,0.115
gene,10,0.26
gene,10,0.765
gene,10,0.255
gene,10,0.52
gene,10,0.485
gene,10,1.0
gene,10,0.84
gene,10,0.05
gene,10,0.53
gene,10,0.64
gene,10,0.34
gene,10,0.415
gene,10,0.805
gene,10,0.445
gene,10,0.715
gene,10,0.685
gene,10,0.945
gene,10,0.5
gene,10,0.69
gene,10,0.96
gene,10,0.775
gene,10,0.445
gene,10,0.74
gene,10,0.52
gene,10,0.36
gene,10,0.24
gene,10,0.54
gene,10,0.49
gene,10,0.415
gene,10,0.11
gene,10,0.415
gene,10,0.49
gene,10,0.895
gene,10,0.665
gene,10,0.835
gene,10,0.685
gene,10,0.975
gene,10,0.31
gene,10,0.735
gene,10,0.925
gene,10,0.685
gene,10,0.94
gene,10,0.95
gene,10,0.34
gene,10,0.625
gene,10,0.585
gene,10,0.055
gene,10,0.64
gene,10,0.445
gene,10,0.225
gene,10,0.125
gene,10,0.74
gene,10,0.91
gene,10,0.405
gene,10,0.015
gene,10,0.425
gene,10,0.335
gene,10,0.7
gene,10,0.29
gene,10,0.525
gene,10,0.875
gene,10,0.5
gene,10,0.255
gene,10,0.09
gene,10,0.34
gene,10,0.32
gene,10,0.645
gene,10,0.92
gene,10,0.67
gene,10,0.695
gene,10,0.07
gene,10,0.72
gene,10,0.205
gene,10,0.92
gene,10,0.425
gene,10,0.83
gene,10,0.265
gene,10,0.75
gene,10,0.975
gene,10,0.29
gene,10,0.455
gene,10,0.35
gene,10,0.86
gene,10,0.62
gene,10,0.32
gene,10,0.885
gene,10,0.28
gene,10,0.92
gene,10,0.315
gene,10,0.74
gene,10,0.865
gene,10,0.6
gene,10,0.4
gene,10,0.4
gene,10,0.11
gene,10,0.59
gene,10,0.81
gene,10,0.575
gene,10,0.515
gene,10,0.97
gene,10,0.51
gene,10,0.655
gene,10,0.575
gene,10,0.635
gene,10,0.525
gene,10,0.44
gene,10,0.065
gene,10,0.815
gene,10,0.54
gene,10,0.97
gene,10,0.91
gene,10,0.78
gene,10,0.135
gene,10,0.42
gene,10,0.83
gene,10,0.365
gene,10,0.61
gene,10,0.195
gene,10,0.81
gene,10,0.845
gene,10,0.195
gene,10,0.01
gene,10,0.375
gene,10,0.5
gene,10,0.995
gene,10,0.05
gene,10,0.725
gene,10,0.73
gene,10,0.535
gene,10,0.92
gene,10,0.195
gene,10,0.795
gene,10,0.575
gene,10,0.04
gene,10,0.545
gene,10,0.7
gene,10,0.875
gene,10,0.62
gene,10,0.105
gene,10,0.525
gene,10,0.79
gene,10,0.085
gene,10,0.4
gene,10,0.73
gene,10,0.04
gene,10,0.805
gene,10,0.725
gene,10,0.78
gene,10,0.97
gene,10,0.22
gene,10,0.82
gene,10,0.71
gene,10,0.61
gene,10,0.535
gene,10,0.755
gene,10,0.515
gene,10,0.85
gene,10,0.575
gene,10,0.94
gene,10,0.19
gene,10,0.275
gene,10,0.985
gene,10,0.185
gene,10,0.6
gene,10,0.195
gene,10,0.23
gene,10,0.875
gene,10,0.025
gene,10,0.51
gene,10,0.405
gene,10,0.01
gene,10,0.715
gene,10,0.705
gene,10,0.33
gene,10,0.15
gene,10,0.87
gene,10,0.77
gene,10,0.805
gene,10,0.615
gene,10,0.425
gene,10,1.0
gene,10,0.28
gene,10,0.395
gene,10,0.085
gene,10,0.875
gene,10,0.315
gene,10,0.445
gene,10,0.985
gene,17,0.935
gene,17,0.32
gene,17,0.845
gene,17,0.26
gene,17,0.355
gene,17,0.27
gene,17,0.885
gene,17,0.335
gene,17,0.955
gene,17,0.66
gene,17,0.995
gene,17,0.055
gene,17,0.825
gene,17,0.14
gene,17,0.9
gene,17,0.515
gene,17,0.55
gene,17,0.12
gene,17,0.33
gene,17,0.475
gene,17,0.675
gene,17,0.485
gene,17,0.825
gene,17,0.065
gene,17,0.17
gene,17,0.86
gene,17,0.74
gene,17,0.4
gene,17,0.71
gene,17,0.22
gene,17,0.975
gene,17,0.995
gene,17,0.13
gene,17,0.89
gene,17,0.57
gene,17,0.815
gene,17,0.69
gene,17,0.25
gene,17,0.83
gene,17,0.115
gene,17,0.19
gene,17,0.775
gene,17,0.9
gene,17,0.125
gene,17,0.99
gene,17,0.4
gene,17,0.165
gene,17,0.415
gene,17,0.145
gene,17,0.19
gene,17,0.03
gene,17,0.59
gene,17,0.495
gene,17,0.115
gene,17,0.475
gene,17,0.79
gene,17,0.33
gene,17,0.175
gene,17,0.36
gene,17,0.73
gene,17,0.535
gene,17,0.46
gene,17,0.25
gene,17,0.43
gene,17,0.72
gene,17,0.24
gene,17,0.475
gene,17,0.515
gene,17,0.27
gene,17,0.445
gene,17,0.95
gene,17,0.53
gene,17,0.865
gene,17,0.57
gene,17,0.995
gene,17,0.395
gene,17,0.255
gene,17,0.745
gene,17,0.135
gene,17,0.7
gene,17,0.87
gene,17,0.23
gene,17,0.87
gene,17,0.725
gene,17,0.39
gene,17,0.94
gene,17,0.505
gene,17,0.185
gene,17,0.245
gene,17,0.41
gene,17,0.78
gene,17,0.49
gene,17,0.995
gene,17,0.5
gene,17,0.105
gene,17,0.19
gene,17,0.385
gene,17,0.24
gene,17,0.23
gene,17,0.19
gene,17,0.88
gene,17,0.025
gene,17,0.175
gene,17,0.71
gene,17,0.06
gene,17,0.27
gene,17,0.17
gene,17,0.415
gene,17,0.625
gene,17,0.275
gene,17,0.88
gene,17,0.745
gene,17,0.075
gene,17,0.07
gene,17,0.905
gene,17,0.475
gene,17,0.195
gene,17,0.215
gene,17,0.81
gene,17,0.47
gene,17,0.63
gene,17,0.915
gene,17,0.595
gene,17,0.44
gene,17,0.105
gene,17,0.63
gene,17,0.755
gene,17,0.83
gene,17,0.015
gene,17,0.095
gene,17,0.22
gene,17,0.25
gene,17,0.9
gene,17,0.11
gene,17,0.65
gene,17,0.7
gene,17,0.555
gene,17,0.43
gene,17,0.46
gene,17,0.465
gene,17,0.995
gene,17,0.385
gene,17,0.8
gene,17,0.675
gene,17,0.535
gene,17,0.475
gene,17,0.455
gene,17,0.58
gene,17,1.0
gene,17,0.83
gene,17,0.205
gene,17,0.47
gene,17,0.43
gene,17,0.36
gene,17,0.795
gene,17,0.785
gene,17,0.035
gene,17,0.47
gene,17,0.57
gene,17,0.05
gene,17,0.445
gene,17,0.94
gene,17,0.62
gene,17,0.38
gene,17,0.95
gene,17,0.515
gene,17,0.07
gene,17,0.025
gene,17,0.635
gene,17,0.29
gene,17,0.02
gene,17,0.195
gene,17,0.81
gene,17,0.845
gene,17,0.245
gene,17,0.515
gene,17,0.195
gene,17,0.865
gene,17,0.235
gene,17,0.08
gene,17,0.23
gene,17,0.69
gene,17,0.04
gene,17,0.36
gene,17,0.585
gene,17,0.1
gene,17,0.655
gene,17,0.81
gene,17,0.7
gene,17,0.4
gene,17,0.62
gene,17,0.91
gene,17,0.13
gene,17,0.525
gene,17,0.55
gene,17,0.38
gene,17,0.375
gene,17,0.315
gene,17,0.53
gene,17,0.085
gene,17,0.245
gene,17,0.56
gene,17,0.815
gene,17,0.78
gene,17,0.035
gene,17,0.25
gene,17,0.53
gene,17,0.78
gene,17,0.385
gene,17,0.34
gene,17,0.905
gene,17,0.125
gene,17,0.335
gene,17,0.33
gene,17,0.885
gene,17,0.45
gene,17,0.14
gene,17,0.24
gene,17,0.47
gene,17,0.705
gene,17,0.225
gene,17,0.655
gene,17,0.105
gene,17,0.52
gene,17,0.885
gene,17,0.705
gene,17,0.05
gene,17,0.025
gene,17,0.44
gene,17,0.34
gene,17,0.81
gene,17,0.56
gene,17,0.25
gene,17,0.115
gene,17,0.175
gene,17,0.265
gene,17,0.86
gene,17,0.89
gene,17,0.185
gene,17,0.75
gene,17,0.795
gene,17,0.835
gene,17,0.93
gene,17,0.03
gene,17,0.955
gene,17,0.33
gene,17,0.06
gene,17,0.22
gene,17,0.43
gene,17,0.26
gene,17,0.09
gene,17,0.935
gene,17,0.885
gene,17,0.235
gene,17,0.68
gene,17,0.63
gene,17,0.455
gene,17,0.785
gene,17,0.285
gene,17,0.37
gene,17,0.715
gene,17,0.41
gene,17,0.74
gene,17,0.27
gene,17,0.44
gene,17,0.865
gene,17,0.01
gene,17,0.11
gene,17,0.285
gene,17,0.665
gene,17,0.365
gene,17,0.805
gene,17,0.395
gene,17,0.72
gene,17,0.53
gene,17,0.79
gene,17,0.47
gene,17,0.245
gene,17,0.08
gene,17,0.24
gene,17,0.27
gene,17,0.18
gene,17,0.51
gene,17,0.715
gene,17,0.71
gene,17,0.45
gene,17,0.155
gene,17,0.015
gene,17,0.98
gene,17,0.155
gene,17,0.29
gene,17,0.355
gene,17,0.08
gene,17,0.335
gene,17,0.885
gene,17,0.055
gene,17,0.695
gene,17,0.23
gene,17,0.11
gene,17,0.175
gene,17,0.445
gene,17,0.17
gene,17,0.965
gene,17,0.24
gene,17,0.7
gene,17,0.865
gene,17,0.405
gene,17,0.585
gene,17,0.295
gene,17,0.805
gene,17,0.85
gene,17,0.975
gene,17,0.04
gene,17,0.12
gene,17,0.595
gene,17,0.535
gene,17,0.83
gene,17,0.145
gene,17,0.175
gene,17,0.23
gene,17,0.985
gene,17,0.63
gene,17,0.68
gene,17,0.465
gene,17,0.78
gene,17,0.24
gene,17,0.42
gene,17,0.05
gene,17,0.23
gene,17,0.91
gene,17,0.99
gene,17,0.255
gene,17,0.53
gene,17,0.825
gene,17,0.68
gene,17,0.065
gene,17,0.98
gene,17,0.64
gene,17,0.69
gene,17,0.65
gene,17,0.8
gene,17,0.835
gene,17,0.425
gene,17,0.285
gene,17,0.495
gene,17,0.14
gene,17,0.995
gene,17,0.27
gene,17,0.4
gene,17,0.57
gene,17,0.02
gene,17,0.86
gene,17,0.81
gene,17,0.715
gene,17,0.05
gene,17,0.57
gene,17,0.895
gene,17,0.83
gene,17,0.465
gene,17,0.57
gene,17,0.84
gene,17,0.02
gene,17,0.695
gene,17,0.55
gene,17,0.61
gene,17,0.43
gene,17,0.905
gene,17,0.765
gene,17,0.945
gene,17,1.0
gene,17,0.615
gene,17,0.91
gene,17,0.075
gene,17,0.215
gene,17,0.61
gene,17,0.435
gene,17,0.85
gene,17,0.945
gene,17,0.995
gene,17,0.005
gene,17,0.225
gene,17,0.02
gene,17,0.84
gene,17,0.48
gene,17,0.48
gene,17,0.265
gene,17,0.185
gene,17,0.43
gene,17,0.185
gene,17,0.89
gene,17,0.68
gene,17,0.895
gene,17,0.735
gene,17,0.41
gene,17,0.02
gene,17,0.88
gene,17,0.42
gene,17,0.64
gene,17,0.845
gene,17,0.76
gene,17,0.105
gene,17,0.25
gene,17,0.52
gene,17,0.56
gene,17,0.53
gene,17,0.705
gene,17,0.49
gene,17,0.815
gene,17,0.09
gene,17,0.77
gene,17,0.945
gene,17,0.75
gene,17,0.375
gene,17,0.4
gene,17,0.54
gene,17,0.095
gene,17,0.785
gene,17,0.735
gene,17,0.155
gene,17,0.04
gene,17,0.55
gene,17,0.725
gene,17,0.355
gene,17,0.23
gene,17,0.17
gene,17,0.955
gene,17,0.505
gene,17,0.375
gene,17,0.185
gene,17,0.525
gene,17,0.94
gene,17,0.605
gene,17,0.58
gene,17,0.86
gene,17,0.205
gene,17,0.355
gene,17,0.035
gene,17,0.805
gene,17,0.215
gene,17,0.155
gene,17,0.72
gene,17,0.085
gene,17,0.26
gene,17,0.645
gene,17,0.745
gene,17,0.91
gene,17,0.565
gene,17,0.81
gene,17,0.495
gene,17,0.53
gene,17,0.365
gene,17,0.25
gene,17,0.66
gene,17,0.995
gene,17,0.095
gene,17,0.165
gene,17,0.01
gene,17,0.685
gene,17,0.56
gene,17,0.64
gene,17,0.79
gene,17,0.92
gene,17,0.485
gene,17,0.905
gene,17,0.085
gene,17,0.01
gene,17,0.345
gene,17,0.945
gene,17,0.43
gene,17,0.25
gene,17,0.84
gene,17,0.26
gene,17,0.515
gene,17,0.335
gene,17,0.94
gene,17,0.985
gene,17,0.195
gene,17,0.285
gene,17,0.82
gene,17,0.885
gene,17,0.46
gene,17,0.415
gene,17,0.755
gene,17,0.085
gene,17,0.705
gene,17,1.0
gene,17,0.865
gene,17,0.36
gene,17,0.33
gene,17,0.345
gene,17,0.98
gene,17,0.34
gene,17,0.845
gene,17,0.96
gene,17,0.425
gene,17,0.815
gene,17,0.505
gene,17,0.935
gene,17,0.26
gene,17,0.53
gene,17,0.225
gene,17,0.13
gene,17,0.465
gene,17,0.24
gene,17,0.52
gene,17,0.645
gene,17,0.475
gene,17,0.29
gene,17,0.775
gene,17,0.64
gene,17,0.955
gene,17,0.245
gene,17,0.345
gene,17,0.35
gene,17,0.97
gene,17,0.98
gene,17,0.67
gene,17,0.45
gene,17,0.01
gene,17,0.225
gene,17,0.895
gene,17,0.48
gene,17,0.055
gene,17,0.85
gene,17,0.785
gene,17,0.195
gene,17,0.73
gene,17,0.155
gene,17,0.235
gene,17,0.765
gene,17,0.75
gene,17,0.43
gene,17,0.285
gene,17,0.39
gene,17,0.355
gene,17,0.125
gene,17,0.01
gene,17,0.72
gene,17,0.235
gene,17,0.015
gene,17,0.855
gene,17,0.465
gene,17,0.615
gene,17,1.0
gene,17,0.4
gene,17,0.48
gene,17,0.215
gene,17,0.695
gene,17,0.39
gene,17,0.845
gene,17,0.195
gene,17,0.07
gene,17,0.53
gene,17,0.135
gene,17,0.45
gene,17,0.925
gene,17,0.735
gene,17,0.405
gene,17,0.425
gene,17,0.905
gene,17,0.61
gene,17,0.695
gene,17,0.205
gene,17,0.795
gene,17,0.66
gene,17,0.925
gene,17,0.535
gene,17,0.095
gene,17,0.06
gene,17,0.645
gene,17,0.535
gene,17,0.99
gene,17,0.375
gene,17,0.865
gene,17,0.37
gene,17,0.71
gene,17,0.15
gene,17,0.855
gene,17,0.36
gene,17,0.725
gene,17,0.175
gene,17,0.695
gene,17,0.845
gene,17,0.145
gene,17,0.495
gene,17,0.075
gene,17,0.05
gene,17,0.88
gene,17,0.65
gene,17,0.095
gene,17,0.28
gene,17,0.695
gene,17,0.81
gene,17,0.905
gene,17,0.86
gene,17,0.39
gene,17,0.76
gene,17,1.0
gene,17,0.395
gene,17,0.55
gene,17,0.05
gene,17,0.115
gene,17,0.93
gene,17,0.675
gene,17,0.585
gene,17,0.06
gene,17,0.675
gene,17,0.155
gene,17,0.055
gene,17,0.945
gene,17,0.845
gene,17,0.18
gene,17,0.46
gene,17,0.77
gene,17,0.365
gene,17,0.645
gene,17,0.295
gene,17,0.17
gene,17,0.705
gene,17,0.23
gene,17,0.095
gene,17,0.69
gene,17,0.45
gene,17,0.865
gene,17,1.0
gene,17,0.66
gene,17,0.575
gene,17,0.48
gene,17,0.155
gene,17,0.2
gene,17,0.56
gene,17,0.79
gene,17,0.18
gene,17,0.045
gene,17,0.48
gene,17,0.35
gene,17,0.125
gene,17,0.545
gene,17,0.9
gene,17,0.02
gene,17,0.95
gene,17,0.975
gene,17,0.31
gene,17,0.295
gene,17,0.75
gene,17,0.055
gene,17,0.52
gene,17,0.875
gene,17,0.735
gene,17,0.81
gene,17,0.9
gene,17,0.165
gene,17,0.985
gene,17,0.025
gene,17,0.63
gene,17,0.85
gene,17,0.51
gene,17,0.555
gene,17,0.035
gene,17,0.745
gene,17,0.96
gene,17,0.17
gene,17,0.485
gene,17,0.72
gene,17,0.375
gene,17,0.145
gene,17,0.485
gene,17,0.37
gene,17,0.34
gene,17,0.1
gene,17,0.025
gene,17,0.24
gene,17,0.2
gene,17,0.475
gene,17,0.515
gene,17,0.35
gene,17,0.475
gene,17,0.57
gene,17,0.49
gene,17,0.79
gene,17,0.54
gene,17,0.585
gene,17,0.16
gene,17,0.765
gene,17,0.055
gene,17,0.315
gene,17,0.5
gene,17,0.54
gene,17,0.855
gene,17,0.125
gene,17,0.34
gene,17,0.745
gene,17,0.345
gene,17,0.375
gene,17,0.935
gene,17,0.65
gene,17,0.215
gene,17,0.135
gene,17,0.66
gene,17,0.495
gene,17,0.43
gene,17,0.095
gene,17,0.29
gene,17,0.64
gene,17,0.925
gene,17,0.52
gene,17,0.39
gene,17,0.84
gene,17,0.09
gene,17,0.22
gene,17,0.27
gene,17,0.85
gene,17,0.95
gene,17,0.89
gene,17,0.035
gene,17,0.06
gene,17,0.105
gene,17,0.315
gene,17,0.855
gene,17,0.94
gene,17,0.73
gene,17,0.47
gene,17,0.57
gene,17,0.51
gene,17,0.86
gene,17,0.195
gene,17,0.77
gene,17,0.385
gene,17,0.72
gene,17,0.785
gene,17,0.54
gene,17,0.45
gene,17,0.525
gene,17,0.695
gene,17,0.17
gene,17,0.515
gene,17,0.225
gene,17,0.715
gene,17,0.42
gene,17,0.275
gene,17,0.925
gene,17,0.63
gene,17,0.595
gene,17,0.4
gene,17,0.74
gene,17,0.31
gene,17,0.555
gene,17,0.27
gene,17,0.35
gene,17,0.305
gene,17,0.665
gene,17,0.435
gene,17,0.695
gene,17,0.045
gene,17,0.005
gene,17,0.725
gene,17,0.055
gene,17,0.245
gene,17,0.135
gene,17,0.495
gene,17,0.81
gene,17,0.45
gene,17,0.295
gene,17,0.945
gene,17,0.82
gene,17,0.245
gene,17,0.575
gene,17,0.555
gene,17,0.255
gene,17,0.47
gene,17,0.615
gene,17,0.095
gene,17,0.035
gene,17,0.785
gene,17,0.05
gene,17,0.765
gene,17,0.615
gene,17,0.885
gene,17,0.05
gene,17,0.51
gene,17,0.905
gene,17,0.445
gene,17,0.86
gene,17,0.22
gene,17,0.61
gene,17,0.845
gene,17,0.11
gene,17,0.665
gene,17,0.675
gene,17,0.115
gene,17,0.635
gene,17,0.955
gene,17,0.27
gene,17,0.495
gene,17,0.31
gene,17,0.55
gene,17,0.575
gene,17,0.405
gene,17,0.22
gene,17,0.095
gene,17,0.775
gene,17,0.785
gene,17,0.195
gene,17,0.225
gene,17,0.03
gene,17,0.145
gene,17,0.88
gene,17,0.795
gene,17,0.84
gene,17,0.165
gene,17,0.84
gene,17,0.3
gene,17,0.94
gene,17,0.93
gene,17,0.92
gene,17,0.99
gene,17,0.565
gene,17,0.855
gene,17,0.325
gene,17,0.135
gene,17,0.23
gene,17,0.47
gene,17,0.075
gene,17,0.465
gene,17,0.97
gene,17,0.09
gene,17,0.695
gene,17,0.125
gene,17,0.84
gene,17,0.47
gene,17,0.01
gene,17,0.935
gene,17,0.605
gene,17,0.32
gene,17,0.845
gene,17,0.54
gene,17,0.99
gene,17,0.505
gene,17,0.835
gene,17,0.255
gene,17,0.92
gene,17,0.44
gene,17,0.3
gene,17,0.595
gene,17,0.965
gene,17,0.05
gene,17,0.97
gene,17,0.79
gene,17,0.74
gene,17,0.64
gene,17,0.045
gene,17,0.45
gene,17,0.27
gene,17,0.25
gene,17,0.235
gene,17,0.485
gene,17,0.375
gene,17,0.9
gene,17,0.015
gene,17,0.71
gene,17,0.495
gene,17,0.81
gene,17,0.52
gene,17,0.39
gene,17,0.89
gene,17,0.225
gene,17,0.82
gene,17,0.82
gene,17,0.5
gene,17,0.85
gene,17,0.275
gene,17,0.995
gene,17,0.085
gene,17,0.38
gene,17,0.73
gene,17,0.63
gene,17,0.29
gene,17,0.785
gene,17,0.945
gene,17,0.935
gene,17,0.96
gene,17,0.495
gene,17,0.925
gene,17,0.015
gene,17,0.08
gene,17,0.485
gene,17,0.565
gene,17,0.225
gene,17,0.095
gene,17,0.2
gene,17,0.245
gene,17,0.325
gene,17,0.905
gene,17,0.195
gene,17,0.3
gene,17,0.91
gene,17,0.775
gene,17,0.31
gene,17,0.51
gene,17,0.66
gene,17,0.405
gene,17,0.16
gene,17,0.99
gene,17,0.105
gene,17,0.495
gene,17,0.78
gene,17,0.965
gene,17,0.845
gene,17,0.38
gene,17,0.42
gene,17,0.01
gene,17,0.42
gene,17,0.13
gene,17,0.7
gene,17,0.11
gene,17,0.815
gene,17,0.015
gene,17,0.795
gene,17,0.52
gene,17,0.01
gene,17,0.715
gene,17,0.78
gene,17,0.175
gene,17,0.09
gene,17,0.235
gene,17,0.255
gene,17,0.465
gene,17,0.52
gene,17,0.55
gene,17,0.465
gene,17,0.51
gene,17,0.445
gene,17,0.66
gene,17,0.955
gene,17,0.92
gene,17,0.505
gene,17,0.495
gene,17,0.61
gene,17,0.695
gene,17,0.07
gene,17,0.125
gene,17,0.99
gene,17,0.515
gene,17,0.615
gene,17,0.14
gene,17,0.17
gene,17,0.8
gene,17,0.21
gene,17,0.22
gene,17,0.785
gene,17,0.715
gene,17,0.93
gene,17,0.6
gene,17,0.625
gene,17,0.53
gene,17,0.44
gene,17,0.865
gene,17,0.315
gene,17,0.375
gene,17,0.115
gene,17,0.265
gene,17,0.755
gene,17,0.715
gene,17,0.41
gene,17,0.245
gene,17,0.925
gene,17,0.185
gene,17,0.02
gene,17,0.82
gene,17,0.805
gene,17,0.56
gene,17,0.44
gene,17,0.615
gene,17,0.115
gene,17,0.94
gene,17,0.33
gene,17,0.085
gene,17,0.89
gene,17,0.11
gene,17,0.98
gene,17,0.23
gene,17,0.365
gene,17,0.855
gene,17,0.625
gene,17,0.395
gene,17,0.665
gene,17,0.385
gene,17,0.755
gene,17,0.17
gene,17,0.565
gene,17,0.9
gene,17,0.535
gene,17,0.65
gene,17,0.64
gene,17,0.835
gene,17,0.03
gene,17,0.8
gene,17,0.315
gene,17,0.44
gene,17,0.405
gene,17,0.895
gene,17,0.89
gene,17,0.4
gene,17,0.065
gene,17,0.61
gene,17,0.265
gene,17,0.6
gene,17,0.975
gene,17,0.735
gene,17,0.31
gene,17,0.51
gene,17,0.56
gene,17,0.61
gene,17,0.55
gene,17,0.1
gene,17,0.01
gene,17,0.525
gene,17,0.955
gene,17,0.9
gene,17,0.97
gene,17,0.25
gene,17,0.715
gene,17,0.825
gene,17,0.445
gene,17,0.49
gene,17,0.545
gene,17,0.965
gene,17,0.05
gene,17,0.615
gene,17,0.01
gene,17,0.885
gene,17,0.67
gene,17,0.625
gene,17,0.62
gene,17,0.315
gene,17,0.41
gene,17,0.265
gene,17,0.165
gene,17,0.84
gene,17,0.34
gene,17,0.995
gene,17,0.41
gene,17,0.415
gene,17,0.985
gene,17,0.32
gene,17,0.975
gene,17,0.185
gene,17,0.68
gene,17,0.08
gene,17,0.91
gene,17,0.985
gene,17,0.155
gene,17,0.46
gene,17,0.025
gene,17,0.12
gene,17,0.725
gene,17,0.72
gene,17,0.36
gene,17,0.665
gene,17,0.355
gene,17,0.505
gene,17,0.175
gene,17,0.655
gene,17,0.035
gene,17,0.305
gene,17,0.54
gene,17,0.045
gene,17,0.415
gene,17,0.36
gene,17,0.985
gene,17,0.515
gene,17,0.595
gene,17,0.17
gene,17,0.415
gene,17,0.28
gene,17,0.925
gene,17,0.495
gene,17,0.635
gene,17,0.095
gene,17,0.36
gene,17,0.29
gene,17,0.01
gene,17,0.655
gene,17,0.575
gene,17,0.24
gene,17,0.625
gene,17,0.15
gene,17,0.785
gene,17,0.905
gene,17,0.05
gene,17,0.005
gene,17,0.705
gene,17,0.715
gene,17,0.405
gene,17,0.55
gene,17,0.225
gene,17,0.54
gene,17,0.38
gene,17,0.24
gene,17,0.01
gene,17,0.775
gene,17,0.875
gene,17,0.775
gene,17,0.47
gene,17,0.42
gene,17,0.19
gene,17,0.785
gene,17,0.56
gene,17,0.65
gene,17,0.86
gene,17,0.71
gene,17,0.515
gene,17,0.44
gene,17,0.975
gene,17,0.225
gene,17,0.13
gene,17,0.22
gene,17,0.465
gene,17,0.76
gene,17,0.445
gene,17,0.82
gene,17,0.975
gene,17,0.055
gene,17,0.165
gene,17,0.44
gene,17,0.5
gene,17,0.21
gene,17,0.385
gene,17,0.56
gene,17,0.65
gene,17,0.615
gene,17,0.1
gene,17,0.945
gene,17,0.385
gene,17,0.015
gene,17,0.42
gene,17,0.69
gene,17,0.77
gene,17,0.49
gene,17,0.04
gene,17,0.94
gene,17,0.775
gene,17,0.985
gene,17,0.155
gene,17,0.53
gene,17,0.495
gene,17,0.965
gene,17,0.94
gene,17,0.435
gene,17,0.64
gene,17,0.29
gene,17,0.815
gene,17,0.945
gene,17,0.295
gene,17,0.14
gene,17,0.56
gene,17,0.065
gene,17,0.465
gene,17,0.79
gene,17,0.49
gene,17,0.905
gene,17,0.15
gene,17,0.65
gene,17,0.595
gene,17,0.775
gene,17,0.92
gene,17,0.745
gene,17,0.05
gene,17,0.845
gene,17,0.495
gene,17,0.595
gene,17,0.02
gene,17,0.145
gene,17,0.14
gene,17,0.845
gene,17,0.345
gene,17,0.045
gene,17,0.955
gene,17,0.555
gene,17,0.04
gene,17,0.24
gene,17,0.79
gene,17,0.895
gene,17,0.555
gene,17,0.915
gene,17,0.815
gene,17,0.66
gene,17,0.555
gene,17,0.34
gene,17,0.1
gene,17,0.79
gene,17,0.895
gene,17,0.035
gene,17,0.695
gene,17,0.575
gene,17,0.455
gene,17,0.865
gene,17,0.025
gene,17,0.94
gene,17,0.77
gene,17,0.145
gene,17,0.965
gene,17,0.18
gene,17,0.265
gene,17,0.74
gene,17,0.725
gene,17,0.545
gene,17,0.91
gene,17,0.78
gene,17,0.14
gene,17,0.82
gene,17,0.31
gene,17,0.275
gene,17,0.235
gene,17,0.95
gene,17,0.815
gene,17,0.5
gene,17,0.22
gene,17,0.815
gene,17,0.215
gene,17,0.31
gene,17,0.4
gene,17,0.695
gene,17,0.225
gene,17,0.29
gene,17,0.7
gene,17,0.31
gene,17,0.73
gene,17,0.475
gene,17,0.64
gene,17,0.59
gene,17,0.22
gene,17,0.08
gene,17,0.835
gene,17,0.76
gene,17,0.235
gene,17,0.245
gene,17,0.34
gene,17,0.115
gene,17,0.15
gene,17,0.505
gene,17,0.075
gene,17,0.695
gene,17,0.455
gene,17,0.425
gene,17,0.535
gene,17,0.365
gene,17,0.64
gene,17,0.85
gene,17,0.99
gene,17,0.57
gene,17,0.43
gene,17,0.945
gene,17,0.545
gene,17,0.67
gene,17,0.715
gene,17,0.455
gene,17,0.54
gene,17,0.04
gene,17,0.055
gene,17,0.56
gene,17,0.81
gene,17,0.745
gene,17,0.63
gene,17,0.27
gene,17,0.07
gene,17,0.465
gene,17,0.99
gene,17,0.81
gene,17,0.615
gene,17,0.945
gene,17,0.855
gene,17,0.725
gene,17,0.62
gene,17,0.125
gene,17,0.73
gene,17,0.345
gene,17,0.24
gene,17,0.18
gene,17,0.735
gene,17,0.005
gene,17,0.91
gene,17,0.89
gene,17,0.725
gene,17,0.155
gene,17,0.055
gene,17,0.59
gene,17,0.905
gene,17,0.595
gene,17,0.155
gene,17,0.47
gene,17,0.265
gene,17,0.66
gene,17,0.125
gene,17,0.215
gene,17,0.325
gene,17,0.955
gene,17,0.3
gene,17,0.72
gene,17,0.735
gene,17,0.675
gene,17,0.755
gene,17,0.05
gene,17,0.29
gene,17,0.855
gene,17,0.435
gene,17,0.795
gene,17,0.505
gene,17,0.465
gene,17,0.97
gene,17,0.39
gene,17,0.425
gene,17,0.175
gene,17,0.075
gene,17,0.44
gene,17,0.02
gene,17,0.885
gene,17,0.87
gene,17,0.515
gene,17,0.055
gene,17,0.755
gene,17,0.06
gene,17,0.78
gene,17,0.295
gene,17,0.905
gene,17,0.185
gene,17,0.465
gene,17,0.405
gene,17,0.975
gene,17,0.78
gene,17,0.795
gene,17,0.005
gene,17,0.425
gene,17,0.795
gene,17,0.545
gene,17,0.605
gene,17,0.045
gene,17,0.84
gene,17,0.92
gene,17,0.875
gene,17,0.32
gene,17,0.42
gene,17,0.03
gene,17,0.905
gene,17,0.28
gene,17,0.315
gene,17,0.415
gene,17,0.3
gene,17,0.365
gene,17,0.14
gene,17,1.0
gene,17,0.5
gene,17,0.3
gene,17,0.66
gene,17,0.82
gene,17,0.705
gene,17,0.76
gene,17,0.475
gene,17,0.625
gene,17,0.225
gene,17,0.1
gene,17,0.34
gene,17,0.705
gene,17,0.605
gene,17,0.705
gene,17,0.68
gene,17,0.705
gene,17,0.655
gene,17,0.025
gene,17,0.37
gene,17,0.855
gene,17,0.28
gene,17,0.1
gene,17,0.77
gene,17,0.97
gene,17,0.96
gene,17,0.855
gene,17,0.06
gene,17,0.24
gene,17,0.175
gene,17,0.02
gene,17,0.81
gene,17,0.3
gene,17,0.705
gene,17,0.62
gene,17,0.22
gene,17,0.44
gene,17,0.525
gene,17,0.545
gene,17,0.635
gene,17,0.52
gene,17,0.335
gene,17,0.65
gene,17,0.46
gene,17,0.565
gene,17,0.625
gene,17,0.405
gene,17,0.43
gene,17,0.795
gene,17,0.425
gene,17,0.845
gene,17,0.015
gene,17,0.855
gene,17,0.1
gene,17,0.8
gene,17,0.165
gene,17,0.185
gene,17,0.67
gene,17,0.61
gene,17,0.765
gene,17,0.84
gene,17,0.07
gene,17,0.205
gene,17,0.05
gene,17,0.42
gene,17,0.82
gene,17,0.33
gene,17,0.565
gene,17,0.235
gene,17,0.205
gene,17,0.29
gene,17,0.905
gene,17,0.325
gene,17,0.5
gene,17,0.625
gene,17,0.225
gene,17,0.57
gene,17,0.04
gene,17,0.29
gene,17,0.03
gene,17,0.775
gene,17,0.85
gene,17,0.655
gene,17,0.99
gene,17,0.825
gene,17,0.22
gene,17,0.975
gene,17,0.64
gene,17,0.68
gene,17,0.675
gene,17,0.775
gene,17,0.58
gene,17,0.04
gene,17,0.53
gene,17,0.155
gene,17,0.44
gene,17,0.125
gene,17,0.04
gene,17,0.3
gene,17,0.305
gene,17,0.205
gene,17,0.18
gene,17,0.24
gene,17,0.93
gene,17,0.51
gene,17,0.835
gene,17,0.25
gene,17,0.555
gene,17,0.56
gene,17,0.76
gene,17,0.42
gene,17,0.04
gene,17,0.4
gene,17,0.7
gene,17,0.865
gene,17,0.745
gene,17,0.235
gene,17,0.06
gene,17,0.68
gene,17,1.0
gene,17,0.52
gene,17,0.35
gene,17,0.78
gene,17,0.445
gene,17,0.47
gene,17,0.33
gene,17,0.43
gene,17,0.335
gene,17,0.71
gene,17,0.84
gene,17,0.71
gene,17,0.7
gene,17,0.015
gene,17,0.79
gene,17,0.12
gene,17,0.835
gene,17,0.925
gene,17,0.43
gene,17,0.91
gene,17,0.615
gene,17,0.055
gene,17,0.825
gene,17,0.03
gene,17,0.515
gene,17,0.23
gene,17,0.515
gene,17,0.35
gene,17,0.73
gene,17,0.64
gene,17,0.79
gene,17,0.805
gene,17,0.695
gene,17,0.655
gene,17,0.725
gene,17,0.105
gene,17,0.545
gene,17,0.065
gene,17,0.91
gene,17,0.465
gene,17,0.745
gene,17,0.41
gene,17,0.835
gene,17,0.445
gene,17,0.765
gene,17,0.685
gene,17,0.355
gene,17,0.62
gene,17,0.225
gene,17,1.0
gene,17,0.79
gene,17,0.4
gene,17,0.635
gene,17,0.22
gene,17,0.96
gene,17,0.03
gene,17,0.985
gene,17,0.78
gene,17,0.72
gene,17,0.45
gene,17,0.605
gene,17,0.86
gene,17,0.44
gene,17,0.94
gene,17,0.535
gene,17,0.705
gene,17,0.29
gene,17,0.14
gene,17,0.445
gene,17,0.495
gene,17,0.625
gene,17,0.235
gene,17,0.75
gene,17,0.46
gene,17,0.345
gene,17,0.63
gene,17,0.055
gene,17,0.34
gene,17,0.47
gene,17,0.18
gene,17,0.11
gene,17,0.975
gene,17,0.33
gene,17,0.54
gene,17,0.935
gene,17,0.895
gene,17,0.83
gene,17,0.825
gene,17,0.15
gene,17,0.69
gene,17,0.42
gene,17,0.8
gene,17,0.875
gene,17,0.37
gene,17,0.545
gene,17,0.8
gene,17,0.865
gene,17,0.425
gene,17,0.55
gene,17,0.57
gene,17,0.665
gene,17,0.615
gene,17,0.13
gene,17,0.595
gene,17,0.735
gene,17,0.95
gene,17,0.87
gene,17,0.65
gene,17,0.34
gene,17,0.11
gene,17,0.265
gene,17,0.53
gene,17,0.59
gene,17,0.505
gene,17,0.335
gene,17,0.425
gene,17,0.955
gene,17,0.595
gene,17,0.155
gene,17,0.39
gene,17,0.28
gene,17,0.12
gene,17,0.84
gene,17,0.495
gene,17,0.605
gene,17,0.27
gene,17,0.405
gene,17,0.615
gene,17,0.39
gene,17,0.665
gene,17,0.185
gene,17,0.785
gene,17,0.48
gene,17,0.035
gene,17,0.3
gene,17,0.055
gene,17,0.15
gene,17,0.365
gene,17,0.615
gene,17,0.81
gene,17,0.14
gene,17,0.85
gene,17,0.16
gene,17,0.365
gene,17,0.355
gene,17,0.845
gene,17,0.22
gene,17,0.495
gene,17,0.435
gene,17,0.65
gene,17,0.17
gene,17,0.56
gene,17,0.28
gene,17,0.015
gene,17,0.565
gene,17,0.51
gene,17,0.015
gene,17,0.485
gene,17,0.47
gene,17,0.725
gene,17,0.9
gene,17,0.905
gene,17,0.115
gene,17,0.765
gene,17,0.395
gene,17,0.66
gene,17,0.37
gene,17,0.19
gene,17,0.56
gene,17,0.265
gene,17,0.045
gene,17,0.28
gene,17,0.42
gene,17,0.27
gene,17,0.31
gene,17,0.525
gene,17,0.955
gene,17,0.98
gene,17,0.165
gene,17,0.65
gene,17,0.195
gene,17,0.255
gene,17,0.92
gene,17,0.35
gene,17,0.81
gene,17,0.65
gene,17,0.575
gene,17,0.635
gene,17,0.965
gene,17,0.59
gene,17,0.335
gene,17,0.285
gene,17,0.63
gene,17,0.95
gene,17,0.425
gene,17,0.76
gene,17,0.015
gene,17,0.7
gene,17,0.345
gene,17,0.82
gene,17,0.07
gene,17,0.955
gene,17,0.66
gene,17,0.37
gene,17,0.66
gene,17,0.57
gene,17,0.565
gene,17,0.73
gene,17,0.22
gene,17,0.89
gene,17,0.615
gene,17,0.575
gene,17,0.15
gene,17,0.82
gene,17,0.795
gene,17,0.275
gene,17,0.865
gene,17,0.81
gene,17,0.02
gene,17,0.175
gene,17,0.575
gene,17,0.1
gene,17,0.36
gene,17,0.2
gene,17,0.605
gene,17,0.335
gene,17,0.66
gene,17,0.85
gene,17,0.735
gene,17,0.465
gene,17,0.445
gene,17,0.75
gene,17,0.44
gene,17,0.82
gene,17,0.365
gene,17,0.625
gene,17,0.58
gene,17,0.605
gene,17,0.355
gene,17,0.245
gene,17,0.11
gene,17,0.33
gene,17,0.89
gene,17,0.175
gene,17,0.86
gene,17,0.61
gene,17,0.215
gene,17,0.63
gene,17,0.78
gene,17,0.21
gene,17,0.595
gene,17,0.685
gene,17,0.97
gene,17,0.185
gene,17,0.66
gene,17,0.035
gene,17,0.645
gene,17,0.285
gene,17,0.075
gene,17,0.09
gene,17,0.885
gene,17,0.5
gene,17,0.48
gene,17,0.035
gene,17,0.605
gene,17,0.65
gene,17,0.365
gene,17,0.425
gene,17,0.635
gene,17,0.725
gene,17,0.505
gene,17,0.745
gene,17,0.445
gene,17,0.885
gene,17,0.025
gene,17,0.185
gene,17,0.525
gene,17,0.725
gene,17,0.63
gene,17,0.485
gene,17,0.76
gene,17,0.765
gene,17,0.82
gene,17,0.99
gene,17,0.025
gene,17,0.91
gene,17,0.645
gene,17,0.51
gene,17,0.16
gene,17,0.945
gene,17,0.645
gene,17,0.14
gene,17,0.915
gene,17,0.27
gene,17,0.79
gene,17,0.9
gene,17,0.03
gene,17,0.045
gene,17,0.58
gene,17,0.3
gene,17,0.405
gene,17,0.725
gene,17,0.47
gene,17,0.02
gene,17,0.38
gene,17,0.815
gene,17,0.91
gene,17,0.34
gene,17,0.635
gene,17,0.105
gene,17,0.475
gene,17,0.635
gene,17,0.53
gene,17,0.56
gene,17,0.93
gene,17,0.77
gene,17,0.035
gene,17,0.69
gene,17,0.37
gene,17,0.51
gene,17,0.81
gene,17,0.56
gene,17,0.21
gene,17,0.35
gene,17,0.135
gene,17,0.3
gene,17,0.01
gene,17,0.205
gene,17,0.06
gene,17,0.635
gene,17,0.145
gene,30,0.785
gene,30,0.62
gene,30,0.375
gene,30,0.685
gene,30,0.825
gene,30,0.95
gene,30,0.495
gene,30,0.31
gene,30,0.575
gene,30,0.68
gene,30,0.915
gene,30,0.75
gene,30,0.515
gene,30,0.29
gene,30,0.325
gene,30,0.585
gene,30,0.21
gene,30,0.305
gene,30,0.085
gene,30,0.715
gene,30,0.725
gene,30,0.935
gene,30,0.985
gene,30,0.275
gene,30,0.04
gene,30,0.17
gene,30,0.09
gene,30,0.245
gene,30,0.185
gene,30,0.77
gene,30,0.585
gene,30,0.725
gene,30,0.35
gene,30,0.245
gene,30,0.175
gene,30,0.315
gene,30,0.325
gene,30,0.485
gene,30,0.09
gene,30,0.395
gene,30,0.07
gene,30,0.66
gene,30,0.86
gene,30,0.715
gene,30,0.315
gene,30,0.45
gene,30,0.815
gene,30,0.235
gene,30,0.56
gene,30,0.805
gene,30,0.075
gene,30,0.14
gene,30,0.41
gene,30,0.775
gene,30,0.08
gene,30,0.08
gene,30,0.515
gene,30,0.84
gene,30,0.57
gene,30,0.16
gene,30,0.64
gene,30,0.25
gene,30,0.6
gene,30,0.34
gene,30,0.785
gene,30,0.79
gene,30,0.98
gene,30,0.07
gene,30,0.78
gene,30,0.815
gene,30,0.14
gene,30,0.48
gene,30,0.9
gene,30,0.21
gene,30,0.03
gene,30,0.905
gene,30,0.535
gene,30,0.235
gene,30,0.815
gene,30,0.515
gene,30,0.595
gene,30,0.11
gene,30,0.91
gene,30,0.78
gene,30,0.295
gene,30,0.775
gene,30,0.575
gene,30,0.59
gene,30,0.385
gene,30,0.925
gene,30,0.125
gene,30,0.825
gene,30,0.75
gene,30,0.325
gene,30,0.495
gene,30,0.65
gene,30,0.115
gene,30,0.325
gene,30,0.27
gene,30,0.04
gene,30,0.275
gene,30,0.02
gene,30,0.465
gene,30,0.69
gene,30,0.03
gene,30,0.355
gene,30,0.73
gene,30,0.795
gene,30,0.075
gene,30,0.265
gene,30,0.48
gene,30,0.135
gene,30,0.17
gene,30,0.4
gene,30,0.38
gene,30,0.255
gene,30,0.465
gene,30,0.01
gene,30,0.11
gene,30,0.355
gene,30,0.93
gene,30,0.815
gene,30,0.395
gene,30,0.22
gene,30,0.04
gene,30,0.17
gene,30,0.62
gene,30,0.09
gene,30,0.865
gene,30,0.86
gene,30,0.555
gene,30,0.515
gene,30,0.51
gene,30,0.805
gene,30,0.825
gene,30,0.995
gene,30,0.285
gene,30,0.68
gene,30,0.84
gene,30,0.58
gene,30,0.585
gene,30,0.17
gene,30,0.75
gene,30,0.645
gene,30,0.905
gene,30,0.005
gene,30,0.16
gene,30,0.885
gene,30,0.08
gene,30,0.655
gene,30,0.03
gene,30,0.885
gene,30,0.625
gene,30,0.15
gene,30,1.0
gene,30,0.445
gene,30,0.8
gene,30,0.975
gene,30,0.985
gene,30,0.565
gene,30,0.3
gene,30,0.965
gene,30,0.585
gene,30,0.6
gene,30,0.805
gene,30,0.015
gene,30,0.42
gene,30,0.335
gene,30,0.645
gene,30,0.18
gene,30,0.45
gene,30,0.615
gene,30,0.135
gene,30,0.755
gene,30,0.805
gene,30,0.655
gene,30,0.785
gene,30,0.655
gene,30,0.47
gene,30,0.16
gene,30,0.72
gene,30,0.175
gene,30,0.185
gene,30,1.0
gene,30,0.43
gene,30,0.615
gene,30,0.07
gene,30,0.25
gene,30,0.51
gene,30,0.865
gene,30,0.66
gene,30,0.155
gene,30,0.795
gene,30,0.3
gene,30,0.845
gene,30,0.605
gene,30,0.88
gene,30,0.465
gene,30,0.81
gene,30,0.885
gene,30,0.06
gene,30,0.33
gene,30,0.5
gene,30,0.59
gene,30,0.43
gene,30,0.235
gene,30,0.78
gene,30,0.2
gene,30,0.055
gene,30,0.475
gene,30,0.765
gene,30,0.64
gene,30,0.57
gene,30,0.56
gene,30,0.885
gene,30,0.855
gene,30,0.4
gene,30,0.95
gene,30,0.815
gene,30,0.275
gene,30,0.785
gene,30,0.345
gene,30,0.965
gene,30,0.905
gene,30,0.555
gene,30,0.33
gene,30,0.305
gene,30,0.99
gene,30,0.25
gene,30,0.49
gene,30,0.2
gene,30,0.345
gene,30,0.45
gene,30,0.91
gene,30,0.46
gene,30,0.31
gene,30,0.41
gene,30,0.085
gene,30,0.2
gene,30,0.175
gene,30,0.62
gene,30,0.76
gene,30,0.7
gene,30,0.355
gene,30,0.335
gene,30,0.45
gene,30,0.455
gene,30,0.5
gene,30,0.925
gene,30,0.635
gene,30,0.15
gene,30,0.87
gene,30,0.875
gene,30,0.685
gene,30,0.915
gene,30,0.465
gene,30,0.575
gene,30,0.33
gene,30,0.765
gene,30,0.825
gene,30,0.82
gene,30,0.49
gene,30,0.575
gene,30,0.01
gene,30,0.35
gene,30,0.58
gene,30,0.98
gene,30,0.435
gene,30,0.46
gene,30,0.665
gene,30,0.2
gene,30,0.295
gene,30,0.165
gene,30,0.9
gene,30,0.15
gene,30,0.715
gene,30,0.23
gene,30,0.57
gene,30,0.885
gene,30,0.86
gene,30,0.04
gene,30,0.445
gene,30,0.5
gene,30,0.245
gene,30,0.91
gene,30,0.975
gene,30,0.885
gene,30,0.765
gene,30,0.89
gene,30,0.865
gene,30,0.555
gene,30,0.88
gene,30,0.445
gene,30,0.45
gene,30,0.055
gene,30,0.17
gene,30,0.98
gene,30,0.955
gene,30,0.07
gene,30,0.27
gene,30,0.72
gene,30,0.205
gene,30,0.36
gene,30,0.275
gene,30,0.54
gene,30,0.095
gene,30,0.375
gene,30,0.075
gene,30,0.5
gene,30,0.12
gene,30,0.715
gene,30,0.21
gene,30,0.515
gene,30,0.37
gene,30,0.975
gene,30,0.185
gene,30,0.115
gene,30,0.27
gene,30,0.72
gene,30,0.64
gene,30,0.045
gene,30,0.895
gene,30,0.86
gene,30,0.695
gene,30,0.905
gene,30,0.54
gene,30,0.675
gene,30,0.73
gene,30,0.82
gene,30,0.445
gene,30,0.895
gene,30,0.43
gene,30,0.18
gene,30,0.48
gene,30,0.795
gene,30,0.355
gene,30,0.93
gene,30,0.05
gene,30,0.98
gene,30,0.315
gene,30,0.755
gene,30,0.93
gene,30,0.195
gene,30,0.36
gene,30,0.54
gene,30,0.89
gene,30,0.085
gene,30,0.88
gene,30,0.18
gene,30,0.515
gene,30,0.765
gene,30,0.425
gene,30,0.685
gene,30,0.745
gene,30,0.605
gene,30,0.885
gene,30,0.09
gene,30,0.735
gene,30,0.83
gene,30,0.995
gene,30,0.39
gene,30,0.3
gene,30,0.67
gene,30,0.415
gene,30,0.875
gene,30,0.395
gene,30,0.655
gene,30,0.875
gene,30,0.43
gene,30,0.345
gene,30,0.895
gene,30,0.03
gene,30,0.65
gene,30,0.285
gene,30,0.015
gene,30,0.595
gene,30,0.375
gene,30,0.9
gene,30,0.925
gene,30,0.615
gene,30,0.605
gene,30,0.805
gene,30,0.625
gene,30,0.155
gene,30,0.23
gene,30,0.68
gene,30,0.66
gene,30,0.9
gene,30,0.395
gene,30,0.185
gene,30,0.43
gene,30,0.255
gene,30,0.9
gene,30,0.28
gene,30,0.295
gene,30,0.915
gene,30,0.185
gene,30,0.84
gene,30,0.525
gene,30,0.46
gene,30,0.7
gene,30,0.615
gene,30,0.62
gene,30,0.725
gene,30,0.45
gene,30,0.42
gene,30,0.035
gene,30,0.535
gene,30,0.36
gene,30,0.54
gene,30,0.34
gene,30,0.22
gene,30,0.63
gene,30,0.13
gene,30,0.09
gene,30,0.07
gene,30,0.855
gene,30,0.6
gene,30,0.98
gene,30,0.155
gene,30,0.955
gene,30,0.945
gene,30,0.74
gene,30,0.605
gene,30,0.345
gene,30,0.985
gene,30,0.32
gene,30,0.745
gene,30,1.0
gene,30,0.81
gene,30,0.3
gene,30,0.085
gene,30,0.26
gene,30,0.615
gene,30,0.585
gene,30,0.83
gene,30,0.64
gene,30,0.305
gene,30,0.28
gene,30,0.05
gene,30,0.34
gene,30,0.755
gene,30,0.05
gene,30,0.675
gene,30,0.485
gene,30,0.58
gene,30,0.11
gene,30,0.365
gene,30,0.665
gene,30,0.74
gene,30,0.975
gene,30,0.64
gene,30,0.315
gene,30,0.67
gene,30,0.87
gene,30,0.62
gene,30,0.96
gene,30,0.36
gene,30,0.705
gene,30,0.535
gene,30,0.235
gene,30,0.085
gene,30,0.845
gene,30,0.46
gene,30,0.905
gene,30,0.685
gene,30,0.335
gene,30,0.875
gene,30,0.13
gene,30,0.145
gene,30,0.385
gene,30,0.22
gene,30,0.49
gene,30,0.165
gene,30,0.645
gene,30,0.815
gene,30,0.13
gene,30,0.94
gene,30,0.81
gene,30,1.0
gene,30,0.28
gene,30,0.195
gene,30,0.025
gene,30,0.535
gene,30,0.3
gene,30,0.4
gene,30,0.49
gene,30,0.73
gene,30,0.01
gene,30,0.355
gene,30,0.965
gene,30,0.06
gene,30,0.05
gene,30,0.13
gene,30,0.785
gene,30,0.72
gene,30,0.485
gene,30,0.17
gene,30,0.84
gene,30,0.855
gene,30,0.19
gene,30,0.005
gene,30,0.48
gene,30,0.3
gene,30,0.78
gene,30,0.235
gene,30,0.275
gene,30,0.6
gene,30,0.965
gene,30,0.23
gene,30,0.965
gene,30,0.405
gene,30,0.52
gene,30,0.285
gene,30,0.385
gene,30,0.915
gene,30,0.515
gene,30,0.15
gene,30,0.845
gene,30,0.83
gene,30,0.74
gene,30,0.78
gene,30,0.04
gene,30,0.475
gene,30,0.72
gene,30,0.745
gene,30,0.765
gene,30,0.475
gene,30,0.06
gene,30,0.54
gene,30,0.495
gene,30,0.18
gene,30,0.49
gene,30,0.005
gene,30,0.03
gene,30,0.055
gene,30,0.785
gene,30,1.0
gene,30,0.87
gene,30,0.77
gene,30,0.13
gene,30,0.62
gene,30,0.975
gene,30,0.735
gene,30,0.46
gene,30,0.69
gene,30,0.65
gene,30,0.73
gene,30,0.6
gene,30,0.855
gene,30,0.525
gene,30,0.34
gene,30,0.135
gene,30,0.085
gene,30,0.145
gene,30,0.165
gene,30,0.39
gene,30,0.6
gene,30,0.325
gene,30,0.415
gene,30,0.575
gene,30,0.67
gene,30,0.47
gene,30,0.715
gene,30,0.39
gene,30,0.11
gene,30,0.555
gene,30,0.9
gene,30,0.975
gene,30,0.025
gene,30,0.12
gene,30,0.925
gene,30,0.13
gene,30,0.895
gene,30,0.68
gene,30,0.975
gene,30,0.115
gene,30,0.35
gene,30,0.505
gene,30,0.17
gene,30,0.935
gene,30,0.78
gene,30,0.765
gene,30,0.32
gene,30,0.705
gene,30,0.545
gene,30,0.63
gene,30,0.105
gene,30,0.3
gene,30,0.87
gene,30,0.875
gene,30,0.02
gene,30,0.785
gene,30,0.38
gene,30,0.745
gene,30,0.95
gene,30,0.355
gene,30,0.275
gene,30,0.965
gene,30,0.21
gene,30,0.145
gene,30,0.32
gene,30,0.165
gene,30,0.32
gene,30,0.495
gene,30,0.875
gene,30,0.37
gene,30,0.445
gene,30,0.19
gene,30,0.95
gene,30,0.815
gene,30,0.71
gene,30,0.735
gene,30,0.78
gene,30,0.035
gene,30,0.425
gene,30,1.0
gene,30,0.555
gene,30,0.515
gene,30,0.475
gene,30,0.5
gene,30,0.49
gene,30,0.425
gene,30,0.22
gene,30,0.34
gene,30,0.5
gene,30,0.705
gene,30,0.55
gene,30,0.525
gene,30,0.815
gene,30,0.16
gene,30,0.355
gene,30,0.27
gene,30,0.28
gene,30,0.425
gene,30,0.925
gene,30,0.615
gene,30,0.915
gene,30,0.575
gene,30,0.615
gene,30,0.805
gene,30,0.04
gene,30,0.8
gene,30,0.805
gene,30,0.88
gene,30,0.2
gene,30,0.9
gene,30,0.18
gene,30,0.88
gene,30,0.825
gene,30,0.585
gene,30,0.29
gene,30,0.72
gene,30,0.54
gene,30,0.155
gene,30,0.075
gene,30,0.4
gene,30,0.03
gene,30,0.25
gene,30,0.805
gene,30,0.77
gene,30,0.86
gene,30,0.53
gene,30,0.72
gene,30,0.84
gene,30,0.935
gene,30,0.895
gene,30,0.72
gene,30,0.73
gene,30,0.165
gene,30,0.54
gene,30,0.235
gene,30,0.685
gene,30,0.545
gene,30,0.94
gene,30,0.37
gene,30,0.02
gene,30,0.94
gene,30,0.39
gene,30,0.75
gene,30,0.43
gene,30,0.5
gene,30,0.145
gene,30,0.045
gene,30,0.545
gene,30,0.515
gene,30,0.805
gene,30,0.49
gene,30,0.905
gene,30,0.09
gene,30,0.635
gene,30,0.54
gene,30,0.205
gene,30,0.665
gene,30,0.685
gene,30,0.855
gene,30,0.79
gene,30,0.545
gene,30,0.375
gene,30,0.075
gene,30,0.3
gene,30,0.99
gene,30,0.795
gene,30,0.015
gene,30,0.725
gene,30,0.425
gene,30,0.88
gene,30,0.945
gene,30,0.38
gene,30,0.405
gene,30,0.78
gene,30,0.315
gene,30,0.19
gene,30,0.11
gene,30,0.62
gene,30,0.135
gene,30,0.895
gene,30,0.89
gene,30,0.13
gene,30,0.79
gene,30,0.655
gene,30,0.065
gene,30,0.975
gene,30,0.38
gene,30,0.82
gene,30,0.195
gene,30,0.98
gene,30,0.34
gene,30,0.23
gene,30,0.755
gene,30,0.085
gene,30,0.635
gene,30,0.29
gene,30,0.62
gene,30,0.89
gene,30,0.435
gene,30,0.75
gene,30,0.74
gene,30,0.07
gene,30,0.635
gene,30,0.705
gene,30,0.935
gene,30,0.53
gene,30,0.72
gene,30,0.855
gene,30,0.84
gene,30,0.19
gene,30,0.15
gene,30,0.02
gene,30,0.26
gene,30,0.79
gene,30,0.54
gene,30,0.44
gene,30,0.45
gene,30,0.835
gene,30,0.025
gene,30,0.83
gene,30,0.265
gene,30,0.815
gene,30,0.385
gene,30,0.86
gene,30,0.05
gene,30,0.535
gene,30,0.745
gene,30,0.39
gene,30,0.295
gene,30,0.065
gene,30,0.535
gene,30,0.31
gene,30,0.755
gene,30,0.735
gene,30,0.94
gene,30,0.57
gene,30,0.915
gene,30,0.64
gene,30,0.905
gene,30,0.545
gene,30,0.2
gene,30,0.875
gene,30,0.865
gene,30,0.38
gene,30,0.725
gene,30,0.19
gene,30,0.41
gene,30,0.18
gene,30,0.835
gene,30,0.3
gene,30,0.4
gene,30,0.095
gene,30,0.97
gene,30,0.645
gene,30,0.165
gene,30,0.625
gene,30,0.36
gene,30,0.51
gene,30,0.915
gene,30,0.66
gene,30,0.095
gene,30,0.79
gene,30,0.76
gene,30,0.055
gene,30,0.7
gene,30,0.51
gene,30,0.515
gene,30,0.11
gene,30,0.565
gene,30,0.93
gene,30,0.29
gene,30,0.87
gene,30,0.535
gene,30,0.3
gene,30,0.25
gene,30,0.14
gene,30,0.65
gene,30,0.215
gene,30,0.13
gene,30,0.545
gene,30,0.235
gene,30,0.78
gene,30,0.235
gene,30,0.395
gene,30,0.8
gene,30,0.57
gene,30,0.555
gene,30,0.99
gene,30,0.93
gene,30,0.87
gene,30,0.515
gene,30,0.395
gene,30,0.14
gene,30,0.05
gene,30,0.45
gene,30,0.445
gene,30,0.25
gene,30,0.66
gene,30,0.24
gene,30,0.695
gene,30,0.1
gene,30,0.86
gene,30,0.895
gene,30,0.04
gene,30,0.975
gene,30,0.94
gene,30,0.375
gene,30,0.675
gene,30,0.93
gene,30,0.15
gene,30,0.34
gene,30,0.325
gene,30,0.745
gene,30,0.665
gene,30,0.64
gene,30,0.315
gene,30,0.18
gene,30,0.09
gene,30,0.285
gene,30,0.53
gene,30,0.805
gene,30,0.235
gene,30,0.805
gene,30,0.1
gene,30,0.495
gene,30,0.31
gene,30,0.115
gene,30,0.58
gene,30,0.575
gene,30,0.56
gene,30,0.78
gene,30,0.68
gene,30,0.23
gene,30,0.27
gene,30,0.58
gene,30,0.71
gene,30,0.82
gene,30,0.835
gene,30,0.5
gene,30,0.395
gene,30,0.5
gene,30,0.305
gene,30,0.83
gene,30,0.285
gene,30,0.255
gene,30,0.885
gene,30,0.5
gene,30,0.045
gene,30,0.39
gene,30,0.93
gene,30,0.515
gene,30,0.065
gene,30,0.075
gene,30,0.57
gene,30,0.285
gene,30,0.075
gene,30,0.015
gene,30,0.58
gene,30,0.275
gene,30,0.41
gene,30,0.545
gene,30,0.68
gene,30,0.055
gene,30,0.24
gene,30,0.855
gene,30,0.305
gene,30,0.075
gene,30,0.1
gene,30,0.1
gene,30,0.655
gene,30,0.325
gene,30,0.175
gene,30,0.145
gene,30,0.88
gene,30,0.855
gene,30,0.66
gene,30,0.025
gene,30,0.28
gene,30,0.05
gene,30,0.97
gene,30,0.285
gene,30,0.1
gene,30,0.805
gene,30,0.665
gene,30,0.34
gene,30,0.29
gene,30,0.445
gene,30,0.295
gene,30,0.33
gene,30,0.225
gene,30,0.175
gene,30,0.535
gene,30,0.665
gene,30,0.02
gene,30,0.695
gene,30,0.46
gene,30,0.705
gene,30,0.575
gene,30,0.97
gene,30,0.935
gene,30,0.68
gene,30,0.52
gene,30,0.045
gene,30,0.29
gene,30,0.875
gene,30,0.195
gene,30,0.01
gene,30,0.715
gene,30,0.965
gene,30,0.575
gene,30,0.325
gene,30,0.49
gene,30,0.89
gene,30,0.855
gene,30,0.73
gene,30,0.54
gene,30,0.01
gene,30,0.415
gene,30,0.155
gene,30,0.98
gene,30,0.545
gene,30,0.275
gene,30,0.78
gene,30,0.525
gene,30,0.17
gene,30,0.93
gene,30,0.935
gene,30,0.64
gene,30,0.275
gene,30,0.96
gene,30,0.195
gene,30,0.175
gene,30,0.775
gene,30,0.445
gene,30,0.875
gene,30,0.88
gene,30,0.19
gene,30,0.045
gene,30,0.16
gene,30,0.085
gene,30,0.27
gene,30,0.545
gene,30,0.5
gene,30,0.69
gene,30,1.0
gene,30,0.555
gene,30,0.56
gene,30,0.765
gene,30,0.685
gene,30,0.475
gene,30,0.46
gene,30,0.425
gene,30,0.425
gene,30,0.69
gene,30,0.945
gene,30,0.13
gene,30,0.345
gene,30,0.56
gene,30,0.245
gene,30,0.02
gene,30,0.15
gene,30,0.69
gene,30,0.005
gene,30,0.355
gene,30,0.09
gene,30,0.58
gene,30,0.97
gene,30,0.035
gene,30,0.575
gene,30,0.31
gene,30,0.39
gene,30,0.925
gene,30,0.665
gene,30,0.51
gene,30,0.03
gene,30,0.155
gene,30,0.84
gene,30,0.53
gene,30,0.98
gene,30,0.775
gene,30,0.68
gene,30,0.925
gene,30,0.195
gene,30,0.635
gene,30,0.98
gene,30,0.99
gene,30,0.475
gene,30,0.43
gene,30,0.16
gene,30,0.295
gene,30,0.615
gene,30,0.475
gene,30,0.485
gene,30,0.88
gene,30,0.08
gene,30,0.265
gene,30,0.365
gene,30,0.5
gene,30,0.505
gene,30,0.41
gene,30,0.2
gene,30,0.68
gene,30,0.16
gene,30,0.985
gene,30,0.475
gene,30,0.58
gene,30,0.88
gene,30,0.025
gene,30,0.705
gene,30,0.525
gene,30,0.885
gene,30,0.275
gene,30,0.5
gene,30,0.08
gene,30,0.985
gene,30,0.235
gene,30,0.425
gene,30,0.945
gene,30,0.95
gene,30,0.08
gene,30,0.9
gene,30,0.375
gene,30,0.845
gene,30,0.745
gene,30,0.08
gene,30,0.32
gene,30,0.865
gene,30,0.105
gene,30,0.855
gene,30,0.615
gene,30,0.31
gene,30,0.3
gene,30,0.165
gene,30,0.73
gene,30,0.755
gene,30,0.435
gene,30,0.915
gene,30,0.81
gene,30,0.38
gene,30,0.375
gene,30,0.725
gene,30,0.575
gene,30,0.345
gene,30,0.095
gene,30,0.66
gene,30,0.255
gene,30,0.69
gene,30,0.535
gene,30,0.27
gene,30,0.7
gene,30,0.69
gene,30,0.175
gene,30,0.415
gene,30,0.29
gene,30,0.81
gene,30,0.1
gene,30,0.28
gene,30,0.795
gene,30,0.84
gene,30,0.11
gene,30,0.615
gene,30,0.42
gene,30,0.25
gene,30,0.41
gene,30,0.68
gene,30,0.14
gene,30,0.72
gene,30,0.61
gene,30,0.5
gene,30,0.15
gene,30,0.19
gene,30,0.145
gene,30,0.535
gene,30,0.395
gene,30,0.03
gene,30,0.795
gene,30,0.115
gene,30,0.805
gene,30,0.67
gene,30,0.435
gene,30,0.295
gene,30,0.4
gene,30,0.95
gene,30,0.165
gene,30,0.645
gene,30,0.965
gene,30,0.48
gene,30,0.005
gene,30,0.43
gene,30,0.18
gene,30,0.665
gene,30,0.85
gene,30,0.58
gene,30,0.42
gene,30,0.39
gene,30,0.575
gene,30,0.52
gene,30,0.03
gene,30,0.42
gene,30,0.95
gene,30,0.09
gene,30,0.355
gene,30,0.15
gene,30,0.2
gene,30,0.495
gene,30,0.115
gene,30,0.685
gene,30,0.15
gene,30,0.21
gene,30,0.975
gene,30,0.385
gene,30,0.075
gene,30,0.395
gene,30,0.21
gene,30,0.695
gene,30,0.88
gene,30,0.265
gene,30,0.92
gene,30,0.41
gene,30,0.895
gene,30,0.44
gene,30,0.22
gene,30,0.995
gene,30,0.3
gene,30,0.225
gene,30,0.65
gene,30,0.94
gene,30,0.53
gene,30,0.7
gene,30,0.4
gene,30,0.06
gene,30,0.025
gene,30,0.115
gene,30,0.49
gene,30,0.425
gene,30,0.445
gene,30,0.145
gene,30,0.53
gene,30,0.76
gene,30,0.445
gene,30,0.775
gene,30,0.585
gene,30,0.16
gene,30,0.77
gene,30,0.41
gene,30,0.495
gene,30,0.905
gene,30,0.955
gene,30,0.445
gene,30,1.0
gene,30,0.925
gene,30,0.575
gene,30,0.64
gene,30,0.55
gene,30,0.33
gene,30,0.815
gene,30,0.445
gene,30,0.36
gene,30,0.24
gene,30,0.675
gene,30,0.02
gene,30,0.945
gene,30,0.77
gene,30,0.295
gene,30,0.685
gene,30,0.785
gene,30,0.915
gene,30,0.38
gene,30,0.48
gene,30,0.865
gene,30,0.785
gene,30,0.315
gene,30,0.71
gene,30,0.655
gene,30,0.92
gene,30,0.665
gene,30,0.615
gene,30,0.7
gene,30,0.985
gene,30,0.01
gene,30,0.875
gene,30,0.15
gene,30,0.825
gene,30,0.98
gene,30,0.49
gene,30,0.71
gene,30,0.37
gene,30,0.28
gene,30,0.295
gene,30,0.955
gene,30,0.59
gene,30,0.035
gene,30,0.37
gene,30,0.845
gene,30,0.485
gene,30,0.105
gene,30,0.75
gene,30,0.775
gene,30,0.375
gene,30,0.845
gene,30,0.495
gene,30,0.065
gene,30,0.175
gene,30,0.625
gene,30,0.565
gene,30,0.61
gene,30,0.595
gene,30,0.395
gene,30,0.185
gene,30,0.2
gene,30,0.58
gene,30,0.605
gene,30,0.44
gene,30,0.475
gene,30,0.7
gene,30,0.79
gene,30,0.91
gene,30,0.89
gene,30,0.13
gene,30,0.395
gene,30,0.55
gene,30,0.295
gene,30,0.135
gene,30,0.63
gene,30,0.785
gene,30,0.245
gene,30,0.725
gene,30,0.105
gene,30,0.62
gene,30,0.455
gene,30,0.86
gene,30,0.545
gene,30,0.82
gene,30,0.81
gene,30,0.725
gene,30,0.85
gene,30,0.375
gene,30,0.905
gene,30,0.505
gene,30,0.99
gene,30,0.295
gene,30,0.805
gene,30,0.42
gene,30,0.545
gene,30,0.735
gene,30,0.175
gene,30,0.755
gene,30,0.84
gene,30,0.7
gene,30,0.82
gene,30,0.06
gene,30,0.375
gene,30,0.175
gene,30,0.98
gene,30,0.46
gene,30,0.29
gene,30,0.165
gene,30,0.715
gene,30,0.34
gene,30,0.73
gene,30,0.32
gene,30,0.765
gene,30,0.155
gene,30,0.26
gene,30,0.86
gene,30,0.33
gene,30,0.245
gene,30,0.09
gene,30,0.46
gene,30,0.67
gene,30,0.525
gene,30,0.19
gene,30,0.78
gene,30,0.225
gene,30,0.45
gene,30,0.93
gene,30,0.795
gene,30,0.52
gene,30,0.87
gene,30,0.53
gene,30,0.35
gene,30,0.26
gene,30,0.11
gene,30,0.435
gene,30,0.83
gene,30,0.01
gene,30,0.06
gene,30,0.095
gene,30,0.025
gene,30,0.015
gene,30,0.595
gene,30,0.25
gene,30,0.09
gene,30,0.3
gene,30,0.85
gene,30,0.73
gene,30,0.53
gene,30,0.435
gene,30,0.63
gene,30,0.225
gene,30,0.475
gene,30,0.215
gene,30,0.915
gene,30,0.62
gene,30,0.7
gene,30,0.685
gene,30,0.565
gene,30,0.03
gene,30,0.815
gene,30,0.535
gene,30,0.115
gene,30,0.995
gene,30,0.69
gene,30,0.915
gene,30,0.91
gene,30,0.515
gene,30,0.345
gene,30,0.745
gene,30,0.105
gene,30,0.77
gene,30,0.135
gene,30,0.81
gene,30,0.49
gene,30,0.22
gene,30,0.16
gene,30,0.4
gene,30,0.32
gene,30,0.715
gene,30,0.635
gene,30,0.69
gene,30,0.965
gene,30,0.82
gene,30,0.195
gene,30,0.205
gene,30,0.12
gene,30,0.975
gene,30,0.615
gene,30,0.1
gene,30,0.08
gene,30,0.71
gene,30,0.445
gene,30,0.665
gene,30,0.74
gene,30,0.515
gene,30,0.255
gene,30,0.105
gene,30,0.525
gene,30,0.48
gene,30,0.31
gene,30,0.46
gene,30,0.045
gene,30,0.62
gene,30,0.965
gene,30,0.855
gene,30,0.84
gene,30,0.5
gene,30,0.52
gene,30,0.74
gene,30,0.26
gene,30,0.565
gene,30,0.11
gene,30,0.61
gene,30,0.26
gene,30,0.16
gene,30,0.345
gene,30,0.82
gene,30,0.035
gene,30,0.4
gene,30,0.6
gene,30,0.375
gene,30,0.15
gene,30,0.525
gene,30,0.57
gene,30,0.285
gene,30,0.505
gene,30,0.55
gene,30,0.025
gene,30,0.835
gene,30,0.04
gene,30,0.74
gene,30,0.315
gene,30,0.28
gene,30,0.115
gene,30,0.56
gene,30,0.51
gene,30,0.045
gene,30,0.59
gene,30,0.85
gene,30,0.475
gene,30,0.23
gene,30,0.57
gene,30,0.665
gene,30,0.735
gene,30,0.98
gene,30,0.01
gene,30,0.72
gene,30,0.54
gene,30,0.79
gene,30,0.08
gene,30,0.865
gene,30,0.87
gene,30,1.0
gene,30,0.415
gene,30,0.665
gene,30,0.755
gene,30,0.055
gene,30,0.945
gene,30,0.22
gene,30,0.835
gene,30,0.19
gene,30,0.2
gene,30,0.4
gene,30,0.945
gene,30,0.125
gene,30,0.515
gene,30,0.875
gene,30,0.205
gene,30,0.71
gene,30,0.07
gene,30,0.645
gene,30,0.735
gene,30,0.685
gene,30,0.82
gene,30,0.59
gene,30,0.42
gene,30,0.735
gene,30,0.595
gene,30,0.785
gene,30,0.83
gene,30,0.875
gene,30,0.945
gene,30,0.645
gene,30,0.335
gene,30,0.84
gene,30,0.705
gene,30,0.67
gene,30,0.27
gene,30,0.97
gene,30,0.895
gene,30,0.89
gene,30,0.745
gene,30,0.56
gene,30,0.025
gene,30,0.42
gene,30,0.64
gene,30,0.77
gene,30,0.38
gene,30,0.69
gene,30,0.745
gene,30,0.405
gene,30,0.28
gene,30,0.935
gene,30,0.08
gene,30,0.26
gene,30,0.425
gene,30,0.315
gene,30,0.07
gene,30,0.89
gene,30,0.515
gene,30,0.015
gene,30,0.495
gene,30,0.715
gene,30,0.14
gene,30,0.915
gene,30,0.995
gene,30,0.1
gene,30,0.33
gene,30,0.04
gene,30,0.96
gene,30,0.07
gene,30,0.005
gene,30,0.2
gene,30,0.22
gene,30,0.95
gene,30,0.625
gene,30,0.245
gene,30,0.015
gene,30,0.075
gene,30,0.86
gene,30,0.905
gene,30,0.06
gene,30,0.375
gene,30,0.055
gene,30,0.155
gene,30,0.595
gene,30,0.57
gene,30,0.8
gene,30,0.135
gene,30,0.37
gene,30,0.1
gene,30,0.16
gene,30,0.755
gene,30,0.42
gene,30,0.9
gene,30,0.76
gene,30,0.265
gene,30,0.02
gene,30,0.86
gene,30,0.43
gene,30,0.925
gene,30,0.715
gene,30,0.67
gene,30,0.885
gene,30,0.64
gene,30,0.805
gene,30,0.425
gene,30,0.69
gene,30,0.915
gene,30,0.82
gene,30,0.625
gene,30,0.27
gene,30,0.91
gene,30,0.51
gene,30,0.575
gene,30,0.165
gene,30,0.19
gene,30,0.925
gene,30,0.01
gene,30,0.485
gene,30,0.56
gene,30,0.26
gene,30,0.81
gene,30,0.105
gene,30,0.52
gene,30,0.905
gene,30,0.81
gene,30,0.475
gene,30,0.845
gene,30,0.03
gene,30,0.08
gene,30,0.89
gene,30,0.875
gene,30,0.045
gene,30,0.455
gene,30,0.905
gene,30,0.84
gene,30,0.905
gene,30,0.405
gene,30,0.41
gene,30,0.68
gene,30,0.325
gene,30,0.325
gene,30,0.55
gene,30,0.06
gene,30,0.155
gene,30,0.71
gene,30,0.84
gene,30,0.665
gene,30,0.9
gene,30,0.165
gene,30,0.77
gene,30,0.88
gene,30,0.505
gene,30,0.895
gene,30,0.025
gene,30,0.145
gene,30,0.89
gene,30,0.06
gene,30,0.135
gene,30,0.515
gene,30,0.795
gene,30,0.75
gene,30,0.595
gene,30,0.925
gene,30,0.86
gene,30,0.395
gene,30,0.15
gene,30,0.455
gene,30,0.685
gene,30,0.9
gene,30,0.685
gene,30,0.045
gene,30,0.57
gene,30,0.44
gene,30,0.09
gene,30,0.58
gene,30,0.095
gene,30,0.28
gene,30,0.055
gene,30,0.19
gene,30,0.155
gene,30,0.62
gene,30,0.275
gene,30,0.13
gene,30,0.25
gene,30,0.37
gene,30,0.775
gene,30,0.375
gene,30,0.54
gene,30,0.64
gene,30,0.345
gene,30,0.97
gene,30,0.6
gene,30,0.075
gene,30,0.385
gene,30,0.605
gene,30,0.165
gene,30,0.34
gene,30,0.525
gene,30,0.155
gene,30,0.27
gene,30,0.865
gene,30,0.21
gene,30,0.46
gene,30,0.575
gene,30,0.155
gene,30,0.43
gene,30,0.32
gene,30,0.36
gene,30,0.055
gene,30,0.46
gene,30,0.035
gene,30,0.185
gene,30,0.32
gene,30,0.515
gene,30,0.76
gene,30,0.15
gene,30,0.345
gene,30,0.225
gene,30,0.19
gene,30,0.17
gene,30,0.875
gene,30,0.395
gene,30,0.675
gene,30,0.58
gene,30,0.575
gene,30,0.9
gene,30,0.57
gene,30,0.94
gene,30,0.29
gene,30,0.13
gene,30,0.37
gene,30,0.29
gene,30,0.67
gene,30,1.0
gene,30,0.085
gene,30,0.085
gene,30,0.075
gene,30,0.865
gene,30,0.175
gene,30,0.39
gene,30,0.195
gene,30,0.37
gene,30,0.025
gene,30,0.955
gene,30,0.925
gene,30,0.43
gene,30,0.68
gene,30,0.7
gene,30,0.24
gene,30,0.775
gene,30,0.325
gene,30,0.3
gene,30,0.935
gene,30,0.095
gene,30,0.32
gene,30,0.945
gene,30,0.26
gene,30,0.09
gene,30,0.01
gene,30,0.67
gene,30,0.29
gene,30,0.645
gene,30,0.84
gene,30,0.135
gene,30,0.405
gene,30,0.46
gene,30,0.41
gene,30,0.19
gene,30,0.99
gene,30,0.205
gene,30,0.855
gene,30,0.075
gene,30,0.01
gene,30,0.835
gene,30,0.905
gene,30,0.04
gene,30,0.76
gene,30,0.41
gene,30,0.985
gene,30,0.53
gene,30,0.025
gene,30,0.22
gene,30,1.0
gene,30,0.41
gene,30,0.555
gene,30,0.075
gene,30,0.525
gene,30,0.405
gene,30,0.67
gene,30,0.19
gene,30,0.365
gene,30,0.58
gene,30,0.14
gene,30,0.625
gene,30,0.16
gene,30,0.81
gene,30,0.685
gene,30,0.055
gene,30,0.135
gene,30,0.395
gene,30,0.59
gene,30,0.295
gene,30,0.115
gene,30,0.31
gene,30,0.01
gene,30,0.825
gene,30,0.46
gene,30,0.17
gene,30,0.565
gene,30,0.395
gene,30,0.035
gene,30,0.97
gene,30,0.94
gene,30,0.03
gene,30,0.47
gene,30,0.37
gene,30,0.945
gene,30,0.055
gene,30,0.07
gene,30,0.27
gene,30,0.63
gene,30,0.42
gene,30,0.73
gene,30,0.7
gene,30,0.365
gene,30,0.35
gene,30,0.97
gene,30,0.05
gene,30,0.435
gene,30,0.61
gene,30,0.01
gene,30,0.62
gene,30,0.17
gene,30,0.925
gene,30,0.055
gene,30,0.715
gene,30,0.1
gene,30,0.825
gene,30,0.245
gene,30,0.2
gene,30,0.9
gene,30,0.44
gene,30,0.1
gene,30,0.975
gene,30,0.995
gene,30,0.385
gene,30,0.425
gene,30,0.06
gene,30,0.785
gene,30,0.315
gene,30,0.23
gene,30,0.935
gene,30,0.81
gene,30,0.31
gene,30,0.105
gene,30,0.875
gene,30,0.81
gene,30,0.32
gene,30,0.225
gene,30,0.715
gene,30,0.445
gene,30,0.975
gene,50,0.27
gene,50,0.005
gene,50,0.88
gene,50,0.87
gene,50,0.445
gene,50,0.685
gene,50,0.945
gene,50,0.205
gene,50,0.79
gene,50,0.02
gene,50,0.05
gene,50,0.35
gene,50,0.445
gene,50,0.615
gene,50,0.5
gene,50,0.53
gene,50,0.385
gene,50,0.875
gene,50,0.82
gene,50,0.465
gene,50,0.1
gene,50,0.615
gene,50,0.715
gene,50,0.27
gene,50,0.225
gene,50,0.835
gene,50,0.355
gene,50,0.76
gene,50,0.61
gene,50,0.095
gene,50,0.18
gene,50,0.46
gene,50,0.785
gene,50,0.445
gene,50,0.995
gene,50,0.58
gene,50,0.9
gene,50,0.635
gene,50,0.8
gene,50,0.885
gene,50,0.61
gene,50,0.145
gene,50,0.35
gene,50,0.72
gene,50,0.71
gene,50,0.29
gene,50,0.735
gene,50,0.04
gene,50,0.51
gene,50,0.005
gene,50,0.365
gene,50,0.69
gene,50,0.475
gene,50,0.6
gene,50,0.105
gene,50,0.07
gene,50,0.875
gene,50,0.69
gene,50,0.63
gene,50,0.135
gene,50,0.69
gene,50,0.92
gene,50,0.785
gene,50,0.49
gene,50,0.935
gene,50,0.385
gene,50,0.29
gene,50,0.46
gene,50,0.75
gene,50,0.845
gene,50,0.55
gene,50,0.935
gene,50,0.205
gene,50,0.82
gene,50,0.49
gene,50,0.335
gene,50,0.465
gene,50,0.285
gene,50,0.99
gene,50,0.495
gene,50,0.135
gene,50,0.66
gene,50,0.545
gene,50,0.64
gene,50,0.21
gene,50,0.385
gene,50,0.81
gene,50,0.685
gene,50,0.09
gene,50,0.08
gene,50,0.67
gene,50,0.425
gene,50,0.715
gene,50,0.625
gene,50,0.345
gene,50,0.015
gene,50,0.04
gene,50,0.61
gene,50,0.585
gene,50,0.97
gene,50,0.425
gene,50,0.41
gene,50,0.145
gene,50,0.725
gene,50,0.21
gene,50,0.015
gene,50,0.38
gene,50,0.53
gene,50,0.315
gene,50,0.01
gene,50,0.255
gene,50,0.005
gene,50,0.435
gene,50,0.265
gene,50,0.75
gene,50,0.2
gene,50,0.145
gene,50,0.105
gene,50,0.91
gene,50,0.73
gene,50,0.64
gene,50,0.11
gene,50,0.815
gene,50,0.77
gene,50,0.65
gene,50,0.73
gene,50,0.17
gene,50,0.985
gene,50,0.7
gene,50,0.4
gene,50,0.865
gene,50,0.965
gene,50,0.555
gene,50,0.36
gene,50,0.53
gene,50,0.72
gene,50,0.16
gene,50,0.03
gene,50,0.07
gene,50,0.47
gene,50,0.39
gene,50,0.36
gene,50,0.495
gene,50,0.94
gene,50,0.36
gene,50,0.335
gene,50,0.61
gene,50,0.275
gene,50,0.295
gene,50,0.205
gene,50,0.18
gene,50,0.685
gene,50,0.15
gene,50,0.99
gene,50,0.21
gene,50,0.03
gene,50,0.11
gene,50,0.75
gene,50,0.56
gene,50,0.75
gene,50,0.29
gene,50,0.1
gene,50,0.635
gene,50,0.185
gene,50,0.94
gene,50,0.87
gene,50,0.205
gene,50,0.585
gene,50,0.02
gene,50,0.51
gene,50,0.645
gene,50,0.525
gene,50,0.72
gene,50,0.3
gene,50,0.8
gene,50,0.62
gene,50,0.335
gene,50,0.55
gene,50,0.29
gene,50,0.49
gene,50,0.41
gene,50,0.56
gene,50,0.055
gene,50,0.39
gene,50,0.58
gene,50,0.11
gene,50,0.61
gene,50,0.03
gene,50,0.265
gene,50,0.69
gene,50,0.965
gene,50,0.035
gene,50,0.275
gene,50,0.68
gene,50,0.965
gene,50,0.495
gene,50,0.965
gene,50,0.99
gene,50,0.74
gene,50,0.11
gene,50,0.205
gene,50,0.88
gene,50,0.335
gene,50,0.975
gene,50,0.93
gene,50,0.68
gene,50,0.535
gene,50,0.005
gene,50,0.23
gene,50,0.815
gene,50,0.975
gene,50,0.885
gene,50,0.545
gene,50,0.005
gene,50,0.07
gene,50,0.97
gene,50,0.48
gene,50,0.86
gene,50,0.21
gene,50,0.355
gene,50,0.1
gene,50,0.9
gene,50,0.695
gene,50,0.56
gene,50,0.385
gene,50,0.29
gene,50,0.005
gene,50,0.325
gene,50,0.22
gene,50,0.855
gene,50,0.635
gene,50,0.405
gene,50,0.545
gene,50,0.42
gene,50,0.21
gene,50,0.02
gene,50,0.615
gene,50,0.73
gene,50,0.665
gene,50,0.98
gene,50,0.585
gene,50,0.76
gene,50,0.235
gene,50,0.305
gene,50,0.07
gene,50,0.13
gene,50,0.785
gene,50,0.33
gene,50,0.055
gene,50,0.175
gene,50,0.545
gene,50,0.89
gene,50,0.6
gene,50,0.425
gene,50,0.055
gene,50,0.77
gene,50,0.32
gene,50,0.285
gene,50,0.505
gene,50,0.655
gene,50,0.965
gene,50,0.455
gene,50,0.5
gene,50,0.16
gene,50,0.995
gene,50,0.87
gene,50,0.175
gene,50,0.71
gene,50,0.055
gene,50,0.795
gene,50,0.645
gene,50,0.96
gene,50,0.005
gene,50,0.59
gene,50,0.09
gene,50,0.66
gene,50,0.405
gene,50,0.005
gene,50,0.1
gene,50,0.18
gene,50,0.495
gene,50,0.18
gene,50,0.495
gene,50,0.46
gene,50,0.085
gene,50,0.32
gene,50,0.58
gene,50,0.24
gene,50,0.98
gene,50,0.86
gene,50,0.725
gene,50,0.595
gene,50,0.44
gene,50,0.675
gene,50,0.93
gene,50,0.41
gene,50,0.81
gene,50,0.545
gene,50,0.74
gene,50,0.9
gene,50,0.51
gene,50,0.66
gene,50,0.32
gene,50,0.71
gene,50,0.08
gene,50,0.435
gene,50,0.48
gene,50,0.615
gene,50,0.025
gene,50,0.87
gene,50,0.825
gene,50,0.815
gene,50,0.62
gene,50,0.065
gene,50,0.91
gene,50,0.525
gene,50,0.955
gene,50,0.63
gene,50,0.28
gene,50,0.465
gene,50,0.055
gene,50,0.58
gene,50,0.31
gene,50,0.945
gene,50,0.31
gene,50,0.41
gene,50,0.03
gene,50,0.575
gene,50,0.84
gene,50,0.485
gene,50,0.07
gene,50,0.69
gene,50,0.385
gene,50,0.13
gene,50,0.035
gene,50,0.535
gene,50,0.61
gene,50,0.215
gene,50,0.04
gene,50,0.51
gene,50,0.545
gene,50,0.21
gene,50,0.605
gene,50,0.04
gene,50,0.27
gene,50,0.3
gene,50,0.735
gene,50,0.65
gene,50,0.075
gene,50,0.26
gene,50,0.51
gene,50,0.7
gene,50,0.31
gene,50,0.045
gene,50,0.635
gene,50,0.17
gene,50,0.48
gene,50,0.22
gene,50,0.955
gene,50,0.25
gene,50,0.43
gene,50,0.96
gene,50,0.595
gene,50,0.38
gene,50,0.39
gene,50,0.645
gene,50,0.36
gene,50,0.63
gene,50,0.975
gene,50,0.84
gene,50,0.975
gene,50,0.84
gene,50,0.14
gene,50,0.935
gene,50,0.175
gene,50,0.505
gene,50,0.56
gene,50,0.95
gene,50,0.015
gene,50,0.57
gene,50,0.33
gene,50,0.46
gene,50,0.26
gene,50,0.74
gene,50,0.72
gene,50,0.01
gene,50,0.91
gene,50,0.41
gene,50,0.61
gene,50,0.595
gene,50,0.82
gene,50,0.93
gene,50,0.815
gene,50,0.55
gene,50,0.775
gene,50,0.66
gene,50,0.18
gene,50,0.04
gene,50,0.255
gene,50,0.55
gene,50,0.585
gene,50,0.585
gene,50,0.5
gene,50,0.855
gene,50,0.685
gene,50,0.545
gene,50,0.775
gene,50,0.565
gene,50,0.415
gene,50,0.26
gene,50,0.085
gene,50,0.28
gene,50,0.215
gene,50,0.205
gene,50,0.265
gene,50,0.605
gene,50,0.995
gene,50,0.42
gene,50,0.72
gene,50,0.725
gene,50,0.845
gene,50,0.91
gene,50,0.165
gene,50,0.865
gene,50,0.59
gene,50,0.275
gene,50,0.585
gene,50,0.72
gene,50,0.77
gene,50,0.375
gene,50,0.17
gene,50,0.865
gene,50,0.255
gene,50,0.39
gene,50,0.775
gene,50,0.215
gene,50,0.35
gene,50,0.89
gene,50,0.075
gene,50,0.16
gene,50,0.375
gene,50,0.85
gene,50,0.19
gene,50,0.26
gene,50,0.305
gene,50,0.49
gene,50,0.045
gene,50,0.93
gene,50,0.135
gene,50,0.505
gene,50,0.74
gene,50,0.595
gene,50,0.55
gene,50,0.55
gene,50,0.82
gene,50,0.095
gene,50,0.035
gene,50,0.72
gene,50,0.86
gene,50,0.525
gene,50,0.19
gene,50,0.785
gene,50,0.805
gene,50,0.23
gene,50,0.685
gene,50,0.755
gene,50,0.39
gene,50,0.9
gene,50,0.625
gene,50,0.56
gene,50,0.24
gene,50,0.645
gene,50,0.195
gene,50,0.775
gene,50,0.105
gene,50,0.485
gene,50,0.2
gene,50,0.765
gene,50,0.885
gene,50,0.11
gene,50,0.85
gene,50,0.59
gene,50,0.93
gene,50,0.21
gene,50,0.27
gene,50,0.98
gene,50,0.545
gene,50,0.865
gene,50,0.165
gene,50,0.955
gene,50,0.805
gene,50,0.655
gene,50,0.79
gene,50,0.445
gene,50,0.865
gene,50,0.365
gene,50,0.23
gene,50,0.705
gene,50,0.845
gene,50,0.295
gene,50,0.025
gene,50,0.555
gene,50,0.625
gene,50,0.355
gene,50,0.605
gene,50,0.5
gene,50,0.015
gene,50,0.265
gene,50,0.74
gene,50,0.11
gene,50,0.345
gene,50,0.075
gene,50,0.63
gene,50,0.56
gene,50,0.045
gene,50,0.23
gene,50,0.19
gene,50,0.33
gene,50,0.205
gene,50,0.41
gene,50,0.78
gene,50,0.155
gene,50,0.76
gene,50,0.02
gene,50,0.19
gene,50,0.235
gene,50,0.5
gene,50,0.82
gene,50,0.28
gene,50,0.37
gene,50,0.275
gene,50,0.815
gene,50,0.31
gene,50,0.535
gene,50,0.09
gene,50,0.865
gene,50,0.57
gene,50,0.53
gene,50,0.005
gene,50,0.555
gene,50,0.9
gene,50,0.61
gene,50,0.07
gene,50,0.965
gene,50,0.375
gene,50,0.69
gene,50,0.13
gene,50,0.43
gene,50,0.155
gene,50,0.755
gene,50,0.825
gene,50,0.23
gene,50,0.23
gene,50,0.22
gene,50,0.92
gene,50,0.68
gene,50,0.03
gene,50,0.025
gene,50,0.625
gene,50,0.955
gene,50,0.44
gene,50,0.765
gene,50,0.82
gene,50,0.145
gene,50,0.34
gene,50,0.435
gene,50,0.355
gene,50,0.295
gene,50,0.875
gene,50,0.23
gene,50,0.51
gene,50,0.165
gene,50,0.925
gene,50,0.19
gene,50,0.575
gene,50,0.115
gene,50,0.18
gene,50,0.53
gene,50,0.115
gene,50,0.885
gene,50,0.76
gene,50,0.09
gene,50,0.295
gene,50,0.525
gene,50,0.575
gene,50,0.77
gene,50,0.325
gene,50,0.09
gene,50,0.945
gene,50,0.055
gene,50,0.36
gene,50,0.335
gene,50,0.865
gene,50,0.655
gene,50,0.59
gene,50,0.575
gene,50,0.46
gene,50,0.425
gene,50,0.405
gene,50,0.875
gene,50,0.95
gene,50,0.785
gene,50,0.415
gene,50,0.18
gene,50,0.86
gene,50,0.085
gene,50,0.14
gene,50,0.505
gene,50,0.87
gene,50,0.495
gene,50,0.56
gene,50,0.865
gene,50,0.5
gene,50,0.435
gene,50,0.315
gene,50,0.155
gene,50,0.965
gene,50,0.085
gene,50,0.725
gene,50,0.38
gene,50,0.895
gene,50,0.48
gene,50,0.34
gene,50,0.875
gene,50,0.35
gene,50,0.575
gene,50,0.335
gene,50,0.235
gene,50,0.11
gene,50,0.395
gene,50,0.31
gene,50,0.965
gene,50,0.685
gene,50,0.545
gene,50,0.44
gene,50,0.91
gene,50,0.67
gene,50,0.54
gene,50,0.82
gene,50,0.955
gene,50,0.27
gene,50,0.855
gene,50,1.0
gene,50,0.045
gene,50,0.89
gene,50,0.375
gene,50,0.57
gene,50,0.615
gene,50,0.02
gene,50,0.555
gene,50,0.095
gene,50,0.12
gene,50,0.765
gene,50,0.35
gene,50,0.375
gene,50,0.095
gene,50,0.115
gene,50,0.235
gene,50,0.95
gene,50,0.1
gene,50,0.74
gene,50,0.105
gene,50,0.45
gene,50,0.855
gene,50,0.405
gene,50,0.645
gene,50,0.305
gene,50,0.435
gene,50,0.715
gene,50,0.345
gene,50,0.07
gene,50,0.78
gene,50,0.425
gene,50,0.795
gene,50,0.315
gene,50,0.795
gene,50,0.615
gene,50,0.365
gene,50,0.775
gene,50,0.11
gene,50,0.745
gene,50,0.07
gene,50,0.705
gene,50,0.065
gene,50,0.29
gene,50,0.7
gene,50,0.955
gene,50,0.605
gene,50,0.065
gene,50,0.305
gene,50,0.55
gene,50,0.795
gene,50,0.525
gene,50,0.66
gene,50,0.265
gene,50,0.55
gene,50,0.01
gene,50,0.64
gene,50,0.405
gene,50,0.955
gene,50,0.015
gene,50,0.62
gene,50,0.11
gene,50,0.26
gene,50,0.88
gene,50,0.175
gene,50,0.725
gene,50,0.88
gene,50,0.795
gene,50,0.835
gene,50,0.815
gene,50,0.95
gene,50,0.2
gene,50,0.245
gene,50,0.72
gene,50,0.075
gene,50,0.11
gene,50,0.625
gene,50,0.325
gene,50,0.535
gene,50,0.23
gene,50,0.715
gene,50,0.61
gene,50,0.325
gene,50,0.995
gene,50,0.405
gene,50,0.71
gene,50,0.045
gene,50,0.41
gene,50,0.015
gene,50,0.52
gene,50,0.56
gene,50,0.295
gene,50,0.09
gene,50,0.03
gene,50,0.575
gene,50,0.49
gene,50,0.685
gene,50,0.145
gene,50,0.495
gene,50,0.61
gene,50,0.745
gene,50,0.54
gene,50,0.815
gene,50,0.875
gene,50,0.525
gene,50,0.77
gene,50,0.21
gene,50,0.22
gene,50,0.285
gene,50,0.535
gene,50,0.215
gene,50,0.39
gene,50,0.64
gene,50,0.23
gene,50,0.36
gene,50,0.15
gene,50,0.24
gene,50,0.72
gene,50,0.375
gene,50,0.1
gene,50,0.425
gene,50,0.155
gene,50,0.755
gene,50,0.29
gene,50,0.605
gene,50,0.305
gene,50,0.99
gene,50,0.14
gene,50,0.285
gene,50,0.435
gene,50,0.57
gene,50,0.925
gene,50,0.71
gene,50,0.08
gene,50,0.065
gene,50,0.56
gene,50,0.985
gene,50,0.67
gene,50,0.355
gene,50,0.155
gene,50,0.07
gene,50,0.78
gene,50,0.645
gene,50,0.63
gene,50,0.945
gene,50,0.84
gene,50,0.155
gene,50,0.805
gene,50,0.825
gene,50,0.185
gene,50,0.5
gene,50,0.995
gene,50,0.265
gene,50,0.215
gene,50,0.955
gene,50,0.41
gene,50,0.05
gene,50,0.165
gene,50,0.115
gene,50,0.475
gene,50,0.91
gene,50,0.88
gene,50,0.38
gene,50,0.69
gene,50,0.435
gene,50,0.135
gene,50,0.155
gene,50,0.36
gene,50,0.675
gene,50,0.15
gene,50,0.155
gene,50,0.465
gene,50,0.79
gene,50,0.495
gene,50,0.53
gene,50,0.255
gene,50,0.77
gene,50,0.735
gene,50,0.39
gene,50,0.475
gene,50,0.77
gene,50,0.915
gene,50,0.225
gene,50,0.95
gene,50,0.91
gene,50,0.085
gene,50,0.41
gene,50,0.46
gene,50,0.795
gene,50,0.605
gene,50,0.015
gene,50,0.74
gene,50,0.105
gene,50,0.225
gene,50,0.305
gene,50,0.745
gene,50,0.36
gene,50,0.91
gene,50,0.22
gene,50,0.61
gene,50,0.565
gene,50,0.9
gene,50,0.83
gene,50,0.78
gene,50,0.87
gene,50,0.665
gene,50,0.43
gene,50,0.485
gene,50,0.065
gene,50,0.42
gene,50,0.425
gene,50,0.725
gene,50,0.96
gene,50,0.725
gene,50,0.895
gene,50,0.31
gene,50,0.81
gene,50,0.45
gene,50,0.845
gene,50,0.69
gene,50,0.615
gene,50,0.345
gene,50,0.92
gene,50,0.835
gene,50,0.23
gene,50,0.025
gene,50,0.505
gene,50,0.875
gene,50,0.28
gene,50,0.07
gene,50,0.56
gene,50,0.85
gene,50,0.57
gene,50,0.715
gene,50,0.76
gene,50,0.83
gene,50,0.4
gene,50,0.585
gene,50,0.805
gene,50,0.125
gene,50,0.065
gene,50,0.05
gene,50,0.485
gene,50,0.19
gene,50,0.64
gene,50,0.775
gene,50,0.825
gene,50,0.06
gene,50,0.105
gene,50,0.04
gene,50,0.185
gene,50,0.74
gene,50,0.58
gene,50,0.695
gene,50,0.825
gene,50,0.255
gene,50,0.825
gene,50,0.005
gene,50,0.37
gene,50,0.15
gene,50,0.555
gene,50,0.695
gene,50,0.98
gene,50,0.46
gene,50,0.58
gene,50,0.48
gene,50,0.575
gene,50,0.255
gene,50,0.195
gene,50,0.06
gene,50,0.565
gene,50,0.895
gene,50,0.29
gene,50,0.48
gene,50,0.125
gene,50,0.23
gene,50,0.315
gene,50,0.86
gene,50,0.92
gene,50,0.63
gene,50,0.25
gene,50,0.895
gene,50,0.96
gene,50,0.65
gene,50,0.06
gene,50,0.53
gene,50,0.405
gene,50,0.63
gene,50,0.995
gene,50,0.705
gene,50,0.53
gene,50,0.365
gene,50,0.125
gene,50,0.57
gene,50,0.345
gene,50,0.82
gene,50,0.035
gene,50,0.97
gene,50,0.71
gene,50,0.06
gene,50,0.875
gene,50,0.215
gene,50,0.58
gene,50,0.545
gene,50,0.74
gene,50,0.805
gene,50,0.535
gene,50,0.88
gene,50,0.795
gene,50,0.93
gene,50,0.42
gene,50,0.875
gene,50,0.435
gene,50,0.26
gene,50,1.0
gene,50,0.435
gene,50,0.065
gene,50,0.39
gene,50,0.585
gene,50,0.67
gene,50,0.18
gene,50,0.395
gene,50,0.34
gene,50,0.385
gene,50,0.075
gene,50,0.905
gene,50,0.015
gene,50,0.085
gene,50,0.805
gene,50,0.905
gene,50,0.26
gene,50,0.79
gene,50,0.28
gene,50,0.55
gene,50,0.455
gene,50,0.23
gene,50,0.66
gene,50,0.615
gene,50,0.505
gene,50,0.065
gene,50,0.47
gene,50,0.08
gene,50,0.81
gene,50,0.25
gene,50,0.93
gene,50,0.585
gene,50,0.47
gene,50,0.905
gene,50,0.05
gene,50,0.315
gene,50,0.95
gene,50,0.08
gene,50,0.615
gene,50,0.41
gene,50,0.56
gene,50,0.155
gene,50,0.03
gene,50,0.89
gene,50,0.78
gene,50,0.035
gene,50,0.95
gene,50,0.92
gene,50,0.215
gene,50,0.885
gene,50,0.055
gene,50,0.085
gene,50,0.87
gene,50,0.79
gene,50,0.475
gene,50,0.63
gene,50,0.72
gene,50,0.245
gene,50,0.255
gene,50,0.9
gene,50,0.675
gene,50,0.86
gene,50,0.52
gene,50,0.24
gene,50,0.6
gene,50,0.835
gene,50,0.14
gene,50,0.605
gene,50,0.915
gene,50,0.335
gene,50,0.25
gene,50,0.98
gene,50,0.05
gene,50,0.645
gene,50,0.56
gene,50,0.11
gene,50,0.84
gene,50,0.1
gene,50,0.625
gene,50,0.16
gene,50,0.13
gene,50,0.665
gene,50,0.625
gene,50,0.54
gene,50,0.735
gene,50,0.81
gene,50,0.995
gene,50,0.345
gene,50,0.36
gene,50,0.685
gene,50,0.97
gene,50,0.905
gene,50,0.9
gene,50,0.725
gene,50,0.02
gene,50,0.05
gene,50,0.15
gene,50,0.945
gene,50,0.445
gene,50,0.965
gene,50,0.07
gene,50,0.2
gene,50,0.74
gene,50,0.705
gene,50,0.2
gene,50,0.515
gene,50,0.615
gene,50,0.435
gene,50,0.965
gene,50,0.17
gene,50,0.165
gene,50,0.05
gene,50,0.535
gene,50,0.335
gene,50,0.485
gene,50,0.89
gene,50,0.76
gene,50,0.23
gene,50,0.89
gene,50,0.85
gene,50,0.37
gene,50,0.3
gene,50,0.615
gene,50,0.48
gene,50,0.06
gene,50,0.245
gene,50,0.285
gene,50,0.385
gene,50,0.71
gene,50,0.115
gene,50,0.28
gene,50,0.615
gene,50,0.185
gene,50,0.255
gene,50,0.565
gene,50,0.975
gene,50,0.55
gene,50,0.405
gene,50,0.08
gene,50,0.535
gene,50,0.52
gene,50,0.48
gene,50,0.905
gene,50,0.485
gene,50,0.695
gene,50,0.155
gene,50,0.96
gene,50,0.625
gene,50,0.6
gene,50,0.145
gene,50,0.015
gene,50,0.44
gene,50,0.06
gene,50,0.625
gene,50,0.665
gene,50,0.39
gene,50,0.58
gene,50,0.505
gene,50,0.97
gene,50,0.485
gene,50,0.445
gene,50,0.39
gene,50,0.215
gene,50,0.185
gene,50,0.195
gene,50,0.36
gene,50,0.36
gene,50,0.575
gene,50,0.66
gene,50,0.625
gene,50,0.185
gene,50,0.475
gene,50,0.12
gene,50,0.81
gene,50,0.79
gene,50,0.165
gene,50,0.84
gene,50,0.29
gene,50,0.79
gene,50,0.185
gene,50,0.475
gene,50,0.58
gene,50,0.77
gene,50,0.84
gene,50,0.185
gene,50,0.24
gene,50,0.675
gene,50,0.775
gene,50,0.75
gene,50,0.805
gene,50,0.915
gene,50,0.305
gene,50,0.535
gene,50,0.895
gene,50,0.95
gene,50,0.785
gene,50,0.95
gene,50,0.285
gene,50,0.89
gene,50,0.745
gene,50,0.195
gene,50,0.12
gene,50,0.6
gene,50,0.6
gene,50,0.9
gene,50,0.055
gene,50,0.56
gene,50,0.705
gene,50,0.13
gene,50,0.945
gene,50,0.135
gene,50,0.575
gene,50,0.165
gene,50,0.995
gene,50,0.495
gene,50,0.72
gene,50,0.765
gene,50,0.785
gene,50,0.34
gene,50,0.825
gene,50,0.03
gene,50,0.675
gene,50,0.955
gene,50,0.25
gene,50,0.985
gene,50,0.42
gene,50,0.535
gene,50,0.48
gene,50,0.93
gene,50,0.4
gene,50,0.71
gene,50,0.71
gene,50,0.135
gene,50,0.815
gene,50,0.68
gene,50,0.18
gene,50,0.565
gene,50,0.465
gene,50,0.15
gene,50,0.575
gene,50,0.75
gene,50,0.09
gene,50,0.78
gene,50,0.135
gene,50,0.025
gene,50,0.24
gene,50,0.855
gene,50,0.19
gene,50,0.27
gene,50,0.03
gene,50,0.185
gene,50,0.51
gene,50,0.63
gene,50,0.775
gene,50,0.955
gene,50,0.685
gene,50,0.305
gene,50,0.72
gene,50,0.69
gene,50,0.795
gene,50,0.2
gene,50,0.895
gene,50,0.49
gene,50,0.055
gene,50,0.885
gene,50,0.275
gene,50,0.695
gene,50,0.71
gene,50,0.67
gene,50,0.325
gene,50,0.855
gene,50,0.54
gene,50,0.735
gene,50,0.37
gene,50,0.165
gene,50,0.56
gene,50,0.805
gene,50,0.21
gene,50,0.77
gene,50,0.505
gene,50,0.365
gene,50,0.85
gene,50,0.625
gene,50,0.55
gene,50,0.675
gene,50,0.125
gene,50,0.245
gene,50,0.86
gene,50,0.245
gene,50,0.645
gene,50,0.605
gene,50,0.26
gene,50,0.57
gene,50,0.685
gene,50,0.875
gene,50,0.985
gene,50,0.165
gene,50,0.165
gene,50,0.41
gene,50,0.4
gene,50,0.61
gene,50,0.895
gene,50,0.115
gene,50,0.14
gene,50,0.3
gene,50,0.97
gene,50,0.27
gene,50,0.695
gene,50,0.3
gene,50,0.185
gene,50,0.065
gene,50,0.055
gene,50,0.67
gene,50,0.345
gene,50,0.555
gene,50,0.3
gene,50,0.065
gene,50,0.09
gene,50,0.41
gene,50,0.65
gene,50,0.92
gene,50,0.68
gene,50,0.18
gene,50,0.24
gene,50,0.215
gene,50,0.715
gene,50,0.5
gene,50,0.925
gene,50,0.23
gene,50,0.005
gene,50,0.045
gene,50,0.13
gene,50,0.285
gene,50,0.61
gene,50,0.805
gene,50,0.985
gene,50,0.92
gene,50,0.015
gene,50,0.565
gene,50,0.215
gene,50,0.745
gene,50,0.255
gene,50,0.055
gene,50,0.275
gene,50,0.405
gene,50,0.02
gene,50,0.215
gene,50,0.45
gene,50,0.89
gene,50,0.65
gene,50,0.635
gene,50,0.055
gene,50,0.755
gene,50,0.49
gene,50,0.485
gene,50,0.135
gene,50,0.13
gene,50,0.66
gene,50,0.52
gene,50,0.26
gene,50,0.475
gene,50,0.71
gene,50,0.405
gene,50,0.02
gene,50,0.29
gene,50,0.67
gene,50,1.0
gene,50,0.81
gene,50,0.88
gene,50,0.32
gene,50,0.21
gene,50,0.94
gene,50,0.65
gene,50,0.455
gene,50,0.225
gene,50,0.975
gene,50,0.785
gene,50,0.345
gene,50,0.38
gene,50,0.75
gene,50,0.985
gene,50,0.4
gene,50,0.87
gene,50,0.725
gene,50,0.82
gene,50,0.13
gene,50,0.685
gene,50,0.815
gene,50,0.97
gene,50,0.885
gene,50,0.5
gene,50,0.36
gene,50,0.87
gene,50,0.44
gene,50,0.64
gene,50,0.22
gene,50,0.34
gene,50,0.36
gene,50,0.11
gene,50,0.51
gene,50,0.47
gene,50,0.785
gene,50,0.095
gene,50,0.645
gene,50,0.635
gene,50,0.65
gene,50,0.135
gene,50,0.415
gene,50,0.405
gene,50,0.77
gene,50,0.055
gene,50,0.5
gene,50,0.24
gene,50,0.135
gene,50,0.63
gene,50,0.095
gene,50,0.945
gene,50,0.365
gene,50,0.58
gene,50,0.855
gene,50,0.905
gene,50,0.25
gene,50,0.2
gene,50,0.36
gene,50,0.82
gene,50,0.505
gene,50,0.495
gene,50,0.13
gene,50,0.015
gene,50,0.78
gene,50,0.195
gene,50,0.815
gene,50,0.945
gene,50,0.795
gene,50,0.23
gene,50,0.365
gene,50,0.695
gene,50,0.6
gene,50,0.835
gene,50,0.24
gene,50,0.475
gene,50,0.63
gene,50,0.35
gene,50,0.33
gene,50,0.655
gene,50,0.82
gene,50,0.78
gene,50,0.585
gene,50,0.675
gene,50,0.24
gene,50,0.755
gene,50,0.56
gene,50,0.22
gene,50,0.635
gene,50,0.91
gene,50,0.685
gene,50,0.195
gene,50,0.875
gene,50,0.215
gene,50,0.84
gene,50,0.485
gene,50,0.85
gene,50,0.475
gene,50,0.51
gene,50,0.725
gene,50,0.545
gene,50,0.12
gene,50,0.42
gene,50,0.07
gene,50,0.17
gene,50,0.525
gene,50,0.51
gene,50,0.905
gene,50,0.115
gene,50,0.65
gene,50,0.68
gene,50,0.74
gene,50,0.02
gene,50,0.14
gene,50,0.69
gene,50,0.52
gene,50,0.095
gene,50,0.015
gene,50,0.835
gene,50,0.7
gene,50,0.375
gene,50,0.75
gene,50,0.535
gene,50,0.065
gene,50,0.52
gene,50,0.94
gene,50,0.47
gene,50,0.165
gene,50,0.375
gene,50,0.92
gene,50,0.86
gene,50,0.71
gene,50,0.92
gene,50,0.145
gene,50,0.515
gene,50,0.115
gene,50,0.2
gene,50,0.73
gene,50,0.205
gene,50,0.325
gene,50,0.27
gene,50,0.28
gene,50,0.355
gene,50,0.63
gene,50,0.975
gene,50,0.285
gene,50,0.325
gene,50,0.34
gene,50,0.6
gene,50,0.53
gene,50,0.86
gene,50,0.245
gene,50,0.66
gene,50,0.935
gene,50,0.175
gene,50,0.37
gene,50,0.865
gene,50,0.565
gene,50,0.625
gene,50,0.32
gene,50,0.05
gene,50,0.7
gene,50,0.365
gene,50,0.93
gene,50,0.255
gene,50,0.57
gene,50,0.4
gene,50,0.84
gene,50,0.435
gene,50,0.515
gene,50,0.955
gene,50,0.48
gene,50,0.37
gene,50,0.155
gene,50,0.11
gene,50,0.94
gene,50,0.755
gene,50,0.68
gene,50,0.945
gene,50,0.455
gene,50,0.32
gene,50,0.485
gene,50,0.435
gene,50,0.255
gene,50,0.045
gene,50,0.765
gene,50,0.805
gene,50,0.59
gene,50,0.71
gene,50,0.025
gene,50,0.64
gene,50,0.165
gene,50,0.21
gene,50,0.29
gene,50,0.55
gene,50,0.225
gene,50,0.265
gene,50,0.49
gene,50,0.065
gene,50,0.9
gene,50,0.525
gene,50,0.76
gene,50,0.705
gene,50,1.0
gene,50,0.965
gene,50,0.805
gene,50,0.005
gene,50,0.495
gene,50,0.815
gene,50,0.685
gene,50,0.22
gene,50,0.295
gene,50,0.98
gene,50,0.14
gene,50,0.185
gene,50,0.175
gene,50,0.475
gene,50,0.48
gene,50,0.98
gene,50,0.84
gene,50,0.995
gene,50,0.675
gene,50,0.8
gene,50,0.27
gene,50,0.78
gene,50,0.635
gene,50,0.04
gene,50,0.18
gene,50,0.305
gene,50,0.69
gene,50,0.93
gene,50,0.465
gene,50,0.69
gene,50,0.345
gene,50,0.065
gene,50,0.49
gene,50,0.175
gene,50,0.075
gene,50,0.645
gene,50,0.3
gene,50,0.995
gene,50,0.305
gene,50,0.14
gene,50,0.865
gene,50,0.66
gene,50,0.51
gene,50,0.57
gene,50,0.665
gene,50,0.595
gene,50,0.645
gene,50,0.915
gene,50,0.875
gene,50,0.58
gene,50,0.355
gene,50,0.4
gene,50,0.85
gene,50,0.69
gene,50,0.395
gene,50,0.025
gene,50,0.325
gene,50,0.595
gene,50,0.86
gene,50,0.52
gene,50,0.105
gene,50,0.69
gene,50,0.925
gene,50,0.7
gene,50,0.135
gene,50,0.73
gene,50,0.5
gene,50,0.96
gene,50,0.065
gene,50,0.37
gene,50,0.41
gene,50,0.265
gene,50,0.865
gene,50,0.1
gene,50,0.89
gene,50,0.22
gene,50,0.245
gene,50,0.63
gene,50,0.515
gene,50,0.52
gene,50,0.715
gene,50,0.575
gene,50,0.76
gene,50,0.295
gene,50,0.005
gene,50,0.16
gene,50,0.98
gene,50,0.97
gene,50,0.79
gene,50,0.32
gene,50,0.305
gene,50,0.53
gene,50,0.8
gene,50,0.915
gene,50,0.805
gene,50,0.11
gene,50,0.545
gene,50,0.62
gene,50,0.445
gene,50,0.43
gene,50,0.405
gene,50,0.675
gene,50,0.395
gene,50,0.855
gene,50,0.655
gene,50,0.88
gene,50,0.065
gene,50,0.39
gene,50,0.03
gene,50,0.525
gene,50,0.01
gene,50,0.17
gene,50,0.315
gene,50,0.025
gene,50,0.175
gene,50,0.86
gene,50,0.61
gene,50,0.44
gene,50,0.38
gene,50,0.355
gene,50,0.695
gene,50,0.875
gene,50,0.865
gene,50,0.02
gene,50,0.36
gene,50,0.375
gene,50,0.31
gene,50,0.275
gene,50,0.895
gene,50,0.05
gene,50,0.68
gene,50,0.525
gene,50,0.265
gene,50,0.445
gene,50,0.61
gene,50,0.045
gene,50,0.85
gene,50,0.47
gene,50,0.49
gene,50,1.0
gene,50,0.29
gene,50,0.525
gene,50,0.565
gene,50,0.88
gene,50,0.685
gene,50,0.105
gene,50,0.17
gene,50,0.155
gene,50,0.665
gene,50,0.04
gene,50,0.405
gene,50,0.155
gene,50,0.455
gene,50,0.935
gene,50,0.26
gene,50,0.51
gene,50,0.82
gene,50,0.585
gene,50,0.38
gene,50,0.03
gene,50,0.055
gene,50,0.555
gene,50,0.635
gene,50,0.165
gene,50,0.845
gene,50,0.98
gene,50,0.845
gene,50,0.875
gene,50,0.33
gene,50,0.49
gene,50,0.36
gene,50,0.145
gene,50,0.89
gene,50,0.715
gene,50,0.335
gene,50,0.015
gene,50,0.89
gene,50,0.275
gene,50,0.285
gene,50,0.62
gene,50,0.86
gene,50,0.715
gene,50,0.66
gene,50,0.855
gene,50,0.065
gene,50,0.935
gene,50,0.735
gene,50,0.32
gene,50,0.46
gene,50,0.29
gene,50,0.905
gene,50,0.365
gene,50,0.125
gene,50,0.46
gene,50,0.15
gene,50,0.365
gene,50,0.04
gene,50,0.755
gene,50,0.725
gene,50,0.98
gene,50,0.08
gene,50,0.98
gene,50,0.625
gene,50,0.95
gene,50,0.525
gene,50,0.88
gene,50,0.985
gene,50,0.77
gene,50,0.375
gene,50,0.685
gene,50,0.505
gene,50,0.97
gene,50,0.485
gene,50,0.765
gene,50,0.63
gene,50,0.595
gene,50,0.535
gene,50,0.125
gene,50,0.85
gene,50,0.54
gene,50,0.655
gene,50,0.525
gene,50,0.09
gene,50,0.475
gene,50,0.15
gene,50,0.91
gene,50,0.125
gene,50,0.73
gene,50,0.515
gene,50,0.79
gene,50,0.435
gene,50,0.84
gene,50,0.245
gene,50,0.385
gene,50,0.34
gene,50,0.405
gene,50,0.365
gene,50,0.445
gene,50,0.25
gene,50,0.85
gene,50,0.315
gene,50,0.505
gene,50,0.13
gene,50,0.48
gene,50,0.08
gene,50,0.955
gene,50,0.74
gene,50,0.05
gene,50,0.31
gene,50,0.48
gene,50,0.005
gene,50,0.935
gene,50,0.77
gene,50,0.155
gene,50,0.88
gene,50,0.85
gene,50,0.085
gene,50,0.08
gene,50,0.53
gene,50,0.16
gene,50,0.835
gene,50,0.28
gene,50,0.34
gene,50,0.75
gene,50,0.505
gene,50,0.45
gene,50,0.765
gene,50,0.285
gene,50,0.165
gene,50,0.84
gene,50,0.755
gene,50,0.285
gene,50,0.9
gene,50,0.68
gene,50,0.81
gene,50,0.275
gene,50,0.315
