modality,kind,distance
protein,within_real,1.2412695384462944
protein,within_real,1.860040372963395
protein,within_real,1.731034145213463
protein,within_real,1.2940392855035945
protein,within_real,1.7680672090213516
protein,within_real,1.7659066943455253
protein,within_real,1.6973810089918577
protein,within_real,1.0527497705277835
protein,within_real,1.7872658093773452
protein,within_real,1.1795992463415985
protein,within_real,1.5169700819888776
protein,within_real,1.1858447766375966
protein,within_real,1.2634207614784285
protein,within_real,1.1493868956927773
protein,within_real,1.1758359991459686
protein,within_real,1.5632648378870384
protein,within_real,1.156209821545914
protein,within_real,1.040837594162469
protein,within_real,1.2608172301988687
protein,within_real,1.1160878853149512
protein,within_real,1.1127403219025638
protein,within_real,1.1994455864005962
protein,within_real,1.2768608788758868
protein,within_real,1.0957672921350208
protein,within_real,1.1417118559491937
protein,within_real,1.0801568724782273
protein,within_real,1.2330676810750383
protein,within_real,1.2530215283015704
protein,within_real,1.2371317780492603
protein,within_real,1.1579280422329665
protein,within_real,1.1885853491237528
protein,within_real,1.0433180300836749
protein,within_real,1.1524959698728858
protein,within_real,1.2705720407608763
protein,within_real,0.8935059616646158
protein,within_real,1.013474748461231
protein,within_real,1.292134590412259
protein,within_real,1.3422259005970896
protein,within_real,1.1422435920687786
protein,within_real,1.1518781945054724
protein,within_real,1.1994388839540624
protein,within_real,1.1807697431548014
protein,within_real,1.1175020393224502
protein,within_real,0.9535027225593444
protein,within_real,1.0507437801495472
protein,within_real,1.2540928219613736
protein,within_real,0.9018303064436023
protein,within_real,1.0662943050090388
protein,within_real,0.9431969256597432
protein,within_real,0.9299457497048056
protein,within_real,1.1950451960058253
protein,within_real,1.234542039319868
protein,within_real,1.337550830540957
protein,within_real,1.1819905423685653
protein,within_real,1.4269836814417323
protein,within_real,0.9534825979825211
protein,within_real,1.3684425435246423
protein,within_real,1.8314619584671434
protein,within_real,1.6807261611638782
protein,within_real,0.39510136038325905
protein,within_real,1.7501619046453114
protein,within_real,1.7490553247413867
protein,within_real,1.6482928910153827
protein,within_real,0.4255305063334691
protein,within_real,1.7657078833818587
protein,within_real,1.0213441682972184
protein,within_real,1.4770272946018297
protein,within_real,0.5928467847490086
protein,within_real,0.9592176560226603
protein,within_real,0.6742731692160695
protein,within_real,0.33967949983724716
protein,within_real,1.5413515656154635
protein,within_real,1.1285138757927105
protein,within_real,1.339105444680428
protein,within_real,0.8393330495687987
protein,within_real,0.9024232364855799
protein,within_real,1.1000513101475398
protein,within_real,0.8632233838367839
protein,within_real,0.9645898297545958
protein,within_real,0.7862562710033748
protein,within_real,0.919126695212605
protein,within_real,1.1360944210453356
protein,within_real,1.132562193157621
protein,within_real,0.948282699772909
protein,within_real,1.1033767972688449
protein,within_real,1.165126994896515
protein,within_real,0.974901892204019
protein,within_real,1.1192487603797825
protein,within_real,0.9015453860791958
protein,within_real,1.1394721860410422
protein,within_real,1.1686500909170372
protein,within_real,1.2325667123121486
protein,within_real,1.159238503385456
protein,within_real,1.8455656383287995
protein,within_real,1.0795675302684276
protein,within_real,0.9447441575901918
protein,within_real,1.1981939752140867
protein,within_real,1.8444503272146386
protein,within_real,1.0646027588447513
protein,within_real,1.6511929854460092
protein,within_real,1.2263555327292657
protein,within_real,1.8848962617344105
protein,within_real,1.8470108882109035
protein,within_real,1.6951412773553078
protein,within_real,1.8176312332026159
protein,within_real,1.2832682651146032
protein,within_real,1.716067396082813
protein,within_real,1.9673502111313543
protein,within_real,1.6773740656863652
protein,within_real,1.230667156534089
protein,within_real,1.1324267725991866
protein,within_real,1.1811851674260647
protein,within_real,1.6824191964120006
protein,within_real,0.944844907339246
protein,within_real,1.508944852742331
protein,within_real,1.146145839363635
protein,within_real,1.7593232677719592
protein,within_real,1.7022072035215785
protein,within_real,1.5459701488408502
protein,within_real,1.6682292856161525
protein,within_real,1.0325005199168116
protein,within_real,1.6361350403730197
protein,within_real,1.922087353744659
protein,within_real,1.7818901275566414
protein,within_real,1.7779183116057595
protein,within_real,1.6716233187145406
protein,within_real,0.5684158534609819
protein,within_real,1.7887430684971792
protein,within_real,1.118250936618582
protein,within_real,1.5314836719085627
protein,within_real,0.6664757029929071
protein,within_real,1.0224270387859737
protein,within_real,0.829822126902876
protein,within_real,0.4244909685810995
protein,within_real,1.5747762400432888
protein,within_real,1.2421053703348741
protein,within_real,1.394171117898685
protein,within_real,0.8949749831179011
protein,within_real,1.2635975822543994
protein,within_real,0.9931630875255245
protein,within_real,0.9670462886487
protein,within_real,0.8952309680857777
protein,within_real,1.1082058917685842
protein,within_real,1.1385690510990205
protein,within_real,1.297022509504578
protein,within_real,1.0645807146143011
protein,within_real,1.1850562851470214
protein,within_real,1.0353900655382975
protein,within_real,1.1224916007509473
protein,within_real,1.0102332869599318
protein,within_real,1.0826217485380314
protein,within_real,1.116041594687025
protein,within_real,1.1862674753307811
protein,within_real,1.3116924542147366
protein,within_real,1.2904449571967698
protein,within_real,1.0814328843706873
protein,within_real,1.1263556387995703
protein,within_real,0.9648851786071359
protein,within_real,1.029596116674891
protein,within_real,1.1975152916027663
protein,within_real,1.3246092328358832
protein,within_real,1.1369146639831471
protein,within_real,1.2537488154036338
protein,within_real,1.2076411434244803
protein,within_real,1.116358016878223
protein,within_real,1.2076294913962475
protein,within_real,1.126137147259411
protein,within_real,1.1891665311036015
protein,within_real,1.295268964899169
protein,within_real,1.3175523125291233
protein,within_real,0.947782906923526
protein,within_real,1.2625585537879775
protein,within_real,1.7642329453566574
protein,within_real,1.1324494481662162
protein,within_real,1.5304790530149528
protein,within_real,1.2046153580595422
protein,within_real,1.788279906460409
protein,within_real,1.7647095070530114
protein,within_real,1.6111044104949142
protein,within_real,1.7430615844396666
protein,within_real,1.2388255603885931
protein,within_real,1.5839337894144307
protein,within_real,1.8261296570193861
protein,within_real,1.1569037266525846
protein,within_real,1.189052223676146
protein,within_real,1.1452682288168217
protein,within_real,1.1642697433445144
protein,within_real,1.1814933657555045
protein,within_real,0.9159087666887805
protein,within_real,1.1427353917778431
protein,within_real,1.1098489753777687
protein,within_real,1.3993084736957662
protein,within_real,1.139125576501387
protein,within_real,1.561682465607186
protein,within_real,1.108263490248107
protein,within_real,1.4857521502864672
protein,within_real,1.3174368992350416
protein,within_real,1.5137003072766229
protein,within_real,1.1644050108604482
protein,within_real,1.7764779366345946
protein,within_real,1.0351053764063591
protein,within_real,1.5590209593486475
protein,within_real,1.0801589183480504
protein,within_real,1.7894780382019597
protein,within_real,1.760352109758693
protein,within_real,1.600210299655163
protein,within_real,1.7326383631155433
protein,within_real,1.1716479490463203
protein,within_real,1.57060385577517
protein,within_real,1.8259291639860922
protein,within_real,0.9547910793476504
protein,within_real,0.8694973207696334
protein,within_real,0.9776290227073434
protein,within_real,1.06103481922867
protein,within_real,1.0841457610547738
protein,within_real,1.0271726326198525
protein,within_real,1.0949962983539354
protein,within_real,1.1675986281635884
protein,within_real,1.0405151726547115
protein,within_real,1.2585493884988335
protein,within_real,0.9655872027602923
protein,within_real,1.2303330703120612
protein,within_real,1.1472772145125165
protein,within_real,1.3062259376739405
protein,within_real,1.6662818709883582
protein,within_real,1.1043632876752103
protein,within_real,1.4745765345601785
protein,within_real,1.05615635085959
protein,within_real,1.7267988345725398
protein,within_real,1.6842566900817673
protein,within_real,1.4775978593805468
protein,within_real,1.6331174229497927
protein,within_real,1.1846394403734293
protein,within_real,1.567907586200716
protein,within_real,1.8533107549182688
protein,within_real,0.9344712265618671
protein,within_real,1.155291220860047
protein,within_real,0.7657892420882781
protein,within_real,1.025491629128979
protein,within_real,0.9704113655833353
protein,within_real,0.9208993759637406
protein,within_real,1.0834764673554125
protein,within_real,1.0785840128077302
protein,within_real,1.159142611768315
protein,within_real,1.116826623242451
protein,within_real,1.193805618335529
protein,within_real,0.857841284413491
protein,within_real,1.2077029286891108
protein,within_real,0.8611007250845389
protein,within_real,1.0068847995677668
protein,within_real,1.1158605800578598
protein,within_real,0.9332826462722991
protein,within_real,1.0547201354505733
protein,within_real,1.1312149351921883
protein,within_real,0.9185341656723779
protein,within_real,1.1089570810481915
protein,within_real,0.9748907318407168
protein,within_real,1.165468199402374
protein,within_real,1.149129466958454
protein,within_real,1.280827255893493
protein,within_real,1.1840748839141109
protein,within_real,1.2232757656476823
protein,within_real,1.0339965799250406
protein,within_real,1.153043596337424
protein,within_real,1.311693520985083
protein,within_real,1.0060465329541446
protein,within_real,1.3184459754861093
protein,within_real,1.063241102090082
protein,within_real,1.3133031488714952
protein,within_real,1.31844881903762
protein,within_real,1.4573704344445615
protein,within_real,0.9959085047414505
protein,within_real,0.958802858893801
protein,within_real,0.9492534544453425
protein,within_real,1.2383048472813922
protein,within_real,1.1427626149181294
protein,within_real,1.2376862045918746
protein,within_real,1.1480255732047777
protein,within_real,1.372194412806433
protein,within_real,1.0631413969617929
protein,within_real,1.3096132542597445
protein,within_real,0.9717058441558479
protein,within_real,0.9707546845374302
protein,within_real,1.373705981103813
protein,within_real,1.1657569167711523
protein,within_real,1.4768954662228513
protein,within_real,1.0787700475185031
protein,within_real,1.4613547550762829
protein,within_real,1.1401919297326624
protein,within_real,1.3607362509310041
protein,within_real,1.7899724052233132
protein,within_real,1.0285248029688374
protein,within_real,1.5155678630138305
protein,within_real,0.5635191077982389
protein,within_real,1.0212548672148596
protein,within_real,0.7529438592581066
protein,within_real,0.4238146920502162
protein,within_real,1.5602229089536375
protein,within_real,1.1679162353292227
protein,within_real,1.2761753132419338
protein,within_real,0.8209134244428659
protein,within_real,1.2017595448745542
protein,within_real,1.0732898669103514
protein,within_real,1.3003198316001372
protein,within_real,0.970981360699563
protein,within_real,1.3092454673663119
protein,within_real,1.1278442318207487
protein,within_real,1.3477730383408721
protein,within_real,1.2097040552475569
protein,within_real,1.1617789890676564
protein,within_real,1.3752173239684573
protein,within_real,1.1041032943301554
protein,within_real,1.364864213927712
protein,within_real,1.0287661811861843
protein,within_real,1.3748835843023988
protein,within_real,1.5231098481070289
protein,within_real,1.041650620508099
protein,within_real,1.8175933562692301
protein,within_real,1.7737388979184063
protein,within_real,1.5879392333977373
protein,within_real,1.7475607255727343
protein,within_real,1.0232102743157394
protein,within_real,1.6050815796514157
protein,within_real,1.8945126913214962
protein,within_real,1.1592135764596634
protein,within_real,1.1097381027485818
protein,within_real,1.0524557693414502
protein,within_real,0.7878862841878994
protein,within_real,0.9914176563620666
protein,within_real,1.2389732784705305
protein,within_real,1.0059940037621184
protein,within_real,1.4136061615141335
protein,within_real,1.275258460875104
protein,within_real,1.1866389825176145
protein,within_real,1.2219556120774218
protein,within_real,1.1360341539678043
protein,within_real,1.2103574860806905
protein,within_real,1.306145643459246
protein,within_real,1.543039372496039
protein,within_real,1.5247558122751923
protein,within_real,1.243043542138736
protein,within_real,1.4716337955406655
protein,within_real,0.7938897049250367
protein,within_real,1.2668743520184518
protein,within_real,1.5853495565259017
protein,within_real,1.3023653964925752
protein,within_real,1.00954478625632
protein,within_real,1.1623426836357242
protein,within_real,1.3411209909394315
protein,within_real,1.2481953686125817
protein,within_real,0.8864620845059289
protein,within_real,0.7393206435301357
protein,within_real,0.5953722752301454
protein,within_real,1.5946334216230664
protein,within_real,1.1803055070890287
protein,within_real,1.186974744221927
protein,within_real,0.9144807930315555
protein,within_real,0.9836680202171435
protein,within_real,1.5630282910719078
protein,within_real,1.1823717619557046
protein,within_real,1.279852362652156
protein,within_real,0.6697001025532626
protein,within_real,1.3238475484724197
protein,within_real,0.9339283535495279
protein,within_real,1.320542155532035
protein,within_real,1.4009817777113902
protein,within_real,1.2519257827129833
protein,within_real,1.3520529096414586
protein,within_real,1.423622956674054
protein,within_real,1.53085896170003
protein,within_real,1.1409597317970996
protein,within_real,1.2942033706630256
protein,within_real,1.3604082584428485
protein,within_real,1.6702663840308463
protein,within_real,1.085764945488292
protein,within_real,1.3057027371536207
protein,within_real,1.3377765228626748
protein,within_real,1.2706165036231054
protein,within_real,1.3822186791776765
protein,within_real,1.351919938494667
protein,within_real,1.3600132799643838
protein,within_syn,1.9920237714645022
protein,within_syn,1.9962863574483771
protein,within_syn,1.5128615559617882
protein,within_syn,1.3286923368171673
protein,within_syn,1.4513752779042406
protein,within_syn,1.3483966769327413
protein,within_syn,1.2214215825160188
protein,within_syn,1.9409106342359104
protein,within_syn,1.8407848611780524
protein,within_syn,1.9498195987659879
protein,within_syn,1.1003805088480814
protein,within_syn,1.6956701784152342
protein,within_syn,1.349736912351306
protein,within_syn,1.761065904610061
protein,within_syn,1.3563469148241651
protein,within_syn,1.8814690055180212
protein,within_syn,1.395110658837284
protein,within_syn,1.3968008447378535
protein,within_syn,1.761065904610061
protein,within_syn,1.6956701784152342
protein,within_syn,1.8407848611780524
protein,within_syn,1.3286923368171673
protein,within_syn,1.395110658837284
protein,within_syn,1.9962863574483771
protein,within_syn,1.9409106342359104
protein,within_syn,1.3563469148241651
protein,within_syn,1.5128615559617882
protein,within_syn,1.4513752779042406
protein,within_syn,1.3968008447378535
protein,within_syn,1.8814690055180212
protein,within_syn,1.1003805088480814
protein,within_syn,1.2214215825160188
protein,within_syn,1.349736912351306
protein,within_syn,1.9920237714645022
protein,within_syn,0.0
protein,within_syn,1.9498195987659879
protein,within_syn,1.3483966769327413
protein,within_syn,1.8407848611780524
protein,within_syn,1.5128615559617882
protein,within_syn,1.2214215825160188
protein,within_syn,1.349736912351306
protein,within_syn,1.761065904610061
protein,within_syn,1.6956701784152342
protein,within_syn,1.9962863574483771
protein,within_syn,1.4513752779042406
protein,within_syn,1.3483966769327413
protein,within_syn,1.9498195987659879
protein,within_syn,1.3286923368171673
protein,within_syn,1.9920237714645022
protein,within_syn,1.8814690055180212
protein,within_syn,1.395110658837284
protein,within_syn,0.0
protein,within_syn,1.9409106342359104
protein,within_syn,1.3968008447378535
protein,within_syn,1.1003805088480814
protein,within_syn,1.3563469148241651
protein,within_syn,1.9409106342359104
protein,within_syn,1.395110658837284
protein,within_syn,1.3968008447378535
protein,within_syn,1.1795066843429147
protein,within_syn,1.5336202852644554
protein,within_syn,1.7150847494326569
protein,within_syn,1.697090537265766
protein,within_syn,1.689757800567123
protein,within_syn,1.7931234557711129
protein,within_syn,1.289551669611746
protein,within_syn,1.262217460045599
protein,within_syn,0.9195794291126237
protein,within_syn,1.77366911904825
protein,within_syn,1.1411369034404035
protein,within_syn,1.7343075795206246
protein,within_syn,1.0587590935539821
protein,within_syn,1.650949331767747
protein,within_syn,1.1585337069049872
protein,within_syn,1.5311329687431892
protein,within_syn,1.709733473636483
protein,within_syn,1.0587590935539821
protein,within_syn,1.1411369034404035
protein,within_syn,1.262217460045599
protein,within_syn,1.7150847494326569
protein,within_syn,1.5311329687431892
protein,within_syn,1.1795066843429147
protein,within_syn,1.289551669611746
protein,within_syn,1.650949331767747
protein,within_syn,1.5336202852644554
protein,within_syn,1.697090537265766
protein,within_syn,1.709733473636483
protein,within_syn,1.1585337069049872
protein,within_syn,1.77366911904825
protein,within_syn,1.7931234557711129
protein,within_syn,1.7343075795206246
protein,within_syn,0.0
protein,within_syn,1.9920237714645022
protein,within_syn,0.9195794291126237
protein,within_syn,1.689757800567123
protein,within_syn,1.262217460045599
protein,within_syn,1.5336202852644554
protein,within_syn,1.7931234557711129
protein,within_syn,1.7343075795206246
protein,within_syn,1.0587590935539821
protein,within_syn,1.1411369034404035
protein,within_syn,1.1795066843429147
protein,within_syn,1.697090537265766
protein,within_syn,1.689757800567123
protein,within_syn,0.9195794291126237
protein,within_syn,1.7150847494326569
protein,within_syn,0.0
protein,within_syn,1.1585337069049872
protein,within_syn,1.5311329687431892
protein,within_syn,1.9920237714645022
protein,within_syn,1.289551669611746
protein,within_syn,1.709733473636483
protein,within_syn,1.77366911904825
protein,within_syn,1.650949331767747
protein,within_syn,1.289551669611746
protein,within_syn,1.5311329687431892
protein,within_syn,1.709733473636483
protein,within_syn,1.6289050919856654
protein,within_syn,1.8341992917249754
protein,within_syn,1.8337906340797592
protein,within_syn,1.806292822990131
protein,within_syn,1.885313769027583
protein,within_syn,1.2160748426957002
protein,within_syn,1.112563769759757
protein,within_syn,1.116220556640469
protein,within_syn,1.8623378307289067
protein,within_syn,1.1815892942715829
protein,within_syn,1.8523636239193648
protein,within_syn,1.27460704711981
protein,within_syn,1.711703642042651
protein,within_syn,0.9266429878486697
protein,within_syn,1.6433592962873695
protein,within_syn,1.8231620135693083
protein,within_syn,1.27460704711981
protein,within_syn,1.1815892942715829
protein,within_syn,1.112563769759757
protein,within_syn,1.8341992917249754
protein,within_syn,1.6433592962873695
protein,within_syn,0.0
protein,within_syn,1.2160748426957002
protein,within_syn,1.711703642042651
protein,within_syn,1.6289050919856654
protein,within_syn,1.8337906340797592
protein,within_syn,1.8231620135693083
protein,within_syn,0.9266429878486697
protein,within_syn,1.8623378307289067
protein,within_syn,1.885313769027583
protein,within_syn,1.8523636239193648
protein,within_syn,1.1795066843429147
protein,within_syn,1.9962863574483771
protein,within_syn,1.116220556640469
protein,within_syn,1.806292822990131
protein,within_syn,1.112563769759757
protein,within_syn,1.6289050919856654
protein,within_syn,1.885313769027583
protein,within_syn,1.8523636239193648
protein,within_syn,1.27460704711981
protein,within_syn,1.1815892942715829
protein,within_syn,0.0
protein,within_syn,1.8337906340797592
protein,within_syn,1.806292822990131
protein,within_syn,1.116220556640469
protein,within_syn,1.8341992917249754
protein,within_syn,1.1795066843429147
protein,within_syn,0.9266429878486697
protein,within_syn,1.6433592962873695
protein,within_syn,1.9962863574483771
protein,within_syn,1.2160748426957002
protein,within_syn,1.8231620135693083
protein,within_syn,1.8623378307289067
protein,within_syn,1.711703642042651
protein,within_syn,1.2160748426957002
protein,within_syn,1.6433592962873695
protein,within_syn,1.8231620135693083
protein,within_syn,1.1554301497401243
protein,within_syn,1.2302660821486011
protein,within_syn,1.0883645438315843
protein,within_syn,1.2356575772075382
protein,within_syn,1.5178024857538202
protein,within_syn,1.489933916885569
protein,within_syn,1.518718142053367
protein,within_syn,1.22123183930565
protein,within_syn,1.2296005285711538
protein,within_syn,1.1769465142803017
protein,within_syn,1.2504829907877444
protein,within_syn,1.0045511872063424
protein,within_syn,1.564905903905174
protein,within_syn,0.8545354250122494
protein,within_syn,1.130393748587948
protein,within_syn,1.2504829907877444
protein,within_syn,1.2296005285711538
protein,within_syn,1.489933916885569
protein,within_syn,1.1554301497401243
protein,within_syn,0.8545354250122494
protein,within_syn,1.6289050919856654
protein,within_syn,1.5178024857538202
protein,within_syn,1.0045511872063424
protein,within_syn,0.0
protein,within_syn,1.2302660821486011
protein,within_syn,1.130393748587948
protein,within_syn,1.564905903905174
protein,within_syn,1.22123183930565
protein,within_syn,1.2356575772075382
protein,within_syn,1.1769465142803017
protein,within_syn,1.5336202852644554
protein,within_syn,1.5128615559617882
protein,within_syn,1.518718142053367
protein,within_syn,1.0883645438315843
protein,within_syn,1.489933916885569
protein,within_syn,0.0
protein,within_syn,1.2356575772075382
protein,within_syn,1.1769465142803017
protein,within_syn,1.2504829907877444
protein,within_syn,1.2296005285711538
protein,within_syn,1.6289050919856654
protein,within_syn,1.2302660821486011
protein,within_syn,1.0883645438315843
protein,within_syn,1.518718142053367
protein,within_syn,1.1554301497401243
protein,within_syn,1.5336202852644554
protein,within_syn,1.564905903905174
protein,within_syn,0.8545354250122494
protein,within_syn,1.5128615559617882
protein,within_syn,1.5178024857538202
protein,within_syn,1.130393748587948
protein,within_syn,1.22123183930565
protein,within_syn,1.0045511872063424
protein,within_syn,1.5178024857538202
protein,within_syn,0.8545354250122494
protein,within_syn,1.130393748587948
protein,within_syn,0.6110421754596066
protein,within_syn,0.4440950356058336
protein,within_syn,0.5971082124431566
protein,within_syn,1.7079557387019821
protein,within_syn,1.7738070612896262
protein,within_syn,1.8028212200131777
protein,within_syn,1.0691512529774314
protein,within_syn,1.5901750109872221
protein,within_syn,1.1443718608570437
protein,within_syn,1.6163760319543374
protein,within_syn,1.1983578193687876
protein,within_syn,1.7894298751901003
protein,within_syn,0.8837594854745068
protein,within_syn,0.4565005006449822
protein,within_syn,1.6163760319543374
protein,within_syn,1.5901750109872221
protein,within_syn,1.7738070612896262
protein,within_syn,0.0
protein,within_syn,0.8837594854745068
protein,within_syn,1.8341992917249754
protein,within_syn,1.7079557387019821
protein,within_syn,1.1983578193687876
protein,within_syn,1.1554301497401243
protein,within_syn,0.6110421754596066
protein,within_syn,0.4565005006449822
protein,within_syn,1.7894298751901003
protein,within_syn,1.0691512529774314
protein,within_syn,0.5971082124431566
protein,within_syn,1.1443718608570437
protein,within_syn,1.7150847494326569
protein,within_syn,1.3286923368171673
protein,within_syn,1.8028212200131777
protein,within_syn,0.4440950356058336
protein,within_syn,1.7738070612896262
protein,within_syn,1.1554301497401243
protein,within_syn,0.5971082124431566
protein,within_syn,1.1443718608570437
protein,within_syn,1.6163760319543374
protein,within_syn,1.5901750109872221
protein,within_syn,1.8341992917249754
protein,within_syn,0.6110421754596066
protein,within_syn,0.4440950356058336
protein,within_syn,1.8028212200131777
protein,within_syn,0.0
protein,within_syn,1.7150847494326569
protein,within_syn,1.7894298751901003
protein,within_syn,0.8837594854745068
protein,within_syn,1.3286923368171673
protein,within_syn,1.7079557387019821
protein,within_syn,0.4565005006449822
protein,within_syn,1.0691512529774314
protein,within_syn,1.1983578193687876
protein,within_syn,1.7079557387019821
protein,within_syn,0.8837594854745068
protein,within_syn,0.4565005006449822
protein,within_syn,0.4939949120879065
protein,within_syn,0.7021059090676132
protein,within_syn,1.7014522279960067
protein,within_syn,1.7884599388360742
protein,within_syn,1.7983239254004229
protein,within_syn,1.3202087549194619
protein,within_syn,1.5950737939417456
protein,within_syn,1.1440456225910438
protein,within_syn,1.6238727381806488
protein,within_syn,1.2675265232657398
protein,within_syn,1.7889255863483404
protein,within_syn,0.9481803676803241
protein,within_syn,0.451056784563214
protein,within_syn,1.6238727381806488
protein,within_syn,1.5950737939417456
protein,within_syn,1.7884599388360742
protein,within_syn,0.6110421754596066
protein,within_syn,0.9481803676803241
protein,within_syn,1.8337906340797592
protein,within_syn,1.7014522279960067
protein,within_syn,1.2675265232657398
protein,within_syn,1.2302660821486011
protein,within_syn,0.0
protein,within_syn,0.451056784563214
protein,within_syn,1.7889255863483404
protein,within_syn,1.3202087549194619
protein,within_syn,0.7021059090676132
protein,within_syn,1.1440456225910438
protein,within_syn,1.697090537265766
protein,within_syn,1.4513752779042406
protein,within_syn,1.7983239254004229
protein,within_syn,0.4939949120879065
protein,within_syn,1.7884599388360742
protein,within_syn,1.2302660821486011
protein,within_syn,0.7021059090676132
protein,within_syn,1.1440456225910438
protein,within_syn,1.6238727381806488
protein,within_syn,1.5950737939417456
protein,within_syn,1.8337906340797592
protein,within_syn,0.0
protein,within_syn,0.4939949120879065
protein,within_syn,1.7983239254004229
protein,within_syn,0.6110421754596066
protein,within_syn,1.697090537265766
protein,within_syn,1.7889255863483404
protein,within_syn,0.9481803676803241
protein,within_syn,1.4513752779042406
protein,within_syn,1.7014522279960067
protein,within_syn,0.451056784563214
protein,within_syn,1.3202087549194619
protein,within_syn,1.2675265232657398
protein,within_syn,1.7014522279960067
protein,within_syn,0.9481803676803241
protein,within_syn,0.451056784563214
protein,within_syn,0.6220414157338853
protein,within_syn,1.66353805581353
protein,within_syn,1.7361500336821933
protein,within_syn,1.7480462345427104
protein,within_syn,1.1873750925500697
protein,within_syn,1.5224788011699888
protein,within_syn,1.0849993974329502
protein,within_syn,1.570216428127116
protein,within_syn,1.1421320516473055
protein,within_syn,1.7374745577023005
protein,within_syn,0.7584041950495742
protein,within_syn,0.38352920063019197
protein,within_syn,1.570216428127116
protein,within_syn,1.5224788011699888
protein,within_syn,1.7361500336821933
protein,within_syn,0.4440950356058336
protein,within_syn,0.7584041950495742
protein,within_syn,1.806292822990131
protein,within_syn,1.66353805581353
protein,within_syn,1.1421320516473055
protein,within_syn,1.0883645438315843
protein,within_syn,0.4939949120879065
protein,within_syn,0.38352920063019197
protein,within_syn,1.7374745577023005
protein,within_syn,1.1873750925500697
protein,within_syn,0.6220414157338853
protein,within_syn,1.0849993974329502
protein,within_syn,1.689757800567123
protein,within_syn,1.3483966769327413
protein,within_syn,1.7480462345427104
protein,within_syn,0.0
protein,within_syn,1.7361500336821933
protein,within_syn,1.0883645438315843
protein,within_syn,0.6220414157338853
protein,within_syn,1.0849993974329502
protein,within_syn,1.570216428127116
protein,within_syn,1.5224788011699888
protein,within_syn,1.806292822990131
protein,within_syn,0.4939949120879065
protein,within_syn,0.0
protein,within_syn,1.7480462345427104
protein,within_syn,0.4440950356058336
protein,within_syn,1.689757800567123
protein,within_syn,1.7374745577023005
protein,within_syn,0.7584041950495742
protein,within_syn,1.3483966769327413
protein,within_syn,1.66353805581353
protein,within_syn,0.38352920063019197
protein,within_syn,1.1873750925500697
protein,within_syn,1.1421320516473055
protein,within_syn,1.66353805581353
protein,within_syn,0.7584041950495742
protein,within_syn,0.38352920063019197
protein,within_syn,1.7739090425160955
protein,within_syn,1.8003340031796675
protein,within_syn,1.8387361666125799
protein,within_syn,1.2098974217625724
protein,within_syn,1.6154398549947466
protein,within_syn,0.9850405291870482
protein,within_syn,1.6574489695034773
protein,within_syn,1.2169885113463472
protein,within_syn,1.816807182890721
protein,within_syn,0.8753958138349963
protein,within_syn,0.6244640410034783
protein,within_syn,1.6574489695034773
protein,within_syn,1.6154398549947466
protein,within_syn,1.8003340031796675
protein,within_syn,0.5971082124431566
protein,within_syn,0.8753958138349963
protein,within_syn,1.885313769027583
protein,within_syn,1.7739090425160955
protein,within_syn,1.2169885113463472
protein,within_syn,1.2356575772075382
protein,within_syn,0.7021059090676132
protein,within_syn,0.6244640410034783
protein,within_syn,1.816807182890721
protein,within_syn,1.2098974217625724
protein,within_syn,0.0
protein,within_syn,0.9850405291870482
protein,within_syn,1.7931234557711129
protein,within_syn,1.2214215825160188
protein,within_syn,1.8387361666125799
protein,within_syn,0.6220414157338853
protein,within_syn,1.8003340031796675
protein,within_syn,1.2356575772075382
protein,within_syn,0.0
protein,within_syn,0.9850405291870482
protein,within_syn,1.6574489695034773
protein,within_syn,1.6154398549947466
protein,within_syn,1.885313769027583
protein,within_syn,0.7021059090676132
protein,within_syn,0.6220414157338853
protein,within_syn,1.8387361666125799
protein,within_syn,0.5971082124431566
protein,within_syn,1.7931234557711129
protein,within_syn,1.816807182890721
protein,within_syn,0.8753958138349963
protein,within_syn,1.2214215825160188
protein,within_syn,1.7739090425160955
protein,within_syn,0.6244640410034783
protein,within_syn,1.2098974217625724
protein,within_syn,1.2169885113463472
protein,within_syn,1.7739090425160955
protein,within_syn,0.8753958138349963
protein,within_syn,0.6244640410034783
protein,within_syn,1.2639456004141305
protein,within_syn,1.1502128914412295
protein,within_syn,1.7492924407143005
protein,within_syn,1.1386137384996566
protein,within_syn,1.7350103188542922
protein,within_syn,1.2747291129619653
protein,within_syn,1.5988699310832792
protein,within_syn,1.1757188369885088
protein,within_syn,1.480636447677785
protein,within_syn,1.68701480604252
protein,within_syn,1.2747291129619653
protein,within_syn,1.1386137384996566
protein,within_syn,1.2639456004141305
protein,within_syn,1.7079557387019821
protein,within_syn,1.480636447677785
protein,within_syn,1.2160748426957002
protein,within_syn,0.0
protein,within_syn,1.5988699310832792
protein,within_syn,1.5178024857538202
protein,within_syn,1.7014522279960067
protein,within_syn,1.68701480604252
protein,within_syn,1.1757188369885088
protein,within_syn,1.7492924407143005
protein,within_syn,1.7739090425160955
protein,within_syn,1.7350103188542922
protein,within_syn,1.289551669611746
protein,within_syn,1.9409106342359104
protein,within_syn,1.1502128914412295
protein,within_syn,1.66353805581353
protein,within_syn,1.2639456004141305
protein,within_syn,1.5178024857538202
protein,within_syn,1.7739090425160955
protein,within_syn,1.7350103188542922
protein,within_syn,1.2747291129619653
protein,within_syn,1.1386137384996566
protein,within_syn,1.2160748426957002
protein,within_syn,1.7014522279960067
protein,within_syn,1.66353805581353
protein,within_syn,1.1502128914412295
protein,within_syn,1.7079557387019821
protein,within_syn,1.289551669611746
protein,within_syn,1.1757188369885088
protein,within_syn,1.480636447677785
protein,within_syn,1.9409106342359104
protein,within_syn,0.0
protein,within_syn,1.68701480604252
protein,within_syn,1.7492924407143005
protein,within_syn,1.5988699310832792
protein,within_syn,0.0
protein,within_syn,1.480636447677785
protein,within_syn,1.68701480604252
protein,within_syn,1.1684466270436056
protein,within_syn,1.783616549575383
protein,within_syn,1.1707548442775448
protein,within_syn,1.7822705454569696
protein,within_syn,1.2219523630713702
protein,within_syn,1.5821646902132747
protein,within_syn,1.0123409684387854
protein,within_syn,1.5671172795777448
protein,within_syn,1.7561827451816685
protein,within_syn,1.2219523630713702
protein,within_syn,1.1707548442775448
protein,within_syn,0.0
protein,within_syn,1.7738070612896262
protein,within_syn,1.5671172795777448
protein,within_syn,1.112563769759757
protein,within_syn,1.2639456004141305
protein,within_syn,1.5821646902132747
protein,within_syn,1.489933916885569
protein,within_syn,1.7884599388360742
protein,within_syn,1.7561827451816685
protein,within_syn,1.0123409684387854
protein,within_syn,1.783616549575383
protein,within_syn,1.8003340031796675
protein,within_syn,1.7822705454569696
protein,within_syn,1.262217460045599
protein,within_syn,1.8407848611780524
protein,within_syn,1.1684466270436056
protein,within_syn,1.7361500336821933
protein,within_syn,0.0
protein,within_syn,1.489933916885569
protein,within_syn,1.8003340031796675
protein,within_syn,1.7822705454569696
protein,within_syn,1.2219523630713702
protein,within_syn,1.1707548442775448
protein,within_syn,1.112563769759757
protein,within_syn,1.7884599388360742
protein,within_syn,1.7361500336821933
protein,within_syn,1.1684466270436056
protein,within_syn,1.7738070612896262
protein,within_syn,1.262217460045599
protein,within_syn,1.0123409684387854
protein,within_syn,1.5671172795777448
protein,within_syn,1.8407848611780524
protein,within_syn,1.2639456004141305
protein,within_syn,1.7561827451816685
protein,within_syn,1.783616549575383
protein,within_syn,1.5821646902132747
protein,within_syn,1.2639456004141305
protein,within_syn,1.5671172795777448
protein,within_syn,1.7561827451816685
protein,within_syn,1.817874266155778
protein,within_syn,1.0022878433331617
protein,within_syn,1.8022789733993498
protein,within_syn,1.0651434683135483
protein,within_syn,1.6010720262978808
protein,within_syn,1.0701676021242046
protein,within_syn,1.5383978246278645
protein,within_syn,1.7771629593171894
protein,within_syn,1.0651434683135483
protein,within_syn,1.0022878433331617
protein,within_syn,1.1684466270436056
protein,within_syn,1.8028212200131777
protein,within_syn,1.5383978246278645
protein,within_syn,1.116220556640469
protein,within_syn,1.1502128914412295
protein,within_syn,1.6010720262978808
protein,within_syn,1.518718142053367
protein,within_syn,1.7983239254004229
protein,within_syn,1.7771629593171894
protein,within_syn,1.0701676021242046
protein,within_syn,1.817874266155778
protein,within_syn,1.8387361666125799
protein,within_syn,1.8022789733993498
protein,within_syn,0.9195794291126237
protein,within_syn,1.9498195987659879
protein,within_syn,0.0
protein,within_syn,1.7480462345427104
protein,within_syn,1.1684466270436056
protein,within_syn,1.518718142053367
protein,within_syn,1.8387361666125799
protein,within_syn,1.8022789733993498
protein,within_syn,1.0651434683135483
protein,within_syn,1.0022878433331617
protein,within_syn,1.116220556640469
protein,within_syn,1.7983239254004229
protein,within_syn,1.7480462345427104
protein,within_syn,0.0
protein,within_syn,1.8028212200131777
protein,within_syn,0.9195794291126237
protein,within_syn,1.0701676021242046
protein,within_syn,1.5383978246278645
protein,within_syn,1.9498195987659879
protein,within_syn,1.1502128914412295
protein,within_syn,1.7771629593171894
protein,within_syn,1.817874266155778
protein,within_syn,1.6010720262978808
protein,within_syn,1.1502128914412295
protein,within_syn,1.5383978246278645
protein,within_syn,1.7771629593171894
protein,within_syn,1.605948640719554
protein,within_syn,1.3115032538852192
protein,within_syn,1.6284187025737253
protein,within_syn,1.194403451428475
protein,within_syn,1.7960774199951401
protein,within_syn,1.1741279387655452
protein,within_syn,1.266655520073813
protein,within_syn,1.6284187025737253
protein,within_syn,1.605948640719554
protein,within_syn,1.783616549575383
protein,within_syn,1.0691512529774314
protein,within_syn,1.1741279387655452
protein,within_syn,1.8623378307289067
protein,within_syn,1.7492924407143005
protein,within_syn,1.194403451428475
protein,within_syn,1.22123183930565
protein,within_syn,1.3202087549194619
protein,within_syn,1.266655520073813
protein,within_syn,1.7960774199951401
protein,within_syn,0.0
protein,within_syn,1.2098974217625724
protein,within_syn,1.3115032538852192
protein,within_syn,1.77366911904825
protein,within_syn,1.1003805088480814
protein,within_syn,1.817874266155778
protein,within_syn,1.1873750925500697
protein,within_syn,1.783616549575383
protein,within_syn,1.22123183930565
protein,within_syn,1.2098974217625724
protein,within_syn,1.3115032538852192
protein,within_syn,1.6284187025737253
protein,within_syn,1.605948640719554
protein,within_syn,1.8623378307289067
protein,within_syn,1.3202087549194619
protein,within_syn,1.1873750925500697
protein,within_syn,1.817874266155778
protein,within_syn,1.0691512529774314
protein,within_syn,1.77366911904825
protein,within_syn,1.7960774199951401
protein,within_syn,1.1741279387655452
protein,within_syn,1.1003805088480814
protein,within_syn,1.7492924407143005
protein,within_syn,1.266655520073813
protein,within_syn,0.0
protein,within_syn,1.194403451428475
protein,within_syn,1.7492924407143005
protein,within_syn,1.1741279387655452
protein,within_syn,1.266655520073813
protein,within_syn,1.6032975720715974
protein,within_syn,0.8620044106538713
protein,within_syn,1.3051324579969734
protein,within_syn,1.0539595269295206
protein,within_syn,1.2488413223490704
protein,within_syn,1.543062205486021
protein,within_syn,0.8620044106538713
protein,within_syn,0.0
protein,within_syn,1.1707548442775448
protein,within_syn,1.5901750109872221
protein,within_syn,1.2488413223490704
protein,within_syn,1.1815892942715829
protein,within_syn,1.1386137384996566
protein,within_syn,1.3051324579969734
protein,within_syn,1.2296005285711538
protein,within_syn,1.5950737939417456
protein,within_syn,1.543062205486021
protein,within_syn,1.0539595269295206
protein,within_syn,1.605948640719554
protein,within_syn,1.6154398549947466
protein,within_syn,1.6032975720715974
protein,within_syn,1.1411369034404035
protein,within_syn,1.6956701784152342
protein,within_syn,1.0022878433331617
protein,within_syn,1.5224788011699888
protein,within_syn,1.1707548442775448
protein,within_syn,1.2296005285711538
protein,within_syn,1.6154398549947466
protein,within_syn,1.6032975720715974
protein,within_syn,0.8620044106538713
protein,within_syn,0.0
protein,within_syn,1.1815892942715829
protein,within_syn,1.5950737939417456
protein,within_syn,1.5224788011699888
protein,within_syn,1.0022878433331617
protein,within_syn,1.5901750109872221
protein,within_syn,1.1411369034404035
protein,within_syn,1.0539595269295206
protein,within_syn,1.2488413223490704
protein,within_syn,1.6956701784152342
protein,within_syn,1.1386137384996566
protein,within_syn,1.543062205486021
protein,within_syn,1.605948640719554
protein,within_syn,1.3051324579969734
protein,within_syn,1.1386137384996566
protein,within_syn,1.2488413223490704
protein,within_syn,1.543062205486021
protein,within_syn,1.6283154016136574
protein,within_syn,1.26010299604392
protein,within_syn,1.791847638719341
protein,within_syn,1.0254132408347507
protein,within_syn,1.0673806524573681
protein,within_syn,1.6283154016136574
protein,within_syn,1.6032975720715974
protein,within_syn,1.7822705454569696
protein,within_syn,1.1443718608570437
protein,within_syn,1.0254132408347507
protein,within_syn,1.8523636239193648
protein,within_syn,1.7350103188542922
protein,within_syn,1.26010299604392
protein,within_syn,1.1769465142803017
protein,within_syn,1.1440456225910438
protein,within_syn,1.0673806524573681
protein,within_syn,1.791847638719341
protein,within_syn,1.3115032538852192
protein,within_syn,0.9850405291870482
protein,within_syn,0.0
protein,within_syn,1.7343075795206246
protein,within_syn,1.349736912351306
protein,within_syn,1.8022789733993498
protein,within_syn,1.0849993974329502
protein,within_syn,1.7822705454569696
protein,within_syn,1.1769465142803017
protein,within_syn,0.9850405291870482
protein,within_syn,0.0
protein,within_syn,1.6283154016136574
protein,within_syn,1.6032975720715974
protein,within_syn,1.8523636239193648
protein,within_syn,1.1440456225910438
protein,within_syn,1.0849993974329502
protein,within_syn,1.8022789733993498
protein,within_syn,1.1443718608570437
protein,within_syn,1.7343075795206246
protein,within_syn,1.791847638719341
protein,within_syn,1.0254132408347507
protein,within_syn,1.349736912351306
protein,within_syn,1.7350103188542922
protein,within_syn,1.0673806524573681
protein,within_syn,1.3115032538852192
protein,within_syn,1.26010299604392
protein,within_syn,1.7350103188542922
protein,within_syn,1.0254132408347507
protein,within_syn,1.0673806524573681
protein,within_syn,1.400873751285121
protein,within_syn,1.1890558961238389
protein,within_syn,1.307703958192547
protein,within_syn,1.5942955564984012
protein,within_syn,0.0
protein,within_syn,0.8620044106538713
protein,within_syn,1.2219523630713702
protein,within_syn,1.6163760319543374
protein,within_syn,1.307703958192547
protein,within_syn,1.27460704711981
protein,within_syn,1.2747291129619653
protein,within_syn,1.400873751285121
protein,within_syn,1.2504829907877444
protein,within_syn,1.6238727381806488
protein,within_syn,1.5942955564984012
protein,within_syn,1.1890558961238389
protein,within_syn,1.6284187025737253
protein,within_syn,1.6574489695034773
protein,within_syn,1.6283154016136574
protein,within_syn,1.0587590935539821
protein,within_syn,1.761065904610061
protein,within_syn,1.0651434683135483
protein,within_syn,1.570216428127116
protein,within_syn,1.2219523630713702
protein,within_syn,1.2504829907877444
protein,within_syn,1.6574489695034773
protein,within_syn,1.6283154016136574
protein,within_syn,0.0
protein,within_syn,0.8620044106538713
protein,within_syn,1.27460704711981
protein,within_syn,1.6238727381806488
protein,within_syn,1.570216428127116
protein,within_syn,1.0651434683135483
protein,within_syn,1.6163760319543374
protein,within_syn,1.0587590935539821
protein,within_syn,1.1890558961238389
protein,within_syn,1.307703958192547
protein,within_syn,1.761065904610061
protein,within_syn,1.2747291129619653
protein,within_syn,1.5942955564984012
protein,within_syn,1.6284187025737253
protein,within_syn,1.400873751285121
protein,within_syn,1.2747291129619653
protein,within_syn,1.307703958192547
protein,within_syn,1.5942955564984012
protein,within_syn,1.5866020473999085
protein,within_syn,0.8963217521865606
protein,within_syn,1.1486517899887465
protein,within_syn,1.400873751285121
protein,within_syn,1.3051324579969734
protein,within_syn,1.5821646902132747
protein,within_syn,1.1983578193687876
protein,within_syn,0.8963217521865606
protein,within_syn,1.711703642042651
protein,within_syn,1.5988699310832792
protein,within_syn,0.0
protein,within_syn,1.0045511872063424
protein,within_syn,1.2675265232657398
protein,within_syn,1.1486517899887465
protein,within_syn,1.5866020473999085
protein,within_syn,1.194403451428475
protein,within_syn,1.2169885113463472
protein,within_syn,1.26010299604392
protein,within_syn,1.650949331767747
protein,within_syn,1.3563469148241651
protein,within_syn,1.6010720262978808
protein,within_syn,1.1421320516473055
protein,within_syn,1.5821646902132747
protein,within_syn,1.0045511872063424
protein,within_syn,1.2169885113463472
protein,within_syn,1.26010299604392
protein,within_syn,1.400873751285121
protein,within_syn,1.3051324579969734
protein,within_syn,1.711703642042651
protein,within_syn,1.2675265232657398
protein,within_syn,1.1421320516473055
protein,within_syn,1.6010720262978808
protein,within_syn,1.1983578193687876
protein,within_syn,1.650949331767747
protein,within_syn,1.5866020473999085
protein,within_syn,0.8963217521865606
protein,within_syn,1.3563469148241651
protein,within_syn,1.5988699310832792
protein,within_syn,1.1486517899887465
protein,within_syn,1.194403451428475
protein,within_syn,0.0
protein,within_syn,1.5988699310832792
protein,within_syn,0.8963217521865606
protein,within_syn,1.1486517899887465
protein,within_syn,1.5702812766413117
protein,within_syn,1.7622633212139809
protein,within_syn,1.1890558961238389
protein,within_syn,1.0539595269295206
protein,within_syn,1.0123409684387854
protein,within_syn,1.7894298751901003
protein,within_syn,1.5702812766413117
protein,within_syn,0.9266429878486697
protein,within_syn,1.1757188369885088
protein,within_syn,1.5866020473999085
protein,within_syn,1.564905903905174
protein,within_syn,1.7889255863483404
protein,within_syn,1.7622633212139809
protein,within_syn,0.0
protein,within_syn,1.7960774199951401
protein,within_syn,1.816807182890721
protein,within_syn,1.791847638719341
protein,within_syn,1.1585337069049872
protein,within_syn,1.8814690055180212
protein,within_syn,1.0701676021242046
protein,within_syn,1.7374745577023005
protein,within_syn,1.0123409684387854
protein,within_syn,1.564905903905174
protein,within_syn,1.816807182890721
protein,within_syn,1.791847638719341
protein,within_syn,1.1890558961238389
protein,within_syn,1.0539595269295206
protein,within_syn,0.9266429878486697
protein,within_syn,1.7889255863483404
protein,within_syn,1.7374745577023005
protein,within_syn,1.0701676021242046
protein,within_syn,1.7894298751901003
protein,within_syn,1.1585337069049872
protein,within_syn,0.0
protein,within_syn,1.5702812766413117
protein,within_syn,1.8814690055180212
protein,within_syn,1.1757188369885088
protein,within_syn,1.7622633212139809
protein,within_syn,1.7960774199951401
protein,within_syn,1.5866020473999085
protein,within_syn,1.1757188369885088
protein,within_syn,1.5702812766413117
protein,within_syn,1.7622633212139809
protein,within_syn,0.7923007782126004
protein,within_syn,1.307703958192547
protein,within_syn,1.2488413223490704
protein,within_syn,1.5671172795777448
protein,within_syn,0.8837594854745068
protein,within_syn,0.0
protein,within_syn,1.6433592962873695
protein,within_syn,1.480636447677785
protein,within_syn,0.8963217521865606
protein,within_syn,0.8545354250122494
protein,within_syn,0.9481803676803241
protein,within_syn,0.7923007782126004
protein,within_syn,1.5702812766413117
protein,within_syn,1.1741279387655452
protein,within_syn,0.8753958138349963
protein,within_syn,1.0254132408347507
protein,within_syn,1.5311329687431892
protein,within_syn,1.395110658837284
protein,within_syn,1.5383978246278645
protein,within_syn,0.7584041950495742
protein,within_syn,1.5671172795777448
protein,within_syn,0.8545354250122494
protein,within_syn,0.8753958138349963
protein,within_syn,1.0254132408347507
protein,within_syn,1.307703958192547
protein,within_syn,1.2488413223490704
protein,within_syn,1.6433592962873695
protein,within_syn,0.9481803676803241
protein,within_syn,0.7584041950495742
protein,within_syn,1.5383978246278645
protein,within_syn,0.8837594854745068
protein,within_syn,1.5311329687431892
protein,within_syn,1.5702812766413117
protein,within_syn,0.0
protein,within_syn,1.395110658837284
protein,within_syn,1.480636447677785
protein,within_syn,0.7923007782126004
protein,within_syn,1.1741279387655452
protein,within_syn,0.8963217521865606
protein,within_syn,1.480636447677785
protein,within_syn,0.0
protein,within_syn,0.7923007782126004
protein,within_syn,1.5942955564984012
protein,within_syn,1.543062205486021
protein,within_syn,1.7561827451816685
protein,within_syn,0.4565005006449822
protein,within_syn,0.7923007782126004
protein,within_syn,1.8231620135693083
protein,within_syn,1.68701480604252
protein,within_syn,1.1486517899887465
protein,within_syn,1.130393748587948
protein,within_syn,0.451056784563214
protein,within_syn,0.0
protein,within_syn,1.7622633212139809
protein,within_syn,1.266655520073813
protein,within_syn,0.6244640410034783
protein,within_syn,1.0673806524573681
protein,within_syn,1.709733473636483
protein,within_syn,1.3968008447378535
protein,within_syn,1.7771629593171894
protein,within_syn,0.38352920063019197
protein,within_syn,1.7561827451816685
protein,within_syn,1.130393748587948
protein,within_syn,0.6244640410034783
protein,within_syn,1.0673806524573681
protein,within_syn,1.5942955564984012
protein,within_syn,1.543062205486021
protein,within_syn,1.8231620135693083
protein,within_syn,0.451056784563214
protein,within_syn,0.38352920063019197
protein,within_syn,1.7771629593171894
protein,within_syn,0.4565005006449822
protein,within_syn,1.709733473636483
protein,within_syn,1.7622633212139809
protein,within_syn,0.7923007782126004
protein,within_syn,1.3968008447378535
protein,within_syn,1.68701480604252
protein,within_syn,0.0
protein,within_syn,1.266655520073813
protein,within_syn,1.1486517899887465
protein,within_syn,1.68701480604252
protein,within_syn,0.7923007782126004
protein,within_syn,0.0
protein,within_syn,0.8620044106538713
protein,within_syn,1.2219523630713702
protein,within_syn,1.6163760319543374
protein,within_syn,1.307703958192547
protein,within_syn,1.27460704711981
protein,within_syn,1.2747291129619653
protein,within_syn,1.400873751285121
protein,within_syn,1.2504829907877444
protein,within_syn,1.6238727381806488
protein,within_syn,1.5942955564984012
protein,within_syn,1.1890558961238389
protein,within_syn,1.6284187025737253
protein,within_syn,1.6574489695034773
protein,within_syn,1.6283154016136574
protein,within_syn,1.0587590935539821
protein,within_syn,1.761065904610061
protein,within_syn,1.0651434683135483
protein,within_syn,1.570216428127116
protein,within_syn,1.2219523630713702
protein,within_syn,1.2504829907877444
protein,within_syn,1.6574489695034773
protein,within_syn,1.6283154016136574
protein,within_syn,0.0
protein,within_syn,0.8620044106538713
protein,within_syn,1.27460704711981
protein,within_syn,1.6238727381806488
protein,within_syn,1.570216428127116
protein,within_syn,1.0651434683135483
protein,within_syn,1.6163760319543374
protein,within_syn,1.0587590935539821
protein,within_syn,1.1890558961238389
protein,within_syn,1.307703958192547
protein,within_syn,1.761065904610061
protein,within_syn,1.2747291129619653
protein,within_syn,1.5942955564984012
protein,within_syn,1.6284187025737253
protein,within_syn,1.400873751285121
protein,within_syn,1.2747291129619653
protein,within_syn,1.307703958192547
protein,within_syn,1.5942955564984012
protein,within_syn,1.1707548442775448
protein,within_syn,1.5901750109872221
protein,within_syn,1.2488413223490704
protein,within_syn,1.1815892942715829
protein,within_syn,1.1386137384996566
protein,within_syn,1.3051324579969734
protein,within_syn,1.2296005285711538
protein,within_syn,1.5950737939417456
protein,within_syn,1.543062205486021
protein,within_syn,1.0539595269295206
protein,within_syn,1.605948640719554
protein,within_syn,1.6154398549947466
protein,within_syn,1.6032975720715974
protein,within_syn,1.1411369034404035
protein,within_syn,1.6956701784152342
protein,within_syn,1.0022878433331617
protein,within_syn,1.5224788011699888
protein,within_syn,1.1707548442775448
protein,within_syn,1.2296005285711538
protein,within_syn,1.6154398549947466
protein,within_syn,1.6032975720715974
protein,within_syn,0.8620044106538713
protein,within_syn,0.0
protein,within_syn,1.1815892942715829
protein,within_syn,1.5950737939417456
protein,within_syn,1.5224788011699888
protein,within_syn,1.0022878433331617
protein,within_syn,1.5901750109872221
protein,within_syn,1.1411369034404035
protein,within_syn,1.0539595269295206
protein,within_syn,1.2488413223490704
protein,within_syn,1.6956701784152342
protein,within_syn,1.1386137384996566
protein,within_syn,1.543062205486021
protein,within_syn,1.605948640719554
protein,within_syn,1.3051324579969734
protein,within_syn,1.1386137384996566
protein,within_syn,1.2488413223490704
protein,within_syn,1.543062205486021
protein,within_syn,1.7738070612896262
protein,within_syn,1.5671172795777448
protein,within_syn,1.112563769759757
protein,within_syn,1.2639456004141305
protein,within_syn,1.5821646902132747
protein,within_syn,1.489933916885569
protein,within_syn,1.7884599388360742
protein,within_syn,1.7561827451816685
protein,within_syn,1.0123409684387854
protein,within_syn,1.783616549575383
protein,within_syn,1.8003340031796675
protein,within_syn,1.7822705454569696
protein,within_syn,1.262217460045599
protein,within_syn,1.8407848611780524
protein,within_syn,1.1684466270436056
protein,within_syn,1.7361500336821933
protein,within_syn,0.0
protein,within_syn,1.489933916885569
protein,within_syn,1.8003340031796675
protein,within_syn,1.7822705454569696
protein,within_syn,1.2219523630713702
protein,within_syn,1.1707548442775448
protein,within_syn,1.112563769759757
protein,within_syn,1.7884599388360742
protein,within_syn,1.7361500336821933
protein,within_syn,1.1684466270436056
protein,within_syn,1.7738070612896262
protein,within_syn,1.262217460045599
protein,within_syn,1.0123409684387854
protein,within_syn,1.5671172795777448
protein,within_syn,1.8407848611780524
protein,within_syn,1.2639456004141305
protein,within_syn,1.7561827451816685
protein,within_syn,1.783616549575383
protein,within_syn,1.5821646902132747
protein,within_syn,1.2639456004141305
protein,within_syn,1.5671172795777448
protein,within_syn,1.7561827451816685
protein,within_syn,0.8837594854745068
protein,within_syn,1.8341992917249754
protein,within_syn,1.7079557387019821
protein,within_syn,1.1983578193687876
protein,within_syn,1.1554301497401243
protein,within_syn,0.6110421754596066
protein,within_syn,0.4565005006449822
protein,within_syn,1.7894298751901003
protein,within_syn,1.0691512529774314
protein,within_syn,0.5971082124431566
protein,within_syn,1.1443718608570437
protein,within_syn,1.7150847494326569
protein,within_syn,1.3286923368171673
protein,within_syn,1.8028212200131777
protein,within_syn,0.4440950356058336
protein,within_syn,1.7738070612896262
protein,within_syn,1.1554301497401243
protein,within_syn,0.5971082124431566
protein,within_syn,1.1443718608570437
protein,within_syn,1.6163760319543374
protein,within_syn,1.5901750109872221
protein,within_syn,1.8341992917249754
protein,within_syn,0.6110421754596066
protein,within_syn,0.4440950356058336
protein,within_syn,1.8028212200131777
protein,within_syn,0.0
protein,within_syn,1.7150847494326569
protein,within_syn,1.7894298751901003
protein,within_syn,0.8837594854745068
protein,within_syn,1.3286923368171673
protein,within_syn,1.7079557387019821
protein,within_syn,0.4565005006449822
protein,within_syn,1.0691512529774314
protein,within_syn,1.1983578193687876
protein,within_syn,1.7079557387019821
protein,within_syn,0.8837594854745068
protein,within_syn,0.4565005006449822
protein,within_syn,1.6433592962873695
protein,within_syn,1.480636447677785
protein,within_syn,0.8963217521865606
protein,within_syn,0.8545354250122494
protein,within_syn,0.9481803676803241
protein,within_syn,0.7923007782126004
protein,within_syn,1.5702812766413117
protein,within_syn,1.1741279387655452
protein,within_syn,0.8753958138349963
protein,within_syn,1.0254132408347507
protein,within_syn,1.5311329687431892
protein,within_syn,1.395110658837284
protein,within_syn,1.5383978246278645
protein,within_syn,0.7584041950495742
protein,within_syn,1.5671172795777448
protein,within_syn,0.8545354250122494
protein,within_syn,0.8753958138349963
protein,within_syn,1.0254132408347507
protein,within_syn,1.307703958192547
protein,within_syn,1.2488413223490704
protein,within_syn,1.6433592962873695
protein,within_syn,0.9481803676803241
protein,within_syn,0.7584041950495742
protein,within_syn,1.5383978246278645
protein,within_syn,0.8837594854745068
protein,within_syn,1.5311329687431892
protein,within_syn,1.5702812766413117
protein,within_syn,0.0
protein,within_syn,1.395110658837284
protein,within_syn,1.480636447677785
protein,within_syn,0.7923007782126004
protein,within_syn,1.1741279387655452
protein,within_syn,0.8963217521865606
protein,within_syn,1.480636447677785
protein,within_syn,0.0
protein,within_syn,0.7923007782126004
protein,within_syn,1.2160748426957002
protein,within_syn,1.711703642042651
protein,within_syn,1.6289050919856654
protein,within_syn,1.8337906340797592
protein,within_syn,1.8231620135693083
protein,within_syn,0.9266429878486697
protein,within_syn,1.8623378307289067
protein,within_syn,1.885313769027583
protein,within_syn,1.8523636239193648
protein,within_syn,1.1795066843429147
protein,within_syn,1.9962863574483771
protein,within_syn,1.116220556640469
protein,within_syn,1.806292822990131
protein,within_syn,1.112563769759757
protein,within_syn,1.6289050919856654
protein,within_syn,1.885313769027583
protein,within_syn,1.8523636239193648
protein,within_syn,1.27460704711981
protein,within_syn,1.1815892942715829
protein,within_syn,0.0
protein,within_syn,1.8337906340797592
protein,within_syn,1.806292822990131
protein,within_syn,1.116220556640469
protein,within_syn,1.8341992917249754
protein,within_syn,1.1795066843429147
protein,within_syn,0.9266429878486697
protein,within_syn,1.6433592962873695
protein,within_syn,1.9962863574483771
protein,within_syn,1.2160748426957002
protein,within_syn,1.8231620135693083
protein,within_syn,1.8623378307289067
protein,within_syn,1.711703642042651
protein,within_syn,1.2160748426957002
protein,within_syn,1.6433592962873695
protein,within_syn,1.8231620135693083
protein,within_syn,1.5988699310832792
protein,within_syn,1.5178024857538202
protein,within_syn,1.7014522279960067
protein,within_syn,1.68701480604252
protein,within_syn,1.1757188369885088
protein,within_syn,1.7492924407143005
protein,within_syn,1.7739090425160955
protein,within_syn,1.7350103188542922
protein,within_syn,1.289551669611746
protein,within_syn,1.9409106342359104
protein,within_syn,1.1502128914412295
protein,within_syn,1.66353805581353
protein,within_syn,1.2639456004141305
protein,within_syn,1.5178024857538202
protein,within_syn,1.7739090425160955
protein,within_syn,1.7350103188542922
protein,within_syn,1.2747291129619653
protein,within_syn,1.1386137384996566
protein,within_syn,1.2160748426957002
protein,within_syn,1.7014522279960067
protein,within_syn,1.66353805581353
protein,within_syn,1.1502128914412295
protein,within_syn,1.7079557387019821
protein,within_syn,1.289551669611746
protein,within_syn,1.1757188369885088
protein,within_syn,1.480636447677785
protein,within_syn,1.9409106342359104
protein,within_syn,0.0
protein,within_syn,1.68701480604252
protein,within_syn,1.7492924407143005
protein,within_syn,1.5988699310832792
protein,within_syn,0.0
protein,within_syn,1.480636447677785
protein,within_syn,1.68701480604252
protein,within_syn,1.0045511872063424
protein,within_syn,1.2675265232657398
protein,within_syn,1.1486517899887465
protein,within_syn,1.5866020473999085
protein,within_syn,1.194403451428475
protein,within_syn,1.2169885113463472
protein,within_syn,1.26010299604392
protein,within_syn,1.650949331767747
protein,within_syn,1.3563469148241651
protein,within_syn,1.6010720262978808
protein,within_syn,1.1421320516473055
protein,within_syn,1.5821646902132747
protein,within_syn,1.0045511872063424
protein,within_syn,1.2169885113463472
protein,within_syn,1.26010299604392
protein,within_syn,1.400873751285121
protein,within_syn,1.3051324579969734
protein,within_syn,1.711703642042651
protein,within_syn,1.2675265232657398
protein,within_syn,1.1421320516473055
protein,within_syn,1.6010720262978808
protein,within_syn,1.1983578193687876
protein,within_syn,1.650949331767747
protein,within_syn,1.5866020473999085
protein,within_syn,0.8963217521865606
protein,within_syn,1.3563469148241651
protein,within_syn,1.5988699310832792
protein,within_syn,1.1486517899887465
protein,within_syn,1.194403451428475
protein,within_syn,0.0
protein,within_syn,1.5988699310832792
protein,within_syn,0.8963217521865606
protein,within_syn,1.1486517899887465
protein,within_syn,1.2302660821486011
protein,within_syn,1.130393748587948
protein,within_syn,1.564905903905174
protein,within_syn,1.22123183930565
protein,within_syn,1.2356575772075382
protein,within_syn,1.1769465142803017
protein,within_syn,1.5336202852644554
protein,within_syn,1.5128615559617882
protein,within_syn,1.518718142053367
protein,within_syn,1.0883645438315843
protein,within_syn,1.489933916885569
protein,within_syn,0.0
protein,within_syn,1.2356575772075382
protein,within_syn,1.1769465142803017
protein,within_syn,1.2504829907877444
protein,within_syn,1.2296005285711538
protein,within_syn,1.6289050919856654
protein,within_syn,1.2302660821486011
protein,within_syn,1.0883645438315843
protein,within_syn,1.518718142053367
protein,within_syn,1.1554301497401243
protein,within_syn,1.5336202852644554
protein,within_syn,1.564905903905174
protein,within_syn,0.8545354250122494
protein,within_syn,1.5128615559617882
protein,within_syn,1.5178024857538202
protein,within_syn,1.130393748587948
protein,within_syn,1.22123183930565
protein,within_syn,1.0045511872063424
protein,within_syn,1.5178024857538202
protein,within_syn,0.8545354250122494
protein,within_syn,1.130393748587948
protein,within_syn,0.451056784563214
protein,within_syn,1.7889255863483404
protein,within_syn,1.3202087549194619
protein,within_syn,0.7021059090676132
protein,within_syn,1.1440456225910438
protein,within_syn,1.697090537265766
protein,within_syn,1.4513752779042406
protein,within_syn,1.7983239254004229
protein,within_syn,0.4939949120879065
protein,within_syn,1.7884599388360742
protein,within_syn,1.2302660821486011
protein,within_syn,0.7021059090676132
protein,within_syn,1.1440456225910438
protein,within_syn,1.6238727381806488
protein,within_syn,1.5950737939417456
protein,within_syn,1.8337906340797592
protein,within_syn,0.0
protein,within_syn,0.4939949120879065
protein,within_syn,1.7983239254004229
protein,within_syn,0.6110421754596066
protein,within_syn,1.697090537265766
protein,within_syn,1.7889255863483404
protein,within_syn,0.9481803676803241
protein,within_syn,1.4513752779042406
protein,within_syn,1.7014522279960067
protein,within_syn,0.451056784563214
protein,within_syn,1.3202087549194619
protein,within_syn,1.2675265232657398
protein,within_syn,1.7014522279960067
protein,within_syn,0.9481803676803241
protein,within_syn,0.451056784563214
protein,within_syn,1.7622633212139809
protein,within_syn,1.266655520073813
protein,within_syn,0.6244640410034783
protein,within_syn,1.0673806524573681
protein,within_syn,1.709733473636483
protein,within_syn,1.3968008447378535
protein,within_syn,1.7771629593171894
protein,within_syn,0.38352920063019197
protein,within_syn,1.7561827451816685
protein,within_syn,1.130393748587948
protein,within_syn,0.6244640410034783
protein,within_syn,1.0673806524573681
protein,within_syn,1.5942955564984012
protein,within_syn,1.543062205486021
protein,within_syn,1.8231620135693083
protein,within_syn,0.451056784563214
protein,within_syn,0.38352920063019197
protein,within_syn,1.7771629593171894
protein,within_syn,0.4565005006449822
protein,within_syn,1.709733473636483
protein,within_syn,1.7622633212139809
protein,within_syn,0.7923007782126004
protein,within_syn,1.3968008447378535
protein,within_syn,1.68701480604252
protein,within_syn,0.0
protein,within_syn,1.266655520073813
protein,within_syn,1.1486517899887465
protein,within_syn,1.68701480604252
protein,within_syn,0.7923007782126004
protein,within_syn,0.0
protein,within_syn,1.7960774199951401
protein,within_syn,1.816807182890721
protein,within_syn,1.791847638719341
protein,within_syn,1.1585337069049872
protein,within_syn,1.8814690055180212
protein,within_syn,1.0701676021242046
protein,within_syn,1.7374745577023005
protein,within_syn,1.0123409684387854
protein,within_syn,1.564905903905174
protein,within_syn,1.816807182890721
protein,within_syn,1.791847638719341
protein,within_syn,1.1890558961238389
protein,within_syn,1.0539595269295206
protein,within_syn,0.9266429878486697
protein,within_syn,1.7889255863483404
protein,within_syn,1.7374745577023005
protein,within_syn,1.0701676021242046
protein,within_syn,1.7894298751901003
protein,within_syn,1.1585337069049872
protein,within_syn,0.0
protein,within_syn,1.5702812766413117
protein,within_syn,1.8814690055180212
protein,within_syn,1.1757188369885088
protein,within_syn,1.7622633212139809
protein,within_syn,1.7960774199951401
protein,within_syn,1.5866020473999085
protein,within_syn,1.1757188369885088
protein,within_syn,1.5702812766413117
protein,within_syn,1.7622633212139809
protein,within_syn,1.2098974217625724
protein,within_syn,1.3115032538852192
protein,within_syn,1.77366911904825
protein,within_syn,1.1003805088480814
protein,within_syn,1.817874266155778
protein,within_syn,1.1873750925500697
protein,within_syn,1.783616549575383
protein,within_syn,1.22123183930565
protein,within_syn,1.2098974217625724
protein,within_syn,1.3115032538852192
protein,within_syn,1.6284187025737253
protein,within_syn,1.605948640719554
protein,within_syn,1.8623378307289067
protein,within_syn,1.3202087549194619
protein,within_syn,1.1873750925500697
protein,within_syn,1.817874266155778
protein,within_syn,1.0691512529774314
protein,within_syn,1.77366911904825
protein,within_syn,1.7960774199951401
protein,within_syn,1.1741279387655452
protein,within_syn,1.1003805088480814
protein,within_syn,1.7492924407143005
protein,within_syn,1.266655520073813
protein,within_syn,0.0
protein,within_syn,1.194403451428475
protein,within_syn,1.7492924407143005
protein,within_syn,1.1741279387655452
protein,within_syn,1.266655520073813
protein,within_syn,0.9850405291870482
protein,within_syn,1.7931234557711129
protein,within_syn,1.2214215825160188
protein,within_syn,1.8387361666125799
protein,within_syn,0.6220414157338853
protein,within_syn,1.8003340031796675
protein,within_syn,1.2356575772075382
protein,within_syn,0.0
protein,within_syn,0.9850405291870482
protein,within_syn,1.6574489695034773
protein,within_syn,1.6154398549947466
protein,within_syn,1.885313769027583
protein,within_syn,0.7021059090676132
protein,within_syn,0.6220414157338853
protein,within_syn,1.8387361666125799
protein,within_syn,0.5971082124431566
protein,within_syn,1.7931234557711129
protein,within_syn,1.816807182890721
protein,within_syn,0.8753958138349963
protein,within_syn,1.2214215825160188
protein,within_syn,1.7739090425160955
protein,within_syn,0.6244640410034783
protein,within_syn,1.2098974217625724
protein,within_syn,1.2169885113463472
protein,within_syn,1.7739090425160955
protein,within_syn,0.8753958138349963
protein,within_syn,0.6244640410034783
protein,within_syn,1.7343075795206246
protein,within_syn,1.349736912351306
protein,within_syn,1.8022789733993498
protein,within_syn,1.0849993974329502
protein,within_syn,1.7822705454569696
protein,within_syn,1.1769465142803017
protein,within_syn,0.9850405291870482
protein,within_syn,0.0
protein,within_syn,1.6283154016136574
protein,within_syn,1.6032975720715974
protein,within_syn,1.8523636239193648
protein,within_syn,1.1440456225910438
protein,within_syn,1.0849993974329502
protein,within_syn,1.8022789733993498
protein,within_syn,1.1443718608570437
protein,within_syn,1.7343075795206246
protein,within_syn,1.791847638719341
protein,within_syn,1.0254132408347507
protein,within_syn,1.349736912351306
protein,within_syn,1.7350103188542922
protein,within_syn,1.0673806524573681
protein,within_syn,1.3115032538852192
protein,within_syn,1.26010299604392
protein,within_syn,1.7350103188542922
protein,within_syn,1.0254132408347507
protein,within_syn,1.0673806524573681
protein,within_syn,1.9920237714645022
protein,within_syn,0.9195794291126237
protein,within_syn,1.689757800567123
protein,within_syn,1.262217460045599
protein,within_syn,1.5336202852644554
protein,within_syn,1.7931234557711129
protein,within_syn,1.7343075795206246
protein,within_syn,1.0587590935539821
protein,within_syn,1.1411369034404035
protein,within_syn,1.1795066843429147
protein,within_syn,1.697090537265766
protein,within_syn,1.689757800567123
protein,within_syn,0.9195794291126237
protein,within_syn,1.7150847494326569
protein,within_syn,0.0
protein,within_syn,1.1585337069049872
protein,within_syn,1.5311329687431892
protein,within_syn,1.9920237714645022
protein,within_syn,1.289551669611746
protein,within_syn,1.709733473636483
protein,within_syn,1.77366911904825
protein,within_syn,1.650949331767747
protein,within_syn,1.289551669611746
protein,within_syn,1.5311329687431892
protein,within_syn,1.709733473636483
protein,within_syn,1.9498195987659879
protein,within_syn,1.3483966769327413
protein,within_syn,1.8407848611780524
protein,within_syn,1.5128615559617882
protein,within_syn,1.2214215825160188
protein,within_syn,1.349736912351306
protein,within_syn,1.761065904610061
protein,within_syn,1.6956701784152342
protein,within_syn,1.9962863574483771
protein,within_syn,1.4513752779042406
protein,within_syn,1.3483966769327413
protein,within_syn,1.9498195987659879
protein,within_syn,1.3286923368171673
protein,within_syn,1.9920237714645022
protein,within_syn,1.8814690055180212
protein,within_syn,1.395110658837284
protein,within_syn,0.0
protein,within_syn,1.9409106342359104
protein,within_syn,1.3968008447378535
protein,within_syn,1.1003805088480814
protein,within_syn,1.3563469148241651
protein,within_syn,1.9409106342359104
protein,within_syn,1.395110658837284
protein,within_syn,1.3968008447378535
protein,within_syn,1.7480462345427104
protein,within_syn,1.1684466270436056
protein,within_syn,1.518718142053367
protein,within_syn,1.8387361666125799
protein,within_syn,1.8022789733993498
protein,within_syn,1.0651434683135483
protein,within_syn,1.0022878433331617
protein,within_syn,1.116220556640469
protein,within_syn,1.7983239254004229
protein,within_syn,1.7480462345427104
protein,within_syn,0.0
protein,within_syn,1.8028212200131777
protein,within_syn,0.9195794291126237
protein,within_syn,1.0701676021242046
protein,within_syn,1.5383978246278645
protein,within_syn,1.9498195987659879
protein,within_syn,1.1502128914412295
protein,within_syn,1.7771629593171894
protein,within_syn,1.817874266155778
protein,within_syn,1.6010720262978808
protein,within_syn,1.1502128914412295
protein,within_syn,1.5383978246278645
protein,within_syn,1.7771629593171894
protein,within_syn,1.7361500336821933
protein,within_syn,1.0883645438315843
protein,within_syn,0.6220414157338853
protein,within_syn,1.0849993974329502
protein,within_syn,1.570216428127116
protein,within_syn,1.5224788011699888
protein,within_syn,1.806292822990131
protein,within_syn,0.4939949120879065
protein,within_syn,0.0
protein,within_syn,1.7480462345427104
protein,within_syn,0.4440950356058336
protein,within_syn,1.689757800567123
protein,within_syn,1.7374745577023005
protein,within_syn,0.7584041950495742
protein,within_syn,1.3483966769327413
protein,within_syn,1.66353805581353
protein,within_syn,0.38352920063019197
protein,within_syn,1.1873750925500697
protein,within_syn,1.1421320516473055
protein,within_syn,1.66353805581353
protein,within_syn,0.7584041950495742
protein,within_syn,0.38352920063019197
protein,within_syn,1.489933916885569
protein,within_syn,1.8003340031796675
protein,within_syn,1.7822705454569696
protein,within_syn,1.2219523630713702
protein,within_syn,1.1707548442775448
protein,within_syn,1.112563769759757
protein,within_syn,1.7884599388360742
protein,within_syn,1.7361500336821933
protein,within_syn,1.1684466270436056
protein,within_syn,1.7738070612896262
protein,within_syn,1.262217460045599
protein,within_syn,1.0123409684387854
protein,within_syn,1.5671172795777448
protein,within_syn,1.8407848611780524
protein,within_syn,1.2639456004141305
protein,within_syn,1.7561827451816685
protein,within_syn,1.783616549575383
protein,within_syn,1.5821646902132747
protein,within_syn,1.2639456004141305
protein,within_syn,1.5671172795777448
protein,within_syn,1.7561827451816685
protein,within_syn,1.2356575772075382
protein,within_syn,1.1769465142803017
protein,within_syn,1.2504829907877444
protein,within_syn,1.2296005285711538
protein,within_syn,1.6289050919856654
protein,within_syn,1.2302660821486011
protein,within_syn,1.0883645438315843
protein,within_syn,1.518718142053367
protein,within_syn,1.1554301497401243
protein,within_syn,1.5336202852644554
protein,within_syn,1.564905903905174
protein,within_syn,0.8545354250122494
protein,within_syn,1.5128615559617882
protein,within_syn,1.5178024857538202
protein,within_syn,1.130393748587948
protein,within_syn,1.22123183930565
protein,within_syn,1.0045511872063424
protein,within_syn,1.5178024857538202
protein,within_syn,0.8545354250122494
protein,within_syn,1.130393748587948
protein,within_syn,0.9850405291870482
protein,within_syn,1.6574489695034773
protein,within_syn,1.6154398549947466
protein,within_syn,1.885313769027583
protein,within_syn,0.7021059090676132
protein,within_syn,0.6220414157338853
protein,within_syn,1.8387361666125799
protein,within_syn,0.5971082124431566
protein,within_syn,1.7931234557711129
protein,within_syn,1.816807182890721
protein,within_syn,0.8753958138349963
protein,within_syn,1.2214215825160188
protein,within_syn,1.7739090425160955
protein,within_syn,0.6244640410034783
protein,within_syn,1.2098974217625724
protein,within_syn,1.2169885113463472
protein,within_syn,1.7739090425160955
protein,within_syn,0.8753958138349963
protein,within_syn,0.6244640410034783
protein,within_syn,1.6283154016136574
protein,within_syn,1.6032975720715974
protein,within_syn,1.8523636239193648
protein,within_syn,1.1440456225910438
protein,within_syn,1.0849993974329502
protein,within_syn,1.8022789733993498
protein,within_syn,1.1443718608570437
protein,within_syn,1.7343075795206246
protein,within_syn,1.791847638719341
protein,within_syn,1.0254132408347507
protein,within_syn,1.349736912351306
protein,within_syn,1.7350103188542922
protein,within_syn,1.0673806524573681
protein,within_syn,1.3115032538852192
protein,within_syn,1.26010299604392
protein,within_syn,1.7350103188542922
protein,within_syn,1.0254132408347507
protein,within_syn,1.0673806524573681
protein,within_syn,0.8620044106538713
protein,within_syn,1.27460704711981
protein,within_syn,1.6238727381806488
protein,within_syn,1.570216428127116
protein,within_syn,1.0651434683135483
protein,within_syn,1.6163760319543374
protein,within_syn,1.0587590935539821
protein,within_syn,1.1890558961238389
protein,within_syn,1.307703958192547
protein,within_syn,1.761065904610061
protein,within_syn,1.2747291129619653
protein,within_syn,1.5942955564984012
protein,within_syn,1.6284187025737253
protein,within_syn,1.400873751285121
protein,within_syn,1.2747291129619653
protein,within_syn,1.307703958192547
protein,within_syn,1.5942955564984012
protein,within_syn,1.1815892942715829
protein,within_syn,1.5950737939417456
protein,within_syn,1.5224788011699888
protein,within_syn,1.0022878433331617
protein,within_syn,1.5901750109872221
protein,within_syn,1.1411369034404035
protein,within_syn,1.0539595269295206
protein,within_syn,1.2488413223490704
protein,within_syn,1.6956701784152342
protein,within_syn,1.1386137384996566
protein,within_syn,1.543062205486021
protein,within_syn,1.605948640719554
protein,within_syn,1.3051324579969734
protein,within_syn,1.1386137384996566
protein,within_syn,1.2488413223490704
protein,within_syn,1.543062205486021
protein,within_syn,1.8337906340797592
protein,within_syn,1.806292822990131
protein,within_syn,1.116220556640469
protein,within_syn,1.8341992917249754
protein,within_syn,1.1795066843429147
protein,within_syn,0.9266429878486697
protein,within_syn,1.6433592962873695
protein,within_syn,1.9962863574483771
protein,within_syn,1.2160748426957002
protein,within_syn,1.8231620135693083
protein,within_syn,1.8623378307289067
protein,within_syn,1.711703642042651
protein,within_syn,1.2160748426957002
protein,within_syn,1.6433592962873695
protein,within_syn,1.8231620135693083
protein,within_syn,0.4939949120879065
protein,within_syn,1.7983239254004229
protein,within_syn,0.6110421754596066
protein,within_syn,1.697090537265766
protein,within_syn,1.7889255863483404
protein,within_syn,0.9481803676803241
protein,within_syn,1.4513752779042406
protein,within_syn,1.7014522279960067
protein,within_syn,0.451056784563214
protein,within_syn,1.3202087549194619
protein,within_syn,1.2675265232657398
protein,within_syn,1.7014522279960067
protein,within_syn,0.9481803676803241
protein,within_syn,0.451056784563214
protein,within_syn,1.7480462345427104
protein,within_syn,0.4440950356058336
protein,within_syn,1.689757800567123
protein,within_syn,1.7374745577023005
protein,within_syn,0.7584041950495742
protein,within_syn,1.3483966769327413
protein,within_syn,1.66353805581353
protein,within_syn,0.38352920063019197
protein,within_syn,1.1873750925500697
protein,within_syn,1.1421320516473055
protein,within_syn,1.66353805581353
protein,within_syn,0.7584041950495742
protein,within_syn,0.38352920063019197
protein,within_syn,1.8028212200131777
protein,within_syn,0.9195794291126237
protein,within_syn,1.0701676021242046
protein,within_syn,1.5383978246278645
protein,within_syn,1.9498195987659879
protein,within_syn,1.1502128914412295
protein,within_syn,1.7771629593171894
protein,within_syn,1.817874266155778
protein,within_syn,1.6010720262978808
protein,within_syn,1.1502128914412295
protein,within_syn,1.5383978246278645
protein,within_syn,1.7771629593171894
protein,within_syn,1.7150847494326569
protein,within_syn,1.7894298751901003
protein,within_syn,0.8837594854745068
protein,within_syn,1.3286923368171673
protein,within_syn,1.7079557387019821
protein,within_syn,0.4565005006449822
protein,within_syn,1.0691512529774314
protein,within_syn,1.1983578193687876
protein,within_syn,1.7079557387019821
protein,within_syn,0.8837594854745068
protein,within_syn,0.4565005006449822
protein,within_syn,1.1585337069049872
protein,within_syn,1.5311329687431892
protein,within_syn,1.9920237714645022
protein,within_syn,1.289551669611746
protein,within_syn,1.709733473636483
protein,within_syn,1.77366911904825
protein,within_syn,1.650949331767747
protein,within_syn,1.289551669611746
protein,within_syn,1.5311329687431892
protein,within_syn,1.709733473636483
protein,within_syn,1.5702812766413117
protein,within_syn,1.8814690055180212
protein,within_syn,1.1757188369885088
protein,within_syn,1.7622633212139809
protein,within_syn,1.7960774199951401
protein,within_syn,1.5866020473999085
protein,within_syn,1.1757188369885088
protein,within_syn,1.5702812766413117
protein,within_syn,1.7622633212139809
protein,within_syn,1.395110658837284
protein,within_syn,1.480636447677785
protein,within_syn,0.7923007782126004
protein,within_syn,1.1741279387655452
protein,within_syn,0.8963217521865606
protein,within_syn,1.480636447677785
protein,within_syn,0.0
protein,within_syn,0.7923007782126004
protein,within_syn,1.9409106342359104
protein,within_syn,1.3968008447378535
protein,within_syn,1.1003805088480814
protein,within_syn,1.3563469148241651
protein,within_syn,1.9409106342359104
protein,within_syn,1.395110658837284
protein,within_syn,1.3968008447378535
protein,within_syn,1.68701480604252
protein,within_syn,1.7492924407143005
protein,within_syn,1.5988699310832792
protein,within_syn,0.0
protein,within_syn,1.480636447677785
protein,within_syn,1.68701480604252
protein,within_syn,1.266655520073813
protein,within_syn,1.1486517899887465
protein,within_syn,1.68701480604252
protein,within_syn,0.7923007782126004
protein,within_syn,0.0
protein,within_syn,1.194403451428475
protein,within_syn,1.7492924407143005
protein,within_syn,1.1741279387655452
protein,within_syn,1.266655520073813
protein,within_syn,1.5988699310832792
protein,within_syn,0.8963217521865606
protein,within_syn,1.1486517899887465
protein,within_syn,1.480636447677785
protein,within_syn,1.68701480604252
protein,within_syn,0.7923007782126004
protein,within_syn,1.112687272508936
protein,within_syn,1.0999633310919141
protein,within_syn,0.9352931678697205
protein,within_syn,1.031707868557227
protein,within_syn,0.8713812078108564
protein,within_syn,0.9550631821115005
protein,within_syn,0.8157281758880647
protein,within_syn,0.9085593107255647
protein,within_syn,0.9610799919209154
protein,within_syn,1.2184161291441689
protein,within_syn,1.1674703328492249
protein,within_syn,1.094383153688693
protein,within_syn,1.0855599182452556
protein,within_syn,1.0065927862159567
protein,within_syn,1.15348932067508
protein,within_syn,0.9124950262556875
protein,within_syn,0.9053714502440467
protein,within_syn,1.1022216612512865
protein,within_syn,1.1219605225080347
protein,within_syn,0.7227460941364512
protein,within_syn,1.0999633310919141
protein,within_syn,0.9085593107255647
protein,within_syn,1.094383153688693
protein,within_syn,1.112687272508936
protein,within_syn,1.0855599182452556
protein,within_syn,1.15348932067508
protein,within_syn,0.9053714502440467
protein,within_syn,1.1022216612512865
protein,within_syn,1.1219605225080347
protein,within_syn,1.2184161291441689
protein,within_syn,1.0065927862159567
protein,within_syn,0.0
protein,within_syn,0.9352931678697205
protein,within_syn,0.9610799919209154
protein,within_syn,0.7227460941364512
protein,within_syn,0.8713812078108564
protein,within_syn,0.9550631821115005
protein,within_syn,0.9124950262556875
protein,within_syn,0.8157281758880647
protein,within_syn,1.031707868557227
protein,within_syn,1.1674703328492249
protein,within_syn,0.9085593107255647
protein,within_syn,1.094383153688693
protein,within_syn,1.0999633310919141
protein,within_syn,1.1022216612512865
protein,within_syn,0.9610799919209154
protein,within_syn,1.15348932067508
protein,within_syn,0.9124950262556875
protein,within_syn,0.0
protein,within_syn,1.0855599182452556
protein,within_syn,1.112687272508936
protein,within_syn,0.7227460941364512
protein,within_syn,0.8157281758880647
protein,within_syn,1.1674703328492249
protein,within_syn,1.0065927862159567
protein,within_syn,0.9352931678697205
protein,within_syn,0.8713812078108564
protein,within_syn,1.1219605225080347
protein,within_syn,0.9550631821115005
protein,within_syn,1.3562237561111552
protein,within_syn,1.253352713145272
protein,within_syn,1.4539952774091904
protein,within_syn,1.3274458344706555
protein,within_syn,1.2885371028643509
protein,within_syn,1.2869586260446826
protein,within_syn,0.9970487034849755
protein,within_syn,1.2128648877910477
protein,within_syn,1.5785118894679817
protein,within_syn,1.2242547138037654
protein,within_syn,1.1488426977958182
protein,within_syn,1.2544856881062991
protein,within_syn,1.1500909006894773
protein,within_syn,1.367270583067363
protein,within_syn,1.0566592173711868
protein,within_syn,1.0555905339198455
protein,within_syn,1.2406703196105207
protein,within_syn,1.218558674668426
protein,within_syn,1.1956177266096337
protein,within_syn,1.3562237561111552
protein,within_syn,0.9970487034849755
protein,within_syn,1.1488426977958182
protein,within_syn,0.0
protein,within_syn,1.2544856881062991
protein,within_syn,1.367270583067363
protein,within_syn,1.0555905339198455
protein,within_syn,1.2406703196105207
protein,within_syn,1.218558674668426
protein,within_syn,1.5785118894679817
protein,within_syn,1.1500909006894773
protein,within_syn,1.112687272508936
protein,within_syn,1.253352713145272
protein,within_syn,1.2128648877910477
protein,within_syn,1.1956177266096337
protein,within_syn,1.3274458344706555
protein,within_syn,1.2885371028643509
protein,within_syn,1.0566592173711868
protein,within_syn,1.2869586260446826
protein,within_syn,1.4539952774091904
protein,within_syn,1.2242547138037654
protein,within_syn,0.9970487034849755
protein,within_syn,1.1488426977958182
protein,within_syn,1.3562237561111552
protein,within_syn,1.2406703196105207
protein,within_syn,1.2128648877910477
protein,within_syn,1.367270583067363
protein,within_syn,1.0566592173711868
protein,within_syn,1.112687272508936
protein,within_syn,1.2544856881062991
protein,within_syn,0.0
protein,within_syn,1.1956177266096337
protein,within_syn,1.2869586260446826
protein,within_syn,1.2242547138037654
protein,within_syn,1.1500909006894773
protein,within_syn,1.253352713145272
protein,within_syn,1.3274458344706555
protein,within_syn,1.218558674668426
protein,within_syn,1.2885371028643509
protein,within_syn,0.9750551940771229
protein,within_syn,1.0854378856412954
protein,within_syn,1.079789460545809
protein,within_syn,1.1493123320048209
protein,within_syn,1.265965843293951
protein,within_syn,1.030467971907633
protein,within_syn,0.9200326341402406
protein,within_syn,1.1906825856308323
protein,within_syn,1.0317419273104755
protein,within_syn,1.120416752562142
protein,within_syn,1.0092364138456769
protein,within_syn,1.1771509531408724
protein,within_syn,1.3308056915811255
protein,within_syn,0.9056826209960415
protein,within_syn,0.9648887445269277
protein,within_syn,0.8572095714603928
protein,within_syn,1.0782684122562984
protein,within_syn,1.1072778132219954
protein,within_syn,0.0
protein,within_syn,1.030467971907633
protein,within_syn,1.120416752562142
protein,within_syn,1.3562237561111552
protein,within_syn,1.0092364138456769
protein,within_syn,1.3308056915811255
protein,within_syn,0.9648887445269277
protein,within_syn,0.8572095714603928
protein,within_syn,1.0782684122562984
protein,within_syn,1.1906825856308323
protein,within_syn,1.1771509531408724
protein,within_syn,1.0999633310919141
protein,within_syn,0.9750551940771229
protein,within_syn,0.9200326341402406
protein,within_syn,1.1072778132219954
protein,within_syn,1.079789460545809
protein,within_syn,1.1493123320048209
protein,within_syn,0.9056826209960415
protein,within_syn,1.265965843293951
protein,within_syn,1.0854378856412954
protein,within_syn,1.0317419273104755
protein,within_syn,1.030467971907633
protein,within_syn,1.120416752562142
protein,within_syn,0.0
protein,within_syn,0.8572095714603928
protein,within_syn,0.9200326341402406
protein,within_syn,1.3308056915811255
protein,within_syn,0.9056826209960415
protein,within_syn,1.0999633310919141
protein,within_syn,1.0092364138456769
protein,within_syn,1.3562237561111552
protein,within_syn,1.1072778132219954
protein,within_syn,1.265965843293951
protein,within_syn,1.0317419273104755
protein,within_syn,1.1771509531408724
protein,within_syn,0.9750551940771229
protein,within_syn,1.079789460545809
protein,within_syn,1.0782684122562984
protein,within_syn,1.1493123320048209
protein,within_syn,0.97608632606505
protein,within_syn,0.8151705516958823
protein,within_syn,0.9363075286441985
protein,within_syn,1.0730728895764163
protein,within_syn,1.028738387480318
protein,within_syn,0.9932497885067129
protein,within_syn,1.1927024627136102
protein,within_syn,1.2949749457205642
protein,within_syn,1.096697911590912
protein,within_syn,1.0653638361444286
protein,within_syn,1.178206319574209
protein,within_syn,1.3281776095857423
protein,within_syn,0.9248430945062546
protein,within_syn,0.9204635536693304
protein,within_syn,1.1468194363801407
protein,within_syn,1.0201901655682162
protein,within_syn,0.9311575653935049
protein,within_syn,0.9750551940771229
protein,within_syn,1.028738387480318
protein,within_syn,1.096697911590912
protein,within_syn,1.253352713145272
protein,within_syn,1.0653638361444286
protein,within_syn,1.3281776095857423
protein,within_syn,0.9204635536693304
protein,within_syn,1.1468194363801407
protein,within_syn,1.0201901655682162
protein,within_syn,1.1927024627136102
protein,within_syn,1.178206319574209
protein,within_syn,0.9352931678697205
protein,within_syn,0.0
protein,within_syn,0.9932497885067129
protein,within_syn,0.9311575653935049
protein,within_syn,0.8151705516958823
protein,within_syn,0.9363075286441985
protein,within_syn,0.9248430945062546
protein,within_syn,1.0730728895764163
protein,within_syn,0.97608632606505
protein,within_syn,1.2949749457205642
protein,within_syn,1.028738387480318
protein,within_syn,1.096697911590912
protein,within_syn,0.9750551940771229
protein,within_syn,1.1468194363801407
protein,within_syn,0.9932497885067129
protein,within_syn,1.3281776095857423
protein,within_syn,0.9248430945062546
protein,within_syn,0.9352931678697205
protein,within_syn,1.0653638361444286
protein,within_syn,1.253352713145272
protein,within_syn,0.9311575653935049
protein,within_syn,1.0730728895764163
protein,within_syn,1.2949749457205642
protein,within_syn,1.178206319574209
protein,within_syn,0.0
protein,within_syn,0.8151705516958823
protein,within_syn,1.0201901655682162
protein,within_syn,0.9363075286441985
protein,within_syn,0.9736960668653907
protein,within_syn,1.0836749209694938
protein,within_syn,1.093994339018967
protein,within_syn,1.2602121318678936
protein,within_syn,1.087940146291006
protein,within_syn,0.9465936560556718
protein,within_syn,1.460536234858146
protein,within_syn,1.30462667507527
protein,within_syn,1.173968390996484
protein,within_syn,1.3365277560058049
protein,within_syn,1.3351958806772544
protein,within_syn,1.1017940697934032
protein,within_syn,1.1187903666297363
protein,within_syn,1.2346341673077672
protein,within_syn,1.2455324158367704
protein,within_syn,0.9999271749792059
protein,within_syn,1.0854378856412954
protein,within_syn,1.2602121318678936
protein,within_syn,1.30462667507527
protein,within_syn,1.4539952774091904
protein,within_syn,1.173968390996484
protein,within_syn,1.3351958806772544
protein,within_syn,1.1187903666297363
protein,within_syn,1.2346341673077672
protein,within_syn,1.2455324158367704
protein,within_syn,0.9465936560556718
protein,within_syn,1.3365277560058049
protein,within_syn,1.031707868557227
protein,within_syn,0.97608632606505
protein,within_syn,1.087940146291006
protein,within_syn,0.9999271749792059
protein,within_syn,0.9736960668653907
protein,within_syn,1.0836749209694938
protein,within_syn,1.1017940697934032
protein,within_syn,1.093994339018967
protein,within_syn,0.0
protein,within_syn,1.460536234858146
protein,within_syn,1.2602121318678936
protein,within_syn,1.30462667507527
protein,within_syn,1.0854378856412954
protein,within_syn,1.2346341673077672
protein,within_syn,1.087940146291006
protein,within_syn,1.3351958806772544
protein,within_syn,1.1017940697934032
protein,within_syn,1.031707868557227
protein,within_syn,1.173968390996484
protein,within_syn,1.4539952774091904
protein,within_syn,0.9999271749792059
protein,within_syn,1.093994339018967
protein,within_syn,1.460536234858146
protein,within_syn,1.3365277560058049
protein,within_syn,0.97608632606505
protein,within_syn,0.9736960668653907
protein,within_syn,1.2455324158367704
protein,within_syn,1.0836749209694938
protein,within_syn,0.9052557348773309
protein,within_syn,0.9753628735846342
protein,within_syn,1.1300432201986397
protein,within_syn,1.0501173867327351
protein,within_syn,1.1414983139695807
protein,within_syn,1.324360519968395
protein,within_syn,1.2119299422882548
protein,within_syn,1.1325917224284276
protein,within_syn,1.1339772685870724
protein,within_syn,1.3365606569771218
protein,within_syn,1.0666015945306848
protein,within_syn,1.002735266512536
protein,within_syn,1.150669443005045
protein,within_syn,1.125484269066007
protein,within_syn,0.8886997420942451
protein,within_syn,1.079789460545809
protein,within_syn,1.1300432201986397
protein,within_syn,1.2119299422882548
protein,within_syn,1.3274458344706555
protein,within_syn,1.1325917224284276
protein,within_syn,1.3365606569771218
protein,within_syn,1.002735266512536
protein,within_syn,1.150669443005045
protein,within_syn,1.125484269066007
protein,within_syn,1.1414983139695807
protein,within_syn,1.1339772685870724
protein,within_syn,0.8713812078108564
protein,within_syn,0.8151705516958823
protein,within_syn,1.0501173867327351
protein,within_syn,0.8886997420942451
protein,within_syn,0.0
protein,within_syn,0.9052557348773309
protein,within_syn,1.0666015945306848
protein,within_syn,0.9753628735846342
protein,within_syn,0.9736960668653907
protein,within_syn,1.324360519968395
protein,within_syn,1.1300432201986397
protein,within_syn,1.2119299422882548
protein,within_syn,1.079789460545809
protein,within_syn,1.150669443005045
protein,within_syn,1.0501173867327351
protein,within_syn,1.3365606569771218
protein,within_syn,1.0666015945306848
protein,within_syn,0.8713812078108564
protein,within_syn,1.1325917224284276
protein,within_syn,1.3274458344706555
protein,within_syn,0.8886997420942451
protein,within_syn,0.9753628735846342
protein,within_syn,1.324360519968395
protein,within_syn,1.1339772685870724
protein,within_syn,0.8151705516958823
protein,within_syn,0.0
protein,within_syn,1.125484269066007
protein,within_syn,0.9052557348773309
protein,within_syn,0.9237141186432445
protein,within_syn,1.1138905061743625
protein,within_syn,1.097594019267553
protein,within_syn,1.2169943585021359
protein,within_syn,1.3784279185480015
protein,within_syn,1.1581469791318797
protein,within_syn,1.222882154106836
protein,within_syn,1.128681994523712
protein,within_syn,1.3222389783131872
protein,within_syn,1.1186528095070716
protein,within_syn,1.0091148885646701
protein,within_syn,1.2215517464261603
protein,within_syn,1.232110629977917
protein,within_syn,0.8649233365862317
protein,within_syn,1.1493123320048209
protein,within_syn,1.1138905061743625
protein,within_syn,1.1581469791318797
protein,within_syn,1.2885371028643509
protein,within_syn,1.222882154106836
protein,within_syn,1.3222389783131872
protein,within_syn,1.0091148885646701
protein,within_syn,1.2215517464261603
protein,within_syn,1.232110629977917
protein,within_syn,1.2169943585021359
protein,within_syn,1.128681994523712
protein,within_syn,0.9550631821115005
protein,within_syn,0.9363075286441985
protein,within_syn,1.097594019267553
protein,within_syn,0.8649233365862317
protein,within_syn,0.9052557348773309
protein,within_syn,0.0
protein,within_syn,1.1186528095070716
protein,within_syn,0.9237141186432445
protein,within_syn,1.0836749209694938
protein,within_syn,1.3784279185480015
protein,within_syn,1.1138905061743625
protein,within_syn,1.1581469791318797
protein,within_syn,1.1493123320048209
protein,within_syn,1.2215517464261603
protein,within_syn,1.097594019267553
protein,within_syn,1.3222389783131872
protein,within_syn,1.1186528095070716
protein,within_syn,0.9550631821115005
protein,within_syn,1.222882154106836
protein,within_syn,1.2885371028643509
protein,within_syn,0.8649233365862317
protein,within_syn,0.9237141186432445
protein,within_syn,1.3784279185480015
protein,within_syn,1.128681994523712
protein,within_syn,0.9363075286441985
protein,within_syn,0.9052557348773309
protein,within_syn,1.232110629977917
protein,within_syn,0.0
protein,within_syn,1.1349069930774485
protein,within_syn,1.1242770281520786
protein,within_syn,1.3151015865503437
protein,within_syn,1.3527752098544146
protein,within_syn,1.2417991630284382
protein,within_syn,1.3107734536566715
protein,within_syn,1.140757500045602
protein,within_syn,1.2970220242159123
protein,within_syn,1.1255198191663
protein,within_syn,1.1072356389586195
protein,within_syn,1.2573594833567006
protein,within_syn,1.2523428319441168
protein,within_syn,0.9834913901632346
protein,within_syn,1.265965843293951
protein,within_syn,1.1349069930774485
protein,within_syn,1.2417991630284382
protein,within_syn,1.2869586260446826
protein,within_syn,1.3107734536566715
protein,within_syn,1.2970220242159123
protein,within_syn,1.1072356389586195
protein,within_syn,1.2573594833567006
protein,within_syn,1.2523428319441168
protein,within_syn,1.3151015865503437
protein,within_syn,1.140757500045602
protein,within_syn,0.8157281758880647
protein,within_syn,1.0730728895764163
protein,within_syn,1.1242770281520786
protein,within_syn,0.9834913901632346
protein,within_syn,0.9753628735846342
protein,within_syn,0.9237141186432445
protein,within_syn,1.1255198191663
protein,within_syn,0.0
protein,within_syn,1.093994339018967
protein,within_syn,1.3527752098544146
protein,within_syn,1.1349069930774485
protein,within_syn,1.2417991630284382
protein,within_syn,1.265965843293951
protein,within_syn,1.2573594833567006
protein,within_syn,1.1242770281520786
protein,within_syn,1.2970220242159123
protein,within_syn,1.1255198191663
protein,within_syn,0.8157281758880647
protein,within_syn,1.3107734536566715
protein,within_syn,1.2869586260446826
protein,within_syn,0.9834913901632346
protein,within_syn,0.0
protein,within_syn,1.3527752098544146
protein,within_syn,1.140757500045602
protein,within_syn,1.0730728895764163
protein,within_syn,0.9753628735846342
protein,within_syn,1.2523428319441168
protein,within_syn,0.9237141186432445
protein,within_syn,0.9582401168876621
protein,within_syn,1.2717240930532345
protein,within_syn,1.0844221975212383
protein,within_syn,0.8527531631332376
protein,within_syn,1.0678938976821866
protein,within_syn,1.0073992454290737
protein,within_syn,1.2397015603853039
protein,within_syn,0.7920903356508239
protein,within_syn,0.831157112240418
protein,within_syn,1.0637647369921632
protein,within_syn,1.0361363932272378
protein,within_syn,1.0848380302166545
protein,within_syn,1.030467971907633
protein,within_syn,0.0
protein,within_syn,0.8527531631332376
protein,within_syn,0.9970487034849755
protein,within_syn,1.0678938976821866
protein,within_syn,1.2397015603853039
protein,within_syn,0.831157112240418
protein,within_syn,1.0637647369921632
protein,within_syn,1.0361363932272378
protein,within_syn,1.2717240930532345
protein,within_syn,1.0073992454290737
protein,within_syn,0.9085593107255647
protein,within_syn,1.028738387480318
protein,within_syn,0.9582401168876621
protein,within_syn,1.0848380302166545
protein,within_syn,1.1300432201986397
protein,within_syn,1.1138905061743625
protein,within_syn,0.7920903356508239
protein,within_syn,1.1349069930774485
protein,within_syn,1.2602121318678936
protein,within_syn,1.0844221975212383
protein,within_syn,0.0
protein,within_syn,0.8527531631332376
protein,within_syn,1.030467971907633
protein,within_syn,1.0637647369921632
protein,within_syn,0.9582401168876621
protein,within_syn,1.2397015603853039
protein,within_syn,0.7920903356508239
protein,within_syn,0.9085593107255647
protein,within_syn,1.0678938976821866
protein,within_syn,0.9970487034849755
protein,within_syn,1.0848380302166545
protein,within_syn,1.1349069930774485
protein,within_syn,1.0844221975212383
protein,within_syn,1.0073992454290737
protein,within_syn,1.028738387480318
protein,within_syn,1.1300432201986397
protein,within_syn,1.0361363932272378
protein,within_syn,1.1138905061743625
protein,within_syn,1.2088467342500167
protein,within_syn,1.1926784794186986
protein,within_syn,1.047997060605459
protein,within_syn,1.0193126789858349
protein,within_syn,1.11776481497508
protein,within_syn,1.2711552567769904
protein,within_syn,0.8384138477747651
protein,within_syn,0.8407755045646905
protein,within_syn,1.063440576883345
protein,within_syn,0.9520928438495333
protein,within_syn,1.0133370893654334
protein,within_syn,0.9200326341402406
protein,within_syn,0.9582401168876621
protein,within_syn,1.047997060605459
protein,within_syn,1.2128648877910477
protein,within_syn,1.0193126789858349
protein,within_syn,1.2711552567769904
protein,within_syn,0.8407755045646905
protein,within_syn,1.063440576883345
protein,within_syn,0.9520928438495333
protein,within_syn,1.2088467342500167
protein,within_syn,1.11776481497508
protein,within_syn,0.9610799919209154
protein,within_syn,0.9932497885067129
protein,within_syn,0.0
protein,within_syn,1.0133370893654334
protein,within_syn,1.0501173867327351
protein,within_syn,1.097594019267553
protein,within_syn,0.8384138477747651
protein,within_syn,1.1242770281520786
protein,within_syn,1.087940146291006
protein,within_syn,1.1926784794186986
protein,within_syn,0.9582401168876621
protein,within_syn,1.047997060605459
protein,within_syn,0.9200326341402406
protein,within_syn,1.063440576883345
protein,within_syn,0.0
protein,within_syn,1.2711552567769904
protein,within_syn,0.8384138477747651
protein,within_syn,0.9610799919209154
protein,within_syn,1.0193126789858349
protein,within_syn,1.2128648877910477
protein,within_syn,1.0133370893654334
protein,within_syn,1.1242770281520786
protein,within_syn,1.1926784794186986
protein,within_syn,1.11776481497508
protein,within_syn,0.9932497885067129
protein,within_syn,1.0501173867327351
protein,within_syn,0.9520928438495333
protein,within_syn,1.097594019267553
protein,within_syn,1.4791598591081394
protein,within_syn,1.2957545830878918
protein,within_syn,1.1795230309806906
protein,within_syn,1.401174732280757
protein,within_syn,1.4979908972882885
protein,within_syn,1.146668760986344
protein,within_syn,1.1993356811757105
protein,within_syn,1.306266857140333
protein,within_syn,1.2211763264742264
protein,within_syn,1.2096731693986986
protein,within_syn,1.1906825856308323
protein,within_syn,1.2717240930532345
protein,within_syn,1.2957545830878918
protein,within_syn,1.5785118894679817
protein,within_syn,1.1795230309806906
protein,within_syn,1.4979908972882885
protein,within_syn,1.1993356811757105
protein,within_syn,1.306266857140333
protein,within_syn,1.2211763264742264
protein,within_syn,0.0
protein,within_syn,1.401174732280757
protein,within_syn,1.2184161291441689
protein,within_syn,1.1927024627136102
protein,within_syn,1.2088467342500167
protein,within_syn,1.2096731693986986
protein,within_syn,1.1414983139695807
protein,within_syn,1.2169943585021359
protein,within_syn,1.146668760986344
protein,within_syn,1.3151015865503437
protein,within_syn,0.9465936560556718
protein,within_syn,1.4791598591081394
protein,within_syn,1.2717240930532345
protein,within_syn,1.2957545830878918
protein,within_syn,1.1906825856308323
protein,within_syn,1.306266857140333
protein,within_syn,1.2088467342500167
protein,within_syn,1.4979908972882885
protein,within_syn,1.146668760986344
protein,within_syn,1.2184161291441689
protein,within_syn,1.1795230309806906
protein,within_syn,1.5785118894679817
protein,within_syn,1.2096731693986986
protein,within_syn,1.3151015865503437
protein,within_syn,1.4791598591081394
protein,within_syn,1.401174732280757
protein,within_syn,1.1927024627136102
protein,within_syn,1.1414983139695807
protein,within_syn,1.2211763264742264
protein,within_syn,1.2169943585021359
protein,within_syn,1.1780856861054783
protein,within_syn,1.155223776682861
protein,within_syn,1.1172649345523573
protein,within_syn,1.3197744568400807
protein,within_syn,1.1238446992931643
protein,within_syn,1.1249158405748707
protein,within_syn,0.9585486884366485
protein,within_syn,1.266621631434329
protein,within_syn,1.3276329512205634
protein,within_syn,1.0317419273104755
protein,within_syn,1.0844221975212383
protein,within_syn,1.1780856861054783
protein,within_syn,1.2242547138037654
protein,within_syn,1.155223776682861
protein,within_syn,1.3197744568400807
protein,within_syn,1.1249158405748707
protein,within_syn,0.9585486884366485
protein,within_syn,1.266621631434329
protein,within_syn,1.4791598591081394
protein,within_syn,1.1172649345523573
protein,within_syn,1.1674703328492249
protein,within_syn,1.2949749457205642
protein,within_syn,1.1926784794186986
protein,within_syn,1.3276329512205634
protein,within_syn,1.324360519968395
protein,within_syn,1.3784279185480015
protein,within_syn,1.1238446992931643
protein,within_syn,1.3527752098544146
protein,within_syn,1.460536234858146
protein,within_syn,0.0
protein,within_syn,1.0844221975212383
protein,within_syn,1.1780856861054783
protein,within_syn,1.0317419273104755
protein,within_syn,0.9585486884366485
protein,within_syn,1.1926784794186986
protein,within_syn,1.3197744568400807
protein,within_syn,1.1238446992931643
protein,within_syn,1.1674703328492249
protein,within_syn,1.155223776682861
protein,within_syn,1.2242547138037654
protein,within_syn,1.3276329512205634
protein,within_syn,1.3527752098544146
protein,within_syn,0.0
protein,within_syn,1.1172649345523573
protein,within_syn,1.2949749457205642
protein,within_syn,1.324360519968395
protein,within_syn,1.266621631434329
protein,within_syn,1.3784279185480015
protein,within_syn,1.0939053343154694
protein,within_syn,1.1469520579692982
protein,within_syn,1.268808604634597
protein,within_syn,0.8643648844470391
protein,within_syn,0.9218636451928605
protein,within_syn,1.158249098059992
protein,within_syn,1.0188289648944986
protein,within_syn,1.1528958034198313
protein,within_syn,1.120416752562142
protein,within_syn,0.8527531631332376
protein,within_syn,0.0
protein,within_syn,1.1488426977958182
protein,within_syn,1.0939053343154694
protein,within_syn,1.268808604634597
protein,within_syn,0.9218636451928605
protein,within_syn,1.158249098059992
protein,within_syn,1.0188289648944986
protein,within_syn,1.2957545830878918
protein,within_syn,1.1469520579692982
protein,within_syn,1.094383153688693
protein,within_syn,1.096697911590912
protein,within_syn,1.047997060605459
protein,within_syn,1.1528958034198313
protein,within_syn,1.2119299422882548
protein,within_syn,1.1581469791318797
protein,within_syn,0.8643648844470391
protein,within_syn,1.2417991630284382
protein,within_syn,1.30462667507527
protein,within_syn,1.1780856861054783
protein,within_syn,0.8527531631332376
protein,within_syn,0.0
protein,within_syn,1.120416752562142
protein,within_syn,1.158249098059992
protein,within_syn,1.047997060605459
protein,within_syn,1.268808604634597
protein,within_syn,0.8643648844470391
protein,within_syn,1.094383153688693
protein,within_syn,1.0939053343154694
protein,within_syn,1.1488426977958182
protein,within_syn,1.1528958034198313
protein,within_syn,1.2417991630284382
protein,within_syn,1.1780856861054783
protein,within_syn,1.1469520579692982
protein,within_syn,1.096697911590912
protein,within_syn,1.2119299422882548
protein,within_syn,1.0188289648944986
protein,within_syn,1.1581469791318797
protein,within_syn,1.2511349131674636
protein,within_syn,1.219274519176868
protein,within_syn,0.9501900088410888
protein,within_syn,0.8858386424205463
protein,within_syn,1.1361244288917685
protein,within_syn,0.998800619823348
protein,within_syn,1.1370576638487364
protein,within_syn,1.0092364138456769
protein,within_syn,1.0678938976821866
protein,within_syn,1.0939053343154694
protein,within_syn,1.2544856881062991
protein,within_syn,0.0
protein,within_syn,1.219274519176868
protein,within_syn,0.8858386424205463
protein,within_syn,1.1361244288917685
protein,within_syn,0.998800619823348
protein,within_syn,1.1795230309806906
protein,within_syn,1.2511349131674636
protein,within_syn,1.0855599182452556
protein,within_syn,1.0653638361444286
protein,within_syn,1.0193126789858349
protein,within_syn,1.1370576638487364
protein,within_syn,1.1325917224284276
protein,within_syn,1.222882154106836
protein,within_syn,0.9501900088410888
protein,within_syn,1.3107734536566715
protein,within_syn,1.173968390996484
protein,within_syn,1.155223776682861
protein,within_syn,1.0678938976821866
protein,within_syn,1.0939053343154694
protein,within_syn,1.0092364138456769
protein,within_syn,1.1361244288917685
protein,within_syn,1.0193126789858349
protein,within_syn,1.219274519176868
protein,within_syn,0.9501900088410888
protein,within_syn,1.0855599182452556
protein,within_syn,0.0
protein,within_syn,1.2544856881062991
protein,within_syn,1.1370576638487364
protein,within_syn,1.3107734536566715
protein,within_syn,1.155223776682861
protein,within_syn,1.2511349131674636
protein,within_syn,1.0653638361444286
protein,within_syn,1.1325917224284276
protein,within_syn,0.998800619823348
protein,within_syn,1.222882154106836
protein,within_syn,1.2402109693044248
protein,within_syn,1.1246823405121917
protein,within_syn,1.0854183446266954
protein,within_syn,0.9971709863365794
protein,within_syn,1.2423677247256246
protein,within_syn,1.1428791636269189
protein,within_syn,1.1771509531408724
protein,within_syn,1.0073992454290737
protein,within_syn,1.1469520579692982
protein,within_syn,1.1500909006894773
protein,within_syn,1.2511349131674636
protein,within_syn,1.2402109693044248
protein,within_syn,1.0854183446266954
protein,within_syn,0.9971709863365794
protein,within_syn,1.2423677247256246
protein,within_syn,1.401174732280757
protein,within_syn,0.0
protein,within_syn,1.0065927862159567
protein,within_syn,1.178206319574209
protein,within_syn,1.11776481497508
protein,within_syn,1.1428791636269189
protein,within_syn,1.1339772685870724
protein,within_syn,1.128681994523712
protein,within_syn,1.1246823405121917
protein,within_syn,1.140757500045602
protein,within_syn,1.3365277560058049
protein,within_syn,1.1172649345523573
protein,within_syn,1.0073992454290737
protein,within_syn,1.1469520579692982
protein,within_syn,1.1771509531408724
protein,within_syn,0.9971709863365794
protein,within_syn,1.11776481497508
protein,within_syn,1.2402109693044248
protein,within_syn,1.1246823405121917
protein,within_syn,1.0065927862159567
protein,within_syn,1.2511349131674636
protein,within_syn,1.1500909006894773
protein,within_syn,1.1428791636269189
protein,within_syn,1.140757500045602
protein,within_syn,1.1172649345523573
protein,within_syn,0.0
protein,within_syn,1.178206319574209
protein,within_syn,1.1339772685870724
protein,within_syn,1.2423677247256246
protein,within_syn,1.128681994523712
protein,within_syn,1.1837674470518866
protein,within_syn,1.239816487662069
protein,within_syn,1.2989709318887082
protein,within_syn,1.4210610533978918
protein,within_syn,1.2692531296028622
protein,within_syn,1.3308056915811255
protein,within_syn,1.2397015603853039
protein,within_syn,1.268808604634597
protein,within_syn,1.367270583067363
protein,within_syn,1.219274519176868
protein,within_syn,0.0
protein,within_syn,1.239816487662069
protein,within_syn,1.2989709318887082
protein,within_syn,1.4210610533978918
protein,within_syn,1.4979908972882885
protein,within_syn,1.2402109693044248
protein,within_syn,1.15348932067508
protein,within_syn,1.3281776095857423
protein,within_syn,1.2711552567769904
protein,within_syn,1.2692531296028622
protein,within_syn,1.3365606569771218
protein,within_syn,1.3222389783131872
protein,within_syn,1.1837674470518866
protein,within_syn,1.2970220242159123
protein,within_syn,1.3351958806772544
protein,within_syn,1.3197744568400807
protein,within_syn,1.2397015603853039
protein,within_syn,1.268808604634597
protein,within_syn,1.3308056915811255
protein,within_syn,1.2989709318887082
protein,within_syn,1.2711552567769904
protein,within_syn,0.0
protein,within_syn,1.1837674470518866
protein,within_syn,1.15348932067508
protein,within_syn,1.219274519176868
protein,within_syn,1.367270583067363
protein,within_syn,1.2692531296028622
protein,within_syn,1.2970220242159123
protein,within_syn,1.3197744568400807
protein,within_syn,1.2402109693044248
protein,within_syn,1.3281776095857423
protein,within_syn,1.3365606569771218
protein,within_syn,1.4210610533978918
protein,within_syn,1.3222389783131872
protein,within_syn,0.7494849937942876
protein,within_syn,1.078624270711031
protein,within_syn,0.8843612460657876
protein,within_syn,1.0728342011493772
protein,within_syn,0.9056826209960415
protein,within_syn,0.7920903356508239
protein,within_syn,0.8643648844470391
protein,within_syn,1.0566592173711868
protein,within_syn,0.9501900088410888
protein,within_syn,1.1837674470518866
protein,within_syn,0.7494849937942876
protein,within_syn,1.078624270711031
protein,within_syn,0.8843612460657876
protein,within_syn,1.146668760986344
protein,within_syn,1.1246823405121917
protein,within_syn,0.9124950262556875
protein,within_syn,0.9248430945062546
protein,within_syn,0.8384138477747651
protein,within_syn,1.0728342011493772
protein,within_syn,1.0666015945306848
protein,within_syn,1.1186528095070716
protein,within_syn,0.0
protein,within_syn,1.1255198191663
protein,within_syn,1.1017940697934032
protein,within_syn,1.1238446992931643
protein,within_syn,0.7920903356508239
protein,within_syn,0.8643648844470391
protein,within_syn,0.9056826209960415
protein,within_syn,1.078624270711031
protein,within_syn,0.8384138477747651
protein,within_syn,1.1837674470518866
protein,within_syn,0.0
protein,within_syn,0.9124950262556875
protein,within_syn,0.9501900088410888
protein,within_syn,1.0566592173711868
protein,within_syn,1.0728342011493772
protein,within_syn,1.1255198191663
protein,within_syn,1.1238446992931643
protein,within_syn,1.1246823405121917
protein,within_syn,0.9248430945062546
protein,within_syn,1.0666015945306848
protein,within_syn,0.8843612460657876
protein,within_syn,1.1186528095070716
protein,within_syn,1.051094569545441
protein,within_syn,0.8227125075776948
protein,within_syn,0.9749592926016662
protein,within_syn,0.9648887445269277
protein,within_syn,0.831157112240418
protein,within_syn,0.9218636451928605
protein,within_syn,1.0555905339198455
protein,within_syn,0.8858386424205463
protein,within_syn,1.239816487662069
protein,within_syn,0.0
protein,within_syn,1.051094569545441
protein,within_syn,0.8227125075776948
protein,within_syn,1.1993356811757105
protein,within_syn,1.0854183446266954
protein,within_syn,0.9053714502440467
protein,within_syn,0.9204635536693304
protein,within_syn,0.8407755045646905
protein,within_syn,0.9749592926016662
protein,within_syn,1.002735266512536
protein,within_syn,1.0091148885646701
protein,within_syn,0.7494849937942876
protein,within_syn,1.1072356389586195
protein,within_syn,1.1187903666297363
protein,within_syn,1.1249158405748707
protein,within_syn,0.831157112240418
protein,within_syn,0.9218636451928605
protein,within_syn,0.9648887445269277
protein,within_syn,1.051094569545441
protein,within_syn,0.8407755045646905
protein,within_syn,1.239816487662069
protein,within_syn,0.7494849937942876
protein,within_syn,0.9053714502440467
protein,within_syn,0.8858386424205463
protein,within_syn,1.0555905339198455
protein,within_syn,0.9749592926016662
protein,within_syn,1.1072356389586195
protein,within_syn,1.1249158405748707
protein,within_syn,1.0854183446266954
protein,within_syn,0.9204635536693304
protein,within_syn,1.002735266512536
protein,within_syn,0.8227125075776948
protein,within_syn,1.0091148885646701
protein,within_syn,1.2210784600821414
protein,within_syn,1.2013076707435106
protein,within_syn,0.8572095714603928
protein,within_syn,1.0637647369921632
protein,within_syn,1.158249098059992
protein,within_syn,1.2406703196105207
protein,within_syn,1.1361244288917685
protein,within_syn,1.2989709318887082
protein,within_syn,1.051094569545441
protein,within_syn,0.0
protein,within_syn,1.2210784600821414
protein,within_syn,1.306266857140333
protein,within_syn,0.9971709863365794
protein,within_syn,1.1022216612512865
protein,within_syn,1.1468194363801407
protein,within_syn,1.063440576883345
protein,within_syn,1.2013076707435106
protein,within_syn,1.150669443005045
protein,within_syn,1.2215517464261603
protein,within_syn,1.078624270711031
protein,within_syn,1.2573594833567006
protein,within_syn,1.2346341673077672
protein,within_syn,0.9585486884366485
protein,within_syn,1.0637647369921632
protein,within_syn,1.158249098059992
protein,within_syn,0.8572095714603928
protein,within_syn,0.0
protein,within_syn,1.063440576883345
protein,within_syn,1.2989709318887082
protein,within_syn,1.078624270711031
protein,within_syn,1.1022216612512865
protein,within_syn,1.1361244288917685
protein,within_syn,1.2406703196105207
protein,within_syn,1.2013076707435106
protein,within_syn,1.2573594833567006
protein,within_syn,0.9585486884366485
protein,within_syn,0.9971709863365794
protein,within_syn,1.1468194363801407
protein,within_syn,1.150669443005045
protein,within_syn,1.2210784600821414
protein,within_syn,1.2215517464261603
protein,within_syn,1.1551457189360022
protein,within_syn,1.0782684122562984
protein,within_syn,1.0361363932272378
protein,within_syn,1.0188289648944986
protein,within_syn,1.218558674668426
protein,within_syn,0.998800619823348
protein,within_syn,1.4210610533978918
protein,within_syn,0.8227125075776948
protein,within_syn,1.2210784600821414
protein,within_syn,0.0
protein,within_syn,1.2211763264742264
protein,within_syn,1.2423677247256246
protein,within_syn,1.1219605225080347
protein,within_syn,1.0201901655682162
protein,within_syn,0.9520928438495333
protein,within_syn,1.1551457189360022
protein,within_syn,1.125484269066007
protein,within_syn,1.232110629977917
protein,within_syn,0.8843612460657876
protein,within_syn,1.2523428319441168
protein,within_syn,1.2455324158367704
protein,within_syn,1.266621631434329
protein,within_syn,1.0361363932272378
protein,within_syn,1.0188289648944986
protein,within_syn,1.0782684122562984
protein,within_syn,1.2210784600821414
protein,within_syn,0.9520928438495333
protein,within_syn,1.4210610533978918
protein,within_syn,0.8843612460657876
protein,within_syn,1.1219605225080347
protein,within_syn,0.998800619823348
protein,within_syn,1.218558674668426
protein,within_syn,1.1551457189360022
protein,within_syn,1.2523428319441168
protein,within_syn,1.266621631434329
protein,within_syn,1.2423677247256246
protein,within_syn,1.0201901655682162
protein,within_syn,1.125484269066007
protein,within_syn,0.0
protein,within_syn,1.232110629977917
protein,within_syn,1.1072778132219954
protein,within_syn,1.0848380302166545
protein,within_syn,1.1528958034198313
protein,within_syn,1.1956177266096337
protein,within_syn,1.1370576638487364
protein,within_syn,1.2692531296028622
protein,within_syn,0.9749592926016662
protein,within_syn,1.2013076707435106
protein,within_syn,1.1551457189360022
protein,within_syn,1.2096731693986986
protein,within_syn,1.1428791636269189
protein,within_syn,0.7227460941364512
protein,within_syn,0.9311575653935049
protein,within_syn,1.0133370893654334
protein,within_syn,0.0
protein,within_syn,0.8886997420942451
protein,within_syn,0.8649233365862317
protein,within_syn,1.0728342011493772
protein,within_syn,0.9834913901632346
protein,within_syn,0.9999271749792059
protein,within_syn,1.3276329512205634
protein,within_syn,1.0848380302166545
protein,within_syn,1.1528958034198313
protein,within_syn,1.1072778132219954
protein,within_syn,1.2013076707435106
protein,within_syn,1.0133370893654334
protein,within_syn,1.2692531296028622
protein,within_syn,1.0728342011493772
protein,within_syn,0.7227460941364512
protein,within_syn,1.1370576638487364
protein,within_syn,1.1956177266096337
protein,within_syn,0.0
protein,within_syn,0.9834913901632346
protein,within_syn,1.3276329512205634
protein,within_syn,1.1428791636269189
protein,within_syn,0.9311575653935049
protein,within_syn,0.8886997420942451
protein,within_syn,1.1551457189360022
protein,within_syn,0.8649233365862317
protein,within_syn,1.030467971907633
protein,within_syn,1.120416752562142
protein,within_syn,1.3562237561111552
protein,within_syn,1.0092364138456769
protein,within_syn,1.3308056915811255
protein,within_syn,0.9648887445269277
protein,within_syn,0.8572095714603928
protein,within_syn,1.0782684122562984
protein,within_syn,1.1906825856308323
protein,within_syn,1.1771509531408724
protein,within_syn,1.0999633310919141
protein,within_syn,0.9750551940771229
protein,within_syn,0.9200326341402406
protein,within_syn,1.1072778132219954
protein,within_syn,1.079789460545809
protein,within_syn,1.1493123320048209
protein,within_syn,0.9056826209960415
protein,within_syn,1.265965843293951
protein,within_syn,1.0854378856412954
protein,within_syn,1.0317419273104755
protein,within_syn,1.030467971907633
protein,within_syn,1.120416752562142
protein,within_syn,0.0
protein,within_syn,0.8572095714603928
protein,within_syn,0.9200326341402406
protein,within_syn,1.3308056915811255
protein,within_syn,0.9056826209960415
protein,within_syn,1.0999633310919141
protein,within_syn,1.0092364138456769
protein,within_syn,1.3562237561111552
protein,within_syn,1.1072778132219954
protein,within_syn,1.265965843293951
protein,within_syn,1.0317419273104755
protein,within_syn,1.1771509531408724
protein,within_syn,0.9750551940771229
protein,within_syn,1.079789460545809
protein,within_syn,1.0782684122562984
protein,within_syn,1.1493123320048209
protein,within_syn,0.8527531631332376
protein,within_syn,0.9970487034849755
protein,within_syn,1.0678938976821866
protein,within_syn,1.2397015603853039
protein,within_syn,0.831157112240418
protein,within_syn,1.0637647369921632
protein,within_syn,1.0361363932272378
protein,within_syn,1.2717240930532345
protein,within_syn,1.0073992454290737
protein,within_syn,0.9085593107255647
protein,within_syn,1.028738387480318
protein,within_syn,0.9582401168876621
protein,within_syn,1.0848380302166545
protein,within_syn,1.1300432201986397
protein,within_syn,1.1138905061743625
protein,within_syn,0.7920903356508239
protein,within_syn,1.1349069930774485
protein,within_syn,1.2602121318678936
protein,within_syn,1.0844221975212383
protein,within_syn,0.0
protein,within_syn,0.8527531631332376
protein,within_syn,1.030467971907633
protein,within_syn,1.0637647369921632
protein,within_syn,0.9582401168876621
protein,within_syn,1.2397015603853039
protein,within_syn,0.7920903356508239
protein,within_syn,0.9085593107255647
protein,within_syn,1.0678938976821866
protein,within_syn,0.9970487034849755
protein,within_syn,1.0848380302166545
protein,within_syn,1.1349069930774485
protein,within_syn,1.0844221975212383
protein,within_syn,1.0073992454290737
protein,within_syn,1.028738387480318
protein,within_syn,1.1300432201986397
protein,within_syn,1.0361363932272378
protein,within_syn,1.1138905061743625
protein,within_syn,1.1488426977958182
protein,within_syn,1.0939053343154694
protein,within_syn,1.268808604634597
protein,within_syn,0.9218636451928605
protein,within_syn,1.158249098059992
protein,within_syn,1.0188289648944986
protein,within_syn,1.2957545830878918
protein,within_syn,1.1469520579692982
protein,within_syn,1.094383153688693
protein,within_syn,1.096697911590912
protein,within_syn,1.047997060605459
protein,within_syn,1.1528958034198313
protein,within_syn,1.2119299422882548
protein,within_syn,1.1581469791318797
protein,within_syn,0.8643648844470391
protein,within_syn,1.2417991630284382
protein,within_syn,1.30462667507527
protein,within_syn,1.1780856861054783
protein,within_syn,0.8527531631332376
protein,within_syn,0.0
protein,within_syn,1.120416752562142
protein,within_syn,1.158249098059992
protein,within_syn,1.047997060605459
protein,within_syn,1.268808604634597
protein,within_syn,0.8643648844470391
protein,within_syn,1.094383153688693
protein,within_syn,1.0939053343154694
protein,within_syn,1.1488426977958182
protein,within_syn,1.1528958034198313
protein,within_syn,1.2417991630284382
protein,within_syn,1.1780856861054783
protein,within_syn,1.1469520579692982
protein,within_syn,1.096697911590912
protein,within_syn,1.2119299422882548
protein,within_syn,1.0188289648944986
protein,within_syn,1.1581469791318797
protein,within_syn,1.2544856881062991
protein,within_syn,1.367270583067363
protein,within_syn,1.0555905339198455
protein,within_syn,1.2406703196105207
protein,within_syn,1.218558674668426
protein,within_syn,1.5785118894679817
protein,within_syn,1.1500909006894773
protein,within_syn,1.112687272508936
protein,within_syn,1.253352713145272
protein,within_syn,1.2128648877910477
protein,within_syn,1.1956177266096337
protein,within_syn,1.3274458344706555
protein,within_syn,1.2885371028643509
protein,within_syn,1.0566592173711868
protein,within_syn,1.2869586260446826
protein,within_syn,1.4539952774091904
protein,within_syn,1.2242547138037654
protein,within_syn,0.9970487034849755
protein,within_syn,1.1488426977958182
protein,within_syn,1.3562237561111552
protein,within_syn,1.2406703196105207
protein,within_syn,1.2128648877910477
protein,within_syn,1.367270583067363
protein,within_syn,1.0566592173711868
protein,within_syn,1.112687272508936
protein,within_syn,1.2544856881062991
protein,within_syn,0.0
protein,within_syn,1.1956177266096337
protein,within_syn,1.2869586260446826
protein,within_syn,1.2242547138037654
protein,within_syn,1.1500909006894773
protein,within_syn,1.253352713145272
protein,within_syn,1.3274458344706555
protein,within_syn,1.218558674668426
protein,within_syn,1.2885371028643509
protein,within_syn,1.219274519176868
protein,within_syn,0.8858386424205463
protein,within_syn,1.1361244288917685
protein,within_syn,0.998800619823348
protein,within_syn,1.1795230309806906
protein,within_syn,1.2511349131674636
protein,within_syn,1.0855599182452556
protein,within_syn,1.0653638361444286
protein,within_syn,1.0193126789858349
protein,within_syn,1.1370576638487364
protein,within_syn,1.1325917224284276
protein,within_syn,1.222882154106836
protein,within_syn,0.9501900088410888
protein,within_syn,1.3107734536566715
protein,within_syn,1.173968390996484
protein,within_syn,1.155223776682861
protein,within_syn,1.0678938976821866
protein,within_syn,1.0939053343154694
protein,within_syn,1.0092364138456769
protein,within_syn,1.1361244288917685
protein,within_syn,1.0193126789858349
protein,within_syn,1.219274519176868
protein,within_syn,0.9501900088410888
protein,within_syn,1.0855599182452556
protein,within_syn,0.0
protein,within_syn,1.2544856881062991
protein,within_syn,1.1370576638487364
protein,within_syn,1.3107734536566715
protein,within_syn,1.155223776682861
protein,within_syn,1.2511349131674636
protein,within_syn,1.0653638361444286
protein,within_syn,1.1325917224284276
protein,within_syn,0.998800619823348
protein,within_syn,1.222882154106836
protein,within_syn,1.239816487662069
protein,within_syn,1.2989709318887082
protein,within_syn,1.4210610533978918
protein,within_syn,1.4979908972882885
protein,within_syn,1.2402109693044248
protein,within_syn,1.15348932067508
protein,within_syn,1.3281776095857423
protein,within_syn,1.2711552567769904
protein,within_syn,1.2692531296028622
protein,within_syn,1.3365606569771218
protein,within_syn,1.3222389783131872
protein,within_syn,1.1837674470518866
protein,within_syn,1.2970220242159123
protein,within_syn,1.3351958806772544
protein,within_syn,1.3197744568400807
protein,within_syn,1.2397015603853039
protein,within_syn,1.268808604634597
protein,within_syn,1.3308056915811255
protein,within_syn,1.2989709318887082
protein,within_syn,1.2711552567769904
protein,within_syn,0.0
protein,within_syn,1.1837674470518866
protein,within_syn,1.15348932067508
protein,within_syn,1.219274519176868
protein,within_syn,1.367270583067363
protein,within_syn,1.2692531296028622
protein,within_syn,1.2970220242159123
protein,within_syn,1.3197744568400807
protein,within_syn,1.2402109693044248
protein,within_syn,1.3281776095857423
protein,within_syn,1.3365606569771218
protein,within_syn,1.4210610533978918
protein,within_syn,1.3222389783131872
protein,within_syn,1.051094569545441
protein,within_syn,0.8227125075776948
protein,within_syn,1.1993356811757105
protein,within_syn,1.0854183446266954
protein,within_syn,0.9053714502440467
protein,within_syn,0.9204635536693304
protein,within_syn,0.8407755045646905
protein,within_syn,0.9749592926016662
protein,within_syn,1.002735266512536
protein,within_syn,1.0091148885646701
protein,within_syn,0.7494849937942876
protein,within_syn,1.1072356389586195
protein,within_syn,1.1187903666297363
protein,within_syn,1.1249158405748707
protein,within_syn,0.831157112240418
protein,within_syn,0.9218636451928605
protein,within_syn,0.9648887445269277
protein,within_syn,1.051094569545441
protein,within_syn,0.8407755045646905
protein,within_syn,1.239816487662069
protein,within_syn,0.7494849937942876
protein,within_syn,0.9053714502440467
protein,within_syn,0.8858386424205463
protein,within_syn,1.0555905339198455
protein,within_syn,0.9749592926016662
protein,within_syn,1.1072356389586195
protein,within_syn,1.1249158405748707
protein,within_syn,1.0854183446266954
protein,within_syn,0.9204635536693304
protein,within_syn,1.002735266512536
protein,within_syn,0.8227125075776948
protein,within_syn,1.0091148885646701
protein,within_syn,1.2210784600821414
protein,within_syn,1.306266857140333
protein,within_syn,0.9971709863365794
protein,within_syn,1.1022216612512865
protein,within_syn,1.1468194363801407
protein,within_syn,1.063440576883345
protein,within_syn,1.2013076707435106
protein,within_syn,1.150669443005045
protein,within_syn,1.2215517464261603
protein,within_syn,1.078624270711031
protein,within_syn,1.2573594833567006
protein,within_syn,1.2346341673077672
protein,within_syn,0.9585486884366485
protein,within_syn,1.0637647369921632
protein,within_syn,1.158249098059992
protein,within_syn,0.8572095714603928
protein,within_syn,0.0
protein,within_syn,1.063440576883345
protein,within_syn,1.2989709318887082
protein,within_syn,1.078624270711031
protein,within_syn,1.1022216612512865
protein,within_syn,1.1361244288917685
protein,within_syn,1.2406703196105207
protein,within_syn,1.2013076707435106
protein,within_syn,1.2573594833567006
protein,within_syn,0.9585486884366485
protein,within_syn,0.9971709863365794
protein,within_syn,1.1468194363801407
protein,within_syn,1.150669443005045
protein,within_syn,1.2210784600821414
protein,within_syn,1.2215517464261603
protein,within_syn,1.2211763264742264
protein,within_syn,1.2423677247256246
protein,within_syn,1.1219605225080347
protein,within_syn,1.0201901655682162
protein,within_syn,0.9520928438495333
protein,within_syn,1.1551457189360022
protein,within_syn,1.125484269066007
protein,within_syn,1.232110629977917
protein,within_syn,0.8843612460657876
protein,within_syn,1.2523428319441168
protein,within_syn,1.2455324158367704
protein,within_syn,1.266621631434329
protein,within_syn,1.0361363932272378
protein,within_syn,1.0188289648944986
protein,within_syn,1.0782684122562984
protein,within_syn,1.2210784600821414
protein,within_syn,0.9520928438495333
protein,within_syn,1.4210610533978918
protein,within_syn,0.8843612460657876
protein,within_syn,1.1219605225080347
protein,within_syn,0.998800619823348
protein,within_syn,1.218558674668426
protein,within_syn,1.1551457189360022
protein,within_syn,1.2523428319441168
protein,within_syn,1.266621631434329
protein,within_syn,1.2423677247256246
protein,within_syn,1.0201901655682162
protein,within_syn,1.125484269066007
protein,within_syn,0.0
protein,within_syn,1.232110629977917
protein,within_syn,1.401174732280757
protein,within_syn,1.2184161291441689
protein,within_syn,1.1927024627136102
protein,within_syn,1.2088467342500167
protein,within_syn,1.2096731693986986
protein,within_syn,1.1414983139695807
protein,within_syn,1.2169943585021359
protein,within_syn,1.146668760986344
protein,within_syn,1.3151015865503437
protein,within_syn,0.9465936560556718
protein,within_syn,1.4791598591081394
protein,within_syn,1.2717240930532345
protein,within_syn,1.2957545830878918
protein,within_syn,1.1906825856308323
protein,within_syn,1.306266857140333
protein,within_syn,1.2088467342500167
protein,within_syn,1.4979908972882885
protein,within_syn,1.146668760986344
protein,within_syn,1.2184161291441689
protein,within_syn,1.1795230309806906
protein,within_syn,1.5785118894679817
protein,within_syn,1.2096731693986986
protein,within_syn,1.3151015865503437
protein,within_syn,1.4791598591081394
protein,within_syn,1.401174732280757
protein,within_syn,1.1927024627136102
protein,within_syn,1.1414983139695807
protein,within_syn,1.2211763264742264
protein,within_syn,1.2169943585021359
protein,within_syn,1.0065927862159567
protein,within_syn,1.178206319574209
protein,within_syn,1.11776481497508
protein,within_syn,1.1428791636269189
protein,within_syn,1.1339772685870724
protein,within_syn,1.128681994523712
protein,within_syn,1.1246823405121917
protein,within_syn,1.140757500045602
protein,within_syn,1.3365277560058049
protein,within_syn,1.1172649345523573
protein,within_syn,1.0073992454290737
protein,within_syn,1.1469520579692982
protein,within_syn,1.1771509531408724
protein,within_syn,0.9971709863365794
protein,within_syn,1.11776481497508
protein,within_syn,1.2402109693044248
protein,within_syn,1.1246823405121917
protein,within_syn,1.0065927862159567
protein,within_syn,1.2511349131674636
protein,within_syn,1.1500909006894773
protein,within_syn,1.1428791636269189
protein,within_syn,1.140757500045602
protein,within_syn,1.1172649345523573
protein,within_syn,0.0
protein,within_syn,1.178206319574209
protein,within_syn,1.1339772685870724
protein,within_syn,1.2423677247256246
protein,within_syn,1.128681994523712
protein,within_syn,0.9352931678697205
protein,within_syn,0.9610799919209154
protein,within_syn,0.7227460941364512
protein,within_syn,0.8713812078108564
protein,within_syn,0.9550631821115005
protein,within_syn,0.9124950262556875
protein,within_syn,0.8157281758880647
protein,within_syn,1.031707868557227
protein,within_syn,1.1674703328492249
protein,within_syn,0.9085593107255647
protein,within_syn,1.094383153688693
protein,within_syn,1.0999633310919141
protein,within_syn,1.1022216612512865
protein,within_syn,0.9610799919209154
protein,within_syn,1.15348932067508
protein,within_syn,0.9124950262556875
protein,within_syn,0.0
protein,within_syn,1.0855599182452556
protein,within_syn,1.112687272508936
protein,within_syn,0.7227460941364512
protein,within_syn,0.8157281758880647
protein,within_syn,1.1674703328492249
protein,within_syn,1.0065927862159567
protein,within_syn,0.9352931678697205
protein,within_syn,0.8713812078108564
protein,within_syn,1.1219605225080347
protein,within_syn,0.9550631821115005
protein,within_syn,0.9932497885067129
protein,within_syn,0.9311575653935049
protein,within_syn,0.8151705516958823
protein,within_syn,0.9363075286441985
protein,within_syn,0.9248430945062546
protein,within_syn,1.0730728895764163
protein,within_syn,0.97608632606505
protein,within_syn,1.2949749457205642
protein,within_syn,1.028738387480318
protein,within_syn,1.096697911590912
protein,within_syn,0.9750551940771229
protein,within_syn,1.1468194363801407
protein,within_syn,0.9932497885067129
protein,within_syn,1.3281776095857423
protein,within_syn,0.9248430945062546
protein,within_syn,0.9352931678697205
protein,within_syn,1.0653638361444286
protein,within_syn,1.253352713145272
protein,within_syn,0.9311575653935049
protein,within_syn,1.0730728895764163
protein,within_syn,1.2949749457205642
protein,within_syn,1.178206319574209
protein,within_syn,0.0
protein,within_syn,0.8151705516958823
protein,within_syn,1.0201901655682162
protein,within_syn,0.9363075286441985
protein,within_syn,1.0133370893654334
protein,within_syn,1.0501173867327351
protein,within_syn,1.097594019267553
protein,within_syn,0.8384138477747651
protein,within_syn,1.1242770281520786
protein,within_syn,1.087940146291006
protein,within_syn,1.1926784794186986
protein,within_syn,0.9582401168876621
protein,within_syn,1.047997060605459
protein,within_syn,0.9200326341402406
protein,within_syn,1.063440576883345
protein,within_syn,0.0
protein,within_syn,1.2711552567769904
protein,within_syn,0.8384138477747651
protein,within_syn,0.9610799919209154
protein,within_syn,1.0193126789858349
protein,within_syn,1.2128648877910477
protein,within_syn,1.0133370893654334
protein,within_syn,1.1242770281520786
protein,within_syn,1.1926784794186986
protein,within_syn,1.11776481497508
protein,within_syn,0.9932497885067129
protein,within_syn,1.0501173867327351
protein,within_syn,0.9520928438495333
protein,within_syn,1.097594019267553
protein,within_syn,0.8886997420942451
protein,within_syn,0.8649233365862317
protein,within_syn,1.0728342011493772
protein,within_syn,0.9834913901632346
protein,within_syn,0.9999271749792059
protein,within_syn,1.3276329512205634
protein,within_syn,1.0848380302166545
protein,within_syn,1.1528958034198313
protein,within_syn,1.1072778132219954
protein,within_syn,1.2013076707435106
protein,within_syn,1.0133370893654334
protein,within_syn,1.2692531296028622
protein,within_syn,1.0728342011493772
protein,within_syn,0.7227460941364512
protein,within_syn,1.1370576638487364
protein,within_syn,1.1956177266096337
protein,within_syn,0.0
protein,within_syn,0.9834913901632346
protein,within_syn,1.3276329512205634
protein,within_syn,1.1428791636269189
protein,within_syn,0.9311575653935049
protein,within_syn,0.8886997420942451
protein,within_syn,1.1551457189360022
protein,within_syn,0.8649233365862317
protein,within_syn,0.9052557348773309
protein,within_syn,1.0666015945306848
protein,within_syn,0.9753628735846342
protein,within_syn,0.9736960668653907
protein,within_syn,1.324360519968395
protein,within_syn,1.1300432201986397
protein,within_syn,1.2119299422882548
protein,within_syn,1.079789460545809
protein,within_syn,1.150669443005045
protein,within_syn,1.0501173867327351
protein,within_syn,1.3365606569771218
protein,within_syn,1.0666015945306848
protein,within_syn,0.8713812078108564
protein,within_syn,1.1325917224284276
protein,within_syn,1.3274458344706555
protein,within_syn,0.8886997420942451
protein,within_syn,0.9753628735846342
protein,within_syn,1.324360519968395
protein,within_syn,1.1339772685870724
protein,within_syn,0.8151705516958823
protein,within_syn,0.0
protein,within_syn,1.125484269066007
protein,within_syn,0.9052557348773309
protein,within_syn,1.1186528095070716
protein,within_syn,0.9237141186432445
protein,within_syn,1.0836749209694938
protein,within_syn,1.3784279185480015
protein,within_syn,1.1138905061743625
protein,within_syn,1.1581469791318797
protein,within_syn,1.1493123320048209
protein,within_syn,1.2215517464261603
protein,within_syn,1.097594019267553
protein,within_syn,1.3222389783131872
protein,within_syn,1.1186528095070716
protein,within_syn,0.9550631821115005
protein,within_syn,1.222882154106836
protein,within_syn,1.2885371028643509
protein,within_syn,0.8649233365862317
protein,within_syn,0.9237141186432445
protein,within_syn,1.3784279185480015
protein,within_syn,1.128681994523712
protein,within_syn,0.9363075286441985
protein,within_syn,0.9052557348773309
protein,within_syn,1.232110629977917
protein,within_syn,0.0
protein,within_syn,1.1255198191663
protein,within_syn,1.1017940697934032
protein,within_syn,1.1238446992931643
protein,within_syn,0.7920903356508239
protein,within_syn,0.8643648844470391
protein,within_syn,0.9056826209960415
protein,within_syn,1.078624270711031
protein,within_syn,0.8384138477747651
protein,within_syn,1.1837674470518866
protein,within_syn,0.0
protein,within_syn,0.9124950262556875
protein,within_syn,0.9501900088410888
protein,within_syn,1.0566592173711868
protein,within_syn,1.0728342011493772
protein,within_syn,1.1255198191663
protein,within_syn,1.1238446992931643
protein,within_syn,1.1246823405121917
protein,within_syn,0.9248430945062546
protein,within_syn,1.0666015945306848
protein,within_syn,0.8843612460657876
protein,within_syn,1.1186528095070716
protein,within_syn,1.093994339018967
protein,within_syn,1.3527752098544146
protein,within_syn,1.1349069930774485
protein,within_syn,1.2417991630284382
protein,within_syn,1.265965843293951
protein,within_syn,1.2573594833567006
protein,within_syn,1.1242770281520786
protein,within_syn,1.2970220242159123
protein,within_syn,1.1255198191663
protein,within_syn,0.8157281758880647
protein,within_syn,1.3107734536566715
protein,within_syn,1.2869586260446826
protein,within_syn,0.9834913901632346
protein,within_syn,0.0
protein,within_syn,1.3527752098544146
protein,within_syn,1.140757500045602
protein,within_syn,1.0730728895764163
protein,within_syn,0.9753628735846342
protein,within_syn,1.2523428319441168
protein,within_syn,0.9237141186432445
protein,within_syn,1.460536234858146
protein,within_syn,1.2602121318678936
protein,within_syn,1.30462667507527
protein,within_syn,1.0854378856412954
protein,within_syn,1.2346341673077672
protein,within_syn,1.087940146291006
protein,within_syn,1.3351958806772544
protein,within_syn,1.1017940697934032
protein,within_syn,1.031707868557227
protein,within_syn,1.173968390996484
protein,within_syn,1.4539952774091904
protein,within_syn,0.9999271749792059
protein,within_syn,1.093994339018967
protein,within_syn,1.460536234858146
protein,within_syn,1.3365277560058049
protein,within_syn,0.97608632606505
protein,within_syn,0.9736960668653907
protein,within_syn,1.2455324158367704
protein,within_syn,1.0836749209694938
protein,within_syn,1.0844221975212383
protein,within_syn,1.1780856861054783
protein,within_syn,1.0317419273104755
protein,within_syn,0.9585486884366485
protein,within_syn,1.1926784794186986
protein,within_syn,1.3197744568400807
protein,within_syn,1.1238446992931643
protein,within_syn,1.1674703328492249
protein,within_syn,1.155223776682861
protein,within_syn,1.2242547138037654
protein,within_syn,1.3276329512205634
protein,within_syn,1.3527752098544146
protein,within_syn,0.0
protein,within_syn,1.1172649345523573
protein,within_syn,1.2949749457205642
protein,within_syn,1.324360519968395
protein,within_syn,1.266621631434329
protein,within_syn,1.3784279185480015
protein,within_syn,0.8527531631332376
protein,within_syn,1.030467971907633
protein,within_syn,1.0637647369921632
protein,within_syn,0.9582401168876621
protein,within_syn,1.2397015603853039
protein,within_syn,0.7920903356508239
protein,within_syn,0.9085593107255647
protein,within_syn,1.0678938976821866
protein,within_syn,0.9970487034849755
protein,within_syn,1.0848380302166545
protein,within_syn,1.1349069930774485
protein,within_syn,1.0844221975212383
protein,within_syn,1.0073992454290737
protein,within_syn,1.028738387480318
protein,within_syn,1.1300432201986397
protein,within_syn,1.0361363932272378
protein,within_syn,1.1138905061743625
protein,within_syn,1.120416752562142
protein,within_syn,1.158249098059992
protein,within_syn,1.047997060605459
protein,within_syn,1.268808604634597
protein,within_syn,0.8643648844470391
protein,within_syn,1.094383153688693
protein,within_syn,1.0939053343154694
protein,within_syn,1.1488426977958182
protein,within_syn,1.1528958034198313
protein,within_syn,1.2417991630284382
protein,within_syn,1.1780856861054783
protein,within_syn,1.1469520579692982
protein,within_syn,1.096697911590912
protein,within_syn,1.2119299422882548
protein,within_syn,1.0188289648944986
protein,within_syn,1.1581469791318797
protein,within_syn,0.8572095714603928
protein,within_syn,0.9200326341402406
protein,within_syn,1.3308056915811255
protein,within_syn,0.9056826209960415
protein,within_syn,1.0999633310919141
protein,within_syn,1.0092364138456769
protein,within_syn,1.3562237561111552
protein,within_syn,1.1072778132219954
protein,within_syn,1.265965843293951
protein,within_syn,1.0317419273104755
protein,within_syn,1.1771509531408724
protein,within_syn,0.9750551940771229
protein,within_syn,1.079789460545809
protein,within_syn,1.0782684122562984
protein,within_syn,1.1493123320048209
protein,within_syn,1.063440576883345
protein,within_syn,1.2989709318887082
protein,within_syn,1.078624270711031
protein,within_syn,1.1022216612512865
protein,within_syn,1.1361244288917685
protein,within_syn,1.2406703196105207
protein,within_syn,1.2013076707435106
protein,within_syn,1.2573594833567006
protein,within_syn,0.9585486884366485
protein,within_syn,0.9971709863365794
protein,within_syn,1.1468194363801407
protein,within_syn,1.150669443005045
protein,within_syn,1.2210784600821414
protein,within_syn,1.2215517464261603
protein,within_syn,1.2711552567769904
protein,within_syn,0.8384138477747651
protein,within_syn,0.9610799919209154
protein,within_syn,1.0193126789858349
protein,within_syn,1.2128648877910477
protein,within_syn,1.0133370893654334
protein,within_syn,1.1242770281520786
protein,within_syn,1.1926784794186986
protein,within_syn,1.11776481497508
protein,within_syn,0.9932497885067129
protein,within_syn,1.0501173867327351
protein,within_syn,0.9520928438495333
protein,within_syn,1.097594019267553
protein,within_syn,1.1837674470518866
protein,within_syn,1.15348932067508
protein,within_syn,1.219274519176868
protein,within_syn,1.367270583067363
protein,within_syn,1.2692531296028622
protein,within_syn,1.2970220242159123
protein,within_syn,1.3197744568400807
protein,within_syn,1.2402109693044248
protein,within_syn,1.3281776095857423
protein,within_syn,1.3365606569771218
protein,within_syn,1.4210610533978918
protein,within_syn,1.3222389783131872
protein,within_syn,0.9124950262556875
protein,within_syn,0.9501900088410888
protein,within_syn,1.0566592173711868
protein,within_syn,1.0728342011493772
protein,within_syn,1.1255198191663
protein,within_syn,1.1238446992931643
protein,within_syn,1.1246823405121917
protein,within_syn,0.9248430945062546
protein,within_syn,1.0666015945306848
protein,within_syn,0.8843612460657876
protein,within_syn,1.1186528095070716
protein,within_syn,1.0855599182452556
protein,within_syn,1.112687272508936
protein,within_syn,0.7227460941364512
protein,within_syn,0.8157281758880647
protein,within_syn,1.1674703328492249
protein,within_syn,1.0065927862159567
protein,within_syn,0.9352931678697205
protein,within_syn,0.8713812078108564
protein,within_syn,1.1219605225080347
protein,within_syn,0.9550631821115005
protein,within_syn,1.2544856881062991
protein,within_syn,1.1370576638487364
protein,within_syn,1.3107734536566715
protein,within_syn,1.155223776682861
protein,within_syn,1.2511349131674636
protein,within_syn,1.0653638361444286
protein,within_syn,1.1325917224284276
protein,within_syn,0.998800619823348
protein,within_syn,1.222882154106836
protein,within_syn,1.1956177266096337
protein,within_syn,1.2869586260446826
protein,within_syn,1.2242547138037654
protein,within_syn,1.1500909006894773
protein,within_syn,1.253352713145272
protein,within_syn,1.3274458344706555
protein,within_syn,1.218558674668426
protein,within_syn,1.2885371028643509
protein,within_syn,0.9834913901632346
protein,within_syn,1.3276329512205634
protein,within_syn,1.1428791636269189
protein,within_syn,0.9311575653935049
protein,within_syn,0.8886997420942451
protein,within_syn,1.1551457189360022
protein,within_syn,0.8649233365862317
protein,within_syn,1.3527752098544146
protein,within_syn,1.140757500045602
protein,within_syn,1.0730728895764163
protein,within_syn,0.9753628735846342
protein,within_syn,1.2523428319441168
protein,within_syn,0.9237141186432445
protein,within_syn,1.1172649345523573
protein,within_syn,1.2949749457205642
protein,within_syn,1.324360519968395
protein,within_syn,1.266621631434329
protein,within_syn,1.3784279185480015
protein,within_syn,1.178206319574209
protein,within_syn,1.1339772685870724
protein,within_syn,1.2423677247256246
protein,within_syn,1.128681994523712
protein,within_syn,0.8151705516958823
protein,within_syn,1.0201901655682162
protein,within_syn,0.9363075286441985
protein,within_syn,1.125484269066007
protein,within_syn,0.9052557348773309
protein,within_syn,1.232110629977917
protein,between_real,1.7644202198247712
protein,between_real,1.9431653301241378
protein,between_real,1.8502751304493998
protein,between_real,1.8182910497997855
protein,between_real,1.8361208135449985
protein,between_real,1.8708256900685893
protein,between_real,1.8049457541091347
protein,between_real,1.9003552149145466
protein,between_real,1.8640048079488778
protein,between_real,1.8751914082178136
protein,between_real,1.9680441798674648
protein,between_real,1.8822972127944106
protein,between_real,1.8480282736864946
protein,between_real,1.919545350309245
protein,between_real,1.8381705950687297
protein,between_real,1.8128830489727565
protein,between_real,1.8309445209315958
protein,between_real,1.715688224420159
protein,between_real,1.5521318606652272
protein,between_real,1.8614256124320638
protein,between_real,1.843689033366141
protein,between_real,1.7642208097809073
protein,between_real,1.1966246487005876
protein,between_real,1.1282516189356178
protein,between_real,1.8075508023024982
protein,between_real,1.1747059799103385
protein,between_real,1.158530052665189
protein,between_real,1.141485099551806
protein,between_real,1.7922333280509415
protein,between_real,0.9245708610883642
protein,between_real,1.3863548590416719
protein,between_real,1.0196852726844974
protein,between_real,1.7986202384677747
protein,between_real,1.720420310828078
protein,between_real,1.569964886935111
protein,between_real,1.7514224135833145
protein,between_real,0.9237196382167889
protein,between_real,1.5670006363657638
protein,between_real,1.8235568891215006
protein,between_real,1.9636155355215634
protein,between_real,0.9997377746954941
protein,between_real,1.2753597448951666
protein,between_real,2.0056858882849715
protein,between_real,1.0160286815524362
protein,between_real,1.0675585379278612
protein,between_real,1.2718447910685866
protein,between_real,1.9859144998673741
protein,between_real,1.1489996341358037
protein,between_real,1.7019955831102445
protein,between_real,1.3239355824571115
protein,between_real,1.9830380078437173
protein,between_real,1.9503505000589214
protein,between_real,1.7941186207195972
protein,between_real,1.952753260654935
protein,between_real,1.353320823384249
protein,between_real,1.7213123551387624
protein,between_real,1.9753554068486492
protein,between_real,1.8173859060219848
protein,between_real,1.811775099687189
protein,between_real,1.8266920147639367
protein,between_real,1.8264043186772545
protein,between_real,1.772627421714782
protein,between_real,1.9128075655137666
protein,between_real,1.8522583364155365
protein,between_real,1.8269851926439904
protein,between_real,1.9978477948202702
protein,between_real,1.8689942893552738
protein,between_real,1.8225702255556695
protein,between_real,1.9211614248595275
protein,between_real,1.8477868155926165
protein,between_real,1.7682613974151336
protein,between_real,1.7900512674528717
protein,between_real,1.6829215961573594
protein,between_real,1.5320133432685819
protein,between_real,1.8388404013412303
protein,between_real,1.8319288039056643
protein,between_real,0.9877227602470477
protein,between_real,0.9891192758097789
protein,between_real,1.837889290349209
protein,between_real,1.1295615464008817
protein,between_real,0.9972627939099303
protein,between_real,1.0969242496258054
protein,between_real,1.8381179936706256
protein,between_real,0.9371110387230841
protein,between_real,1.62097071041654
protein,between_real,1.1683935925334823
protein,between_real,1.8740333479429754
protein,between_real,1.8329729651354538
protein,between_real,1.671351877807855
protein,between_real,1.807921178562451
protein,between_real,1.214962470618784
protein,between_real,1.7073672489797245
protein,between_real,1.9729553537041595
protein,between_real,1.1015036115192416
protein,between_real,1.181831212024867
protein,between_real,1.0661146279870908
protein,between_real,0.9723781133838234
protein,between_real,0.9599423628488247
protein,between_real,0.9768081563127429
protein,between_real,1.0633218377408309
protein,between_real,1.006228116845878
protein,between_real,0.9718707701698145
protein,between_real,0.8412990944281903
protein,between_real,0.9479556540012201
protein,between_real,1.2138856425139077
protein,between_real,1.0998333741312656
protein,between_real,1.329806070850214
protein,between_real,1.0563268452762726
protein,between_real,1.323686209738855
protein,between_real,1.0673181044243818
protein,between_real,1.292667145673191
protein,between_real,1.0975175573835971
protein,between_real,1.0874436967226806
protein,between_real,1.2052236154013165
protein,between_real,1.0428986429467082
protein,between_real,1.2286954243619328
protein,between_real,1.034295016173639
protein,between_real,0.9983183228204597
protein,between_real,1.256407335658384
protein,between_real,1.227780239552644
protein,between_real,1.0268363756644063
protein,between_real,1.1733441148204848
protein,between_real,1.3164140217008369
protein,between_real,1.043588398466815
protein,between_real,1.4532528421522888
protein,between_real,0.8792268616997626
protein,between_real,1.2339335606245525
protein,between_real,1.401296270625274
protein,between_real,1.4683016494879688
protein,between_real,1.8288851709409402
protein,between_real,1.8489584168775746
protein,between_real,1.8289383404194262
protein,between_real,1.7769845212729127
protein,between_real,1.946517451354828
protein,between_real,1.867762635158685
protein,between_real,1.8163635058121994
protein,between_real,2.042951702708256
protein,between_real,1.8839001168926677
protein,between_real,1.8402878292080325
protein,between_real,1.9559586078352431
protein,between_real,1.898013517058833
protein,between_real,1.7598487380445316
protein,between_real,1.7913750361102079
protein,between_real,1.7019479270865352
protein,between_real,1.5945900087904175
protein,between_real,1.8530778801805181
protein,between_real,1.8518556840301612
protein,between_real,1.0912285089095715
protein,between_real,1.1371980529547876
protein,between_real,1.040995348022362
protein,between_real,1.8120493332070695
protein,between_real,1.055697235327716
protein,between_real,1.58290710089374
protein,between_real,1.1921049720175638
protein,between_real,1.865729435289901
protein,between_real,1.829091581275966
protein,between_real,1.6435535834279136
protein,between_real,1.7916720279588558
protein,between_real,1.182587868418385
protein,between_real,1.6657167231200227
protein,between_real,1.9502654962988504
protein,between_real,1.2581928915169527
protein,between_real,1.2130112181818564
protein,between_real,1.1719149178503971
protein,between_real,1.818023986457532
protein,between_real,1.0012093070526977
protein,between_real,1.6209829483727463
protein,between_real,1.3119583734440672
protein,between_real,1.8871512090854679
protein,between_real,1.8436951398906514
protein,between_real,1.6950329953418453
protein,between_real,1.8078983819633714
protein,between_real,1.278275780563043
protein,between_real,1.7389575498593286
protein,between_real,1.991173660166565
protein,between_real,1.2736548904920644
protein,between_real,1.107129008890619
protein,between_real,1.0084086343714165
protein,between_real,1.120155341375173
protein,between_real,1.281074771593261
protein,between_real,1.019072917426509
protein,between_real,1.149755535816122
protein,between_real,1.0262051839552153
protein,between_real,1.0950140326349291
protein,between_real,1.1954783314486825
protein,between_real,1.2190057209001637
protein,between_real,1.3731608871078749
protein,between_real,1.1303103941966275
protein,between_real,1.3006378185443404
protein,between_real,1.0926222418169016
protein,between_real,1.2857386985195223
protein,between_real,1.0964556011966815
protein,between_real,1.421458414569203
protein,between_real,1.8354960827058946
protein,between_real,1.2173445348170537
protein,between_real,1.7412503737516887
protein,between_real,1.3966651407250608
protein,between_real,1.8890827667319963
protein,between_real,1.8444822567123849
protein,between_real,1.7102421844232263
protein,between_real,1.8155431286304449
protein,between_real,1.3385367069297678
protein,between_real,1.7688054793002144
protein,between_real,2.0340849682166477
protein,between_real,1.0650634198324522
protein,between_real,1.0846798988570296
protein,between_real,1.0847176653357578
protein,between_real,1.2233567050506942
protein,between_real,1.0934513253191978
protein,between_real,1.0375866148687576
protein,between_real,0.9782583605777069
protein,between_real,1.0344823928096583
protein,between_real,1.2147523468303294
protein,between_real,1.1403546948519332
protein,between_real,1.3867944294218186
protein,between_real,1.0139824399619441
protein,between_real,1.2741367160640322
protein,between_real,1.199751710938201
protein,between_real,1.2203190095341014
protein,between_real,1.1442783947399922
protein,between_real,1.772069277031988
protein,between_real,1.074666197457279
protein,between_real,1.6084649841816259
protein,between_real,1.2088443730311065
protein,between_real,1.8424611462485059
protein,between_real,1.7958930508672275
protein,between_real,1.6555642678780231
protein,between_real,1.7604680890809723
protein,between_real,1.1949022787333867
protein,between_real,1.7126352951673103
protein,between_real,1.972174945482198
protein,between_real,1.2157021870845575
protein,between_real,1.1173374678832764
protein,between_real,1.3149892063226076
protein,between_real,1.3070854047657223
protein,between_real,1.4050143787955307
protein,between_real,1.2138452399165098
protein,between_real,1.3395301988225137
protein,between_real,1.1864515290228408
protein,between_real,1.2735386316715016
protein,between_real,1.1611566893650755
protein,between_real,1.0411065666557335
protein,between_real,1.0704520172414176
protein,between_real,1.3280653038830925
protein,between_real,1.3708363252905593
protein,between_real,1.9256303691172012
protein,between_real,1.0741804115659517
protein,between_real,1.6468080151241982
protein,between_real,1.2319824599989735
protein,between_real,1.9373552775266045
protein,between_real,1.909048502908949
protein,between_real,1.747173328174604
protein,between_real,1.902064403759375
protein,between_real,1.2802726046874315
protein,between_real,1.714837869912654
protein,between_real,1.9494336227611746
protein,between_real,1.857462893718828
protein,between_real,0.9640565278229082
protein,between_real,1.6350645852003654
protein,between_real,1.2436291451775316
protein,between_real,1.9040778829238947
protein,between_real,1.8593511665065507
protein,between_real,1.6977827158789018
protein,between_real,1.8394732580406485
protein,between_real,1.2073011346933311
protein,between_real,1.7440691336371459
protein,between_real,1.9987285833758535
protein,between_real,1.823479313385551
protein,between_real,1.115737858391396
protein,between_real,1.6930231490926895
protein,between_real,1.3591071407903135
protein,between_real,1.9082897017468157
protein,between_real,1.855531050935816
protein,between_real,1.7153289982439819
protein,between_real,1.8137243997109753
protein,between_real,1.2841163250672019
protein,between_real,1.8004139473439276
protein,between_real,2.078367820433625
protein,between_real,2.0164426369303015
protein,between_real,1.1690739508265673
protein,between_real,1.6989217570198119
protein,between_real,1.3251349612649357
protein,between_real,2.006521282899962
protein,between_real,1.9799907910134262
protein,between_real,1.8158172177908656
protein,between_real,1.9876017926862317
protein,between_real,1.319311349710133
protein,between_real,1.7702256601897262
protein,between_real,1.9877927428899094
protein,between_real,1.8810410486945073
protein,between_real,1.156960676367624
protein,between_real,1.7067450920097227
protein,between_real,1.3205946563388111
protein,between_real,1.9094546178001521
protein,between_real,1.8721203858191848
protein,between_real,1.7311512005583083
protein,between_real,1.8584508203370445
protein,between_real,1.3021780322486207
protein,between_real,1.7346323730436382
protein,between_real,1.9784587795713877
protein,between_real,1.8420015745387932
protein,between_real,1.938018155765625
protein,between_real,1.864357271092405
protein,between_real,1.7640315419347108
protein,between_real,1.784221540728183
protein,between_real,1.6944442042855592
protein,between_real,1.5511197401340107
protein,between_real,1.848194927141364
protein,between_real,1.8431000957975332
protein,between_real,0.9883973046033796
protein,between_real,1.606950126300033
protein,between_real,1.1830298639580292
protein,between_real,1.872960239369698
protein,between_real,1.832040053763962
protein,between_real,1.670266070887365
protein,between_real,1.8136162842820172
protein,between_real,1.130956734575656
protein,between_real,1.677495755469705
protein,between_real,1.9478845162741747
protein,between_real,1.113149969149469
protein,between_real,1.6706564508921167
protein,between_real,1.2582017135827517
protein,between_real,1.946733123446857
protein,between_real,1.9171002098821308
protein,between_real,1.7494908027989917
protein,between_real,1.9112748306627827
protein,between_real,1.1896951844179662
protein,between_real,1.71876057292876
protein,between_real,1.9583848530782757
protein,between_real,1.136487879502047
protein,between_real,1.061903214075728
protein,between_real,1.3450945175814806
protein,between_real,0.8827357965171047
protein,between_real,1.086714138287702
protein,between_real,1.2390070486005356
protein,between_real,1.2944544830724527
protein,between_real,1.537561239984196
protein,between_real,1.597676429310425
protein,between_real,1.5966074018785894
protein,between_real,1.435780836659259
protein,between_real,1.1756956381293913
protein,between_real,1.6630707776163711
protein,between_real,1.6520976526047628
protein,between_real,1.2601426090013228
protein,between_real,1.880506735208255
protein,between_real,1.8506110868488845
protein,between_real,1.6668088725646921
protein,between_real,1.8286888046365426
protein,between_real,1.2100401536426864
protein,between_real,1.6389809360698644
protein,between_real,1.8865167495882624
protein,between_real,1.256638626533242
protein,between_real,1.3805494698183982
protein,between_real,0.9945727857606402
protein,between_real,0.7956494318642252
protein,between_real,1.3205405631991376
protein,between_real,1.348757855058401
protein,between_real,1.8450691901526095
protein,between_real,1.7894108099768484
protein,between_real,1.6398177992222316
protein,between_real,1.7555378052568194
protein,between_real,1.2074487974725956
protein,between_real,1.7340660157369139
protein,between_real,2.0060692690959177
protein,between_real,1.8710871778847544
protein,between_real,1.7390603716540969
protein,between_real,1.6110353563461686
protein,between_real,1.88287059897866
protein,between_real,1.8696985954913472
protein,between_real,1.7917911674699674
protein,between_real,1.6977801230749834
protein,between_real,1.5836750084675222
protein,between_real,1.85390917136215
protein,between_real,1.8304411052801333
protein,between_real,1.6646237714221763
protein,between_real,1.514876074479817
protein,between_real,1.3312070915178968
protein,between_real,1.7120583239273326
protein,between_real,1.706248835292614
protein,between_real,1.764506301807689
protein,between_real,1.4278339734619414
protein,between_real,1.7706783208153194
protein,between_real,2.0307962951693543
protein,between_real,1.6741172672980107
protein,between_real,1.52785653936329
protein,between_real,1.8268030307889416
protein,between_real,1.819390650146024
protein,between_real,0.9671284732926319
protein,between_real,0.8837132897237195
protein,between_real,1.4134069547693404
protein,between_real,1.489132431864116
protein,between_real,1.5788211715475962
protein,between_real,1.8461929564147141
protein,between_real,1.360753121893639
protein,between_real,1.6968656814699294
protein,between_real,1.7407228678909532
protein,between_real,1.6690119858727068
protein,between_real,1.9422771804496355
protein,between_real,1.930727267201218
protein,between_syn,1.9686200303747832
protein,between_syn,2.0770079943253377
protein,between_syn,1.8701836061519943
protein,between_syn,1.9807598358507075
protein,between_syn,1.9995466221176754
protein,between_syn,1.9809352360284704
protein,between_syn,1.9637464398882294
protein,between_syn,1.9649074302103122
protein,between_syn,1.9821649427813073
protein,between_syn,2.0118227964192315
protein,between_syn,2.0535984444677324
protein,between_syn,1.6939530913901066
protein,between_syn,2.02620386336211
protein,between_syn,2.0464562454953557
protein,between_syn,1.9167864975421045
protein,between_syn,1.958223232114442
protein,between_syn,2.0042432667500925
protein,between_syn,2.0314471822284443
protein,between_syn,1.8309548644973233
protein,between_syn,2.1232245293024685
protein,between_syn,1.9974476194441528
protein,between_syn,1.8701836061519943
protein,between_syn,1.9821649427813073
protein,between_syn,2.02620386336211
protein,between_syn,2.0770079943253377
protein,between_syn,2.0464562454953557
protein,between_syn,1.958223232114442
protein,between_syn,2.0314471822284443
protein,between_syn,1.8309548644973233
protein,between_syn,2.1232245293024685
protein,between_syn,2.0535984444677324
protein,between_syn,1.9167864975421045
protein,between_syn,1.9686200303747832
protein,between_syn,1.9807598358507075
protein,between_syn,2.0118227964192315
protein,between_syn,1.9974476194441528
protein,between_syn,1.9809352360284704
protein,between_syn,1.9637464398882294
protein,between_syn,2.0042432667500925
protein,between_syn,1.9649074302103122
protein,between_syn,1.9995466221176754
protein,between_syn,1.6939530913901066
protein,between_syn,1.9821649427813073
protein,between_syn,2.02620386336211
protein,between_syn,1.8701836061519943
protein,between_syn,1.8309548644973233
protein,between_syn,2.0118227964192315
protein,between_syn,1.958223232114442
protein,between_syn,2.0042432667500925
protein,between_syn,1.9686200303747832
protein,between_syn,2.0464562454953557
protein,between_syn,2.0770079943253377
protein,between_syn,1.9974476194441528
protein,between_syn,1.9649074302103122
protein,between_syn,1.6939530913901066
protein,between_syn,1.9167864975421045
protein,between_syn,1.9807598358507075
protein,between_syn,1.9809352360284704
protein,between_syn,2.1232245293024685
protein,between_syn,1.9637464398882294
protein,between_syn,1.2593287638889288
protein,between_syn,1.5069180798647563
protein,between_syn,1.0433774535252691
protein,between_syn,1.1374899549054391
protein,between_syn,1.2640706949287013
protein,between_syn,1.2323015000787527
protein,between_syn,1.2770667297157787
protein,between_syn,1.362785715058281
protein,between_syn,1.1878849207247506
protein,between_syn,1.1546657795490507
protein,between_syn,1.3116593400645096
protein,between_syn,1.2810124415600008
protein,between_syn,1.1552518842366153
protein,between_syn,1.1866445832215207
protein,between_syn,1.335943982769085
protein,between_syn,1.4464294816721133
protein,between_syn,1.0672350257651253
protein,between_syn,1.1383268922366183
protein,between_syn,1.2100244040444394
protein,between_syn,1.1904944242616589
protein,between_syn,1.275018884203344
protein,between_syn,1.0433774535252691
protein,between_syn,1.1878849207247506
protein,between_syn,1.1552518842366153
protein,between_syn,1.5069180798647563
protein,between_syn,1.1866445832215207
protein,between_syn,1.4464294816721133
protein,between_syn,1.1383268922366183
protein,between_syn,1.2100244040444394
protein,between_syn,1.1904944242616589
protein,between_syn,1.3116593400645096
protein,between_syn,1.335943982769085
protein,between_syn,1.2593287638889288
protein,between_syn,1.1374899549054391
protein,between_syn,1.1546657795490507
protein,between_syn,1.275018884203344
protein,between_syn,1.2323015000787527
protein,between_syn,1.2770667297157787
protein,between_syn,1.0672350257651253
protein,between_syn,1.362785715058281
protein,between_syn,1.2640706949287013
protein,between_syn,1.2810124415600008
protein,between_syn,1.1878849207247506
protein,between_syn,1.1552518842366153
protein,between_syn,1.0433774535252691
protein,between_syn,1.2100244040444394
protein,between_syn,1.1546657795490507
protein,between_syn,1.4464294816721133
protein,between_syn,1.0672350257651253
protein,between_syn,1.2593287638889288
protein,between_syn,1.1866445832215207
protein,between_syn,1.5069180798647563
protein,between_syn,1.275018884203344
protein,between_syn,1.362785715058281
protein,between_syn,1.2810124415600008
protein,between_syn,1.335943982769085
protein,between_syn,1.1374899549054391
protein,between_syn,1.2323015000787527
protein,between_syn,1.1904944242616589
protein,between_syn,1.2770667297157787
protein,between_syn,1.0730657471068379
protein,between_syn,1.4007163403736622
protein,between_syn,1.1543743894465515
protein,between_syn,1.0625045327483569
protein,between_syn,1.0769848851746775
protein,between_syn,1.0286172069904038
protein,between_syn,1.081418106520132
protein,between_syn,1.1100505639744205
protein,between_syn,1.1502736151412898
protein,between_syn,1.1181402276696315
protein,between_syn,1.1631568902001581
protein,between_syn,1.337581763723658
protein,between_syn,1.2288719031401434
protein,between_syn,1.1785780063413076
protein,between_syn,1.2507371798489952
protein,between_syn,1.2786079616687416
protein,between_syn,1.0880113266097577
protein,between_syn,1.0841458500411034
protein,between_syn,1.2388004645667163
protein,between_syn,1.1603996569114374
protein,between_syn,1.113059285283709
protein,between_syn,1.1543743894465515
protein,between_syn,1.1502736151412898
protein,between_syn,1.2288719031401434
protein,between_syn,1.4007163403736622
protein,between_syn,1.1785780063413076
protein,between_syn,1.2786079616687416
protein,between_syn,1.0841458500411034
protein,between_syn,1.2388004645667163
protein,between_syn,1.1603996569114374
protein,between_syn,1.1631568902001581
protein,between_syn,1.2507371798489952
protein,between_syn,1.0730657471068379
protein,between_syn,1.0625045327483569
protein,between_syn,1.1181402276696315
protein,between_syn,1.113059285283709
protein,between_syn,1.0286172069904038
protein,between_syn,1.081418106520132
protein,between_syn,1.0880113266097577
protein,between_syn,1.1100505639744205
protein,between_syn,1.0769848851746775
protein,between_syn,1.337581763723658
protein,between_syn,1.1502736151412898
protein,between_syn,1.2288719031401434
protein,between_syn,1.1543743894465515
protein,between_syn,1.2388004645667163
protein,between_syn,1.1181402276696315
protein,between_syn,1.2786079616687416
protein,between_syn,1.0880113266097577
protein,between_syn,1.0730657471068379
protein,between_syn,1.1785780063413076
protein,between_syn,1.4007163403736622
protein,between_syn,1.113059285283709
protein,between_syn,1.1100505639744205
protein,between_syn,1.337581763723658
protein,between_syn,1.2507371798489952
protein,between_syn,1.0625045327483569
protein,between_syn,1.0286172069904038
protein,between_syn,1.1603996569114374
protein,between_syn,1.081418106520132
protein,between_syn,1.6102323494972781
protein,between_syn,1.609917199650133
protein,between_syn,1.4183173630864494
protein,between_syn,1.623249030298321
protein,between_syn,1.7268349485216494
protein,between_syn,1.6781718003292065
protein,between_syn,1.6771776579242983
protein,between_syn,1.6444089317624004
protein,between_syn,1.5753489070726672
protein,between_syn,1.6034282935930857
protein,between_syn,1.7814195566378495
protein,between_syn,1.1190500196571052
protein,between_syn,1.6205076810281827
protein,between_syn,1.6104294593788473
protein,between_syn,1.519620507027906
protein,between_syn,1.6258963747501018
protein,between_syn,1.6040750884640695
protein,between_syn,1.6147587360369557
protein,between_syn,1.3623711092627908
protein,between_syn,1.7005649990012788
protein,between_syn,1.6834553017973983
protein,between_syn,1.4183173630864494
protein,between_syn,1.5753489070726672
protein,between_syn,1.6205076810281827
protein,between_syn,1.609917199650133
protein,between_syn,1.6104294593788473
protein,between_syn,1.6258963747501018
protein,between_syn,1.6147587360369557
protein,between_syn,1.3623711092627908
protein,between_syn,1.7005649990012788
protein,between_syn,1.7814195566378495
protein,between_syn,1.519620507027906
protein,between_syn,1.6102323494972781
protein,between_syn,1.623249030298321
protein,between_syn,1.6034282935930857
protein,between_syn,1.6834553017973983
protein,between_syn,1.6781718003292065
protein,between_syn,1.6771776579242983
protein,between_syn,1.6040750884640695
protein,between_syn,1.6444089317624004
protein,between_syn,1.7268349485216494
protein,between_syn,1.1190500196571052
protein,between_syn,1.5753489070726672
protein,between_syn,1.6205076810281827
protein,between_syn,1.4183173630864494
protein,between_syn,1.3623711092627908
protein,between_syn,1.6034282935930857
protein,between_syn,1.6258963747501018
protein,between_syn,1.6040750884640695
protein,between_syn,1.6102323494972781
protein,between_syn,1.6104294593788473
protein,between_syn,1.609917199650133
protein,between_syn,1.6834553017973983
protein,between_syn,1.6444089317624004
protein,between_syn,1.1190500196571052
protein,between_syn,1.519620507027906
protein,between_syn,1.623249030298321
protein,between_syn,1.6781718003292065
protein,between_syn,1.7005649990012788
protein,between_syn,1.6771776579242983
protein,between_syn,1.9428484671443933
protein,between_syn,1.7937385174301084
protein,between_syn,1.6886707390509237
protein,between_syn,1.8511646311607899
protein,between_syn,1.8826120923923408
protein,between_syn,1.9451680234481612
protein,between_syn,1.9873465094869278
protein,between_syn,1.8765618405532114
protein,between_syn,1.8262063973985407
protein,between_syn,1.781308347280905
protein,between_syn,1.8376887790959173
protein,between_syn,1.559185461361464
protein,between_syn,1.8332868245408438
protein,between_syn,1.7719204560896902
protein,between_syn,1.8855305542587268
protein,between_syn,1.8509518969784575
protein,between_syn,1.8483170653141645
protein,between_syn,1.8610827674559192
protein,between_syn,1.7880921906561527
protein,between_syn,1.8246926192477861
protein,between_syn,2.012082228695102
protein,between_syn,1.6886707390509237
protein,between_syn,1.8262063973985407
protein,between_syn,1.8332868245408438
protein,between_syn,1.7937385174301084
protein,between_syn,1.7719204560896902
protein,between_syn,1.8509518969784575
protein,between_syn,1.8610827674559192
protein,between_syn,1.7880921906561527
protein,between_syn,1.8246926192477861
protein,between_syn,1.8376887790959173
protein,between_syn,1.8855305542587268
protein,between_syn,1.9428484671443933
protein,between_syn,1.8511646311607899
protein,between_syn,1.781308347280905
protein,between_syn,2.012082228695102
protein,between_syn,1.9451680234481612
protein,between_syn,1.9873465094869278
protein,between_syn,1.8483170653141645
protein,between_syn,1.8765618405532114
protein,between_syn,1.8826120923923408
protein,between_syn,1.559185461361464
protein,between_syn,1.8262063973985407
protein,between_syn,1.8332868245408438
protein,between_syn,1.6886707390509237
protein,between_syn,1.7880921906561527
protein,between_syn,1.781308347280905
protein,between_syn,1.8509518969784575
protein,between_syn,1.8483170653141645
protein,between_syn,1.9428484671443933
protein,between_syn,1.7719204560896902
protein,between_syn,1.7937385174301084
protein,between_syn,2.012082228695102
protein,between_syn,1.8765618405532114
protein,between_syn,1.559185461361464
protein,between_syn,1.8855305542587268
protein,between_syn,1.8511646311607899
protein,between_syn,1.9451680234481612
protein,between_syn,1.8246926192477861
protein,between_syn,1.9873465094869278
protein,between_syn,1.9656014284419414
protein,between_syn,1.7938262648731222
protein,between_syn,1.703132906576439
protein,between_syn,1.8488103413695915
protein,between_syn,1.8831982820868003
protein,between_syn,1.9656000335335022
protein,between_syn,2.0095319401547895
protein,between_syn,1.8844183228530251
protein,between_syn,1.8402132707565642
protein,between_syn,1.7838908421980049
protein,between_syn,1.8243193984731672
protein,between_syn,1.6001769626788507
protein,between_syn,1.85435157172233
protein,between_syn,1.762682715029412
protein,between_syn,1.9150077914362973
protein,between_syn,1.8600119163465636
protein,between_syn,1.847054436028459
protein,between_syn,1.8688777602032427
protein,between_syn,1.8059515363616334
protein,between_syn,1.8141131685707883
protein,between_syn,2.0374330709295165
protein,between_syn,1.703132906576439
protein,between_syn,1.8402132707565642
protein,between_syn,1.85435157172233
protein,between_syn,1.7938262648731222
protein,between_syn,1.762682715029412
protein,between_syn,1.8600119163465636
protein,between_syn,1.8688777602032427
protein,between_syn,1.8059515363616334
protein,between_syn,1.8141131685707883
protein,between_syn,1.8243193984731672
protein,between_syn,1.9150077914362973
protein,between_syn,1.9656014284419414
protein,between_syn,1.8488103413695915
protein,between_syn,1.7838908421980049
protein,between_syn,2.0374330709295165
protein,between_syn,1.9656000335335022
protein,between_syn,2.0095319401547895
protein,between_syn,1.847054436028459
protein,between_syn,1.8844183228530251
protein,between_syn,1.8831982820868003
protein,between_syn,1.6001769626788507
protein,between_syn,1.8402132707565642
protein,between_syn,1.85435157172233
protein,between_syn,1.703132906576439
protein,between_syn,1.8059515363616334
protein,between_syn,1.7838908421980049
protein,between_syn,1.8600119163465636
protein,between_syn,1.847054436028459
protein,between_syn,1.9656014284419414
protein,between_syn,1.762682715029412
protein,between_syn,1.7938262648731222
protein,between_syn,2.0374330709295165
protein,between_syn,1.8844183228530251
protein,between_syn,1.6001769626788507
protein,between_syn,1.9150077914362973
protein,between_syn,1.8488103413695915
protein,between_syn,1.9656000335335022
protein,between_syn,1.8141131685707883
protein,between_syn,2.0095319401547895
protein,between_syn,1.9069317436571143
protein,between_syn,1.7750589901720395
protein,between_syn,1.6664396488540871
protein,between_syn,1.8123268822434724
protein,between_syn,1.85448167777351
protein,between_syn,1.9080435654689476
protein,between_syn,1.9385758083295739
protein,between_syn,1.8448599437903122
protein,between_syn,1.796482030043171
protein,between_syn,1.7700097740968233
protein,between_syn,1.8106723017820654
protein,between_syn,1.5235803189568022
protein,between_syn,1.8135716549798866
protein,between_syn,1.7611395823173384
protein,between_syn,1.836071486745066
protein,between_syn,1.822129212278476
protein,between_syn,1.8114523006273724
protein,between_syn,1.8398848355423219
protein,between_syn,1.7368815625896938
protein,between_syn,1.8162347803547214
protein,between_syn,1.971452782490787
protein,between_syn,1.6664396488540871
protein,between_syn,1.796482030043171
protein,between_syn,1.8135716549798866
protein,between_syn,1.7750589901720395
protein,between_syn,1.7611395823173384
protein,between_syn,1.822129212278476
protein,between_syn,1.8398848355423219
protein,between_syn,1.7368815625896938
protein,between_syn,1.8162347803547214
protein,between_syn,1.8106723017820654
protein,between_syn,1.836071486745066
protein,between_syn,1.9069317436571143
protein,between_syn,1.8123268822434724
protein,between_syn,1.7700097740968233
protein,between_syn,1.971452782490787
protein,between_syn,1.9080435654689476
protein,between_syn,1.9385758083295739
protein,between_syn,1.8114523006273724
protein,between_syn,1.8448599437903122
protein,between_syn,1.85448167777351
protein,between_syn,1.5235803189568022
protein,between_syn,1.796482030043171
protein,between_syn,1.8135716549798866
protein,between_syn,1.6664396488540871
protein,between_syn,1.7368815625896938
protein,between_syn,1.7700097740968233
protein,between_syn,1.822129212278476
protein,between_syn,1.8114523006273724
protein,between_syn,1.9069317436571143
protein,between_syn,1.7611395823173384
protein,between_syn,1.7750589901720395
protein,between_syn,1.971452782490787
protein,between_syn,1.8448599437903122
protein,between_syn,1.5235803189568022
protein,between_syn,1.836071486745066
protein,between_syn,1.8123268822434724
protein,between_syn,1.9080435654689476
protein,between_syn,1.8162347803547214
protein,between_syn,1.9385758083295739
protein,between_syn,1.9550815371943588
protein,between_syn,1.885240581733278
protein,between_syn,1.748999667039612
protein,between_syn,1.8882884334478598
protein,between_syn,1.9180472763503909
protein,between_syn,1.9601231736759595
protein,between_syn,1.983993963641051
protein,between_syn,1.9087686730458902
protein,between_syn,1.8836563588342414
protein,between_syn,1.857882588079199
protein,between_syn,1.8878770492354753
protein,between_syn,1.6216482970191282
protein,between_syn,1.9027190815546324
protein,between_syn,1.8571147114303035
protein,between_syn,1.9008670902291804
protein,between_syn,1.8847946000136688
protein,between_syn,1.8908006205776238
protein,between_syn,1.9151415125200284
protein,between_syn,1.8023974715960285
protein,between_syn,1.9197081843569008
protein,between_syn,2.0077425580257926
protein,between_syn,1.748999667039612
protein,between_syn,1.8836563588342414
protein,between_syn,1.9027190815546324
protein,between_syn,1.885240581733278
protein,between_syn,1.8571147114303035
protein,between_syn,1.8847946000136688
protein,between_syn,1.9151415125200284
protein,between_syn,1.8023974715960285
protein,between_syn,1.9197081843569008
protein,between_syn,1.8878770492354753
protein,between_syn,1.9008670902291804
protein,between_syn,1.9550815371943588
protein,between_syn,1.8882884334478598
protein,between_syn,1.857882588079199
protein,between_syn,2.0077425580257926
protein,between_syn,1.9601231736759595
protein,between_syn,1.983993963641051
protein,between_syn,1.8908006205776238
protein,between_syn,1.9087686730458902
protein,between_syn,1.9180472763503909
protein,between_syn,1.6216482970191282
protein,between_syn,1.8836563588342414
protein,between_syn,1.9027190815546324
protein,between_syn,1.748999667039612
protein,between_syn,1.8023974715960285
protein,between_syn,1.857882588079199
protein,between_syn,1.8847946000136688
protein,between_syn,1.8908006205776238
protein,between_syn,1.9550815371943588
protein,between_syn,1.8571147114303035
protein,between_syn,1.885240581733278
protein,between_syn,2.0077425580257926
protein,between_syn,1.9087686730458902
protein,between_syn,1.6216482970191282
protein,between_syn,1.9008670902291804
protein,between_syn,1.8882884334478598
protein,between_syn,1.9601231736759595
protein,between_syn,1.9197081843569008
protein,between_syn,1.983993963641051
protein,between_syn,1.2371320943836586
protein,between_syn,1.302925639661767
protein,between_syn,1.2430338049983432
protein,between_syn,1.2686701076345932
protein,between_syn,1.4270757111758807
protein,between_syn,1.3383963374811303
protein,between_syn,1.263400285720404
protein,between_syn,1.3071984769908729
protein,between_syn,1.1079899643602265
protein,between_syn,1.2620848447076365
protein,between_syn,1.4763977698688477
protein,between_syn,1.1780440562931296
protein,between_syn,1.2589895980954633
protein,between_syn,1.3108535598361455
protein,between_syn,1.2036456474997876
protein,between_syn,1.327326677046176
protein,between_syn,1.156737830661638
protein,between_syn,1.178546492790211
protein,between_syn,1.2685906760891201
protein,between_syn,1.3701378364457637
protein,between_syn,1.3229762760872343
protein,between_syn,1.2430338049983432
protein,between_syn,1.1079899643602265
protein,between_syn,1.2589895980954633
protein,between_syn,1.302925639661767
protein,between_syn,1.3108535598361455
protein,between_syn,1.327326677046176
protein,between_syn,1.178546492790211
protein,between_syn,1.2685906760891201
protein,between_syn,1.3701378364457637
protein,between_syn,1.4763977698688477
protein,between_syn,1.2036456474997876
protein,between_syn,1.2371320943836586
protein,between_syn,1.2686701076345932
protein,between_syn,1.2620848447076365
protein,between_syn,1.3229762760872343
protein,between_syn,1.3383963374811303
protein,between_syn,1.263400285720404
protein,between_syn,1.156737830661638
protein,between_syn,1.3071984769908729
protein,between_syn,1.4270757111758807
protein,between_syn,1.1780440562931296
protein,between_syn,1.1079899643602265
protein,between_syn,1.2589895980954633
protein,between_syn,1.2430338049983432
protein,between_syn,1.2685906760891201
protein,between_syn,1.2620848447076365
protein,between_syn,1.327326677046176
protein,between_syn,1.156737830661638
protein,between_syn,1.2371320943836586
protein,between_syn,1.3108535598361455
protein,between_syn,1.302925639661767
protein,between_syn,1.3229762760872343
protein,between_syn,1.3071984769908729
protein,between_syn,1.1780440562931296
protein,between_syn,1.2036456474997876
protein,between_syn,1.2686701076345932
protein,between_syn,1.3383963374811303
protein,between_syn,1.3701378364457637
protein,between_syn,1.263400285720404
protein,between_syn,1.0435256339262475
protein,between_syn,1.351071494320072
protein,between_syn,1.17547414456983
protein,between_syn,1.108325746543766
protein,between_syn,1.2066836144165416
protein,between_syn,1.118059507137872
protein,between_syn,1.0673875513361755
protein,between_syn,1.0950603849520515
protein,between_syn,1.098489778741083
protein,between_syn,1.1569228267288303
protein,between_syn,1.3471130598625174
protein,between_syn,1.2809271803971707
protein,between_syn,1.2693138439160825
protein,between_syn,1.2577280784652656
protein,between_syn,1.1623354042079772
protein,between_syn,1.255823328351911
protein,between_syn,1.135685642940979
protein,between_syn,1.1189568914592243
protein,between_syn,1.2116216617497468
protein,between_syn,1.2617944212659191
protein,between_syn,1.0468699531196999
protein,between_syn,1.17547414456983
protein,between_syn,1.098489778741083
protein,between_syn,1.2693138439160825
protein,between_syn,1.351071494320072
protein,between_syn,1.2577280784652656
protein,between_syn,1.255823328351911
protein,between_syn,1.1189568914592243
protein,between_syn,1.2116216617497468
protein,between_syn,1.2617944212659191
protein,between_syn,1.3471130598625174
protein,between_syn,1.1623354042079772
protein,between_syn,1.0435256339262475
protein,between_syn,1.108325746543766
protein,between_syn,1.1569228267288303
protein,between_syn,1.0468699531196999
protein,between_syn,1.118059507137872
protein,between_syn,1.0673875513361755
protein,between_syn,1.135685642940979
protein,between_syn,1.0950603849520515
protein,between_syn,1.2066836144165416
protein,between_syn,1.2809271803971707
protein,between_syn,1.098489778741083
protein,between_syn,1.2693138439160825
protein,between_syn,1.17547414456983
protein,between_syn,1.2116216617497468
protein,between_syn,1.1569228267288303
protein,between_syn,1.255823328351911
protein,between_syn,1.135685642940979
protein,between_syn,1.0435256339262475
protein,between_syn,1.2577280784652656
protein,between_syn,1.351071494320072
protein,between_syn,1.0468699531196999
protein,between_syn,1.0950603849520515
protein,between_syn,1.2809271803971707
protein,between_syn,1.1623354042079772
protein,between_syn,1.108325746543766
protein,between_syn,1.118059507137872
protein,between_syn,1.2617944212659191
protein,between_syn,1.0673875513361755
protein,between_syn,1.169173303770824
protein,between_syn,1.43075057975658
protein,between_syn,1.059525667791299
protein,between_syn,1.106999947980756
protein,between_syn,1.2332188552401686
protein,between_syn,1.1442509449280098
protein,between_syn,1.1840441962152515
protein,between_syn,1.2472663099071617
protein,between_syn,1.1345569959568127
protein,between_syn,1.1609335222151584
protein,between_syn,1.3116622489531118
protein,between_syn,1.146388282077227
protein,between_syn,1.089218161053341
protein,between_syn,1.1805337663887636
protein,between_syn,1.200706590314224
protein,between_syn,1.2469818953234615
protein,between_syn,1.0385626982080685
protein,between_syn,1.0645176407350467
protein,between_syn,1.0879416362631311
protein,between_syn,1.2113419005070871
protein,between_syn,1.2293146208013621
protein,between_syn,1.059525667791299
protein,between_syn,1.1345569959568127
protein,between_syn,1.089218161053341
protein,between_syn,1.43075057975658
protein,between_syn,1.1805337663887636
protein,between_syn,1.2469818953234615
protein,between_syn,1.0645176407350467
protein,between_syn,1.0879416362631311
protein,between_syn,1.2113419005070871
protein,between_syn,1.3116622489531118
protein,between_syn,1.200706590314224
protein,between_syn,1.169173303770824
protein,between_syn,1.106999947980756
protein,between_syn,1.1609335222151584
protein,between_syn,1.2293146208013621
protein,between_syn,1.1442509449280098
protein,between_syn,1.1840441962152515
protein,between_syn,1.0385626982080685
protein,between_syn,1.2472663099071617
protein,between_syn,1.2332188552401686
protein,between_syn,1.146388282077227
protein,between_syn,1.1345569959568127
protein,between_syn,1.089218161053341
protein,between_syn,1.059525667791299
protein,between_syn,1.0879416362631311
protein,between_syn,1.1609335222151584
protein,between_syn,1.2469818953234615
protein,between_syn,1.0385626982080685
protein,between_syn,1.169173303770824
protein,between_syn,1.1805337663887636
protein,between_syn,1.43075057975658
protein,between_syn,1.2293146208013621
protein,between_syn,1.2472663099071617
protein,between_syn,1.146388282077227
protein,between_syn,1.200706590314224
protein,between_syn,1.106999947980756
protein,between_syn,1.1442509449280098
protein,between_syn,1.2113419005070871
protein,between_syn,1.1840441962152515
protein,between_syn,1.9195078105657397
protein,between_syn,1.8489335782412333
protein,between_syn,1.7176221193176007
protein,between_syn,1.8646595174879594
protein,between_syn,1.8939343207008523
protein,between_syn,1.932347926093102
protein,between_syn,1.9481530512991412
protein,between_syn,1.8868229444618156
protein,between_syn,1.840910957207378
protein,between_syn,1.8207097178293907
protein,between_syn,1.882748128157696
protein,between_syn,1.5679341619232945
protein,between_syn,1.8537337038089456
protein,between_syn,1.827107236559036
protein,between_syn,1.8641979677892762
protein,between_syn,1.8558873910107079
protein,between_syn,1.8660435736539291
protein,between_syn,1.8773315743345176
protein,between_syn,1.769477198417843
protein,between_syn,1.884832064898574
protein,between_syn,1.9717478646362174
protein,between_syn,1.7176221193176007
protein,between_syn,1.840910957207378
protein,between_syn,1.8537337038089456
protein,between_syn,1.8489335782412333
protein,between_syn,1.827107236559036
protein,between_syn,1.8558873910107079
protein,between_syn,1.8773315743345176
protein,between_syn,1.769477198417843
protein,between_syn,1.884832064898574
protein,between_syn,1.882748128157696
protein,between_syn,1.8641979677892762
protein,between_syn,1.9195078105657397
protein,between_syn,1.8646595174879594
protein,between_syn,1.8207097178293907
protein,between_syn,1.9717478646362174
protein,between_syn,1.932347926093102
protein,between_syn,1.9481530512991412
protein,between_syn,1.8660435736539291
protein,between_syn,1.8868229444618156
protein,between_syn,1.8939343207008523
protein,between_syn,1.5679341619232945
protein,between_syn,1.840910957207378
protein,between_syn,1.8537337038089456
protein,between_syn,1.7176221193176007
protein,between_syn,1.769477198417843
protein,between_syn,1.8207097178293907
protein,between_syn,1.8558873910107079
protein,between_syn,1.8660435736539291
protein,between_syn,1.9195078105657397
protein,between_syn,1.827107236559036
protein,between_syn,1.8489335782412333
protein,between_syn,1.9717478646362174
protein,between_syn,1.8868229444618156
protein,between_syn,1.5679341619232945
protein,between_syn,1.8641979677892762
protein,between_syn,1.8646595174879594
protein,between_syn,1.932347926093102
protein,between_syn,1.884832064898574
protein,between_syn,1.9481530512991412
protein,between_syn,1.252561270846103
protein,between_syn,1.4171190060595256
protein,between_syn,1.034401151271735
protein,between_syn,1.259094841568875
protein,between_syn,1.3602276796599604
protein,between_syn,1.2574581907877855
protein,between_syn,1.3141093472415275
protein,between_syn,1.2892174955777103
protein,between_syn,1.1980776634328392
protein,between_syn,1.2418092116002033
protein,between_syn,1.4276027977338268
protein,between_syn,0.932754434855168
protein,between_syn,1.3413330799660252
protein,between_syn,1.284104299736388
protein,between_syn,1.2554567728240822
protein,between_syn,1.34151894870342
protein,between_syn,1.2194876112213429
protein,between_syn,1.2689080221024518
protein,between_syn,1.043317232166751
protein,between_syn,1.383610271357969
protein,between_syn,1.3255218786693008
protein,between_syn,1.034401151271735
protein,between_syn,1.1980776634328392
protein,between_syn,1.3413330799660252
protein,between_syn,1.4171190060595256
protein,between_syn,1.284104299736388
protein,between_syn,1.34151894870342
protein,between_syn,1.2689080221024518
protein,between_syn,1.043317232166751
protein,between_syn,1.383610271357969
protein,between_syn,1.4276027977338268
protein,between_syn,1.2554567728240822
protein,between_syn,1.252561270846103
protein,between_syn,1.259094841568875
protein,between_syn,1.2418092116002033
protein,between_syn,1.3255218786693008
protein,between_syn,1.2574581907877855
protein,between_syn,1.3141093472415275
protein,between_syn,1.2194876112213429
protein,between_syn,1.2892174955777103
protein,between_syn,1.3602276796599604
protein,between_syn,0.932754434855168
protein,between_syn,1.1980776634328392
protein,between_syn,1.3413330799660252
protein,between_syn,1.034401151271735
protein,between_syn,1.043317232166751
protein,between_syn,1.2418092116002033
protein,between_syn,1.34151894870342
protein,between_syn,1.2194876112213429
protein,between_syn,1.252561270846103
protein,between_syn,1.284104299736388
protein,between_syn,1.4171190060595256
protein,between_syn,1.3255218786693008
protein,between_syn,1.2892174955777103
protein,between_syn,0.932754434855168
protein,between_syn,1.2554567728240822
protein,between_syn,1.259094841568875
protein,between_syn,1.2574581907877855
protein,between_syn,1.383610271357969
protein,between_syn,1.3141093472415275
protein,between_syn,1.9370279487119786
protein,between_syn,1.8149691764674618
protein,between_syn,1.7173519309314595
protein,between_syn,1.8546086871686203
protein,between_syn,1.8883359555238737
protein,between_syn,1.9406912385955424
protein,between_syn,1.9687775839348247
protein,between_syn,1.8833927402995938
protein,between_syn,1.8530178840500944
protein,between_syn,1.816283526523194
protein,between_syn,1.847064574804322
protein,between_syn,1.604003241930109
protein,between_syn,1.8633777505256943
protein,between_syn,1.8067600508182906
protein,between_syn,1.8834541082031648
protein,between_syn,1.8545359975076081
protein,between_syn,1.8576321023709925
protein,between_syn,1.8790464555499635
protein,between_syn,1.7560206812405723
protein,between_syn,1.8694781544451309
protein,between_syn,1.996782501042889
protein,between_syn,1.7173519309314595
protein,between_syn,1.8530178840500944
protein,between_syn,1.8633777505256943
protein,between_syn,1.8149691764674618
protein,between_syn,1.8067600508182906
protein,between_syn,1.8545359975076081
protein,between_syn,1.8790464555499635
protein,between_syn,1.7560206812405723
protein,between_syn,1.8694781544451309
protein,between_syn,1.847064574804322
protein,between_syn,1.8834541082031648
protein,between_syn,1.9370279487119786
protein,between_syn,1.8546086871686203
protein,between_syn,1.816283526523194
protein,between_syn,1.996782501042889
protein,between_syn,1.9406912385955424
protein,between_syn,1.9687775839348247
protein,between_syn,1.8576321023709925
protein,between_syn,1.8833927402995938
protein,between_syn,1.8883359555238737
protein,between_syn,1.604003241930109
protein,between_syn,1.8530178840500944
protein,between_syn,1.8633777505256943
protein,between_syn,1.7173519309314595
protein,between_syn,1.7560206812405723
protein,between_syn,1.816283526523194
protein,between_syn,1.8545359975076081
protein,between_syn,1.8576321023709925
protein,between_syn,1.9370279487119786
protein,between_syn,1.8067600508182906
protein,between_syn,1.8149691764674618
protein,between_syn,1.996782501042889
protein,between_syn,1.8833927402995938
protein,between_syn,1.604003241930109
protein,between_syn,1.8834541082031648
protein,between_syn,1.8546086871686203
protein,between_syn,1.9406912385955424
protein,between_syn,1.8694781544451309
protein,between_syn,1.9687775839348247
protein,between_syn,1.2849235376819708
protein,between_syn,1.4339215532724752
protein,between_syn,0.9602758181371491
protein,between_syn,1.1892011803997418
protein,between_syn,1.3658855841826316
protein,between_syn,1.2115542941584936
protein,between_syn,1.3478986382345708
protein,between_syn,1.4060087545952948
protein,between_syn,1.2239938221426618
protein,between_syn,1.2309586061087683
protein,between_syn,1.4236632133227793
protein,between_syn,0.9710773553527112
protein,between_syn,1.3241775130849596
protein,between_syn,1.2644781361183994
protein,between_syn,1.1997732818660252
protein,between_syn,1.4651004240140941
protein,between_syn,1.2171336610983017
protein,between_syn,1.241663649352954
protein,between_syn,0.9707393505477566
protein,between_syn,1.3060973356898427
protein,between_syn,1.3290532537222308
protein,between_syn,0.9602758181371491
protein,between_syn,1.2239938221426618
protein,between_syn,1.3241775130849596
protein,between_syn,1.4339215532724752
protein,between_syn,1.2644781361183994
protein,between_syn,1.4651004240140941
protein,between_syn,1.241663649352954
protein,between_syn,0.9707393505477566
protein,between_syn,1.3060973356898427
protein,between_syn,1.4236632133227793
protein,between_syn,1.1997732818660252
protein,between_syn,1.2849235376819708
protein,between_syn,1.1892011803997418
protein,between_syn,1.2309586061087683
protein,between_syn,1.3290532537222308
protein,between_syn,1.2115542941584936
protein,between_syn,1.3478986382345708
protein,between_syn,1.2171336610983017
protein,between_syn,1.4060087545952948
protein,between_syn,1.3658855841826316
protein,between_syn,0.9710773553527112
protein,between_syn,1.2239938221426618
protein,between_syn,1.3241775130849596
protein,between_syn,0.9602758181371491
protein,between_syn,0.9707393505477566
protein,between_syn,1.2309586061087683
protein,between_syn,1.4651004240140941
protein,between_syn,1.2171336610983017
protein,between_syn,1.2849235376819708
protein,between_syn,1.2644781361183994
protein,between_syn,1.4339215532724752
protein,between_syn,1.3290532537222308
protein,between_syn,1.4060087545952948
protein,between_syn,0.9710773553527112
protein,between_syn,1.1997732818660252
protein,between_syn,1.1892011803997418
protein,between_syn,1.2115542941584936
protein,between_syn,1.3060973356898427
protein,between_syn,1.3478986382345708
protein,between_syn,1.7195102474928918
protein,between_syn,1.7860230067056426
protein,between_syn,1.580306841623966
protein,between_syn,1.692956813991411
protein,between_syn,1.7508210139755356
protein,between_syn,1.7234844633652664
protein,between_syn,1.7128877575437145
protein,between_syn,1.700752972286292
protein,between_syn,1.6883735679670864
protein,between_syn,1.7291514027902555
protein,between_syn,1.786085484861037
protein,between_syn,1.339354615781622
protein,between_syn,1.751320913672447
protein,between_syn,1.7534877333236663
protein,between_syn,1.6498910144109833
protein,between_syn,1.7450430816820994
protein,between_syn,1.7194458641187416
protein,between_syn,1.7575673154232123
protein,between_syn,1.5559961211274154
protein,between_syn,1.822764054367911
protein,between_syn,1.7650126284291987
protein,between_syn,1.580306841623966
protein,between_syn,1.6883735679670864
protein,between_syn,1.751320913672447
protein,between_syn,1.7860230067056426
protein,between_syn,1.7534877333236663
protein,between_syn,1.7450430816820994
protein,between_syn,1.7575673154232123
protein,between_syn,1.5559961211274154
protein,between_syn,1.822764054367911
protein,between_syn,1.786085484861037
protein,between_syn,1.6498910144109833
protein,between_syn,1.7195102474928918
protein,between_syn,1.692956813991411
protein,between_syn,1.7291514027902555
protein,between_syn,1.7650126284291987
protein,between_syn,1.7234844633652664
protein,between_syn,1.7128877575437145
protein,between_syn,1.7194458641187416
protein,between_syn,1.700752972286292
protein,between_syn,1.7508210139755356
protein,between_syn,1.339354615781622
protein,between_syn,1.6883735679670864
protein,between_syn,1.751320913672447
protein,between_syn,1.580306841623966
protein,between_syn,1.5559961211274154
protein,between_syn,1.7291514027902555
protein,between_syn,1.7450430816820994
protein,between_syn,1.7194458641187416
protein,between_syn,1.7195102474928918
protein,between_syn,1.7534877333236663
protein,between_syn,1.7860230067056426
protein,between_syn,1.7650126284291987
protein,between_syn,1.700752972286292
protein,between_syn,1.339354615781622
protein,between_syn,1.6498910144109833
protein,between_syn,1.692956813991411
protein,between_syn,1.7234844633652664
protein,between_syn,1.822764054367911
protein,between_syn,1.7128877575437145
protein,between_syn,1.1590691228083254
protein,between_syn,1.4214285907664272
protein,between_syn,1.1355988404289115
protein,between_syn,1.1168926070586753
protein,between_syn,1.132410370568983
protein,between_syn,1.112823649077814
protein,between_syn,1.1159195305745395
protein,between_syn,1.2230787238131204
protein,between_syn,1.176736548423726
protein,between_syn,1.1716468795150763
protein,between_syn,1.1950444842531842
protein,between_syn,1.32200081085443
protein,between_syn,1.2511059917720404
protein,between_syn,1.1894209384265872
protein,between_syn,1.252020726112722
protein,between_syn,1.2219591616048402
protein,between_syn,1.0960268807991582
protein,between_syn,1.1594991504880043
protein,between_syn,1.2373515472000611
protein,between_syn,1.2731109786518866
protein,between_syn,1.1580640100739545
protein,between_syn,1.1355988404289115
protein,between_syn,1.176736548423726
protein,between_syn,1.2511059917720404
protein,between_syn,1.4214285907664272
protein,between_syn,1.1894209384265872
protein,between_syn,1.2219591616048402
protein,between_syn,1.1594991504880043
protein,between_syn,1.2373515472000611
protein,between_syn,1.2731109786518866
protein,between_syn,1.1950444842531842
protein,between_syn,1.252020726112722
protein,between_syn,1.1590691228083254
protein,between_syn,1.1168926070586753
protein,between_syn,1.1716468795150763
protein,between_syn,1.1580640100739545
protein,between_syn,1.112823649077814
protein,between_syn,1.1159195305745395
protein,between_syn,1.0960268807991582
protein,between_syn,1.2230787238131204
protein,between_syn,1.132410370568983
protein,between_syn,1.32200081085443
protein,between_syn,1.176736548423726
protein,between_syn,1.2511059917720404
protein,between_syn,1.1355988404289115
protein,between_syn,1.2373515472000611
protein,between_syn,1.1716468795150763
protein,between_syn,1.2219591616048402
protein,between_syn,1.0960268807991582
protein,between_syn,1.1590691228083254
protein,between_syn,1.1894209384265872
protein,between_syn,1.4214285907664272
protein,between_syn,1.1580640100739545
protein,between_syn,1.2230787238131204
protein,between_syn,1.32200081085443
protein,between_syn,1.252020726112722
protein,between_syn,1.1168926070586753
protein,between_syn,1.112823649077814
protein,between_syn,1.2731109786518866
protein,between_syn,1.1159195305745395
protein,between_syn,1.7113217672624998
protein,between_syn,1.6523646493804107
protein,between_syn,1.478257768477849
protein,between_syn,1.6338604901398361
protein,between_syn,1.6996724811619446
protein,between_syn,1.7007817782761483
protein,between_syn,1.7302519374580558
protein,between_syn,1.6954663102244585
protein,between_syn,1.6192722401023811
protein,between_syn,1.6388195605683287
protein,between_syn,1.6775335218219218
protein,between_syn,1.2773883428998452
protein,between_syn,1.6825110329833863
protein,between_syn,1.6238905754245871
protein,between_syn,1.6274585068890832
protein,between_syn,1.6820842315965836
protein,between_syn,1.6528066349488508
protein,between_syn,1.670649184467228
protein,between_syn,1.5153098474918392
protein,between_syn,1.6981718076774008
protein,between_syn,1.7524965453037544
protein,between_syn,1.478257768477849
protein,between_syn,1.6192722401023811
protein,between_syn,1.6825110329833863
protein,between_syn,1.6523646493804107
protein,between_syn,1.6238905754245871
protein,between_syn,1.6820842315965836
protein,between_syn,1.670649184467228
protein,between_syn,1.5153098474918392
protein,between_syn,1.6981718076774008
protein,between_syn,1.6775335218219218
protein,between_syn,1.6274585068890832
protein,between_syn,1.7113217672624998
protein,between_syn,1.6338604901398361
protein,between_syn,1.6388195605683287
protein,between_syn,1.7524965453037544
protein,between_syn,1.7007817782761483
protein,between_syn,1.7302519374580558
protein,between_syn,1.6528066349488508
protein,between_syn,1.6954663102244585
protein,between_syn,1.6996724811619446
protein,between_syn,1.2773883428998452
protein,between_syn,1.6192722401023811
protein,between_syn,1.6825110329833863
protein,between_syn,1.478257768477849
protein,between_syn,1.5153098474918392
protein,between_syn,1.6388195605683287
protein,between_syn,1.6820842315965836
protein,between_syn,1.6528066349488508
protein,between_syn,1.7113217672624998
protein,between_syn,1.6238905754245871
protein,between_syn,1.6523646493804107
protein,between_syn,1.7524965453037544
protein,between_syn,1.6954663102244585
protein,between_syn,1.2773883428998452
protein,between_syn,1.6274585068890832
protein,between_syn,1.6338604901398361
protein,between_syn,1.7007817782761483
protein,between_syn,1.6981718076774008
protein,between_syn,1.7302519374580558
protein,between_syn,1.926363646110883
protein,between_syn,1.8003833568002479
protein,between_syn,1.6848214635698824
protein,between_syn,1.831965012802469
protein,between_syn,1.8711050519338246
protein,between_syn,1.926767731544106
protein,between_syn,1.9608275185510788
protein,between_syn,1.8660122325074582
protein,between_syn,1.8250802376406676
protein,between_syn,1.7887930205040647
protein,between_syn,1.8219468857828016
protein,between_syn,1.5374836852897225
protein,between_syn,1.8406567329135548
protein,between_syn,1.7801211061851747
protein,between_syn,1.8595584943805181
protein,between_syn,1.8408589854529667
protein,between_syn,1.82916927936246
protein,between_syn,1.8585679081366768
protein,between_syn,1.760637796287541
protein,between_syn,1.8348918538978678
protein,between_syn,1.9884298714357933
protein,between_syn,1.6848214635698824
protein,between_syn,1.8250802376406676
protein,between_syn,1.8406567329135548
protein,between_syn,1.8003833568002479
protein,between_syn,1.7801211061851747
protein,between_syn,1.8408589854529667
protein,between_syn,1.8585679081366768
protein,between_syn,1.760637796287541
protein,between_syn,1.8348918538978678
protein,between_syn,1.8219468857828016
protein,between_syn,1.8595584943805181
protein,between_syn,1.926363646110883
protein,between_syn,1.831965012802469
protein,between_syn,1.7887930205040647
protein,between_syn,1.9884298714357933
protein,between_syn,1.926767731544106
protein,between_syn,1.9608275185510788
protein,between_syn,1.82916927936246
protein,between_syn,1.8660122325074582
protein,between_syn,1.8711050519338246
protein,between_syn,1.5374836852897225
protein,between_syn,1.8250802376406676
protein,between_syn,1.8406567329135548
protein,between_syn,1.6848214635698824
protein,between_syn,1.760637796287541
protein,between_syn,1.7887930205040647
protein,between_syn,1.8408589854529667
protein,between_syn,1.82916927936246
protein,between_syn,1.926363646110883
protein,between_syn,1.7801211061851747
protein,between_syn,1.8003833568002479
protein,between_syn,1.9884298714357933
protein,between_syn,1.8660122325074582
protein,between_syn,1.5374836852897225
protein,between_syn,1.8595584943805181
protein,between_syn,1.831965012802469
protein,between_syn,1.926767731544106
protein,between_syn,1.8348918538978678
protein,between_syn,1.9608275185510788
protein,between_syn,1.2849235376819708
protein,between_syn,1.4339215532724752
protein,between_syn,0.9602758181371491
protein,between_syn,1.1892011803997418
protein,between_syn,1.3658855841826316
protein,between_syn,1.2115542941584936
protein,between_syn,1.3478986382345708
protein,between_syn,1.4060087545952948
protein,between_syn,1.2239938221426618
protein,between_syn,1.2309586061087683
protein,between_syn,1.4236632133227793
protein,between_syn,0.9710773553527112
protein,between_syn,1.3241775130849596
protein,between_syn,1.2644781361183994
protein,between_syn,1.1997732818660252
protein,between_syn,1.4651004240140941
protein,between_syn,1.2171336610983017
protein,between_syn,1.241663649352954
protein,between_syn,0.9707393505477566
protein,between_syn,1.3060973356898427
protein,between_syn,1.3290532537222308
protein,between_syn,0.9602758181371491
protein,between_syn,1.2239938221426618
protein,between_syn,1.3241775130849596
protein,between_syn,1.4339215532724752
protein,between_syn,1.2644781361183994
protein,between_syn,1.4651004240140941
protein,between_syn,1.241663649352954
protein,between_syn,0.9707393505477566
protein,between_syn,1.3060973356898427
protein,between_syn,1.4236632133227793
protein,between_syn,1.1997732818660252
protein,between_syn,1.2849235376819708
protein,between_syn,1.1892011803997418
protein,between_syn,1.2309586061087683
protein,between_syn,1.3290532537222308
protein,between_syn,1.2115542941584936
protein,between_syn,1.3478986382345708
protein,between_syn,1.2171336610983017
protein,between_syn,1.4060087545952948
protein,between_syn,1.3658855841826316
protein,between_syn,0.9710773553527112
protein,between_syn,1.2239938221426618
protein,between_syn,1.3241775130849596
protein,between_syn,0.9602758181371491
protein,between_syn,0.9707393505477566
protein,between_syn,1.2309586061087683
protein,between_syn,1.4651004240140941
protein,between_syn,1.2171336610983017
protein,between_syn,1.2849235376819708
protein,between_syn,1.2644781361183994
protein,between_syn,1.4339215532724752
protein,between_syn,1.3290532537222308
protein,between_syn,1.4060087545952948
protein,between_syn,0.9710773553527112
protein,between_syn,1.1997732818660252
protein,between_syn,1.1892011803997418
protein,between_syn,1.2115542941584936
protein,between_syn,1.3060973356898427
protein,between_syn,1.3478986382345708
protein,between_syn,1.252561270846103
protein,between_syn,1.4171190060595256
protein,between_syn,1.034401151271735
protein,between_syn,1.259094841568875
protein,between_syn,1.3602276796599604
protein,between_syn,1.2574581907877855
protein,between_syn,1.3141093472415275
protein,between_syn,1.2892174955777103
protein,between_syn,1.1980776634328392
protein,between_syn,1.2418092116002033
protein,between_syn,1.4276027977338268
protein,between_syn,0.932754434855168
protein,between_syn,1.3413330799660252
protein,between_syn,1.284104299736388
protein,between_syn,1.2554567728240822
protein,between_syn,1.34151894870342
protein,between_syn,1.2194876112213429
protein,between_syn,1.2689080221024518
protein,between_syn,1.043317232166751
protein,between_syn,1.383610271357969
protein,between_syn,1.3255218786693008
protein,between_syn,1.034401151271735
protein,between_syn,1.1980776634328392
protein,between_syn,1.3413330799660252
protein,between_syn,1.4171190060595256
protein,between_syn,1.284104299736388
protein,between_syn,1.34151894870342
protein,between_syn,1.2689080221024518
protein,between_syn,1.043317232166751
protein,between_syn,1.383610271357969
protein,between_syn,1.4276027977338268
protein,between_syn,1.2554567728240822
protein,between_syn,1.252561270846103
protein,between_syn,1.259094841568875
protein,between_syn,1.2418092116002033
protein,between_syn,1.3255218786693008
protein,between_syn,1.2574581907877855
protein,between_syn,1.3141093472415275
protein,between_syn,1.2194876112213429
protein,between_syn,1.2892174955777103
protein,between_syn,1.3602276796599604
protein,between_syn,0.932754434855168
protein,between_syn,1.1980776634328392
protein,between_syn,1.3413330799660252
protein,between_syn,1.034401151271735
protein,between_syn,1.043317232166751
protein,between_syn,1.2418092116002033
protein,between_syn,1.34151894870342
protein,between_syn,1.2194876112213429
protein,between_syn,1.252561270846103
protein,between_syn,1.284104299736388
protein,between_syn,1.4171190060595256
protein,between_syn,1.3255218786693008
protein,between_syn,1.2892174955777103
protein,between_syn,0.932754434855168
protein,between_syn,1.2554567728240822
protein,between_syn,1.259094841568875
protein,between_syn,1.2574581907877855
protein,between_syn,1.383610271357969
protein,between_syn,1.3141093472415275
protein,between_syn,1.0435256339262475
protein,between_syn,1.351071494320072
protein,between_syn,1.17547414456983
protein,between_syn,1.108325746543766
protein,between_syn,1.2066836144165416
protein,between_syn,1.118059507137872
protein,between_syn,1.0673875513361755
protein,between_syn,1.0950603849520515
protein,between_syn,1.098489778741083
protein,between_syn,1.1569228267288303
protein,between_syn,1.3471130598625174
protein,between_syn,1.2809271803971707
protein,between_syn,1.2693138439160825
protein,between_syn,1.2577280784652656
protein,between_syn,1.1623354042079772
protein,between_syn,1.255823328351911
protein,between_syn,1.135685642940979
protein,between_syn,1.1189568914592243
protein,between_syn,1.2116216617497468
protein,between_syn,1.2617944212659191
protein,between_syn,1.0468699531196999
protein,between_syn,1.17547414456983
protein,between_syn,1.098489778741083
protein,between_syn,1.2693138439160825
protein,between_syn,1.351071494320072
protein,between_syn,1.2577280784652656
protein,between_syn,1.255823328351911
protein,between_syn,1.1189568914592243
protein,between_syn,1.2116216617497468
protein,between_syn,1.2617944212659191
protein,between_syn,1.3471130598625174
protein,between_syn,1.1623354042079772
protein,between_syn,1.0435256339262475
protein,between_syn,1.108325746543766
protein,between_syn,1.1569228267288303
protein,between_syn,1.0468699531196999
protein,between_syn,1.118059507137872
protein,between_syn,1.0673875513361755
protein,between_syn,1.135685642940979
protein,between_syn,1.0950603849520515
protein,between_syn,1.2066836144165416
protein,between_syn,1.2809271803971707
protein,between_syn,1.098489778741083
protein,between_syn,1.2693138439160825
protein,between_syn,1.17547414456983
protein,between_syn,1.2116216617497468
protein,between_syn,1.1569228267288303
protein,between_syn,1.255823328351911
protein,between_syn,1.135685642940979
protein,between_syn,1.0435256339262475
protein,between_syn,1.2577280784652656
protein,between_syn,1.351071494320072
protein,between_syn,1.0468699531196999
protein,between_syn,1.0950603849520515
protein,between_syn,1.2809271803971707
protein,between_syn,1.1623354042079772
protein,between_syn,1.108325746543766
protein,between_syn,1.118059507137872
protein,between_syn,1.2617944212659191
protein,between_syn,1.0673875513361755
protein,between_syn,1.9428484671443933
protein,between_syn,1.7937385174301084
protein,between_syn,1.6886707390509237
protein,between_syn,1.8511646311607899
protein,between_syn,1.8826120923923408
protein,between_syn,1.9451680234481612
protein,between_syn,1.9873465094869278
protein,between_syn,1.8765618405532114
protein,between_syn,1.8262063973985407
protein,between_syn,1.781308347280905
protein,between_syn,1.8376887790959173
protein,between_syn,1.559185461361464
protein,between_syn,1.8332868245408438
protein,between_syn,1.7719204560896902
protein,between_syn,1.8855305542587268
protein,between_syn,1.8509518969784575
protein,between_syn,1.8483170653141645
protein,between_syn,1.8610827674559192
protein,between_syn,1.7880921906561527
protein,between_syn,1.8246926192477861
protein,between_syn,2.012082228695102
protein,between_syn,1.6886707390509237
protein,between_syn,1.8262063973985407
protein,between_syn,1.8332868245408438
protein,between_syn,1.7937385174301084
protein,between_syn,1.7719204560896902
protein,between_syn,1.8509518969784575
protein,between_syn,1.8610827674559192
protein,between_syn,1.7880921906561527
protein,between_syn,1.8246926192477861
protein,between_syn,1.8376887790959173
protein,between_syn,1.8855305542587268
protein,between_syn,1.9428484671443933
protein,between_syn,1.8511646311607899
protein,between_syn,1.781308347280905
protein,between_syn,2.012082228695102
protein,between_syn,1.9451680234481612
protein,between_syn,1.9873465094869278
protein,between_syn,1.8483170653141645
protein,between_syn,1.8765618405532114
protein,between_syn,1.8826120923923408
protein,between_syn,1.559185461361464
protein,between_syn,1.8262063973985407
protein,between_syn,1.8332868245408438
protein,between_syn,1.6886707390509237
protein,between_syn,1.7880921906561527
protein,between_syn,1.781308347280905
protein,between_syn,1.8509518969784575
protein,between_syn,1.8483170653141645
protein,between_syn,1.9428484671443933
protein,between_syn,1.7719204560896902
protein,between_syn,1.7937385174301084
protein,between_syn,2.012082228695102
protein,between_syn,1.8765618405532114
protein,between_syn,1.559185461361464
protein,between_syn,1.8855305542587268
protein,between_syn,1.8511646311607899
protein,between_syn,1.9451680234481612
protein,between_syn,1.8246926192477861
protein,between_syn,1.9873465094869278
protein,between_syn,1.7113217672624998
protein,between_syn,1.6523646493804107
protein,between_syn,1.478257768477849
protein,between_syn,1.6338604901398361
protein,between_syn,1.6996724811619446
protein,between_syn,1.7007817782761483
protein,between_syn,1.7302519374580558
protein,between_syn,1.6954663102244585
protein,between_syn,1.6192722401023811
protein,between_syn,1.6388195605683287
protein,between_syn,1.6775335218219218
protein,between_syn,1.2773883428998452
protein,between_syn,1.6825110329833863
protein,between_syn,1.6238905754245871
protein,between_syn,1.6274585068890832
protein,between_syn,1.6820842315965836
protein,between_syn,1.6528066349488508
protein,between_syn,1.670649184467228
protein,between_syn,1.5153098474918392
protein,between_syn,1.6981718076774008
protein,between_syn,1.7524965453037544
protein,between_syn,1.478257768477849
protein,between_syn,1.6192722401023811
protein,between_syn,1.6825110329833863
protein,between_syn,1.6523646493804107
protein,between_syn,1.6238905754245871
protein,between_syn,1.6820842315965836
protein,between_syn,1.670649184467228
protein,between_syn,1.5153098474918392
protein,between_syn,1.6981718076774008
protein,between_syn,1.6775335218219218
protein,between_syn,1.6274585068890832
protein,between_syn,1.7113217672624998
protein,between_syn,1.6338604901398361
protein,between_syn,1.6388195605683287
protein,between_syn,1.7524965453037544
protein,between_syn,1.7007817782761483
protein,between_syn,1.7302519374580558
protein,between_syn,1.6528066349488508
protein,between_syn,1.6954663102244585
protein,between_syn,1.6996724811619446
protein,between_syn,1.2773883428998452
protein,between_syn,1.6192722401023811
protein,between_syn,1.6825110329833863
protein,between_syn,1.478257768477849
protein,between_syn,1.5153098474918392
protein,between_syn,1.6388195605683287
protein,between_syn,1.6820842315965836
protein,between_syn,1.6528066349488508
protein,between_syn,1.7113217672624998
protein,between_syn,1.6238905754245871
protein,between_syn,1.6523646493804107
protein,between_syn,1.7524965453037544
protein,between_syn,1.6954663102244585
protein,between_syn,1.2773883428998452
protein,between_syn,1.6274585068890832
protein,between_syn,1.6338604901398361
protein,between_syn,1.7007817782761483
protein,between_syn,1.6981718076774008
protein,between_syn,1.7302519374580558
protein,between_syn,1.0730657471068379
protein,between_syn,1.4007163403736622
protein,between_syn,1.1543743894465515
protein,between_syn,1.0625045327483569
protein,between_syn,1.0769848851746775
protein,between_syn,1.0286172069904038
protein,between_syn,1.081418106520132
protein,between_syn,1.1100505639744205
protein,between_syn,1.1502736151412898
protein,between_syn,1.1181402276696315
protein,between_syn,1.1631568902001581
protein,between_syn,1.337581763723658
protein,between_syn,1.2288719031401434
protein,between_syn,1.1785780063413076
protein,between_syn,1.2507371798489952
protein,between_syn,1.2786079616687416
protein,between_syn,1.0880113266097577
protein,between_syn,1.0841458500411034
protein,between_syn,1.2388004645667163
protein,between_syn,1.1603996569114374
protein,between_syn,1.113059285283709
protein,between_syn,1.1543743894465515
protein,between_syn,1.1502736151412898
protein,between_syn,1.2288719031401434
protein,between_syn,1.4007163403736622
protein,between_syn,1.1785780063413076
protein,between_syn,1.2786079616687416
protein,between_syn,1.0841458500411034
protein,between_syn,1.2388004645667163
protein,between_syn,1.1603996569114374
protein,between_syn,1.1631568902001581
protein,between_syn,1.2507371798489952
protein,between_syn,1.0730657471068379
protein,between_syn,1.0625045327483569
protein,between_syn,1.1181402276696315
protein,between_syn,1.113059285283709
protein,between_syn,1.0286172069904038
protein,between_syn,1.081418106520132
protein,between_syn,1.0880113266097577
protein,between_syn,1.1100505639744205
protein,between_syn,1.0769848851746775
protein,between_syn,1.337581763723658
protein,between_syn,1.1502736151412898
protein,between_syn,1.2288719031401434
protein,between_syn,1.1543743894465515
protein,between_syn,1.2388004645667163
protein,between_syn,1.1181402276696315
protein,between_syn,1.2786079616687416
protein,between_syn,1.0880113266097577
protein,between_syn,1.0730657471068379
protein,between_syn,1.1785780063413076
protein,between_syn,1.4007163403736622
protein,between_syn,1.113059285283709
protein,between_syn,1.1100505639744205
protein,between_syn,1.337581763723658
protein,between_syn,1.2507371798489952
protein,between_syn,1.0625045327483569
protein,between_syn,1.0286172069904038
protein,between_syn,1.1603996569114374
protein,between_syn,1.081418106520132
protein,between_syn,1.2371320943836586
protein,between_syn,1.302925639661767
protein,between_syn,1.2430338049983432
protein,between_syn,1.2686701076345932
protein,between_syn,1.4270757111758807
protein,between_syn,1.3383963374811303
protein,between_syn,1.263400285720404
protein,between_syn,1.3071984769908729
protein,between_syn,1.1079899643602265
protein,between_syn,1.2620848447076365
protein,between_syn,1.4763977698688477
protein,between_syn,1.1780440562931296
protein,between_syn,1.2589895980954633
protein,between_syn,1.3108535598361455
protein,between_syn,1.2036456474997876
protein,between_syn,1.327326677046176
protein,between_syn,1.156737830661638
protein,between_syn,1.178546492790211
protein,between_syn,1.2685906760891201
protein,between_syn,1.3701378364457637
protein,between_syn,1.3229762760872343
protein,between_syn,1.2430338049983432
protein,between_syn,1.1079899643602265
protein,between_syn,1.2589895980954633
protein,between_syn,1.302925639661767
protein,between_syn,1.3108535598361455
protein,between_syn,1.327326677046176
protein,between_syn,1.178546492790211
protein,between_syn,1.2685906760891201
protein,between_syn,1.3701378364457637
protein,between_syn,1.4763977698688477
protein,between_syn,1.2036456474997876
protein,between_syn,1.2371320943836586
protein,between_syn,1.2686701076345932
protein,between_syn,1.2620848447076365
protein,between_syn,1.3229762760872343
protein,between_syn,1.3383963374811303
protein,between_syn,1.263400285720404
protein,between_syn,1.156737830661638
protein,between_syn,1.3071984769908729
protein,between_syn,1.4270757111758807
protein,between_syn,1.1780440562931296
protein,between_syn,1.1079899643602265
protein,between_syn,1.2589895980954633
protein,between_syn,1.2430338049983432
protein,between_syn,1.2685906760891201
protein,between_syn,1.2620848447076365
protein,between_syn,1.327326677046176
protein,between_syn,1.156737830661638
protein,between_syn,1.2371320943836586
protein,between_syn,1.3108535598361455
protein,between_syn,1.302925639661767
protein,between_syn,1.3229762760872343
protein,between_syn,1.3071984769908729
protein,between_syn,1.1780440562931296
protein,between_syn,1.2036456474997876
protein,between_syn,1.2686701076345932
protein,between_syn,1.3383963374811303
protein,between_syn,1.3701378364457637
protein,between_syn,1.263400285720404
protein,between_syn,1.7195102474928918
protein,between_syn,1.7860230067056426
protein,between_syn,1.580306841623966
protein,between_syn,1.692956813991411
protein,between_syn,1.7508210139755356
protein,between_syn,1.7234844633652664
protein,between_syn,1.7128877575437145
protein,between_syn,1.700752972286292
protein,between_syn,1.6883735679670864
protein,between_syn,1.7291514027902555
protein,between_syn,1.786085484861037
protein,between_syn,1.339354615781622
protein,between_syn,1.751320913672447
protein,between_syn,1.7534877333236663
protein,between_syn,1.6498910144109833
protein,between_syn,1.7450430816820994
protein,between_syn,1.7194458641187416
protein,between_syn,1.7575673154232123
protein,between_syn,1.5559961211274154
protein,between_syn,1.822764054367911
protein,between_syn,1.7650126284291987
protein,between_syn,1.580306841623966
protein,between_syn,1.6883735679670864
protein,between_syn,1.751320913672447
protein,between_syn,1.7860230067056426
protein,between_syn,1.7534877333236663
protein,between_syn,1.7450430816820994
protein,between_syn,1.7575673154232123
protein,between_syn,1.5559961211274154
protein,between_syn,1.822764054367911
protein,between_syn,1.786085484861037
protein,between_syn,1.6498910144109833
protein,between_syn,1.7195102474928918
protein,between_syn,1.692956813991411
protein,between_syn,1.7291514027902555
protein,between_syn,1.7650126284291987
protein,between_syn,1.7234844633652664
protein,between_syn,1.7128877575437145
protein,between_syn,1.7194458641187416
protein,between_syn,1.700752972286292
protein,between_syn,1.7508210139755356
protein,between_syn,1.339354615781622
protein,between_syn,1.6883735679670864
protein,between_syn,1.751320913672447
protein,between_syn,1.580306841623966
protein,between_syn,1.5559961211274154
protein,between_syn,1.7291514027902555
protein,between_syn,1.7450430816820994
protein,between_syn,1.7194458641187416
protein,between_syn,1.7195102474928918
protein,between_syn,1.7534877333236663
protein,between_syn,1.7860230067056426
protein,between_syn,1.7650126284291987
protein,between_syn,1.700752972286292
protein,between_syn,1.339354615781622
protein,between_syn,1.6498910144109833
protein,between_syn,1.692956813991411
protein,between_syn,1.7234844633652664
protein,between_syn,1.822764054367911
protein,between_syn,1.7128877575437145
protein,between_syn,1.6102323494972781
protein,between_syn,1.609917199650133
protein,between_syn,1.4183173630864494
protein,between_syn,1.623249030298321
protein,between_syn,1.7268349485216494
protein,between_syn,1.6781718003292065
protein,between_syn,1.6771776579242983
protein,between_syn,1.6444089317624004
protein,between_syn,1.5753489070726672
protein,between_syn,1.6034282935930857
protein,between_syn,1.7814195566378495
protein,between_syn,1.1190500196571052
protein,between_syn,1.6205076810281827
protein,between_syn,1.6104294593788473
protein,between_syn,1.519620507027906
protein,between_syn,1.6258963747501018
protein,between_syn,1.6040750884640695
protein,between_syn,1.6147587360369557
protein,between_syn,1.3623711092627908
protein,between_syn,1.7005649990012788
protein,between_syn,1.6834553017973983
protein,between_syn,1.4183173630864494
protein,between_syn,1.5753489070726672
protein,between_syn,1.6205076810281827
protein,between_syn,1.609917199650133
protein,between_syn,1.6104294593788473
protein,between_syn,1.6258963747501018
protein,between_syn,1.6147587360369557
protein,between_syn,1.3623711092627908
protein,between_syn,1.7005649990012788
protein,between_syn,1.7814195566378495
protein,between_syn,1.519620507027906
protein,between_syn,1.6102323494972781
protein,between_syn,1.623249030298321
protein,between_syn,1.6034282935930857
protein,between_syn,1.6834553017973983
protein,between_syn,1.6781718003292065
protein,between_syn,1.6771776579242983
protein,between_syn,1.6040750884640695
protein,between_syn,1.6444089317624004
protein,between_syn,1.7268349485216494
protein,between_syn,1.1190500196571052
protein,between_syn,1.5753489070726672
protein,between_syn,1.6205076810281827
protein,between_syn,1.4183173630864494
protein,between_syn,1.3623711092627908
protein,between_syn,1.6034282935930857
protein,between_syn,1.6258963747501018
protein,between_syn,1.6040750884640695
protein,between_syn,1.6102323494972781
protein,between_syn,1.6104294593788473
protein,between_syn,1.609917199650133
protein,between_syn,1.6834553017973983
protein,between_syn,1.6444089317624004
protein,between_syn,1.1190500196571052
protein,between_syn,1.519620507027906
protein,between_syn,1.623249030298321
protein,between_syn,1.6781718003292065
protein,between_syn,1.7005649990012788
protein,between_syn,1.6771776579242983
protein,between_syn,1.9656014284419414
protein,between_syn,1.7938262648731222
protein,between_syn,1.703132906576439
protein,between_syn,1.8488103413695915
protein,between_syn,1.8831982820868003
protein,between_syn,1.9656000335335022
protein,between_syn,2.0095319401547895
protein,between_syn,1.8844183228530251
protein,between_syn,1.8402132707565642
protein,between_syn,1.7838908421980049
protein,between_syn,1.8243193984731672
protein,between_syn,1.6001769626788507
protein,between_syn,1.85435157172233
protein,between_syn,1.762682715029412
protein,between_syn,1.9150077914362973
protein,between_syn,1.8600119163465636
protein,between_syn,1.847054436028459
protein,between_syn,1.8688777602032427
protein,between_syn,1.8059515363616334
protein,between_syn,1.8141131685707883
protein,between_syn,2.0374330709295165
protein,between_syn,1.703132906576439
protein,between_syn,1.8402132707565642
protein,between_syn,1.85435157172233
protein,between_syn,1.7938262648731222
protein,between_syn,1.762682715029412
protein,between_syn,1.8600119163465636
protein,between_syn,1.8688777602032427
protein,between_syn,1.8059515363616334
protein,between_syn,1.8141131685707883
protein,between_syn,1.8243193984731672
protein,between_syn,1.9150077914362973
protein,between_syn,1.9656014284419414
protein,between_syn,1.8488103413695915
protein,between_syn,1.7838908421980049
protein,between_syn,2.0374330709295165
protein,between_syn,1.9656000335335022
protein,between_syn,2.0095319401547895
protein,between_syn,1.847054436028459
protein,between_syn,1.8844183228530251
protein,between_syn,1.8831982820868003
protein,between_syn,1.6001769626788507
protein,between_syn,1.8402132707565642
protein,between_syn,1.85435157172233
protein,between_syn,1.703132906576439
protein,between_syn,1.8059515363616334
protein,between_syn,1.7838908421980049
protein,between_syn,1.8600119163465636
protein,between_syn,1.847054436028459
protein,between_syn,1.9656014284419414
protein,between_syn,1.762682715029412
protein,between_syn,1.7938262648731222
protein,between_syn,2.0374330709295165
protein,between_syn,1.8844183228530251
protein,between_syn,1.6001769626788507
protein,between_syn,1.9150077914362973
protein,between_syn,1.8488103413695915
protein,between_syn,1.9656000335335022
protein,between_syn,1.8141131685707883
protein,between_syn,2.0095319401547895
protein,between_syn,1.926363646110883
protein,between_syn,1.8003833568002479
protein,between_syn,1.6848214635698824
protein,between_syn,1.831965012802469
protein,between_syn,1.8711050519338246
protein,between_syn,1.926767731544106
protein,between_syn,1.9608275185510788
protein,between_syn,1.8660122325074582
protein,between_syn,1.8250802376406676
protein,between_syn,1.7887930205040647
protein,between_syn,1.8219468857828016
protein,between_syn,1.5374836852897225
protein,between_syn,1.8406567329135548
protein,between_syn,1.7801211061851747
protein,between_syn,1.8595584943805181
protein,between_syn,1.8408589854529667
protein,between_syn,1.82916927936246
protein,between_syn,1.8585679081366768
protein,between_syn,1.760637796287541
protein,between_syn,1.8348918538978678
protein,between_syn,1.9884298714357933
protein,between_syn,1.6848214635698824
protein,between_syn,1.8250802376406676
protein,between_syn,1.8406567329135548
protein,between_syn,1.8003833568002479
protein,between_syn,1.7801211061851747
protein,between_syn,1.8408589854529667
protein,between_syn,1.8585679081366768
protein,between_syn,1.760637796287541
protein,between_syn,1.8348918538978678
protein,between_syn,1.8219468857828016
protein,between_syn,1.8595584943805181
protein,between_syn,1.926363646110883
protein,between_syn,1.831965012802469
protein,between_syn,1.7887930205040647
protein,between_syn,1.9884298714357933
protein,between_syn,1.926767731544106
protein,between_syn,1.9608275185510788
protein,between_syn,1.82916927936246
protein,between_syn,1.8660122325074582
protein,between_syn,1.8711050519338246
protein,between_syn,1.5374836852897225
protein,between_syn,1.8250802376406676
protein,between_syn,1.8406567329135548
protein,between_syn,1.6848214635698824
protein,between_syn,1.760637796287541
protein,between_syn,1.7887930205040647
protein,between_syn,1.8408589854529667
protein,between_syn,1.82916927936246
protein,between_syn,1.926363646110883
protein,between_syn,1.7801211061851747
protein,between_syn,1.8003833568002479
protein,between_syn,1.9884298714357933
protein,between_syn,1.8660122325074582
protein,between_syn,1.5374836852897225
protein,between_syn,1.8595584943805181
protein,between_syn,1.831965012802469
protein,between_syn,1.926767731544106
protein,between_syn,1.8348918538978678
protein,between_syn,1.9608275185510788
protein,between_syn,1.1590691228083254
protein,between_syn,1.4214285907664272
protein,between_syn,1.1355988404289115
protein,between_syn,1.1168926070586753
protein,between_syn,1.132410370568983
protein,between_syn,1.112823649077814
protein,between_syn,1.1159195305745395
protein,between_syn,1.2230787238131204
protein,between_syn,1.176736548423726
protein,between_syn,1.1716468795150763
protein,between_syn,1.1950444842531842
protein,between_syn,1.32200081085443
protein,between_syn,1.2511059917720404
protein,between_syn,1.1894209384265872
protein,between_syn,1.252020726112722
protein,between_syn,1.2219591616048402
protein,between_syn,1.0960268807991582
protein,between_syn,1.1594991504880043
protein,between_syn,1.2373515472000611
protein,between_syn,1.2731109786518866
protein,between_syn,1.1580640100739545
protein,between_syn,1.1355988404289115
protein,between_syn,1.176736548423726
protein,between_syn,1.2511059917720404
protein,between_syn,1.4214285907664272
protein,between_syn,1.1894209384265872
protein,between_syn,1.2219591616048402
protein,between_syn,1.1594991504880043
protein,between_syn,1.2373515472000611
protein,between_syn,1.2731109786518866
protein,between_syn,1.1950444842531842
protein,between_syn,1.252020726112722
protein,between_syn,1.1590691228083254
protein,between_syn,1.1168926070586753
protein,between_syn,1.1716468795150763
protein,between_syn,1.1580640100739545
protein,between_syn,1.112823649077814
protein,between_syn,1.1159195305745395
protein,between_syn,1.0960268807991582
protein,between_syn,1.2230787238131204
protein,between_syn,1.132410370568983
protein,between_syn,1.32200081085443
protein,between_syn,1.176736548423726
protein,between_syn,1.2511059917720404
protein,between_syn,1.1355988404289115
protein,between_syn,1.2373515472000611
protein,between_syn,1.1716468795150763
protein,between_syn,1.2219591616048402
protein,between_syn,1.0960268807991582
protein,between_syn,1.1590691228083254
protein,between_syn,1.1894209384265872
protein,between_syn,1.4214285907664272
protein,between_syn,1.1580640100739545
protein,between_syn,1.2230787238131204
protein,between_syn,1.32200081085443
protein,between_syn,1.252020726112722
protein,between_syn,1.1168926070586753
protein,between_syn,1.112823649077814
protein,between_syn,1.2731109786518866
protein,between_syn,1.1159195305745395
protein,between_syn,1.9195078105657397
protein,between_syn,1.8489335782412333
protein,between_syn,1.7176221193176007
protein,between_syn,1.8646595174879594
protein,between_syn,1.8939343207008523
protein,between_syn,1.932347926093102
protein,between_syn,1.9481530512991412
protein,between_syn,1.8868229444618156
protein,between_syn,1.840910957207378
protein,between_syn,1.8207097178293907
protein,between_syn,1.882748128157696
protein,between_syn,1.5679341619232945
protein,between_syn,1.8537337038089456
protein,between_syn,1.827107236559036
protein,between_syn,1.8641979677892762
protein,between_syn,1.8558873910107079
protein,between_syn,1.8660435736539291
protein,between_syn,1.8773315743345176
protein,between_syn,1.769477198417843
protein,between_syn,1.884832064898574
protein,between_syn,1.9717478646362174
protein,between_syn,1.7176221193176007
protein,between_syn,1.840910957207378
protein,between_syn,1.8537337038089456
protein,between_syn,1.8489335782412333
protein,between_syn,1.827107236559036
protein,between_syn,1.8558873910107079
protein,between_syn,1.8773315743345176
protein,between_syn,1.769477198417843
protein,between_syn,1.884832064898574
protein,between_syn,1.882748128157696
protein,between_syn,1.8641979677892762
protein,between_syn,1.9195078105657397
protein,between_syn,1.8646595174879594
protein,between_syn,1.8207097178293907
protein,between_syn,1.9717478646362174
protein,between_syn,1.932347926093102
protein,between_syn,1.9481530512991412
protein,between_syn,1.8660435736539291
protein,between_syn,1.8868229444618156
protein,between_syn,1.8939343207008523
protein,between_syn,1.5679341619232945
protein,between_syn,1.840910957207378
protein,between_syn,1.8537337038089456
protein,between_syn,1.7176221193176007
protein,between_syn,1.769477198417843
protein,between_syn,1.8207097178293907
protein,between_syn,1.8558873910107079
protein,between_syn,1.8660435736539291
protein,between_syn,1.9195078105657397
protein,between_syn,1.827107236559036
protein,between_syn,1.8489335782412333
protein,between_syn,1.9717478646362174
protein,between_syn,1.8868229444618156
protein,between_syn,1.5679341619232945
protein,between_syn,1.8641979677892762
protein,between_syn,1.8646595174879594
protein,between_syn,1.932347926093102
protein,between_syn,1.884832064898574
protein,between_syn,1.9481530512991412
protein,between_syn,1.9550815371943588
protein,between_syn,1.885240581733278
protein,between_syn,1.748999667039612
protein,between_syn,1.8882884334478598
protein,between_syn,1.9180472763503909
protein,between_syn,1.9601231736759595
protein,between_syn,1.983993963641051
protein,between_syn,1.9087686730458902
protein,between_syn,1.8836563588342414
protein,between_syn,1.857882588079199
protein,between_syn,1.8878770492354753
protein,between_syn,1.6216482970191282
protein,between_syn,1.9027190815546324
protein,between_syn,1.8571147114303035
protein,between_syn,1.9008670902291804
protein,between_syn,1.8847946000136688
protein,between_syn,1.8908006205776238
protein,between_syn,1.9151415125200284
protein,between_syn,1.8023974715960285
protein,between_syn,1.9197081843569008
protein,between_syn,2.0077425580257926
protein,between_syn,1.748999667039612
protein,between_syn,1.8836563588342414
protein,between_syn,1.9027190815546324
protein,between_syn,1.885240581733278
protein,between_syn,1.8571147114303035
protein,between_syn,1.8847946000136688
protein,between_syn,1.9151415125200284
protein,between_syn,1.8023974715960285
protein,between_syn,1.9197081843569008
protein,between_syn,1.8878770492354753
protein,between_syn,1.9008670902291804
protein,between_syn,1.9550815371943588
protein,between_syn,1.8882884334478598
protein,between_syn,1.857882588079199
protein,between_syn,2.0077425580257926
protein,between_syn,1.9601231736759595
protein,between_syn,1.983993963641051
protein,between_syn,1.8908006205776238
protein,between_syn,1.9087686730458902
protein,between_syn,1.9180472763503909
protein,between_syn,1.6216482970191282
protein,between_syn,1.8836563588342414
protein,between_syn,1.9027190815546324
protein,between_syn,1.748999667039612
protein,between_syn,1.8023974715960285
protein,between_syn,1.857882588079199
protein,between_syn,1.8847946000136688
protein,between_syn,1.8908006205776238
protein,between_syn,1.9550815371943588
protein,between_syn,1.8571147114303035
protein,between_syn,1.885240581733278
protein,between_syn,2.0077425580257926
protein,between_syn,1.9087686730458902
protein,between_syn,1.6216482970191282
protein,between_syn,1.9008670902291804
protein,between_syn,1.8882884334478598
protein,between_syn,1.9601231736759595
protein,between_syn,1.9197081843569008
protein,between_syn,1.983993963641051
protein,between_syn,1.9370279487119786
protein,between_syn,1.8149691764674618
protein,between_syn,1.7173519309314595
protein,between_syn,1.8546086871686203
protein,between_syn,1.8883359555238737
protein,between_syn,1.9406912385955424
protein,between_syn,1.9687775839348247
protein,between_syn,1.8833927402995938
protein,between_syn,1.8530178840500944
protein,between_syn,1.816283526523194
protein,between_syn,1.847064574804322
protein,between_syn,1.604003241930109
protein,between_syn,1.8633777505256943
protein,between_syn,1.8067600508182906
protein,between_syn,1.8834541082031648
protein,between_syn,1.8545359975076081
protein,between_syn,1.8576321023709925
protein,between_syn,1.8790464555499635
protein,between_syn,1.7560206812405723
protein,between_syn,1.8694781544451309
protein,between_syn,1.996782501042889
protein,between_syn,1.7173519309314595
protein,between_syn,1.8530178840500944
protein,between_syn,1.8633777505256943
protein,between_syn,1.8149691764674618
protein,between_syn,1.8067600508182906
protein,between_syn,1.8545359975076081
protein,between_syn,1.8790464555499635
protein,between_syn,1.7560206812405723
protein,between_syn,1.8694781544451309
protein,between_syn,1.847064574804322
protein,between_syn,1.8834541082031648
protein,between_syn,1.9370279487119786
protein,between_syn,1.8546086871686203
protein,between_syn,1.816283526523194
protein,between_syn,1.996782501042889
protein,between_syn,1.9406912385955424
protein,between_syn,1.9687775839348247
protein,between_syn,1.8576321023709925
protein,between_syn,1.8833927402995938
protein,between_syn,1.8883359555238737
protein,between_syn,1.604003241930109
protein,between_syn,1.8530178840500944
protein,between_syn,1.8633777505256943
protein,between_syn,1.7173519309314595
protein,between_syn,1.7560206812405723
protein,between_syn,1.816283526523194
protein,between_syn,1.8545359975076081
protein,between_syn,1.8576321023709925
protein,between_syn,1.9370279487119786
protein,between_syn,1.8067600508182906
protein,between_syn,1.8149691764674618
protein,between_syn,1.996782501042889
protein,between_syn,1.8833927402995938
protein,between_syn,1.604003241930109
protein,between_syn,1.8834541082031648
protein,between_syn,1.8546086871686203
protein,between_syn,1.9406912385955424
protein,between_syn,1.8694781544451309
protein,between_syn,1.9687775839348247
protein,between_syn,1.2593287638889288
protein,between_syn,1.5069180798647563
protein,between_syn,1.0433774535252691
protein,between_syn,1.1374899549054391
protein,between_syn,1.2640706949287013
protein,between_syn,1.2323015000787527
protein,between_syn,1.2770667297157787
protein,between_syn,1.362785715058281
protein,between_syn,1.1878849207247506
protein,between_syn,1.1546657795490507
protein,between_syn,1.3116593400645096
protein,between_syn,1.2810124415600008
protein,between_syn,1.1552518842366153
protein,between_syn,1.1866445832215207
protein,between_syn,1.335943982769085
protein,between_syn,1.4464294816721133
protein,between_syn,1.0672350257651253
protein,between_syn,1.1383268922366183
protein,between_syn,1.2100244040444394
protein,between_syn,1.1904944242616589
protein,between_syn,1.275018884203344
protein,between_syn,1.0433774535252691
protein,between_syn,1.1878849207247506
protein,between_syn,1.1552518842366153
protein,between_syn,1.5069180798647563
protein,between_syn,1.1866445832215207
protein,between_syn,1.4464294816721133
protein,between_syn,1.1383268922366183
protein,between_syn,1.2100244040444394
protein,between_syn,1.1904944242616589
protein,between_syn,1.3116593400645096
protein,between_syn,1.335943982769085
protein,between_syn,1.2593287638889288
protein,between_syn,1.1374899549054391
protein,between_syn,1.1546657795490507
protein,between_syn,1.275018884203344
protein,between_syn,1.2323015000787527
protein,between_syn,1.2770667297157787
protein,between_syn,1.0672350257651253
protein,between_syn,1.362785715058281
protein,between_syn,1.2640706949287013
protein,between_syn,1.2810124415600008
protein,between_syn,1.1878849207247506
protein,between_syn,1.1552518842366153
protein,between_syn,1.0433774535252691
protein,between_syn,1.2100244040444394
protein,between_syn,1.1546657795490507
protein,between_syn,1.4464294816721133
protein,between_syn,1.0672350257651253
protein,between_syn,1.2593287638889288
protein,between_syn,1.1866445832215207
protein,between_syn,1.5069180798647563
protein,between_syn,1.275018884203344
protein,between_syn,1.362785715058281
protein,between_syn,1.2810124415600008
protein,between_syn,1.335943982769085
protein,between_syn,1.1374899549054391
protein,between_syn,1.2323015000787527
protein,between_syn,1.1904944242616589
protein,between_syn,1.2770667297157787
protein,between_syn,1.9686200303747832
protein,between_syn,2.0770079943253377
protein,between_syn,1.8701836061519943
protein,between_syn,1.9807598358507075
protein,between_syn,1.9995466221176754
protein,between_syn,1.9809352360284704
protein,between_syn,1.9637464398882294
protein,between_syn,1.9649074302103122
protein,between_syn,1.9821649427813073
protein,between_syn,2.0118227964192315
protein,between_syn,2.0535984444677324
protein,between_syn,1.6939530913901066
protein,between_syn,2.02620386336211
protein,between_syn,2.0464562454953557
protein,between_syn,1.9167864975421045
protein,between_syn,1.958223232114442
protein,between_syn,2.0042432667500925
protein,between_syn,2.0314471822284443
protein,between_syn,1.8309548644973233
protein,between_syn,2.1232245293024685
protein,between_syn,1.9974476194441528
protein,between_syn,1.8701836061519943
protein,between_syn,1.9821649427813073
protein,between_syn,2.02620386336211
protein,between_syn,2.0770079943253377
protein,between_syn,2.0464562454953557
protein,between_syn,1.958223232114442
protein,between_syn,2.0314471822284443
protein,between_syn,1.8309548644973233
protein,between_syn,2.1232245293024685
protein,between_syn,2.0535984444677324
protein,between_syn,1.9167864975421045
protein,between_syn,1.9686200303747832
protein,between_syn,1.9807598358507075
protein,between_syn,2.0118227964192315
protein,between_syn,1.9974476194441528
protein,between_syn,1.9809352360284704
protein,between_syn,1.9637464398882294
protein,between_syn,2.0042432667500925
protein,between_syn,1.9649074302103122
protein,between_syn,1.9995466221176754
protein,between_syn,1.6939530913901066
protein,between_syn,1.9821649427813073
protein,between_syn,2.02620386336211
protein,between_syn,1.8701836061519943
protein,between_syn,1.8309548644973233
protein,between_syn,2.0118227964192315
protein,between_syn,1.958223232114442
protein,between_syn,2.0042432667500925
protein,between_syn,1.9686200303747832
protein,between_syn,2.0464562454953557
protein,between_syn,2.0770079943253377
protein,between_syn,1.9974476194441528
protein,between_syn,1.9649074302103122
protein,between_syn,1.6939530913901066
protein,between_syn,1.9167864975421045
protein,between_syn,1.9807598358507075
protein,between_syn,1.9809352360284704
protein,between_syn,2.1232245293024685
protein,between_syn,1.9637464398882294
protein,between_syn,1.169173303770824
protein,between_syn,1.43075057975658
protein,between_syn,1.059525667791299
protein,between_syn,1.106999947980756
protein,between_syn,1.2332188552401686
protein,between_syn,1.1442509449280098
protein,between_syn,1.1840441962152515
protein,between_syn,1.2472663099071617
protein,between_syn,1.1345569959568127
protein,between_syn,1.1609335222151584
protein,between_syn,1.3116622489531118
protein,between_syn,1.146388282077227
protein,between_syn,1.089218161053341
protein,between_syn,1.1805337663887636
protein,between_syn,1.200706590314224
protein,between_syn,1.2469818953234615
protein,between_syn,1.0385626982080685
protein,between_syn,1.0645176407350467
protein,between_syn,1.0879416362631311
protein,between_syn,1.2113419005070871
protein,between_syn,1.2293146208013621
protein,between_syn,1.059525667791299
protein,between_syn,1.1345569959568127
protein,between_syn,1.089218161053341
protein,between_syn,1.43075057975658
protein,between_syn,1.1805337663887636
protein,between_syn,1.2469818953234615
protein,between_syn,1.0645176407350467
protein,between_syn,1.0879416362631311
protein,between_syn,1.2113419005070871
protein,between_syn,1.3116622489531118
protein,between_syn,1.200706590314224
protein,between_syn,1.169173303770824
protein,between_syn,1.106999947980756
protein,between_syn,1.1609335222151584
protein,between_syn,1.2293146208013621
protein,between_syn,1.1442509449280098
protein,between_syn,1.1840441962152515
protein,between_syn,1.0385626982080685
protein,between_syn,1.2472663099071617
protein,between_syn,1.2332188552401686
protein,between_syn,1.146388282077227
protein,between_syn,1.1345569959568127
protein,between_syn,1.089218161053341
protein,between_syn,1.059525667791299
protein,between_syn,1.0879416362631311
protein,between_syn,1.1609335222151584
protein,between_syn,1.2469818953234615
protein,between_syn,1.0385626982080685
protein,between_syn,1.169173303770824
protein,between_syn,1.1805337663887636
protein,between_syn,1.43075057975658
protein,between_syn,1.2293146208013621
protein,between_syn,1.2472663099071617
protein,between_syn,1.146388282077227
protein,between_syn,1.200706590314224
protein,between_syn,1.106999947980756
protein,between_syn,1.1442509449280098
protein,between_syn,1.2113419005070871
protein,between_syn,1.1840441962152515
protein,between_syn,1.9069317436571143
protein,between_syn,1.7750589901720395
protein,between_syn,1.6664396488540871
protein,between_syn,1.8123268822434724
protein,between_syn,1.85448167777351
protein,between_syn,1.9080435654689476
protein,between_syn,1.9385758083295739
protein,between_syn,1.8448599437903122
protein,between_syn,1.796482030043171
protein,between_syn,1.7700097740968233
protein,between_syn,1.8106723017820654
protein,between_syn,1.5235803189568022
protein,between_syn,1.8135716549798866
protein,between_syn,1.7611395823173384
protein,between_syn,1.836071486745066
protein,between_syn,1.822129212278476
protein,between_syn,1.8114523006273724
protein,between_syn,1.8398848355423219
protein,between_syn,1.7368815625896938
protein,between_syn,1.8162347803547214
protein,between_syn,1.971452782490787
protein,between_syn,1.6664396488540871
protein,between_syn,1.796482030043171
protein,between_syn,1.8135716549798866
protein,between_syn,1.7750589901720395
protein,between_syn,1.7611395823173384
protein,between_syn,1.822129212278476
protein,between_syn,1.8398848355423219
protein,between_syn,1.7368815625896938
protein,between_syn,1.8162347803547214
protein,between_syn,1.8106723017820654
protein,between_syn,1.836071486745066
protein,between_syn,1.9069317436571143
protein,between_syn,1.8123268822434724
protein,between_syn,1.7700097740968233
protein,between_syn,1.971452782490787
protein,between_syn,1.9080435654689476
protein,between_syn,1.9385758083295739
protein,between_syn,1.8114523006273724
protein,between_syn,1.8448599437903122
protein,between_syn,1.85448167777351
protein,between_syn,1.5235803189568022
protein,between_syn,1.796482030043171
protein,between_syn,1.8135716549798866
protein,between_syn,1.6664396488540871
protein,between_syn,1.7368815625896938
protein,between_syn,1.7700097740968233
protein,between_syn,1.822129212278476
protein,between_syn,1.8114523006273724
protein,between_syn,1.9069317436571143
protein,between_syn,1.7611395823173384
protein,between_syn,1.7750589901720395
protein,between_syn,1.971452782490787
protein,between_syn,1.8448599437903122
protein,between_syn,1.5235803189568022
protein,between_syn,1.836071486745066
protein,between_syn,1.8123268822434724
protein,between_syn,1.9080435654689476
protein,between_syn,1.8162347803547214
protein,between_syn,1.9385758083295739
protein,between_syn,1.0435256339262475
protein,between_syn,1.351071494320072
protein,between_syn,1.17547414456983
protein,between_syn,1.108325746543766
protein,between_syn,1.2066836144165416
protein,between_syn,1.118059507137872
protein,between_syn,1.0673875513361755
protein,between_syn,1.0950603849520515
protein,between_syn,1.098489778741083
protein,between_syn,1.1569228267288303
protein,between_syn,1.3471130598625174
protein,between_syn,1.2809271803971707
protein,between_syn,1.2693138439160825
protein,between_syn,1.2577280784652656
protein,between_syn,1.1623354042079772
protein,between_syn,1.255823328351911
protein,between_syn,1.135685642940979
protein,between_syn,1.1189568914592243
protein,between_syn,1.2116216617497468
protein,between_syn,1.2617944212659191
protein,between_syn,1.0468699531196999
protein,between_syn,1.17547414456983
protein,between_syn,1.098489778741083
protein,between_syn,1.2693138439160825
protein,between_syn,1.351071494320072
protein,between_syn,1.2577280784652656
protein,between_syn,1.255823328351911
protein,between_syn,1.1189568914592243
protein,between_syn,1.2116216617497468
protein,between_syn,1.2617944212659191
protein,between_syn,1.3471130598625174
protein,between_syn,1.1623354042079772
protein,between_syn,1.0435256339262475
protein,between_syn,1.108325746543766
protein,between_syn,1.1569228267288303
protein,between_syn,1.0468699531196999
protein,between_syn,1.118059507137872
protein,between_syn,1.0673875513361755
protein,between_syn,1.135685642940979
protein,between_syn,1.0950603849520515
protein,between_syn,1.2066836144165416
protein,between_syn,1.2809271803971707
protein,between_syn,1.098489778741083
protein,between_syn,1.2693138439160825
protein,between_syn,1.17547414456983
protein,between_syn,1.2116216617497468
protein,between_syn,1.1569228267288303
protein,between_syn,1.255823328351911
protein,between_syn,1.135685642940979
protein,between_syn,1.0435256339262475
protein,between_syn,1.2577280784652656
protein,between_syn,1.351071494320072
protein,between_syn,1.0468699531196999
protein,between_syn,1.0950603849520515
protein,between_syn,1.2809271803971707
protein,between_syn,1.1623354042079772
protein,between_syn,1.108325746543766
protein,between_syn,1.118059507137872
protein,between_syn,1.2617944212659191
protein,between_syn,1.0673875513361755
protein,between_syn,1.6102323494972781
protein,between_syn,1.609917199650133
protein,between_syn,1.4183173630864494
protein,between_syn,1.623249030298321
protein,between_syn,1.7268349485216494
protein,between_syn,1.6781718003292065
protein,between_syn,1.6771776579242983
protein,between_syn,1.6444089317624004
protein,between_syn,1.5753489070726672
protein,between_syn,1.6034282935930857
protein,between_syn,1.7814195566378495
protein,between_syn,1.1190500196571052
protein,between_syn,1.6205076810281827
protein,between_syn,1.6104294593788473
protein,between_syn,1.519620507027906
protein,between_syn,1.6258963747501018
protein,between_syn,1.6040750884640695
protein,between_syn,1.6147587360369557
protein,between_syn,1.3623711092627908
protein,between_syn,1.7005649990012788
protein,between_syn,1.6834553017973983
protein,between_syn,1.4183173630864494
protein,between_syn,1.5753489070726672
protein,between_syn,1.6205076810281827
protein,between_syn,1.609917199650133
protein,between_syn,1.6104294593788473
protein,between_syn,1.6258963747501018
protein,between_syn,1.6147587360369557
protein,between_syn,1.3623711092627908
protein,between_syn,1.7005649990012788
protein,between_syn,1.7814195566378495
protein,between_syn,1.519620507027906
protein,between_syn,1.6102323494972781
protein,between_syn,1.623249030298321
protein,between_syn,1.6034282935930857
protein,between_syn,1.6834553017973983
protein,between_syn,1.6781718003292065
protein,between_syn,1.6771776579242983
protein,between_syn,1.6040750884640695
protein,between_syn,1.6444089317624004
protein,between_syn,1.7268349485216494
protein,between_syn,1.1190500196571052
protein,between_syn,1.5753489070726672
protein,between_syn,1.6205076810281827
protein,between_syn,1.4183173630864494
protein,between_syn,1.3623711092627908
protein,between_syn,1.6034282935930857
protein,between_syn,1.6258963747501018
protein,between_syn,1.6040750884640695
protein,between_syn,1.6102323494972781
protein,between_syn,1.6104294593788473
protein,between_syn,1.609917199650133
protein,between_syn,1.6834553017973983
protein,between_syn,1.6444089317624004
protein,between_syn,1.1190500196571052
protein,between_syn,1.519620507027906
protein,between_syn,1.623249030298321
protein,between_syn,1.6781718003292065
protein,between_syn,1.7005649990012788
protein,between_syn,1.6771776579242983
protein,between_syn,1.9550815371943588
protein,between_syn,1.885240581733278
protein,between_syn,1.748999667039612
protein,between_syn,1.8882884334478598
protein,between_syn,1.9180472763503909
protein,between_syn,1.9601231736759595
protein,between_syn,1.983993963641051
protein,between_syn,1.9087686730458902
protein,between_syn,1.8836563588342414
protein,between_syn,1.857882588079199
protein,between_syn,1.8878770492354753
protein,between_syn,1.6216482970191282
protein,between_syn,1.9027190815546324
protein,between_syn,1.8571147114303035
protein,between_syn,1.9008670902291804
protein,between_syn,1.8847946000136688
protein,between_syn,1.8908006205776238
protein,between_syn,1.9151415125200284
protein,between_syn,1.8023974715960285
protein,between_syn,1.9197081843569008
protein,between_syn,2.0077425580257926
protein,between_syn,1.748999667039612
protein,between_syn,1.8836563588342414
protein,between_syn,1.9027190815546324
protein,between_syn,1.885240581733278
protein,between_syn,1.8571147114303035
protein,between_syn,1.8847946000136688
protein,between_syn,1.9151415125200284
protein,between_syn,1.8023974715960285
protein,between_syn,1.9197081843569008
protein,between_syn,1.8878770492354753
protein,between_syn,1.9008670902291804
protein,between_syn,1.9550815371943588
protein,between_syn,1.8882884334478598
protein,between_syn,1.857882588079199
protein,between_syn,2.0077425580257926
protein,between_syn,1.9601231736759595
protein,between_syn,1.983993963641051
protein,between_syn,1.8908006205776238
protein,between_syn,1.9087686730458902
protein,between_syn,1.9180472763503909
protein,between_syn,1.6216482970191282
protein,between_syn,1.8836563588342414
protein,between_syn,1.9027190815546324
protein,between_syn,1.748999667039612
protein,between_syn,1.8023974715960285
protein,between_syn,1.857882588079199
protein,between_syn,1.8847946000136688
protein,between_syn,1.8908006205776238
protein,between_syn,1.9550815371943588
protein,between_syn,1.8571147114303035
protein,between_syn,1.885240581733278
protein,between_syn,2.0077425580257926
protein,between_syn,1.9087686730458902
protein,between_syn,1.6216482970191282
protein,between_syn,1.9008670902291804
protein,between_syn,1.8882884334478598
protein,between_syn,1.9601231736759595
protein,between_syn,1.9197081843569008
protein,between_syn,1.983993963641051
protein,between_syn,1.9370279487119786
protein,between_syn,1.8149691764674618
protein,between_syn,1.7173519309314595
protein,between_syn,1.8546086871686203
protein,between_syn,1.8883359555238737
protein,between_syn,1.9406912385955424
protein,between_syn,1.9687775839348247
protein,between_syn,1.8833927402995938
protein,between_syn,1.8530178840500944
protein,between_syn,1.816283526523194
protein,between_syn,1.847064574804322
protein,between_syn,1.604003241930109
protein,between_syn,1.8633777505256943
protein,between_syn,1.8067600508182906
protein,between_syn,1.8834541082031648
protein,between_syn,1.8545359975076081
protein,between_syn,1.8576321023709925
protein,between_syn,1.8790464555499635
protein,between_syn,1.7560206812405723
protein,between_syn,1.8694781544451309
protein,between_syn,1.996782501042889
protein,between_syn,1.7173519309314595
protein,between_syn,1.8530178840500944
protein,between_syn,1.8633777505256943
protein,between_syn,1.8149691764674618
protein,between_syn,1.8067600508182906
protein,between_syn,1.8545359975076081
protein,between_syn,1.8790464555499635
protein,between_syn,1.7560206812405723
protein,between_syn,1.8694781544451309
protein,between_syn,1.847064574804322
protein,between_syn,1.8834541082031648
protein,between_syn,1.9370279487119786
protein,between_syn,1.8546086871686203
protein,between_syn,1.816283526523194
protein,between_syn,1.996782501042889
protein,between_syn,1.9406912385955424
protein,between_syn,1.9687775839348247
protein,between_syn,1.8576321023709925
protein,between_syn,1.8833927402995938
protein,between_syn,1.8883359555238737
protein,between_syn,1.604003241930109
protein,between_syn,1.8530178840500944
protein,between_syn,1.8633777505256943
protein,between_syn,1.7173519309314595
protein,between_syn,1.7560206812405723
protein,between_syn,1.816283526523194
protein,between_syn,1.8545359975076081
protein,between_syn,1.8576321023709925
protein,between_syn,1.9370279487119786
protein,between_syn,1.8067600508182906
protein,between_syn,1.8149691764674618
protein,between_syn,1.996782501042889
protein,between_syn,1.8833927402995938
protein,between_syn,1.604003241930109
protein,between_syn,1.8834541082031648
protein,between_syn,1.8546086871686203
protein,between_syn,1.9406912385955424
protein,between_syn,1.8694781544451309
protein,between_syn,1.9687775839348247
protein,between_syn,1.2849235376819708
protein,between_syn,1.4339215532724752
protein,between_syn,0.9602758181371491
protein,between_syn,1.1892011803997418
protein,between_syn,1.3658855841826316
protein,between_syn,1.2115542941584936
protein,between_syn,1.3478986382345708
protein,between_syn,1.4060087545952948
protein,between_syn,1.2239938221426618
protein,between_syn,1.2309586061087683
protein,between_syn,1.4236632133227793
protein,between_syn,0.9710773553527112
protein,between_syn,1.3241775130849596
protein,between_syn,1.2644781361183994
protein,between_syn,1.1997732818660252
protein,between_syn,1.4651004240140941
protein,between_syn,1.2171336610983017
protein,between_syn,1.241663649352954
protein,between_syn,0.9707393505477566
protein,between_syn,1.3060973356898427
protein,between_syn,1.3290532537222308
protein,between_syn,0.9602758181371491
protein,between_syn,1.2239938221426618
protein,between_syn,1.3241775130849596
protein,between_syn,1.4339215532724752
protein,between_syn,1.2644781361183994
protein,between_syn,1.4651004240140941
protein,between_syn,1.241663649352954
protein,between_syn,0.9707393505477566
protein,between_syn,1.3060973356898427
protein,between_syn,1.4236632133227793
protein,between_syn,1.1997732818660252
protein,between_syn,1.2849235376819708
protein,between_syn,1.1892011803997418
protein,between_syn,1.2309586061087683
protein,between_syn,1.3290532537222308
protein,between_syn,1.2115542941584936
protein,between_syn,1.3478986382345708
protein,between_syn,1.2171336610983017
protein,between_syn,1.4060087545952948
protein,between_syn,1.3658855841826316
protein,between_syn,0.9710773553527112
protein,between_syn,1.2239938221426618
protein,between_syn,1.3241775130849596
protein,between_syn,0.9602758181371491
protein,between_syn,0.9707393505477566
protein,between_syn,1.2309586061087683
protein,between_syn,1.4651004240140941
protein,between_syn,1.2171336610983017
protein,between_syn,1.2849235376819708
protein,between_syn,1.2644781361183994
protein,between_syn,1.4339215532724752
protein,between_syn,1.3290532537222308
protein,between_syn,1.4060087545952948
protein,between_syn,0.9710773553527112
protein,between_syn,1.1997732818660252
protein,between_syn,1.1892011803997418
protein,between_syn,1.2115542941584936
protein,between_syn,1.3060973356898427
protein,between_syn,1.3478986382345708
protein,between_syn,1.252561270846103
protein,between_syn,1.4171190060595256
protein,between_syn,1.034401151271735
protein,between_syn,1.259094841568875
protein,between_syn,1.3602276796599604
protein,between_syn,1.2574581907877855
protein,between_syn,1.3141093472415275
protein,between_syn,1.2892174955777103
protein,between_syn,1.1980776634328392
protein,between_syn,1.2418092116002033
protein,between_syn,1.4276027977338268
protein,between_syn,0.932754434855168
protein,between_syn,1.3413330799660252
protein,between_syn,1.284104299736388
protein,between_syn,1.2554567728240822
protein,between_syn,1.34151894870342
protein,between_syn,1.2194876112213429
protein,between_syn,1.2689080221024518
protein,between_syn,1.043317232166751
protein,between_syn,1.383610271357969
protein,between_syn,1.3255218786693008
protein,between_syn,1.034401151271735
protein,between_syn,1.1980776634328392
protein,between_syn,1.3413330799660252
protein,between_syn,1.4171190060595256
protein,between_syn,1.284104299736388
protein,between_syn,1.34151894870342
protein,between_syn,1.2689080221024518
protein,between_syn,1.043317232166751
protein,between_syn,1.383610271357969
protein,between_syn,1.4276027977338268
protein,between_syn,1.2554567728240822
protein,between_syn,1.252561270846103
protein,between_syn,1.259094841568875
protein,between_syn,1.2418092116002033
protein,between_syn,1.3255218786693008
protein,between_syn,1.2574581907877855
protein,between_syn,1.3141093472415275
protein,between_syn,1.2194876112213429
protein,between_syn,1.2892174955777103
protein,between_syn,1.3602276796599604
protein,between_syn,0.932754434855168
protein,between_syn,1.1980776634328392
protein,between_syn,1.3413330799660252
protein,between_syn,1.034401151271735
protein,between_syn,1.043317232166751
protein,between_syn,1.2418092116002033
protein,between_syn,1.34151894870342
protein,between_syn,1.2194876112213429
protein,between_syn,1.252561270846103
protein,between_syn,1.284104299736388
protein,between_syn,1.4171190060595256
protein,between_syn,1.3255218786693008
protein,between_syn,1.2892174955777103
protein,between_syn,0.932754434855168
protein,between_syn,1.2554567728240822
protein,between_syn,1.259094841568875
protein,between_syn,1.2574581907877855
protein,between_syn,1.383610271357969
protein,between_syn,1.3141093472415275
protein,between_syn,1.0730657471068379
protein,between_syn,1.4007163403736622
protein,between_syn,1.1543743894465515
protein,between_syn,1.0625045327483569
protein,between_syn,1.0769848851746775
protein,between_syn,1.0286172069904038
protein,between_syn,1.081418106520132
protein,between_syn,1.1100505639744205
protein,between_syn,1.1502736151412898
protein,between_syn,1.1181402276696315
protein,between_syn,1.1631568902001581
protein,between_syn,1.337581763723658
protein,between_syn,1.2288719031401434
protein,between_syn,1.1785780063413076
protein,between_syn,1.2507371798489952
protein,between_syn,1.2786079616687416
protein,between_syn,1.0880113266097577
protein,between_syn,1.0841458500411034
protein,between_syn,1.2388004645667163
protein,between_syn,1.1603996569114374
protein,between_syn,1.113059285283709
protein,between_syn,1.1543743894465515
protein,between_syn,1.1502736151412898
protein,between_syn,1.2288719031401434
protein,between_syn,1.4007163403736622
protein,between_syn,1.1785780063413076
protein,between_syn,1.2786079616687416
protein,between_syn,1.0841458500411034
protein,between_syn,1.2388004645667163
protein,between_syn,1.1603996569114374
protein,between_syn,1.1631568902001581
protein,between_syn,1.2507371798489952
protein,between_syn,1.0730657471068379
protein,between_syn,1.0625045327483569
protein,between_syn,1.1181402276696315
protein,between_syn,1.113059285283709
protein,between_syn,1.0286172069904038
protein,between_syn,1.081418106520132
protein,between_syn,1.0880113266097577
protein,between_syn,1.1100505639744205
protein,between_syn,1.0769848851746775
protein,between_syn,1.337581763723658
protein,between_syn,1.1502736151412898
protein,between_syn,1.2288719031401434
protein,between_syn,1.1543743894465515
protein,between_syn,1.2388004645667163
protein,between_syn,1.1181402276696315
protein,between_syn,1.2786079616687416
protein,between_syn,1.0880113266097577
protein,between_syn,1.0730657471068379
protein,between_syn,1.1785780063413076
protein,between_syn,1.4007163403736622
protein,between_syn,1.113059285283709
protein,between_syn,1.1100505639744205
protein,between_syn,1.337581763723658
protein,between_syn,1.2507371798489952
protein,between_syn,1.0625045327483569
protein,between_syn,1.0286172069904038
protein,between_syn,1.1603996569114374
protein,between_syn,1.081418106520132
protein,between_syn,1.9656014284419414
protein,between_syn,1.7938262648731222
protein,between_syn,1.703132906576439
protein,between_syn,1.8488103413695915
protein,between_syn,1.8831982820868003
protein,between_syn,1.9656000335335022
protein,between_syn,2.0095319401547895
protein,between_syn,1.8844183228530251
protein,between_syn,1.8402132707565642
protein,between_syn,1.7838908421980049
protein,between_syn,1.8243193984731672
protein,between_syn,1.6001769626788507
protein,between_syn,1.85435157172233
protein,between_syn,1.762682715029412
protein,between_syn,1.9150077914362973
protein,between_syn,1.8600119163465636
protein,between_syn,1.847054436028459
protein,between_syn,1.8688777602032427
protein,between_syn,1.8059515363616334
protein,between_syn,1.8141131685707883
protein,between_syn,2.0374330709295165
protein,between_syn,1.703132906576439
protein,between_syn,1.8402132707565642
protein,between_syn,1.85435157172233
protein,between_syn,1.7938262648731222
protein,between_syn,1.762682715029412
protein,between_syn,1.8600119163465636
protein,between_syn,1.8688777602032427
protein,between_syn,1.8059515363616334
protein,between_syn,1.8141131685707883
protein,between_syn,1.8243193984731672
protein,between_syn,1.9150077914362973
protein,between_syn,1.9656014284419414
protein,between_syn,1.8488103413695915
protein,between_syn,1.7838908421980049
protein,between_syn,2.0374330709295165
protein,between_syn,1.9656000335335022
protein,between_syn,2.0095319401547895
protein,between_syn,1.847054436028459
protein,between_syn,1.8844183228530251
protein,between_syn,1.8831982820868003
protein,between_syn,1.6001769626788507
protein,between_syn,1.8402132707565642
protein,between_syn,1.85435157172233
protein,between_syn,1.703132906576439
protein,between_syn,1.8059515363616334
protein,between_syn,1.7838908421980049
protein,between_syn,1.8600119163465636
protein,between_syn,1.847054436028459
protein,between_syn,1.9656014284419414
protein,between_syn,1.762682715029412
protein,between_syn,1.7938262648731222
protein,between_syn,2.0374330709295165
protein,between_syn,1.8844183228530251
protein,between_syn,1.6001769626788507
protein,between_syn,1.9150077914362973
protein,between_syn,1.8488103413695915
protein,between_syn,1.9656000335335022
protein,between_syn,1.8141131685707883
protein,between_syn,2.0095319401547895
protein,between_syn,1.9069317436571143
protein,between_syn,1.7750589901720395
protein,between_syn,1.6664396488540871
protein,between_syn,1.8123268822434724
protein,between_syn,1.85448167777351
protein,between_syn,1.9080435654689476
protein,between_syn,1.9385758083295739
protein,between_syn,1.8448599437903122
protein,between_syn,1.796482030043171
protein,between_syn,1.7700097740968233
protein,between_syn,1.8106723017820654
protein,between_syn,1.5235803189568022
protein,between_syn,1.8135716549798866
protein,between_syn,1.7611395823173384
protein,between_syn,1.836071486745066
protein,between_syn,1.822129212278476
protein,between_syn,1.8114523006273724
protein,between_syn,1.8398848355423219
protein,between_syn,1.7368815625896938
protein,between_syn,1.8162347803547214
protein,between_syn,1.971452782490787
protein,between_syn,1.6664396488540871
protein,between_syn,1.796482030043171
protein,between_syn,1.8135716549798866
protein,between_syn,1.7750589901720395
protein,between_syn,1.7611395823173384
protein,between_syn,1.822129212278476
protein,between_syn,1.8398848355423219
protein,between_syn,1.7368815625896938
protein,between_syn,1.8162347803547214
protein,between_syn,1.8106723017820654
protein,between_syn,1.836071486745066
protein,between_syn,1.9069317436571143
protein,between_syn,1.8123268822434724
protein,between_syn,1.7700097740968233
protein,between_syn,1.971452782490787
protein,between_syn,1.9080435654689476
protein,between_syn,1.9385758083295739
protein,between_syn,1.8114523006273724
protein,between_syn,1.8448599437903122
protein,between_syn,1.85448167777351
protein,between_syn,1.5235803189568022
protein,between_syn,1.796482030043171
protein,between_syn,1.8135716549798866
protein,between_syn,1.6664396488540871
protein,between_syn,1.7368815625896938
protein,between_syn,1.7700097740968233
protein,between_syn,1.822129212278476
protein,between_syn,1.8114523006273724
protein,between_syn,1.9069317436571143
protein,between_syn,1.7611395823173384
protein,between_syn,1.7750589901720395
protein,between_syn,1.971452782490787
protein,between_syn,1.8448599437903122
protein,between_syn,1.5235803189568022
protein,between_syn,1.836071486745066
protein,between_syn,1.8123268822434724
protein,between_syn,1.9080435654689476
protein,between_syn,1.8162347803547214
protein,between_syn,1.9385758083295739
protein,between_syn,1.169173303770824
protein,between_syn,1.43075057975658
protein,between_syn,1.059525667791299
protein,between_syn,1.106999947980756
protein,between_syn,1.2332188552401686
protein,between_syn,1.1442509449280098
protein,between_syn,1.1840441962152515
protein,between_syn,1.2472663099071617
protein,between_syn,1.1345569959568127
protein,between_syn,1.1609335222151584
protein,between_syn,1.3116622489531118
protein,between_syn,1.146388282077227
protein,between_syn,1.089218161053341
protein,between_syn,1.1805337663887636
protein,between_syn,1.200706590314224
protein,between_syn,1.2469818953234615
protein,between_syn,1.0385626982080685
protein,between_syn,1.0645176407350467
protein,between_syn,1.0879416362631311
protein,between_syn,1.2113419005070871
protein,between_syn,1.2293146208013621
protein,between_syn,1.059525667791299
protein,between_syn,1.1345569959568127
protein,between_syn,1.089218161053341
protein,between_syn,1.43075057975658
protein,between_syn,1.1805337663887636
protein,between_syn,1.2469818953234615
protein,between_syn,1.0645176407350467
protein,between_syn,1.0879416362631311
protein,between_syn,1.2113419005070871
protein,between_syn,1.3116622489531118
protein,between_syn,1.200706590314224
protein,between_syn,1.169173303770824
protein,between_syn,1.106999947980756
protein,between_syn,1.1609335222151584
protein,between_syn,1.2293146208013621
protein,between_syn,1.1442509449280098
protein,between_syn,1.1840441962152515
protein,between_syn,1.0385626982080685
protein,between_syn,1.2472663099071617
protein,between_syn,1.2332188552401686
protein,between_syn,1.146388282077227
protein,between_syn,1.1345569959568127
protein,between_syn,1.089218161053341
protein,between_syn,1.059525667791299
protein,between_syn,1.0879416362631311
protein,between_syn,1.1609335222151584
protein,between_syn,1.2469818953234615
protein,between_syn,1.0385626982080685
protein,between_syn,1.169173303770824
protein,between_syn,1.1805337663887636
protein,between_syn,1.43075057975658
protein,between_syn,1.2293146208013621
protein,between_syn,1.2472663099071617
protein,between_syn,1.146388282077227
protein,between_syn,1.200706590314224
protein,between_syn,1.106999947980756
protein,between_syn,1.1442509449280098
protein,between_syn,1.2113419005070871
protein,between_syn,1.1840441962152515
protein,between_syn,1.9428484671443933
protein,between_syn,1.7937385174301084
protein,between_syn,1.6886707390509237
protein,between_syn,1.8511646311607899
protein,between_syn,1.8826120923923408
protein,between_syn,1.9451680234481612
protein,between_syn,1.9873465094869278
protein,between_syn,1.8765618405532114
protein,between_syn,1.8262063973985407
protein,between_syn,1.781308347280905
protein,between_syn,1.8376887790959173
protein,between_syn,1.559185461361464
protein,between_syn,1.8332868245408438
protein,between_syn,1.7719204560896902
protein,between_syn,1.8855305542587268
protein,between_syn,1.8509518969784575
protein,between_syn,1.8483170653141645
protein,between_syn,1.8610827674559192
protein,between_syn,1.7880921906561527
protein,between_syn,1.8246926192477861
protein,between_syn,2.012082228695102
protein,between_syn,1.6886707390509237
protein,between_syn,1.8262063973985407
protein,between_syn,1.8332868245408438
protein,between_syn,1.7937385174301084
protein,between_syn,1.7719204560896902
protein,between_syn,1.8509518969784575
protein,between_syn,1.8610827674559192
protein,between_syn,1.7880921906561527
protein,between_syn,1.8246926192477861
protein,between_syn,1.8376887790959173
protein,between_syn,1.8855305542587268
protein,between_syn,1.9428484671443933
protein,between_syn,1.8511646311607899
protein,between_syn,1.781308347280905
protein,between_syn,2.012082228695102
protein,between_syn,1.9451680234481612
protein,between_syn,1.9873465094869278
protein,between_syn,1.8483170653141645
protein,between_syn,1.8765618405532114
protein,between_syn,1.8826120923923408
protein,between_syn,1.559185461361464
protein,between_syn,1.8262063973985407
protein,between_syn,1.8332868245408438
protein,between_syn,1.6886707390509237
protein,between_syn,1.7880921906561527
protein,between_syn,1.781308347280905
protein,between_syn,1.8509518969784575
protein,between_syn,1.8483170653141645
protein,between_syn,1.9428484671443933
protein,between_syn,1.7719204560896902
protein,between_syn,1.7937385174301084
protein,between_syn,2.012082228695102
protein,between_syn,1.8765618405532114
protein,between_syn,1.559185461361464
protein,between_syn,1.8855305542587268
protein,between_syn,1.8511646311607899
protein,between_syn,1.9451680234481612
protein,between_syn,1.8246926192477861
protein,between_syn,1.9873465094869278
protein,between_syn,1.2593287638889288
protein,between_syn,1.5069180798647563
protein,between_syn,1.0433774535252691
protein,between_syn,1.1374899549054391
protein,between_syn,1.2640706949287013
protein,between_syn,1.2323015000787527
protein,between_syn,1.2770667297157787
protein,between_syn,1.362785715058281
protein,between_syn,1.1878849207247506
protein,between_syn,1.1546657795490507
protein,between_syn,1.3116593400645096
protein,between_syn,1.2810124415600008
protein,between_syn,1.1552518842366153
protein,between_syn,1.1866445832215207
protein,between_syn,1.335943982769085
protein,between_syn,1.4464294816721133
protein,between_syn,1.0672350257651253
protein,between_syn,1.1383268922366183
protein,between_syn,1.2100244040444394
protein,between_syn,1.1904944242616589
protein,between_syn,1.275018884203344
protein,between_syn,1.0433774535252691
protein,between_syn,1.1878849207247506
protein,between_syn,1.1552518842366153
protein,between_syn,1.5069180798647563
protein,between_syn,1.1866445832215207
protein,between_syn,1.4464294816721133
protein,between_syn,1.1383268922366183
protein,between_syn,1.2100244040444394
protein,between_syn,1.1904944242616589
protein,between_syn,1.3116593400645096
protein,between_syn,1.335943982769085
protein,between_syn,1.2593287638889288
protein,between_syn,1.1374899549054391
protein,between_syn,1.1546657795490507
protein,between_syn,1.275018884203344
protein,between_syn,1.2323015000787527
protein,between_syn,1.2770667297157787
protein,between_syn,1.0672350257651253
protein,between_syn,1.362785715058281
protein,between_syn,1.2640706949287013
protein,between_syn,1.2810124415600008
protein,between_syn,1.1878849207247506
protein,between_syn,1.1552518842366153
protein,between_syn,1.0433774535252691
protein,between_syn,1.2100244040444394
protein,between_syn,1.1546657795490507
protein,between_syn,1.4464294816721133
protein,between_syn,1.0672350257651253
protein,between_syn,1.2593287638889288
protein,between_syn,1.1866445832215207
protein,between_syn,1.5069180798647563
protein,between_syn,1.275018884203344
protein,between_syn,1.362785715058281
protein,between_syn,1.2810124415600008
protein,between_syn,1.335943982769085
protein,between_syn,1.1374899549054391
protein,between_syn,1.2323015000787527
protein,between_syn,1.1904944242616589
protein,between_syn,1.2770667297157787
protein,between_syn,1.1590691228083254
protein,between_syn,1.4214285907664272
protein,between_syn,1.1355988404289115
protein,between_syn,1.1168926070586753
protein,between_syn,1.132410370568983
protein,between_syn,1.112823649077814
protein,between_syn,1.1159195305745395
protein,between_syn,1.2230787238131204
protein,between_syn,1.176736548423726
protein,between_syn,1.1716468795150763
protein,between_syn,1.1950444842531842
protein,between_syn,1.32200081085443
protein,between_syn,1.2511059917720404
protein,between_syn,1.1894209384265872
protein,between_syn,1.252020726112722
protein,between_syn,1.2219591616048402
protein,between_syn,1.0960268807991582
protein,between_syn,1.1594991504880043
protein,between_syn,1.2373515472000611
protein,between_syn,1.2731109786518866
protein,between_syn,1.1580640100739545
protein,between_syn,1.1355988404289115
protein,between_syn,1.176736548423726
protein,between_syn,1.2511059917720404
protein,between_syn,1.4214285907664272
protein,between_syn,1.1894209384265872
protein,between_syn,1.2219591616048402
protein,between_syn,1.1594991504880043
protein,between_syn,1.2373515472000611
protein,between_syn,1.2731109786518866
protein,between_syn,1.1950444842531842
protein,between_syn,1.252020726112722
protein,between_syn,1.1590691228083254
protein,between_syn,1.1168926070586753
protein,between_syn,1.1716468795150763
protein,between_syn,1.1580640100739545
protein,between_syn,1.112823649077814
protein,between_syn,1.1159195305745395
protein,between_syn,1.0960268807991582
protein,between_syn,1.2230787238131204
protein,between_syn,1.132410370568983
protein,between_syn,1.32200081085443
protein,between_syn,1.176736548423726
protein,between_syn,1.2511059917720404
protein,between_syn,1.1355988404289115
protein,between_syn,1.2373515472000611
protein,between_syn,1.1716468795150763
protein,between_syn,1.2219591616048402
protein,between_syn,1.0960268807991582
protein,between_syn,1.1590691228083254
protein,between_syn,1.1894209384265872
protein,between_syn,1.4214285907664272
protein,between_syn,1.1580640100739545
protein,between_syn,1.2230787238131204
protein,between_syn,1.32200081085443
protein,between_syn,1.252020726112722
protein,between_syn,1.1168926070586753
protein,between_syn,1.112823649077814
protein,between_syn,1.2731109786518866
protein,between_syn,1.1159195305745395
protein,between_syn,1.7113217672624998
protein,between_syn,1.6523646493804107
protein,between_syn,1.478257768477849
protein,between_syn,1.6338604901398361
protein,between_syn,1.6996724811619446
protein,between_syn,1.7007817782761483
protein,between_syn,1.7302519374580558
protein,between_syn,1.6954663102244585
protein,between_syn,1.6192722401023811
protein,between_syn,1.6388195605683287
protein,between_syn,1.6775335218219218
protein,between_syn,1.2773883428998452
protein,between_syn,1.6825110329833863
protein,between_syn,1.6238905754245871
protein,between_syn,1.6274585068890832
protein,between_syn,1.6820842315965836
protein,between_syn,1.6528066349488508
protein,between_syn,1.670649184467228
protein,between_syn,1.5153098474918392
protein,between_syn,1.6981718076774008
protein,between_syn,1.7524965453037544
protein,between_syn,1.478257768477849
protein,between_syn,1.6192722401023811
protein,between_syn,1.6825110329833863
protein,between_syn,1.6523646493804107
protein,between_syn,1.6238905754245871
protein,between_syn,1.6820842315965836
protein,between_syn,1.670649184467228
protein,between_syn,1.5153098474918392
protein,between_syn,1.6981718076774008
protein,between_syn,1.6775335218219218
protein,between_syn,1.6274585068890832
protein,between_syn,1.7113217672624998
protein,between_syn,1.6338604901398361
protein,between_syn,1.6388195605683287
protein,between_syn,1.7524965453037544
protein,between_syn,1.7007817782761483
protein,between_syn,1.7302519374580558
protein,between_syn,1.6528066349488508
protein,between_syn,1.6954663102244585
protein,between_syn,1.6996724811619446
protein,between_syn,1.2773883428998452
protein,between_syn,1.6192722401023811
protein,between_syn,1.6825110329833863
protein,between_syn,1.478257768477849
protein,between_syn,1.5153098474918392
protein,between_syn,1.6388195605683287
protein,between_syn,1.6820842315965836
protein,between_syn,1.6528066349488508
protein,between_syn,1.7113217672624998
protein,between_syn,1.6238905754245871
protein,between_syn,1.6523646493804107
protein,between_syn,1.7524965453037544
protein,between_syn,1.6954663102244585
protein,between_syn,1.2773883428998452
protein,between_syn,1.6274585068890832
protein,between_syn,1.6338604901398361
protein,between_syn,1.7007817782761483
protein,between_syn,1.6981718076774008
protein,between_syn,1.7302519374580558
protein,between_syn,1.9686200303747832
protein,between_syn,2.0770079943253377
protein,between_syn,1.8701836061519943
protein,between_syn,1.9807598358507075
protein,between_syn,1.9995466221176754
protein,between_syn,1.9809352360284704
protein,between_syn,1.9637464398882294
protein,between_syn,1.9649074302103122
protein,between_syn,1.9821649427813073
protein,between_syn,2.0118227964192315
protein,between_syn,2.0535984444677324
protein,between_syn,1.6939530913901066
protein,between_syn,2.02620386336211
protein,between_syn,2.0464562454953557
protein,between_syn,1.9167864975421045
protein,between_syn,1.958223232114442
protein,between_syn,2.0042432667500925
protein,between_syn,2.0314471822284443
protein,between_syn,1.8309548644973233
protein,between_syn,2.1232245293024685
protein,between_syn,1.9974476194441528
protein,between_syn,1.8701836061519943
protein,between_syn,1.9821649427813073
protein,between_syn,2.02620386336211
protein,between_syn,2.0770079943253377
protein,between_syn,2.0464562454953557
protein,between_syn,1.958223232114442
protein,between_syn,2.0314471822284443
protein,between_syn,1.8309548644973233
protein,between_syn,2.1232245293024685
protein,between_syn,2.0535984444677324
protein,between_syn,1.9167864975421045
protein,between_syn,1.9686200303747832
protein,between_syn,1.9807598358507075
protein,between_syn,2.0118227964192315
protein,between_syn,1.9974476194441528
protein,between_syn,1.9809352360284704
protein,between_syn,1.9637464398882294
protein,between_syn,2.0042432667500925
protein,between_syn,1.9649074302103122
protein,between_syn,1.9995466221176754
protein,between_syn,1.6939530913901066
protein,between_syn,1.9821649427813073
protein,between_syn,2.02620386336211
protein,between_syn,1.8701836061519943
protein,between_syn,1.8309548644973233
protein,between_syn,2.0118227964192315
protein,between_syn,1.958223232114442
protein,between_syn,2.0042432667500925
protein,between_syn,1.9686200303747832
protein,between_syn,2.0464562454953557
protein,between_syn,2.0770079943253377
protein,between_syn,1.9974476194441528
protein,between_syn,1.9649074302103122
protein,between_syn,1.6939530913901066
protein,between_syn,1.9167864975421045
protein,between_syn,1.9807598358507075
protein,between_syn,1.9809352360284704
protein,between_syn,2.1232245293024685
protein,between_syn,1.9637464398882294
protein,between_syn,1.2371320943836586
protein,between_syn,1.302925639661767
protein,between_syn,1.2430338049983432
protein,between_syn,1.2686701076345932
protein,between_syn,1.4270757111758807
protein,between_syn,1.3383963374811303
protein,between_syn,1.263400285720404
protein,between_syn,1.3071984769908729
protein,between_syn,1.1079899643602265
protein,between_syn,1.2620848447076365
protein,between_syn,1.4763977698688477
protein,between_syn,1.1780440562931296
protein,between_syn,1.2589895980954633
protein,between_syn,1.3108535598361455
protein,between_syn,1.2036456474997876
protein,between_syn,1.327326677046176
protein,between_syn,1.156737830661638
protein,between_syn,1.178546492790211
protein,between_syn,1.2685906760891201
protein,between_syn,1.3701378364457637
protein,between_syn,1.3229762760872343
protein,between_syn,1.2430338049983432
protein,between_syn,1.1079899643602265
protein,between_syn,1.2589895980954633
protein,between_syn,1.302925639661767
protein,between_syn,1.3108535598361455
protein,between_syn,1.327326677046176
protein,between_syn,1.178546492790211
protein,between_syn,1.2685906760891201
protein,between_syn,1.3701378364457637
protein,between_syn,1.4763977698688477
protein,between_syn,1.2036456474997876
protein,between_syn,1.2371320943836586
protein,between_syn,1.2686701076345932
protein,between_syn,1.2620848447076365
protein,between_syn,1.3229762760872343
protein,between_syn,1.3383963374811303
protein,between_syn,1.263400285720404
protein,between_syn,1.156737830661638
protein,between_syn,1.3071984769908729
protein,between_syn,1.4270757111758807
protein,between_syn,1.1780440562931296
protein,between_syn,1.1079899643602265
protein,between_syn,1.2589895980954633
protein,between_syn,1.2430338049983432
protein,between_syn,1.2685906760891201
protein,between_syn,1.2620848447076365
protein,between_syn,1.327326677046176
protein,between_syn,1.156737830661638
protein,between_syn,1.2371320943836586
protein,between_syn,1.3108535598361455
protein,between_syn,1.302925639661767
protein,between_syn,1.3229762760872343
protein,between_syn,1.3071984769908729
protein,between_syn,1.1780440562931296
protein,between_syn,1.2036456474997876
protein,between_syn,1.2686701076345932
protein,between_syn,1.3383963374811303
protein,between_syn,1.3701378364457637
protein,between_syn,1.263400285720404
protein,between_syn,1.926363646110883
protein,between_syn,1.8003833568002479
protein,between_syn,1.6848214635698824
protein,between_syn,1.831965012802469
protein,between_syn,1.8711050519338246
protein,between_syn,1.926767731544106
protein,between_syn,1.9608275185510788
protein,between_syn,1.8660122325074582
protein,between_syn,1.8250802376406676
protein,between_syn,1.7887930205040647
protein,between_syn,1.8219468857828016
protein,between_syn,1.5374836852897225
protein,between_syn,1.8406567329135548
protein,between_syn,1.7801211061851747
protein,between_syn,1.8595584943805181
protein,between_syn,1.8408589854529667
protein,between_syn,1.82916927936246
protein,between_syn,1.8585679081366768
protein,between_syn,1.760637796287541
protein,between_syn,1.8348918538978678
protein,between_syn,1.9884298714357933
protein,between_syn,1.6848214635698824
protein,between_syn,1.8250802376406676
protein,between_syn,1.8406567329135548
protein,between_syn,1.8003833568002479
protein,between_syn,1.7801211061851747
protein,between_syn,1.8408589854529667
protein,between_syn,1.8585679081366768
protein,between_syn,1.760637796287541
protein,between_syn,1.8348918538978678
protein,between_syn,1.8219468857828016
protein,between_syn,1.8595584943805181
protein,between_syn,1.926363646110883
protein,between_syn,1.831965012802469
protein,between_syn,1.7887930205040647
protein,between_syn,1.9884298714357933
protein,between_syn,1.926767731544106
protein,between_syn,1.9608275185510788
protein,between_syn,1.82916927936246
protein,between_syn,1.8660122325074582
protein,between_syn,1.8711050519338246
protein,between_syn,1.5374836852897225
protein,between_syn,1.8250802376406676
protein,between_syn,1.8406567329135548
protein,between_syn,1.6848214635698824
protein,between_syn,1.760637796287541
protein,between_syn,1.7887930205040647
protein,between_syn,1.8408589854529667
protein,between_syn,1.82916927936246
protein,between_syn,1.926363646110883
protein,between_syn,1.7801211061851747
protein,between_syn,1.8003833568002479
protein,between_syn,1.9884298714357933
protein,between_syn,1.8660122325074582
protein,between_syn,1.5374836852897225
protein,between_syn,1.8595584943805181
protein,between_syn,1.831965012802469
protein,between_syn,1.926767731544106
protein,between_syn,1.8348918538978678
protein,between_syn,1.9608275185510788
protein,between_syn,1.9195078105657397
protein,between_syn,1.8489335782412333
protein,between_syn,1.7176221193176007
protein,between_syn,1.8646595174879594
protein,between_syn,1.8939343207008523
protein,between_syn,1.932347926093102
protein,between_syn,1.9481530512991412
protein,between_syn,1.8868229444618156
protein,between_syn,1.840910957207378
protein,between_syn,1.8207097178293907
protein,between_syn,1.882748128157696
protein,between_syn,1.5679341619232945
protein,between_syn,1.8537337038089456
protein,between_syn,1.827107236559036
protein,between_syn,1.8641979677892762
protein,between_syn,1.8558873910107079
protein,between_syn,1.8660435736539291
protein,between_syn,1.8773315743345176
protein,between_syn,1.769477198417843
protein,between_syn,1.884832064898574
protein,between_syn,1.9717478646362174
protein,between_syn,1.7176221193176007
protein,between_syn,1.840910957207378
protein,between_syn,1.8537337038089456
protein,between_syn,1.8489335782412333
protein,between_syn,1.827107236559036
protein,between_syn,1.8558873910107079
protein,between_syn,1.8773315743345176
protein,between_syn,1.769477198417843
protein,between_syn,1.884832064898574
protein,between_syn,1.882748128157696
protein,between_syn,1.8641979677892762
protein,between_syn,1.9195078105657397
protein,between_syn,1.8646595174879594
protein,between_syn,1.8207097178293907
protein,between_syn,1.9717478646362174
protein,between_syn,1.932347926093102
protein,between_syn,1.9481530512991412
protein,between_syn,1.8660435736539291
protein,between_syn,1.8868229444618156
protein,between_syn,1.8939343207008523
protein,between_syn,1.5679341619232945
protein,between_syn,1.840910957207378
protein,between_syn,1.8537337038089456
protein,between_syn,1.7176221193176007
protein,between_syn,1.769477198417843
protein,between_syn,1.8207097178293907
protein,between_syn,1.8558873910107079
protein,between_syn,1.8660435736539291
protein,between_syn,1.9195078105657397
protein,between_syn,1.827107236559036
protein,between_syn,1.8489335782412333
protein,between_syn,1.9717478646362174
protein,between_syn,1.8868229444618156
protein,between_syn,1.5679341619232945
protein,between_syn,1.8641979677892762
protein,between_syn,1.8646595174879594
protein,between_syn,1.932347926093102
protein,between_syn,1.884832064898574
protein,between_syn,1.9481530512991412
protein,between_syn,1.7195102474928918
protein,between_syn,1.7860230067056426
protein,between_syn,1.580306841623966
protein,between_syn,1.692956813991411
protein,between_syn,1.7508210139755356
protein,between_syn,1.7234844633652664
protein,between_syn,1.7128877575437145
protein,between_syn,1.700752972286292
protein,between_syn,1.6883735679670864
protein,between_syn,1.7291514027902555
protein,between_syn,1.786085484861037
protein,between_syn,1.339354615781622
protein,between_syn,1.751320913672447
protein,between_syn,1.7534877333236663
protein,between_syn,1.6498910144109833
protein,between_syn,1.7450430816820994
protein,between_syn,1.7194458641187416
protein,between_syn,1.7575673154232123
protein,between_syn,1.5559961211274154
protein,between_syn,1.822764054367911
protein,between_syn,1.7650126284291987
protein,between_syn,1.580306841623966
protein,between_syn,1.6883735679670864
protein,between_syn,1.751320913672447
protein,between_syn,1.7860230067056426
protein,between_syn,1.7534877333236663
protein,between_syn,1.7450430816820994
protein,between_syn,1.7575673154232123
protein,between_syn,1.5559961211274154
protein,between_syn,1.822764054367911
protein,between_syn,1.786085484861037
protein,between_syn,1.6498910144109833
protein,between_syn,1.7195102474928918
protein,between_syn,1.692956813991411
protein,between_syn,1.7291514027902555
protein,between_syn,1.7650126284291987
protein,between_syn,1.7234844633652664
protein,between_syn,1.7128877575437145
protein,between_syn,1.7194458641187416
protein,between_syn,1.700752972286292
protein,between_syn,1.7508210139755356
protein,between_syn,1.339354615781622
protein,between_syn,1.6883735679670864
protein,between_syn,1.751320913672447
protein,between_syn,1.580306841623966
protein,between_syn,1.5559961211274154
protein,between_syn,1.7291514027902555
protein,between_syn,1.7450430816820994
protein,between_syn,1.7194458641187416
protein,between_syn,1.7195102474928918
protein,between_syn,1.7534877333236663
protein,between_syn,1.7860230067056426
protein,between_syn,1.7650126284291987
protein,between_syn,1.700752972286292
protein,between_syn,1.339354615781622
protein,between_syn,1.6498910144109833
protein,between_syn,1.692956813991411
protein,between_syn,1.7234844633652664
protein,between_syn,1.822764054367911
protein,between_syn,1.7128877575437145
protein,between_syn,1.2371320943836586
protein,between_syn,1.302925639661767
protein,between_syn,1.2430338049983432
protein,between_syn,1.2686701076345932
protein,between_syn,1.4270757111758807
protein,between_syn,1.3383963374811303
protein,between_syn,1.263400285720404
protein,between_syn,1.3071984769908729
protein,between_syn,1.1079899643602265
protein,between_syn,1.2620848447076365
protein,between_syn,1.4763977698688477
protein,between_syn,1.1780440562931296
protein,between_syn,1.2589895980954633
protein,between_syn,1.3108535598361455
protein,between_syn,1.2036456474997876
protein,between_syn,1.327326677046176
protein,between_syn,1.156737830661638
protein,between_syn,1.178546492790211
protein,between_syn,1.2685906760891201
protein,between_syn,1.3701378364457637
protein,between_syn,1.3229762760872343
protein,between_syn,1.2430338049983432
protein,between_syn,1.1079899643602265
protein,between_syn,1.2589895980954633
protein,between_syn,1.302925639661767
protein,between_syn,1.3108535598361455
protein,between_syn,1.327326677046176
protein,between_syn,1.178546492790211
protein,between_syn,1.2685906760891201
protein,between_syn,1.3701378364457637
protein,between_syn,1.4763977698688477
protein,between_syn,1.2036456474997876
protein,between_syn,1.2371320943836586
protein,between_syn,1.2686701076345932
protein,between_syn,1.2620848447076365
protein,between_syn,1.3229762760872343
protein,between_syn,1.3383963374811303
protein,between_syn,1.263400285720404
protein,between_syn,1.156737830661638
protein,between_syn,1.3071984769908729
protein,between_syn,1.4270757111758807
protein,between_syn,1.1780440562931296
protein,between_syn,1.1079899643602265
protein,between_syn,1.2589895980954633
protein,between_syn,1.2430338049983432
protein,between_syn,1.2685906760891201
protein,between_syn,1.2620848447076365
protein,between_syn,1.327326677046176
protein,between_syn,1.156737830661638
protein,between_syn,1.2371320943836586
protein,between_syn,1.3108535598361455
protein,between_syn,1.302925639661767
protein,between_syn,1.3229762760872343
protein,between_syn,1.3071984769908729
protein,between_syn,1.1780440562931296
protein,between_syn,1.2036456474997876
protein,between_syn,1.2686701076345932
protein,between_syn,1.3383963374811303
protein,between_syn,1.3701378364457637
protein,between_syn,1.263400285720404
protein,between_syn,1.7113217672624998
protein,between_syn,1.6523646493804107
protein,between_syn,1.478257768477849
protein,between_syn,1.6338604901398361
protein,between_syn,1.6996724811619446
protein,between_syn,1.7007817782761483
protein,between_syn,1.7302519374580558
protein,between_syn,1.6954663102244585
protein,between_syn,1.6192722401023811
protein,between_syn,1.6388195605683287
protein,between_syn,1.6775335218219218
protein,between_syn,1.2773883428998452
protein,between_syn,1.6825110329833863
protein,between_syn,1.6238905754245871
protein,between_syn,1.6274585068890832
protein,between_syn,1.6820842315965836
protein,between_syn,1.6528066349488508
protein,between_syn,1.670649184467228
protein,between_syn,1.5153098474918392
protein,between_syn,1.6981718076774008
protein,between_syn,1.7524965453037544
protein,between_syn,1.478257768477849
protein,between_syn,1.6192722401023811
protein,between_syn,1.6825110329833863
protein,between_syn,1.6523646493804107
protein,between_syn,1.6238905754245871
protein,between_syn,1.6820842315965836
protein,between_syn,1.670649184467228
protein,between_syn,1.5153098474918392
protein,between_syn,1.6981718076774008
protein,between_syn,1.6775335218219218
protein,between_syn,1.6274585068890832
protein,between_syn,1.7113217672624998
protein,between_syn,1.6338604901398361
protein,between_syn,1.6388195605683287
protein,between_syn,1.7524965453037544
protein,between_syn,1.7007817782761483
protein,between_syn,1.7302519374580558
protein,between_syn,1.6528066349488508
protein,between_syn,1.6954663102244585
protein,between_syn,1.6996724811619446
protein,between_syn,1.2773883428998452
protein,between_syn,1.6192722401023811
protein,between_syn,1.6825110329833863
protein,between_syn,1.478257768477849
protein,between_syn,1.5153098474918392
protein,between_syn,1.6388195605683287
protein,between_syn,1.6820842315965836
protein,between_syn,1.6528066349488508
protein,between_syn,1.7113217672624998
protein,between_syn,1.6238905754245871
protein,between_syn,1.6523646493804107
protein,between_syn,1.7524965453037544
protein,between_syn,1.6954663102244585
protein,between_syn,1.2773883428998452
protein,between_syn,1.6274585068890832
protein,between_syn,1.6338604901398361
protein,between_syn,1.7007817782761483
protein,between_syn,1.6981718076774008
protein,between_syn,1.7302519374580558
protein,between_syn,1.926363646110883
protein,between_syn,1.8003833568002479
protein,between_syn,1.6848214635698824
protein,between_syn,1.831965012802469
protein,between_syn,1.8711050519338246
protein,between_syn,1.926767731544106
protein,between_syn,1.9608275185510788
protein,between_syn,1.8660122325074582
protein,between_syn,1.8250802376406676
protein,between_syn,1.7887930205040647
protein,between_syn,1.8219468857828016
protein,between_syn,1.5374836852897225
protein,between_syn,1.8406567329135548
protein,between_syn,1.7801211061851747
protein,between_syn,1.8595584943805181
protein,between_syn,1.8408589854529667
protein,between_syn,1.82916927936246
protein,between_syn,1.8585679081366768
protein,between_syn,1.760637796287541
protein,between_syn,1.8348918538978678
protein,between_syn,1.9884298714357933
protein,between_syn,1.6848214635698824
protein,between_syn,1.8250802376406676
protein,between_syn,1.8406567329135548
protein,between_syn,1.8003833568002479
protein,between_syn,1.7801211061851747
protein,between_syn,1.8408589854529667
protein,between_syn,1.8585679081366768
protein,between_syn,1.760637796287541
protein,between_syn,1.8348918538978678
protein,between_syn,1.8219468857828016
protein,between_syn,1.8595584943805181
protein,between_syn,1.926363646110883
protein,between_syn,1.831965012802469
protein,between_syn,1.7887930205040647
protein,between_syn,1.9884298714357933
protein,between_syn,1.926767731544106
protein,between_syn,1.9608275185510788
protein,between_syn,1.82916927936246
protein,between_syn,1.8660122325074582
protein,between_syn,1.8711050519338246
protein,between_syn,1.5374836852897225
protein,between_syn,1.8250802376406676
protein,between_syn,1.8406567329135548
protein,between_syn,1.6848214635698824
protein,between_syn,1.760637796287541
protein,between_syn,1.7887930205040647
protein,between_syn,1.8408589854529667
protein,between_syn,1.82916927936246
protein,between_syn,1.926363646110883
protein,between_syn,1.7801211061851747
protein,between_syn,1.8003833568002479
protein,between_syn,1.9884298714357933
protein,between_syn,1.8660122325074582
protein,between_syn,1.5374836852897225
protein,between_syn,1.8595584943805181
protein,between_syn,1.831965012802469
protein,between_syn,1.926767731544106
protein,between_syn,1.8348918538978678
protein,between_syn,1.9608275185510788
gene,within_real,0.5756771639950461
gene,within_real,0.5674349719154081
gene,within_real,0.5679651647719369
gene,within_real,1.0198641953880132
gene,within_real,0.9970800672487145
gene,within_real,0.9943160356617534
gene,within_real,2.9057331113655396
gene,within_real,2.9034572327424737
gene,within_real,2.9165129215333008
gene,within_real,1.5892833908857569
gene,within_real,1.6394240948419372
gene,within_real,1.5538903986752888
gene,within_real,1.629854716473811
gene,within_real,1.4250296711809822
gene,within_real,1.426521596439458
gene,within_real,2.2608769874845733
gene,within_real,2.309967893847884
gene,within_real,2.244962130197542
gene,within_real,0.01928878777459767
gene,within_real,0.042503695740755534
gene,within_real,0.5476149574987673
gene,within_real,0.4983631248237738
gene,within_real,0.49539374001026387
gene,within_real,2.760145600988394
gene,within_real,2.7511815577944647
gene,within_real,2.764862622777535
gene,within_real,0.02556813591903805
gene,within_real,0.5645136783447555
gene,within_real,0.514308655840692
gene,within_real,0.5111410488406638
gene,within_real,2.777424170553855
gene,within_real,2.768534794434829
gene,within_real,2.782217472959945
gene,within_real,0.5847463395059882
gene,within_real,0.5328994025594368
gene,within_real,0.5296862324724696
gene,within_real,2.793562828386771
gene,within_real,2.7846668001158386
gene,within_real,2.7983675782796604
gene,within_real,0.07978713836689069
gene,within_real,0.08647023078715595
gene,within_real,2.493710867342198
gene,within_real,2.480458874694529
gene,within_real,2.493820998797754
gene,within_real,0.01030389798275594
gene,within_real,2.5574806493236113
gene,within_real,2.5441485258146677
gene,within_real,2.5575885128241285
gene,within_real,2.5672974819800305
gene,within_real,2.553988361065309
gene,within_real,2.5674244413667187
gene,within_real,0.034565422385419285
gene,within_real,0.032223054972934574
gene,within_real,0.014021001160572137
gene,within_real,0.05094780262251415
gene,within_real,0.0796567763613556
gene,within_real,0.053877831269833705
gene,within_real,0.171371453109656
gene,within_real,0.1744878544136187
gene,within_real,1.6597397778265788
gene,within_real,1.7065826714084968
gene,within_real,1.6833170782928923
gene,within_real,0.10656183785482122
gene,within_real,0.03830078044677917
gene,within_real,0.21879406780823235
gene,within_real,0.22066362055622618
gene,within_real,1.6529967580590412
gene,within_real,1.6991572057381952
gene,within_real,1.6779726499270804
gene,within_real,0.11122112551543607
gene,within_real,0.13715629463846163
gene,within_real,0.13717808682191288
gene,within_real,1.5886088320852583
gene,within_real,1.6359502226336133
gene,within_real,1.611232587935624
gene,within_real,0.20806481783764952
gene,within_real,0.2086623104010403
gene,within_real,1.6654756548782834
gene,within_real,1.7119388614054363
gene,within_real,1.6903318515592092
gene,within_real,0.013446295684581944
gene,within_real,1.632178255382469
gene,within_real,1.681146375706796
gene,within_real,1.6512072347797622
gene,within_real,1.6250564245958397
gene,within_real,1.6740671177160031
gene,within_real,1.6441614601108292
gene,within_real,0.05245111515234649
gene,within_real,0.05272039167270355
gene,within_real,0.07311313443922503
gene,within_syn,0.011375216553343948
gene,within_syn,2.9671262377078946
gene,within_syn,0.49632892152804287
gene,within_syn,2.919368186778445
gene,within_syn,0.031228485945816672
gene,within_syn,0.5161715777994457
gene,within_syn,0.5097259474537885
gene,within_syn,3.0237963746649035
gene,within_syn,0.4668373175657952
gene,within_syn,0.509725947453789
gene,within_syn,3.0039116774867116
gene,within_syn,2.9138230345359006
gene,within_syn,0.04656908588363809
gene,within_syn,3.0207386987660585
gene,within_syn,3.004047504005189
gene,within_syn,3.052447063314918
gene,within_syn,2.912262874893098
gene,within_syn,3.0039116774867116
gene,within_syn,3.0569602754765177
gene,within_syn,3.0192367266894067
gene,within_syn,0.41164488845248703
gene,within_syn,0.011375216553344622
gene,within_syn,2.9155496918048005
gene,within_syn,3.019264877494615
gene,within_syn,3.021094250169296
gene,within_syn,0.02272799698124795
gene,within_syn,0.3537830106069066
gene,within_syn,0.33691526805222677
gene,within_syn,0.03435677118316557
gene,within_syn,2.8792956197241177
gene,within_syn,0.4959385545262444
gene,within_syn,3.061707369852412
gene,within_syn,0.5032526837113189
gene,within_syn,2.9193681867784447
gene,within_syn,2.993445267218096
gene,within_syn,0.49937458655755895
gene,within_syn,0.02318444806396948
gene,within_syn,0.510701971356593
gene,within_syn,0.343837461552661
gene,within_syn,0.00999304877914484
gene,within_syn,0.032796489081518276
gene,within_syn,0.02036815523876213
gene,within_syn,2.9961344737998927
gene,within_syn,0.4917440065983276
gene,within_syn,3.019264877494615
gene,within_syn,0.43806845356862506
gene,within_syn,0.03279648908151889
gene,within_syn,0.5017367423724518
gene,within_syn,0.3419348644619014
gene,within_syn,2.9603431304473604
gene,within_syn,0.0042874222902832635
gene,within_syn,0.02406595889254385
gene,within_syn,3.023654392019681
gene,within_syn,3.023796374664904
gene,within_syn,0.4959385545262447
gene,within_syn,0.007767317234796487
gene,within_syn,0.5032352527850774
gene,within_syn,0.5032526837113195
gene,within_syn,0.01662903731851986
gene,within_syn,2.971119761737915
gene,within_syn,0.4911972451055999
gene,within_syn,2.9232752188128104
gene,within_syn,0.025750362147309636
gene,within_syn,0.5130564353938621
gene,within_syn,0.5059939572717276
gene,within_syn,3.0279674011629534
gene,within_syn,0.46321886011738456
gene,within_syn,0.505993957271728
gene,within_syn,3.0079475500171977
gene,within_syn,2.917755554536145
gene,within_syn,0.04639726940883229
gene,within_syn,3.024795433223907
gene,within_syn,3.008226266233737
gene,within_syn,3.0566080174185046
gene,within_syn,2.9162019476452357
gene,within_syn,3.0079475500171977
gene,within_syn,3.0610633915843826
gene,within_syn,3.023297571477117
gene,within_syn,0.4046412967441717
gene,within_syn,2.1094237467877974e-15
gene,within_syn,2.919478244830718
gene,within_syn,3.0233741172466546
gene,within_syn,3.025197890670471
gene,within_syn,0.014471555398088589
gene,within_syn,0.3646024976105551
gene,within_syn,0.34802110213241005
gene,within_syn,0.02499354809129897
gene,within_syn,2.8832730999819702
gene,within_syn,0.4919222539365396
gene,within_syn,3.0658211449232002
gene,within_syn,0.49920894827267565
gene,within_syn,2.9232752188128104
gene,within_syn,2.9975647350292487
gene,within_syn,0.49516874510814146
gene,within_syn,0.0271145389455515
gene,within_syn,0.5074440878284538
gene,within_syn,0.3549654413671501
gene,within_syn,0.010311180928682499
gene,within_syn,0.02668557609434541
gene,within_syn,0.02598732642636023
gene,within_syn,3.0001763380071025
gene,within_syn,0.48826773377294147
gene,within_syn,3.0233741172466546
gene,within_syn,0.4330329744384597
gene,within_syn,0.026685576094346325
gene,within_syn,0.49707482025573874
gene,within_syn,0.3530898357272313
gene,within_syn,2.964318619068879
gene,within_syn,0.015182779627111571
gene,within_syn,0.02644454403700621
gene,within_syn,3.027825741606148
gene,within_syn,3.0279674011629543
gene,within_syn,0.4919222539365399
gene,within_syn,0.012629341166697719
gene,within_syn,0.4988355530202449
gene,within_syn,0.49920894827267626
gene,within_syn,0.012548537813063376
gene,within_syn,2.663899561053211
gene,within_syn,0.06288763004785979
gene,within_syn,2.967733092561647
gene,within_syn,2.5931149453733884
gene,within_syn,2.6063614238926767
gene,within_syn,0.07852785336171908
gene,within_syn,2.647256208593297
gene,within_syn,2.6063614238926767
gene,within_syn,0.038957755904121136
gene,within_syn,0.0649459903343711
gene,within_syn,3.006620537426664
gene,within_syn,0.05855639428442522
gene,within_syn,0.0745630008965009
gene,within_syn,0.0984678695034599
gene,within_syn,0.06559797490507173
gene,within_syn,0.038957755904121136
gene,within_syn,0.09535764581356318
gene,within_syn,0.05762689413830522
gene,within_syn,2.7912976999360217
gene,within_syn,2.971119761737915
gene,within_syn,0.06406431928231499
gene,within_syn,0.06180274152507617
gene,within_syn,0.06252001992532114
gene,within_syn,2.9851153629882403
gene,within_syn,2.7658266237774463
gene,within_syn,2.7971693187959463
gene,within_syn,2.9919189174245098
gene,within_syn,0.10200170915371383
gene,within_syn,2.624233785700138
gene,within_syn,0.10111720968537871
gene,within_syn,2.6203771064627475
gene,within_syn,0.06288763004785887
gene,within_syn,0.045569554205416266
gene,within_syn,2.6285291621360165
gene,within_syn,2.945548305527379
gene,within_syn,2.6010498861209674
gene,within_syn,2.8006770587046312
gene,within_syn,2.9725158243038234
gene,within_syn,2.9761783836900153
gene,within_syn,2.9497348238395613
gene,within_syn,0.032283380373071595
gene,within_syn,2.619218106169145
gene,within_syn,0.06180274152507617
gene,within_syn,2.7084097929438773
gene,within_syn,2.9761783836900153
gene,within_syn,2.6422718548988953
gene,within_syn,2.805497720624651
gene,within_syn,0.00866150353096692
gene,within_syn,2.9642865752254206
gene,within_syn,2.9453465939968786
gene,within_syn,0.07847417163816853
gene,within_syn,0.07852785336171943
gene,within_syn,2.6242337857001377
gene,within_syn,2.969434719156183
gene,within_syn,2.6328160484208794
gene,within_syn,2.6203771064627475
gene,within_syn,2.980135963943678
gene,within_syn,2.612576671979871
gene,within_syn,0.48512979468355566
gene,within_syn,0.11716232164451791
gene,within_syn,0.07043617940136973
gene,within_syn,2.726454949129603
gene,within_syn,0.10796990337090613
gene,within_syn,0.07043617940136986
gene,within_syn,2.701862854491273
gene,within_syn,2.6080604665331957
gene,within_syn,0.5320074366292002
gene,within_syn,2.7197854795773084
gene,within_syn,2.706835056782415
gene,within_syn,2.7546325626042134
gene,within_syn,2.606774016156719
gene,within_syn,2.701862854491273
gene,within_syn,2.7569716576323
gene,within_syn,2.7184620801161024
gene,within_syn,0.13503110844962918
gene,within_syn,0.49119724510559915
gene,within_syn,2.6096098359187705
gene,within_syn,2.7201352318084737
gene,within_syn,2.7217206319656153
gene,within_syn,0.4988206490553269
gene,within_syn,0.6551127218897209
gene,within_syn,0.6671672603006086
gene,within_syn,0.49776711742033664
gene,within_syn,2.5752183263751522
gene,within_syn,0.05399743132441865
gene,within_syn,2.762019009953254
gene,within_syn,0.05357294255019009
gene,within_syn,2.6125766719798706
gene,within_syn,2.6945788251308778
gene,within_syn,0.04543618520064494
gene,within_syn,0.47778979260837484
gene,within_syn,0.10964702565420244
gene,within_syn,0.6748788099865256
gene,within_syn,0.4963121722924781
gene,within_syn,0.4916094855987819
gene,within_syn,0.48350819806673556
gene,within_syn,2.694404263679087
gene,within_syn,0.09542120701570445
gene,within_syn,2.7201352318084737
gene,within_syn,0.09089138982754491
gene,within_syn,0.4916094855987824
gene,within_syn,0.023430691185666902
gene,within_syn,0.6766002201324414
gene,within_syn,2.656533060577288
gene,within_syn,0.496362589494485
gene,within_syn,0.47500435464849855
gene,within_syn,2.726327596461378
gene,within_syn,2.7264549491296033
gene,within_syn,0.05399743132441872
gene,within_syn,0.4966110994652777
gene,within_syn,0.036799553015546924
gene,within_syn,0.053572942550190086
gene,within_syn,0.49924471287292815
gene,within_syn,2.920076131500024
gene,within_syn,2.5412413803255203
gene,within_syn,2.5549655543998417
gene,within_syn,0.12861373086930497
gene,within_syn,2.59552248970322
gene,within_syn,2.5549655543998417
gene,within_syn,0.09626023464620474
gene,within_syn,0.008896300301689674
gene,within_syn,2.959185703254352
gene,within_syn,0.11999565642092931
gene,within_syn,0.11381188821938379
gene,within_syn,0.15261330359707984
gene,within_syn,0.011275885548026804
gene,within_syn,0.09626023464620474
gene,within_syn,0.1506792402483961
gene,within_syn,0.11923986973222526
gene,within_syn,2.7398585098507486
gene,within_syn,2.9232752188128104
gene,within_syn,0.007015469993804211
gene,within_syn,0.12126255263556522
gene,within_syn,0.12193155251252197
gene,within_syn,2.9372677777051543
gene,within_syn,2.7203269215508543
gene,within_syn,2.7520836428458137
gene,within_syn,2.944050194565711
gene,within_syn,0.048142454994647664
gene,within_syn,2.572955103328827
gene,within_syn,0.15562547231240814
gene,within_syn,2.5690477449431435
gene,within_syn,1.790180836524724e-15
gene,within_syn,0.0972946945527156
gene,within_syn,2.5772078033780343
gene,within_syn,2.897674233676684
gene,within_syn,2.549208037521921
gene,within_syn,2.7554274832694143
gene,within_syn,2.9246420822319874
gene,within_syn,2.9285383894292543
gene,within_syn,2.901856043454011
gene,within_syn,0.09037310791982242
gene,within_syn,2.567550735066163
gene,within_syn,0.12126255263556522
gene,within_syn,2.6567925623289708
gene,within_syn,2.9285383894292543
gene,within_syn,2.59099010347759
gene,within_syn,2.7602483135656124
gene,within_syn,0.0571470409050166
gene,within_syn,2.916534464410521
gene,within_syn,2.897457882309197
gene,within_syn,0.12855284338105985
gene,within_syn,0.128613730869305
gene,within_syn,2.572955103328827
gene,within_syn,2.921588636003476
gene,within_syn,2.5814620631823986
gene,within_syn,2.5690477449431435
gene,within_syn,2.932233907244081
gene,within_syn,0.5114109237279973
gene,within_syn,0.5015822383311637
gene,within_syn,3.024907557568262
gene,within_syn,0.4622251912932948
gene,within_syn,0.5015822383311641
gene,within_syn,3.0046354040513386
gene,within_syn,2.9145792763379794
gene,within_syn,0.048213949994209776
gene,within_syn,3.0213454506623627
gene,within_syn,3.0053130232510057
gene,within_syn,3.0534690231899684
gene,within_syn,2.9130287055845256
gene,within_syn,3.0046354040513386
gene,within_syn,3.0578291289678607
gene,within_syn,3.019849374052532
gene,within_syn,0.40070631613086943
gene,within_syn,0.02575036214731116
gene,within_syn,2.91630166432123
gene,within_syn,3.0200490275858627
gene,within_syn,3.021870972364768
gene,within_syn,0.028522500505773096
gene,within_syn,0.3734508967783126
gene,within_syn,0.3554436626248628
gene,within_syn,0.029618000858591235
gene,within_syn,2.8802921146918976
gene,within_syn,0.48705975664754037
gene,within_syn,3.0626219451113315
gene,within_syn,0.4942962796688233
gene,within_syn,2.9200761315000237
gene,within_syn,2.9943848598785947
gene,within_syn,0.4901302309396542
gene,within_syn,0.04071919715132469
gene,within_syn,0.5056476174889959
gene,within_syn,0.3638876975037505
gene,within_syn,0.035638280650617804
gene,within_syn,0.008541714338335947
gene,within_syn,0.043453596153693715
gene,within_syn,2.9968646470303835
gene,within_syn,0.4860741276121867
gene,within_syn,3.0200490275858627
gene,within_syn,0.4308486185285299
gene,within_syn,0.008541714338336146
gene,within_syn,0.49122099709301836
gene,within_syn,0.36213279349205824
gene,within_syn,2.960900246276377
gene,within_syn,0.03441072176113708
gene,within_syn,0.03850355416866562
gene,within_syn,3.024765945425404
gene,within_syn,3.024907557568262
gene,within_syn,0.4870597566475406
gene,within_syn,0.03685586737314936
gene,within_syn,0.49356640889920583
gene,within_syn,0.49429627966882395
gene,within_syn,0.0364508706918304
gene,within_syn,0.05729275929770367
gene,within_syn,2.654160659348641
gene,within_syn,0.057609886419242896
gene,within_syn,0.057292759297702896
gene,within_syn,2.63075857502336
gene,within_syn,2.536574012597722
gene,within_syn,0.5575080431864798
gene,within_syn,2.6491605516080434
gene,within_syn,2.6339680606333014
gene,within_syn,2.682683974088782
gene,within_syn,2.535258892217487
gene,within_syn,2.63075857502336
gene,within_syn,2.6855017487928974
gene,within_syn,2.6478195239177693
gene,within_syn,0.20556245721316482
gene,within_syn,0.5130564353938613
gene,within_syn,2.5381363147766196
gene,within_syn,2.6489348222280347
gene,within_syn,2.6505415444823988
gene,within_syn,0.5227951711412067
gene,within_syn,0.6168898819656016
gene,within_syn,0.6365413146194849
gene,within_syn,0.5243916426881168
gene,within_syn,2.5028670321623783
gene,within_syn,0.07151713295705668
gene,within_syn,2.6904041362696463
gene,within_syn,0.07138804268989163
gene,within_syn,2.5412413803255203
gene,within_syn,2.6227925468341833
gene,within_syn,0.07723335988321198
gene,within_syn,0.4950835240973464
gene,within_syn,0.008770521158687001
gene,within_syn,0.641577881711931
gene,within_syn,0.5162250096528814
gene,within_syn,0.5187013675434716
gene,within_syn,0.5000553939227519
gene,within_syn,2.6232745195280835
gene,within_syn,0.030470590287085177
gene,within_syn,2.6489348222280347
gene,within_syn,0.11737308124695077
gene,within_syn,0.5187013675434722
gene,within_syn,0.09986487484353618
gene,within_syn,0.6437955664278141
gene,within_syn,2.5858967962243264
gene,within_syn,0.5152780602286102
gene,within_syn,0.4930464674228825
gene,within_syn,2.654032251606088
gene,within_syn,2.654160659348642
gene,within_syn,0.07151713295705633
gene,within_syn,0.5157491376615737
gene,within_syn,0.08466009375706998
gene,within_syn,0.07138804268989105
gene,within_syn,0.520339022327811
gene,within_syn,2.668204081678054
gene,within_syn,0.07755200167666804
gene,within_syn,1.1102230246251565e-15
gene,within_syn,2.64418683516068
gene,within_syn,2.550354298082322
gene,within_syn,0.5487729603433892
gene,within_syn,2.6622419151813963
gene,within_syn,2.6483765389397984
gene,within_syn,2.6965299251003563
gene,within_syn,2.5490465026941607
gene,within_syn,2.64418683516068
gene,within_syn,2.6991161175626535
gene,within_syn,2.6609050436392936
gene,within_syn,0.1849623761264266
gene,within_syn,0.5059939572717269
gene,within_syn,2.5519159508270945
gene,within_syn,2.6623236714052703
gene,within_syn,2.663926299805857
gene,within_syn,0.5151815483839756
gene,within_syn,0.6290809018804052
gene,within_syn,0.645184535623991
gene,within_syn,0.5157747674455793
gene,within_syn,2.517136033766656
gene,within_syn,0.020161714904488207
gene,within_syn,2.7041045599506375
gene,within_syn,0.017373318793679853
gene,within_syn,2.5549655543998413
gene,within_syn,2.6365440895926473
gene,within_syn,0.025702031858536506
gene,within_syn,0.4894192509933733
gene,within_syn,0.052351748016333834
gene,within_syn,0.6520798624645401
gene,within_syn,0.5102330528598656
gene,within_syn,0.5087279937060384
gene,within_syn,0.4949232514093836
gene,within_syn,2.6367037746466853
gene,within_syn,0.04612909268112415
gene,within_syn,2.6623236714052703
gene,within_syn,0.10899510461825136
gene,within_syn,0.5087279937060389
gene,within_syn,0.04859928316641109
gene,within_syn,0.6542039344942099
gene,within_syn,2.599065308415813
gene,within_syn,0.5091714400511693
gene,within_syn,0.48704685007621273
gene,within_syn,2.6680757647313382
gene,within_syn,2.6682040816780543
gene,within_syn,0.020161714904487933
gene,within_syn,0.5099569513146823
gene,within_syn,0.033722665352283354
gene,within_syn,0.01737331879367956
gene,within_syn,0.514101677466839
gene,within_syn,2.707974227140177
gene,within_syn,2.668204081678054
gene,within_syn,0.04624521616896148
gene,within_syn,0.1293078342257227
gene,within_syn,3.0633133221350266
gene,within_syn,0.04895972770285177
gene,within_syn,0.026619072665084148
gene,within_syn,0.030119561435918492
gene,within_syn,0.12966952380903435
gene,within_syn,0.04624521616896148
gene,within_syn,0.0409639931102964
gene,within_syn,0.04850215181270828
gene,within_syn,2.853068931169087
gene,within_syn,3.0279674011629534
gene,within_syn,0.1284751148516412
gene,within_syn,0.03228542444180055
gene,within_syn,0.032631742150372886
gene,within_syn,3.042025792616506
gene,within_syn,2.816975586497035
gene,within_syn,2.848555606726723
gene,within_syn,3.0490106053629575
gene,within_syn,0.15746051376616227
gene,within_syn,2.6861409887406427
gene,within_syn,0.04271378100524572
gene,within_syn,2.6823808686847483
gene,within_syn,0.12861373086930464
gene,within_syn,0.034996257734788934
gene,within_syn,2.690581057563608
gene,within_syn,3.002255355143567
gene,within_syn,2.6621474708877124
gene,within_syn,2.851735504647262
gene,within_syn,3.029195680752328
gene,within_syn,3.0333450413962835
gene,within_syn,3.0063395988525805
gene,within_syn,0.048994658892695844
gene,within_syn,2.6803329472346986
gene,within_syn,0.03228542444180055
gene,within_syn,2.7696074891363347
gene,within_syn,3.0333450413962835
gene,within_syn,2.704678627784688
gene,within_syn,2.856550635326097
gene,within_syn,0.08714631237739932
gene,within_syn,3.0208991484080734
gene,within_syn,3.002125935022696
gene,within_syn,0.00017252896568366508
gene,within_syn,1.1957467920563633e-15
gene,within_syn,2.6861409887406427
gene,within_syn,3.0260624488128154
gene,within_syn,2.695028832293079
gene,within_syn,2.6823808686847483
gene,within_syn,3.0368633013204875
gene,within_syn,0.07755200167666752
gene,within_syn,2.6848432064659264
gene,within_syn,2.590798140044504
gene,within_syn,0.5077434417490121
gene,within_syn,2.70321085375516
gene,within_syn,2.6877461304598693
gene,within_syn,2.736543466389107
gene,within_syn,2.589468192782152
gene,within_syn,2.6848432064659264
gene,within_syn,2.7394885448976116
gene,within_syn,2.7018598303268484
gene,within_syn,0.15810717849016456
gene,within_syn,0.4632188601173835
gene,within_syn,2.592370054026097
gene,within_syn,2.702875120177729
gene,within_syn,2.7044954578573757
gene,within_syn,0.472426725149675
gene,within_syn,0.5903984245784085
gene,within_syn,0.6080633377591915
gene,within_syn,0.47367733754639624
gene,within_syn,2.556964313026215
gene,within_syn,0.07682524853503972
gene,within_syn,2.7443724134096805
gene,within_syn,0.0809656462217047
gene,within_syn,2.59552248970322
gene,within_syn,2.6766913828072143
gene,within_syn,0.08145393051081222
gene,within_syn,0.44623755291840494
gene,within_syn,0.050858310030595995
gene,within_syn,0.6128320338687628
gene,within_syn,0.46632304865293944
gene,within_syn,0.46925671307721717
gene,within_syn,0.4510770584739921
gene,within_syn,2.6773399478156157
gene,within_syn,0.03549587837744894
gene,within_syn,2.702875120177729
gene,within_syn,0.0675247765518261
gene,within_syn,0.46925671307721784
gene,within_syn,0.09925198656459915
gene,within_syn,0.6147032216715087
gene,within_syn,2.6400693048303405
gene,within_syn,0.46610197818556015
gene,within_syn,0.4441216874380961
gene,within_syn,2.707844994112024
gene,within_syn,2.7079742271401774
gene,within_syn,0.07682524853503951
gene,within_syn,0.466074618873248
gene,within_syn,0.08801634123454427
gene,within_syn,0.08096564622170432
gene,within_syn,0.4700527106115768
gene,within_syn,2.64418683516068
gene,within_syn,2.550354298082322
gene,within_syn,0.5487729603433896
gene,within_syn,2.6622419151813963
gene,within_syn,2.6483765389397984
gene,within_syn,2.6965299251003563
gene,within_syn,2.5490465026941607
gene,within_syn,2.64418683516068
gene,within_syn,2.6991161175626535
gene,within_syn,2.6609050436392936
gene,within_syn,0.18496237612642652
gene,within_syn,0.5059939572717272
gene,within_syn,2.551915950827095
gene,within_syn,2.6623236714052703
gene,within_syn,2.663926299805857
gene,within_syn,0.515181548383976
gene,within_syn,0.6290809018804057
gene,within_syn,0.6451845356239916
gene,within_syn,0.5157747674455797
gene,within_syn,2.517136033766656
gene,within_syn,0.020161714904488644
gene,within_syn,2.7041045599506375
gene,within_syn,0.017373318793680197
gene,within_syn,2.5549655543998413
gene,within_syn,2.6365440895926473
gene,within_syn,0.025702031858536763
gene,within_syn,0.48941925099337374
gene,within_syn,0.05235174801633303
gene,within_syn,0.6520798624645405
gene,within_syn,0.5102330528598661
gene,within_syn,0.5087279937060389
gene,within_syn,0.494923251409384
gene,within_syn,2.6367037746466853
gene,within_syn,0.04612909268112351
gene,within_syn,2.6623236714052703
gene,within_syn,0.1089951046182511
gene,within_syn,0.5087279937060394
gene,within_syn,0.04859928316641134
gene,within_syn,0.6542039344942103
gene,within_syn,2.599065308415813
gene,within_syn,0.5091714400511698
gene,within_syn,0.4870468500762132
gene,within_syn,2.6680757647313382
gene,within_syn,2.6682040816780543
gene,within_syn,0.02016171490448837
gene,within_syn,0.5099569513146828
gene,within_syn,0.03372266535228351
gene,within_syn,0.017373318793679902
gene,within_syn,0.5141016774668394
gene,within_syn,0.09882642043220526
gene,within_syn,3.043409515032387
gene,within_syn,0.02686744896072308
gene,within_syn,0.05281366052421058
gene,within_syn,0.06077702650464796
gene,within_syn,0.09962949144226547
gene,within_syn,0.0
gene,within_syn,0.05649063517387205
gene,within_syn,0.026448986974376622
gene,within_syn,2.829112675581474
gene,within_syn,3.0079475500171977
gene,within_syn,0.09771818577481357
gene,within_syn,0.027887014280681445
gene,within_syn,0.027653730558902336
gene,within_syn,3.02195825912188
gene,within_syn,2.8011722417005473
gene,within_syn,2.832570490705568
gene,within_syn,3.028804358633529
gene,within_syn,0.1343123616506404
gene,within_syn,2.6620774594435335
gene,within_syn,0.06221403473334243
gene,within_syn,2.658236646526981
gene,within_syn,0.09626023464620426
gene,within_syn,0.02671597961167727
gene,within_syn,2.666398385880958
gene,within_syn,2.9823424840125647
gene,within_syn,2.6387060151426325
gene,within_syn,2.835994288421376
gene,within_syn,3.009304381732713
gene,within_syn,3.0130789640971005
gene,within_syn,2.986505012598373
gene,within_syn,0.00798647301875039
gene,within_syn,2.6568879855968803
gene,within_syn,0.027887014280681445
gene,within_syn,2.7461016353110006
gene,within_syn,3.0130789640971005
gene,within_syn,2.6802092668847943
gene,within_syn,2.8408136471491914
gene,within_syn,0.0472294654327836
gene,within_syn,3.0010583215775934
gene,within_syn,2.9821578485665334
gene,within_syn,0.04624816609980945
gene,within_syn,0.046245216168961704
gene,within_syn,2.662077459443533
gene,within_syn,3.0062107475992548
gene,within_syn,2.670714008721869
gene,within_syn,2.658236646526981
gene,within_syn,3.0169360638432874
gene,within_syn,2.953621879569608
gene,within_syn,0.12244055723434825
gene,within_syn,0.11354692430166959
gene,within_syn,0.15432408924969382
gene,within_syn,0.0024017601508179004
gene,within_syn,0.09882642043220526
gene,within_syn,0.15333621567812497
gene,within_syn,0.12156474588877654
gene,within_syn,2.735247186732473
gene,within_syn,2.917755554536145
gene,within_syn,0.002080172802520516
gene,within_syn,0.12278093800383112
gene,within_syn,0.1236135983292166
gene,within_syn,2.9317555719119452
gene,within_syn,2.714097349739226
gene,within_syn,2.7458510763154487
gene,within_syn,2.9385595792980648
gene,within_syn,0.04111369573140835
gene,within_syn,2.5683410262516313
gene,within_syn,0.158227931326018
gene,within_syn,2.56445236128004
gene,within_syn,0.008896300301688996
gene,within_syn,0.09758634093140386
gene,within_syn,2.5726185774363013
gene,within_syn,2.8921406819847117
gene,within_syn,2.544544210006035
gene,within_syn,2.749176318032738
gene,within_syn,2.919106325317992
gene,within_syn,2.9230397401438672
gene,within_syn,2.8963119114910354
gene,within_syn,0.0925155394974546
gene,within_syn,2.562870324756851
gene,within_syn,0.12278093800383112
gene,within_syn,2.652120308287385
gene,within_syn,2.9230397401438672
gene,within_syn,2.5864475457713625
gene,within_syn,2.7539968279960054
gene,within_syn,0.05936239711185063
gene,within_syn,2.910982597436851
gene,within_syn,2.8919332040402845
gene,within_syn,0.12923628051703367
gene,within_syn,0.12930783422572278
gene,within_syn,2.5683410262516313
gene,within_syn,2.9160451968749785
gene,within_syn,2.576899120862073
gene,within_syn,2.56445236128004
gene,within_syn,2.9267055196545084
gene,within_syn,3.060064746542984
gene,within_syn,3.0436932010781335
gene,within_syn,3.091903943068586
gene,within_syn,2.952054143647059
gene,within_syn,3.043409515032387
gene,within_syn,3.096422102782466
gene,within_syn,3.0585576147545774
gene,within_syn,0.44395014976958747
gene,within_syn,0.04639726940883362
gene,within_syn,2.9553545999713933
gene,within_syn,3.0586263600630375
gene,within_syn,3.0604634559001314
gene,within_syn,0.037300683308289125
gene,within_syn,0.37635696738250385
gene,within_syn,0.3547560868301253
gene,within_syn,0.03807091714346339
gene,within_syn,2.919209435300656
gene,within_syn,0.5342962514612215
gene,within_syn,3.101185636006313
gene,within_syn,0.5415381863718517
gene,within_syn,2.9591857032543514
gene,within_syn,3.0329326504476963
gene,within_syn,0.5373335350408472
gene,within_syn,0.06935059813267744
gene,within_syn,0.5517850437115847
gene,within_syn,0.36225255558447855
gene,within_syn,0.04753064910993426
gene,within_syn,0.04120459213998834
gene,within_syn,0.06677128804772567
gene,within_syn,3.0356227479443603
gene,within_syn,0.5323463014518879
gene,within_syn,3.0586263600630375
gene,within_syn,0.47602381097781254
gene,within_syn,0.04120459213998807
gene,within_syn,0.5384134214831945
gene,within_syn,0.35991922282816674
gene,within_syn,2.9998357180337267
gene,within_syn,0.04938282149245368
gene,within_syn,0.06972166348100377
gene,within_syn,3.063170831600305
gene,within_syn,3.063313322135027
gene,within_syn,0.5342962514612218
gene,within_syn,0.04904365902412695
gene,within_syn,0.5407380513438077
gene,within_syn,0.5415381863718524
gene,within_syn,0.043565438431996714
gene,within_syn,0.0663185615360652
gene,within_syn,0.05165767198080326
gene,within_syn,0.12314666078433258
gene,within_syn,0.02686744896072308
gene,within_syn,0.0446667640012567
gene,within_syn,0.001921357564895905
gene,within_syn,2.8471838853649696
gene,within_syn,3.024795433223907
gene,within_syn,0.12143909550549548
gene,within_syn,0.017884209005647113
gene,within_syn,0.01679030986156118
gene,within_syn,3.0387982954544555
gene,within_syn,2.8175900604306654
gene,within_syn,2.84874212099613
gene,within_syn,3.045631140640752
gene,within_syn,0.15814633423721175
gene,within_syn,2.680062870467038
gene,within_syn,0.05110350057596614
gene,within_syn,2.676236068036593
gene,within_syn,0.11999565642092865
gene,within_syn,0.042224522558911536
gene,within_syn,2.6843869092155894
gene,within_syn,2.999226028393988
gene,within_syn,2.6570844683333683
gene,within_syn,2.852292202565704
gene,within_syn,3.026188792683516
gene,within_syn,3.029780568233931
gene,within_syn,3.003403826606414
gene,within_syn,0.03159462148222518
gene,within_syn,2.675173392961541
gene,within_syn,0.017884209005647113
gene,within_syn,2.7643434495141572
gene,within_syn,3.029780568233931
gene,within_syn,2.6981314511111947
gene,within_syn,2.8571116112752137
gene,within_syn,0.06597654005547578
gene,within_syn,3.017890026540781
gene,within_syn,2.9990395305930657
gene,within_syn,0.048986242580371916
gene,within_syn,0.0489597277028523
gene,within_syn,2.6800628704670375
gene,within_syn,3.023088053159482
gene,within_syn,2.688698479226924
gene,within_syn,2.676236068036593
gene,within_syn,3.033828107744762
gene,within_syn,0.05546329697709818
gene,within_syn,0.1137193417149703
gene,within_syn,0.05281366052421058
gene,within_syn,0.0654567066710339
gene,within_syn,0.0655602039024365
gene,within_syn,2.8332030884571444
gene,within_syn,3.008226266233737
gene,within_syn,0.11285051340697168
gene,within_syn,0.05082507288155716
gene,within_syn,0.05166955364708148
gene,within_syn,3.022297934754132
gene,within_syn,2.7968888496108657
gene,within_syn,2.8286810256482813
gene,within_syn,3.029316382048593
gene,within_syn,0.13746408842373864
gene,within_syn,2.6663701031297413
gene,within_syn,0.06701727572329551
gene,within_syn,2.66261725316702
gene,within_syn,0.11381188821938364
gene,within_syn,0.033491659394775664
gene,within_syn,2.6708323537588385
gene,within_syn,2.982470774526122
gene,within_syn,2.6419784061695206
gene,within_syn,2.831728225451354
gene,within_syn,3.0094050990258396
gene,within_syn,3.013755212176601
gene,within_syn,2.986529910010893
gene,within_syn,0.05252634700725121
gene,within_syn,2.66022726943914
gene,within_syn,0.05082507288155716
gene,within_syn,2.749537314904009
gene,within_syn,3.013755212176601
gene,within_syn,2.6850349912448497
gene,within_syn,2.836542401388332
gene,within_syn,0.08247910134864549
gene,within_syn,3.0011393889011275
gene,within_syn,2.9823523255533995
gene,within_syn,0.026528492661086946
gene,within_syn,0.026619072665083846
gene,within_syn,2.6663701031297413
gene,within_syn,3.0062704612195486
gene,within_syn,2.675310145384028
gene,within_syn,2.66261725316702
gene,within_syn,3.017072842753848
gene,within_syn,0.15491964505076947
gene,within_syn,0.06077702650464796
gene,within_syn,0.018073503105764086
gene,within_syn,0.05207392797201981
gene,within_syn,2.881415580041772
gene,within_syn,3.0566080174185046
gene,within_syn,0.15331400884426075
gene,within_syn,0.04055108448761967
gene,within_syn,0.03950839902940331
gene,within_syn,3.0706579527881654
gene,within_syn,2.8458760352112873
gene,within_syn,2.877352044106858
gene,within_syn,3.077620525873325
gene,within_syn,0.18509782595341387
gene,within_syn,2.7144417870093505
gene,within_syn,0.016582779937129886
gene,within_syn,2.7106684318775143
gene,within_syn,0.15261330359707953
gene,within_syn,0.060202096193479965
gene,within_syn,2.7188584464417556
gene,within_syn,3.0309209288349646
gene,within_syn,2.690658437514803
gene,within_syn,2.880596647923962
gene,within_syn,3.057864778485097
gene,within_syn,3.061904589570046
gene,within_syn,3.035020158865554
gene,within_syn,0.06632261197905985
gene,within_syn,2.708823830926411
gene,within_syn,0.04055108448761967
gene,within_syn,2.7980793521185765
gene,within_syn,3.0619045895700463
gene,within_syn,2.7328814343157086
gene,within_syn,2.8854121629626
gene,within_syn,0.1070354849627912
gene,within_syn,3.0495568522769823
gene,within_syn,3.0307838912074625
gene,within_syn,0.030253597163617023
gene,within_syn,0.03011956143591832
gene,within_syn,2.7144417870093505
gene,within_syn,3.054734104519621
gene,within_syn,2.723278168478248
gene,within_syn,2.7106684318775143
gene,within_syn,3.0655305371260884
gene,within_syn,0.09962949144226547
gene,within_syn,0.15416302984600055
gene,within_syn,0.12223895430771708
gene,within_syn,2.7339397992184247
gene,within_syn,2.916201947645235
gene,within_syn,0.004434415125337731
gene,within_syn,0.12328024686719924
gene,within_syn,0.12415672817777136
gene,within_syn,2.9302036439914736
gene,within_syn,2.7123665794682004
gene,within_syn,2.7441151237438466
gene,within_syn,2.937012651837265
gene,within_syn,0.03948151094023529
gene,within_syn,2.567031215949585
gene,within_syn,0.15904794580948906
gene,within_syn,2.563147489569153
gene,within_syn,0.011275885548026075
gene,within_syn,0.09782905707589785
gene,within_syn,2.5713150460399925
gene,within_syn,2.890584334657174
gene,within_syn,2.5432295173192085
gene,within_syn,2.7474383459958234
gene,within_syn,2.9175494890517446
gene,within_syn,2.921488591639723
gene,within_syn,2.8947532876690323
gene,within_syn,0.09320926466868347
gene,within_syn,2.56154969845401
gene,within_syn,0.12328024686719924
gene,within_syn,2.6508009281100446
gene,within_syn,2.921488591639723
gene,within_syn,2.585154463484281
gene,within_syn,2.752258790322903
gene,within_syn,0.06003759247267458
gene,within_syn,2.9094208956598226
gene,within_syn,2.8903789703794103
gene,within_syn,0.12959511255692718
gene,within_syn,0.12966952380903443
gene,within_syn,2.5670312159495845
gene,within_syn,2.9144863692697762
gene,within_syn,2.575602096840026
gene,within_syn,2.563147489569153
gene,within_syn,2.9251506139783485
gene,within_syn,0.05649063517387205
gene,within_syn,0.026448986974376622
gene,within_syn,2.829112675581474
gene,within_syn,3.0079475500171977
gene,within_syn,0.09771818577481357
gene,within_syn,0.027887014280681445
gene,within_syn,0.027653730558902336
gene,within_syn,3.02195825912188
gene,within_syn,2.8011722417005473
gene,within_syn,2.832570490705568
gene,within_syn,3.028804358633529
gene,within_syn,0.1343123616506404
gene,within_syn,2.6620774594435335
gene,within_syn,0.06221403473334243
gene,within_syn,2.658236646526981
gene,within_syn,0.09626023464620426
gene,within_syn,0.02671597961167727
gene,within_syn,2.666398385880958
gene,within_syn,2.9823424840125647
gene,within_syn,2.6387060151426325
gene,within_syn,2.835994288421376
gene,within_syn,3.009304381732713
gene,within_syn,3.0130789640971005
gene,within_syn,2.986505012598373
gene,within_syn,0.00798647301875039
gene,within_syn,2.6568879855968803
gene,within_syn,0.027887014280681445
gene,within_syn,2.7461016353110006
gene,within_syn,3.0130789640971005
gene,within_syn,2.6802092668847943
gene,within_syn,2.8408136471491914
gene,within_syn,0.0472294654327836
gene,within_syn,3.0010583215775934
gene,within_syn,2.9821578485665334
gene,within_syn,0.04624816609980945
gene,within_syn,0.046245216168961704
gene,within_syn,2.662077459443533
gene,within_syn,3.0062107475992548
gene,within_syn,2.670714008721869
gene,within_syn,2.658236646526981
gene,within_syn,3.0169360638432874
gene,within_syn,0.04569815988339329
gene,within_syn,2.8840275796472983
gene,within_syn,3.0610633915843826
gene,within_syn,0.15216264362350676
gene,within_syn,0.03980673664729383
gene,within_syn,0.03789452037742791
gene,within_syn,3.0750941699362553
gene,within_syn,2.852045905803858
gene,within_syn,2.8834660989023955
gene,within_syn,3.08199982527814
gene,within_syn,0.18679007812522147
gene,within_syn,2.717016004725252
gene,within_syn,0.006547149931068942
gene,within_syn,2.7132038529451328
gene,within_syn,0.15067924024839582
gene,within_syn,0.0638506395062798
gene,within_syn,2.7213776646035543
gene,within_syn,3.0354178751964387
gene,within_syn,2.693461803513487
gene,within_syn,2.8867979935304824
gene,within_syn,3.062370924066161
gene,within_syn,3.0662679346614055
gene,within_syn,3.039548533279521
gene,within_syn,0.06338069409738419
gene,within_syn,2.7116388736143286
gene,within_syn,0.03980673664729383
gene,within_syn,2.8008730328566593
gene,within_syn,3.0662679346614055
gene,within_syn,2.735277360367312
gene,within_syn,2.891615230548388
gene,within_syn,0.10358993961720402
gene,within_syn,3.054087922637912
gene,within_syn,3.0352579824250694
gene,within_syn,0.0411110044873161
gene,within_syn,0.040963993110296186
gene,within_syn,2.7170160047252523
gene,within_syn,3.059257236718755
gene,within_syn,2.7257371832579995
gene,within_syn,2.7132038529451328
gene,within_syn,3.0700212108788767
gene,within_syn,2.845846276909147
gene,within_syn,3.023297571477117
gene,within_syn,0.12058893283656487
gene,within_syn,0.017012658917715705
gene,within_syn,0.016154170489710722
gene,within_syn,3.0373013983854733
gene,within_syn,2.8159844332432313
gene,within_syn,2.8471326624366537
gene,within_syn,3.044137333343788
gene,within_syn,0.15707492516229912
gene,within_syn,2.6787244967046266
gene,within_syn,0.052090875629156944
gene,within_syn,2.6749009529429615
gene,within_syn,0.11923986973222457
gene,within_syn,0.040957290144933566
gene,within_syn,2.6830526088177793
gene,within_syn,2.99772663958984
gene,within_syn,2.6557436281021536
gene,within_syn,2.8506817790354857
gene,within_syn,3.024688940511895
gene,within_syn,3.0282840718516635
gene,within_syn,3.0019030058097975
gene,within_syn,0.030793093797726608
gene,within_syn,2.6738284362014504
gene,within_syn,0.017012658917715705
gene,within_syn,2.762998712538996
gene,within_syn,3.0282840718516635
gene,within_syn,2.6968038290518948
gene,within_syn,2.855501114527374
gene,within_syn,0.06507707057041703
gene,within_syn,3.016387110425933
gene,within_syn,2.9975414658394888
gene,within_syn,0.04852212927197292
gene,within_syn,0.04850215181270885
gene,within_syn,2.6787244967046266
gene,within_syn,3.0215869623850424
gene,within_syn,2.687368398519312
gene,within_syn,2.6749009529429615
gene,within_syn,3.0323294311035256
gene,within_syn,0.4046412967441706
gene,within_syn,2.7368081351971822
gene,within_syn,2.847244321485465
gene,within_syn,2.848848352867569
gene,within_syn,0.40973849940503604
gene,within_syn,0.6293158630370822
gene,within_syn,0.6370507476699085
gene,within_syn,0.4070678564038208
gene,within_syn,2.701984222056533
gene,within_syn,0.16753266951245915
gene,within_syn,2.8890092131055267
gene,within_syn,0.1714685511257014
gene,within_syn,2.7398585098507486
gene,within_syn,2.821438838642643
gene,within_syn,0.16360324860768935
gene,within_syn,0.39591445116380103
gene,within_syn,0.19691177194561135
gene,within_syn,0.643328712117176
gene,within_syn,0.40950898977254363
gene,within_syn,0.4058805671561911
gene,within_syn,0.4009565671034956
gene,within_syn,2.8216290383016616
gene,within_syn,0.17732383090801654
gene,within_syn,2.847244321485465
gene,within_syn,0.09059478474943315
gene,within_syn,0.4058805671561917
gene,within_syn,0.1534929671574763
gene,within_syn,0.6441449340144515
gene,within_syn,2.7840054083913786
gene,within_syn,0.412341998596162
gene,within_syn,0.39289800442946143
gene,within_syn,2.8529405139867476
gene,within_syn,2.853068931169088
gene,within_syn,0.1675326695124592
gene,within_syn,0.41071694012727866
gene,within_syn,0.16034737193940438
gene,within_syn,0.17146855112570136
gene,within_syn,0.4107648550226105
gene,within_syn,2.919478244830718
gene,within_syn,3.0233741172466546
gene,within_syn,3.025197890670471
gene,within_syn,0.014471555398088743
gene,within_syn,0.3646024976105554
gene,within_syn,0.3480211021324106
gene,within_syn,0.024993548091299167
gene,within_syn,2.8832730999819702
gene,within_syn,0.49192225393653877
gene,within_syn,3.0658211449232002
gene,within_syn,0.49920894827267487
gene,within_syn,2.9232752188128104
gene,within_syn,2.9975647350292487
gene,within_syn,0.49516874510814063
gene,within_syn,0.027114538945551117
gene,within_syn,0.5074440878284528
gene,within_syn,0.3549654413671505
gene,within_syn,0.010311180928681548
gene,within_syn,0.026685576094346984
gene,within_syn,0.02598732642635969
gene,within_syn,3.0001763380071025
gene,within_syn,0.4882677337729405
gene,within_syn,3.0233741172466546
gene,within_syn,0.4330329744384586
gene,within_syn,0.0266855760943479
gene,within_syn,0.49707482025573796
gene,within_syn,0.35308983572723174
gene,within_syn,2.9643186190688784
gene,within_syn,0.015182779627112005
gene,within_syn,0.026444544037005822
gene,within_syn,3.027825741606148
gene,within_syn,3.0279674011629543
gene,within_syn,0.49192225393653904
gene,within_syn,0.012629341166697141
gene,within_syn,0.49883555302024407
gene,within_syn,0.4992089482726755
gene,within_syn,0.012548537813062388
gene,within_syn,0.12190204067773573
gene,within_syn,0.12269926869812933
gene,within_syn,2.9334773664756324
gene,within_syn,2.7159204472170804
gene,within_syn,2.747679768537685
gene,within_syn,2.9402786367646225
gene,within_syn,0.04271608204046311
gene,within_syn,2.569904685020873
gene,within_syn,0.1570519497074806
gene,within_syn,2.5660127405285875
gene,within_syn,0.007015469993803614
gene,within_syn,0.09688688402114867
gene,within_syn,2.5741782093135552
gene,within_syn,2.8938645890007235
gene,within_syn,2.5461065144368864
gene,within_syn,2.751004446796022
gene,within_syn,2.920830465057887
gene,within_syn,2.924762535128129
gene,within_syn,2.898036943701763
gene,within_syn,0.09149984224899368
gene,within_syn,2.564437434690183
gene,within_syn,0.12190204067773573
gene,within_syn,2.6536870106872352
gene,within_syn,2.924762535128129
gene,within_syn,2.5880011959440696
gene,within_syn,2.755824979629258
gene,within_syn,0.05851663719143729
gene,within_syn,2.912710086144454
gene,within_syn,2.8936559255126224
gene,within_syn,0.1284058917897865
gene,within_syn,0.1284751148516413
gene,within_syn,2.569904685020873
gene,within_syn,2.9177705517523593
gene,within_syn,2.578454646540644
gene,within_syn,2.566012740528588
gene,within_syn,2.9284284659278392
gene,within_syn,0.0024665744898186566
gene,within_syn,3.037398210066731
gene,within_syn,2.814530447520302
gene,within_syn,2.8457952907508695
gene,within_syn,3.044290402904717
gene,within_syn,0.1557622083348118
gene,within_syn,2.680174016325591
gene,within_syn,0.045363304518757454
gene,within_syn,2.676380205900768
gene,within_syn,0.12126255263556461
gene,within_syn,0.031157517474586605
gene,within_syn,2.6845493722889016
gene,within_syn,2.9977545422540692
gene,within_syn,2.6568787564708676
gene,within_syn,2.8492285211957102
gene,within_syn,3.0247091258314844
gene,within_syn,3.0284831935157865
gene,within_syn,3.0018979969345962
gene,within_syn,0.03153435871029332
gene,within_syn,2.6749810115037214
gene,within_syn,0.0
gene,within_syn,2.764185959545355
gene,within_syn,3.0284831935157865
gene,within_syn,2.6984270622708326
gene,within_syn,2.854046409027518
gene,within_syn,0.07006924651967339
gene,within_syn,3.0163973881807626
gene,within_syn,2.9975910177654734
gene,within_syn,0.03228774454198187
gene,within_syn,0.032285424441801235
gene,within_syn,2.680174016325591
gene,within_syn,3.021593104410505
gene,within_syn,2.6889188716549275
gene,within_syn,2.676380205900768
gene,within_syn,3.032362281960731
gene,within_syn,3.0392207481902256
gene,within_syn,2.8165010234950416
gene,within_syn,2.8477720784338594
gene,within_syn,3.046108861386568
gene,within_syn,0.15690169513506477
gene,within_syn,2.6817789839520394
gene,within_syn,0.04357525695550911
gene,within_syn,2.677980763801156
gene,within_syn,0.12193155251252137
gene,within_syn,0.03263715597618529
gene,within_syn,2.686148913056078
gene,within_syn,2.9995801684248633
gene,within_syn,2.6584853449655705
gene,within_syn,2.8512061378208045
gene,within_syn,3.0265354242501665
gene,within_syn,3.0303057540840648
gene,within_syn,3.0037254922715664
gene,within_syn,0.031874975177286186
gene,within_syn,2.676593512909961
gene,within_syn,0.0024665744898186566
gene,within_syn,2.765798580835283
gene,within_syn,3.0303057540840648
gene,within_syn,2.7000180249314276
gene,within_syn,2.856024133891367
gene,within_syn,0.07078029379711913
gene,within_syn,3.018228004120795
gene,within_syn,2.99941487273695
gene,within_syn,0.0326469384287245
gene,within_syn,0.03263174215037351
gene,within_syn,2.681778983952039
gene,within_syn,3.023421089954387
gene,within_syn,2.6905128216685728
gene,within_syn,2.677980763801156
gene,within_syn,3.0341869848174596
gene,within_syn,0.375814288712944
gene,within_syn,0.35836915445530065
gene,within_syn,0.012274114187264115
gene,within_syn,2.8972981795704156
gene,within_syn,0.5008176375223562
gene,within_syn,3.079856973944718
gene,within_syn,0.5080712209406987
gene,within_syn,2.9372677777051543
gene,within_syn,3.0116032198359637
gene,within_syn,0.5038577731468913
gene,within_syn,0.04152189398591466
gene,within_syn,0.5170493119335976
gene,within_syn,0.3652151535471924
gene,within_syn,0.01871762644945588
gene,within_syn,0.025034837800117053
gene,within_syn,0.03987917646082531
gene,within_syn,3.014188289327063
gene,within_syn,0.4976780205112832
gene,within_syn,3.037398210066731
gene,within_syn,0.4407152372570383
gene,within_syn,0.025034837800117976
gene,within_syn,0.5052470335133694
gene,within_syn,0.36321542524625905
gene,within_syn,2.978307725757002
gene,within_syn,0.02685187384285294
gene,within_syn,0.04080628608810614
gene,within_syn,3.041884198003155
gene,within_syn,3.0420257926165073
gene,within_syn,0.5008176375223564
gene,within_syn,0.022562274881475712
gene,within_syn,0.5073084108191919
gene,within_syn,0.5080712209406992
gene,within_syn,0.0130664932476237
gene,within_syn,0.04655066766571663
gene,within_syn,0.38759784690640914
gene,within_syn,2.678260512768063
gene,within_syn,0.6254405313697492
gene,within_syn,2.856430970264133
gene,within_syn,0.6321816983535731
gene,within_syn,2.720326921550854
gene,within_syn,2.788335234457564
gene,within_syn,0.6332583553660286
gene,within_syn,0.34436438960963517
gene,within_syn,0.6162936823674922
gene,within_syn,0.03844654767878058
gene,within_syn,0.3593424893205524
gene,within_syn,0.3779842344926365
gene,within_syn,0.3427763900518908
gene,within_syn,2.793276685792072
gene,within_syn,0.606824686874621
gene,within_syn,2.814530447520302
gene,within_syn,0.6032156106995792
gene,within_syn,0.3779842344926364
gene,within_syn,0.6474805602255189
gene,within_syn,0.04287990319781855
gene,within_syn,2.759610894317033
gene,within_syn,0.3496780964480006
gene,within_syn,0.3474270543106331
gene,within_syn,2.816825737003179
gene,within_syn,2.8169755864970356
gene,within_syn,0.6254405313697494
gene,within_syn,0.3549497287251328
gene,within_syn,0.6415936516880484
gene,within_syn,0.6321816983535737
gene,within_syn,0.3664165498232423
gene,within_syn,0.3698050331838054
gene,within_syn,2.7102434047355475
gene,within_syn,0.6402927260327902
gene,within_syn,2.8878893164858455
gene,within_syn,0.6471685556998276
gene,within_syn,2.752083642845813
gene,within_syn,2.8198077222855873
gene,within_syn,0.6477718927167663
gene,within_syn,0.3298499196088801
gene,within_syn,0.6354220234652477
gene,within_syn,0.023160420354284453
gene,within_syn,0.3430512455635308
gene,within_syn,0.3593584529689482
gene,within_syn,0.328118549337199
gene,within_syn,2.8246654825805373
gene,within_syn,0.6246683448723459
gene,within_syn,2.8457952907508695
gene,within_syn,0.6166243308528155
gene,within_syn,0.3593584529689479
gene,within_syn,0.6606206649821067
gene,within_syn,0.024533610940039
gene,within_syn,2.790930699763903
gene,within_syn,0.33299403847979775
gene,within_syn,0.33296793385568363
gene,within_syn,2.8484053024169986
gene,within_syn,2.8485556067267237
gene,within_syn,0.6402927260327904
gene,within_syn,0.338681198499378
gene,within_syn,0.655717077155703
gene,within_syn,0.6471685556998282
gene,within_syn,0.34983575217073515
gene,within_syn,2.9041702707633807
gene,within_syn,0.5010750807914182
gene,within_syn,3.086776509722536
gene,within_syn,0.5082877997176597
gene,within_syn,2.9440501945657105
gene,within_syn,3.018530738779996
gene,within_syn,0.5038990328523154
gene,within_syn,0.051521949066683365
gene,within_syn,0.5184934393826208
gene,within_syn,0.37687566472473666
gene,within_syn,0.030705109265105206
gene,within_syn,0.02408752647465648
gene,within_syn,0.050800478250157995
gene,within_syn,3.0210385203913273
gene,within_syn,0.49887190019454253
gene,within_syn,3.044290402904717
gene,within_syn,0.4404160527020434
gene,within_syn,0.02408752647465737
gene,within_syn,0.5047000833497437
gene,within_syn,0.37487082055157195
gene,within_syn,2.9850930824577495
gene,within_syn,0.03858752419197202
gene,within_syn,0.050176274718592345
gene,within_syn,3.0488692345267996
gene,within_syn,3.0490106053629584
gene,within_syn,0.5010750807914184
gene,within_syn,0.03464532786231509
gene,within_syn,0.507118036603366
gene,within_syn,0.5082877997176602
gene,within_syn,0.024647763145260397
gene,within_syn,2.5351808511562184
gene,within_syn,0.19116488927351116
gene,within_syn,2.5313291322497875
gene,within_syn,0.04814245499464782
gene,within_syn,0.12737661974216463
gene,within_syn,2.539521244193148
gene,within_syn,2.8575908612864387
gene,within_syn,2.5108684779787462
gene,within_syn,2.713397428362587
gene,within_syn,2.884546086302794
gene,within_syn,2.888755006143221
gene,within_syn,2.8617190871595635
gene,within_syn,0.12757880303546343
gene,within_syn,2.529238626895181
gene,within_syn,0.1557622083348118
gene,within_syn,2.6185394300764173
gene,within_syn,2.888755006143221
gene,within_syn,2.5535385873364147
gene,within_syn,2.718216287839706
gene,within_syn,0.0971217020108532
gene,within_syn,2.876433601419296
gene,within_syn,2.8574082329167028
gene,within_syn,0.15736707591557939
gene,within_syn,0.15746051376616238
gene,within_syn,2.5351808511562184
gene,within_syn,2.8814724812224948
gene,within_syn,2.543875592015549
gene,within_syn,2.5313291322497875
gene,within_syn,2.892155796523519
gene,within_syn,2.7220153188341842
gene,within_syn,0.007426657141890393
gene,within_syn,2.572955103328827
gene,within_syn,2.6544497456188725
gene,within_syn,0.00952766457297363
gene,within_syn,0.4759759477033647
gene,within_syn,0.06500944535120023
gene,within_syn,0.647478821443629
gene,within_syn,0.49638509201631936
gene,within_syn,0.49408980642766515
gene,within_syn,0.48155747239045765
gene,within_syn,2.654590415589491
gene,within_syn,0.05232513941445081
gene,within_syn,2.680174016325591
gene,within_syn,0.09593892073242977
gene,within_syn,0.49408980642766565
gene,within_syn,0.03322278174740557
gene,within_syn,0.6494885252131489
gene,within_syn,2.6169311684886574
gene,within_syn,0.49550830137347407
gene,within_syn,0.4735064631699877
gene,within_syn,2.686012502378934
gene,within_syn,2.686140988740643
gene,within_syn,4.577566798522237e-16
gene,within_syn,0.4962211022015285
gene,within_syn,0.01966601384829008
gene,within_syn,0.007426657141891005
gene,within_syn,0.5000811869227171
gene,within_syn,2.718208131379269
gene,within_syn,0.1556254723124079
gene,within_syn,0.06829389511436632
gene,within_syn,2.7263861038973345
gene,within_syn,3.0401626983552577
gene,within_syn,2.698369889528405
gene,within_syn,2.8911863209387003
gene,within_syn,3.067113636985164
gene,within_syn,3.071060905824916
gene,within_syn,3.0442847816509606
gene,within_syn,0.06902230916851561
gene,within_syn,2.716557135810744
gene,within_syn,0.045363304518757454
gene,within_syn,2.8058006827360757
gene,within_syn,3.071060905824916
gene,within_syn,2.7403151990715693
gene,within_syn,2.8960031069319094
gene,within_syn,0.10941006341022155
gene,within_syn,3.0588305573064702
gene,within_syn,3.0400080637944997
gene,within_syn,0.0428666180752453
gene,within_syn,0.04271378100524541
gene,within_syn,2.7220153188341842
gene,within_syn,3.0639969116119614
gene,within_syn,2.7307564668053437
gene,within_syn,2.718208131379269
gene,within_syn,3.0747665664698016
gene,within_syn,2.569047744943143
gene,within_syn,2.6506663410709743
gene,within_syn,0.008623369881593615
gene,within_syn,0.4833189608150876
gene,within_syn,0.06525688851077878
gene,within_syn,0.6543570986659165
gene,within_syn,0.5036907516033223
gene,within_syn,0.501312696662279
gene,within_syn,0.4889053026166669
gene,within_syn,2.6507561083235447
gene,within_syn,0.05472091299344145
gene,within_syn,2.676380205900768
gene,within_syn,0.10067324264119311
gene,within_syn,0.5013126966622795
gene,within_syn,0.031694828111875184
gene,within_syn,0.6563854186484109
gene,within_syn,2.6130650761252183
gene,within_syn,0.502833144276731
gene,within_syn,0.48084221345220973
gene,within_syn,2.68225265021397
gene,within_syn,2.682380868684749
gene,within_syn,0.007426657141890166
gene,within_syn,0.5035376195756787
gene,within_syn,0.01712252792753865
gene,within_syn,1.137640067256873e-15
gene,within_syn,0.507368245157374
gene,within_syn,0.09729469455271504
gene,within_syn,2.5772078033780343
gene,within_syn,2.897674233676683
gene,within_syn,2.549208037521921
gene,within_syn,2.755427483269414
gene,within_syn,2.9246420822319865
gene,within_syn,2.9285383894292543
gene,within_syn,2.901856043454011
gene,within_syn,0.09037310791982185
gene,within_syn,2.5675507350661633
gene,within_syn,0.12126255263556461
gene,within_syn,2.6567925623289708
gene,within_syn,2.9285383894292543
gene,within_syn,2.59099010347759
gene,within_syn,2.760248313565612
gene,within_syn,0.05714704090501556
gene,within_syn,2.9165344644105207
gene,within_syn,2.8974578823091965
gene,within_syn,0.12855284338105955
gene,within_syn,0.1286137308693047
gene,within_syn,2.5729551033288267
gene,within_syn,2.921588636003476
gene,within_syn,2.581462063182398
gene,within_syn,2.5690477449431435
gene,within_syn,2.932233907244081
gene,within_syn,2.658851638696327
gene,within_syn,2.9719001587547016
gene,within_syn,2.6307602087381254
gene,within_syn,2.8231122007649856
gene,within_syn,2.9988500575056674
gene,within_syn,3.002823877421964
gene,within_syn,2.9760183551435295
gene,within_syn,0.023317117413793814
gene,within_syn,2.648921234719784
gene,within_syn,0.031157517474586605
gene,within_syn,2.738167208444601
gene,within_syn,3.002823877421964
gene,within_syn,2.672841037781562
gene,within_syn,2.827929436016942
gene,within_syn,0.05391891035426641
gene,within_syn,2.990566378455925
gene,within_syn,2.971748179512351
gene,within_syn,0.03490282772123271
gene,within_syn,0.034996257734789434
gene,within_syn,2.654449745618873
gene,within_syn,2.9957317671406796
gene,within_syn,2.663255590454956
gene,within_syn,2.6506663410709743
gene,within_syn,3.0065044375322265
gene,within_syn,0.47962592290806816
gene,within_syn,0.0705603848527259
gene,within_syn,0.6550194136920032
gene,within_syn,0.4997326818549437
gene,within_syn,0.49707297644974907
gene,within_syn,0.4852284257380276
gene,within_syn,2.658919280524507
gene,within_syn,0.05827107240162125
gene,within_syn,2.6845493722889016
gene,within_syn,0.09515710668592826
gene,within_syn,0.49707297644974957
gene,within_syn,0.024380306511115776
gene,within_syn,0.6569921616921249
gene,within_syn,2.6212123004848675
gene,within_syn,0.49901931648752995
gene,within_syn,0.4771043237212184
gene,within_syn,2.6904528940273047
gene,within_syn,2.6905810575636084
gene,within_syn,0.009527664572973571
gene,within_syn,0.49964639117680465
gene,within_syn,0.010163489846419887
gene,within_syn,0.008623369881593693
gene,within_syn,0.5033021337293027
gene,within_syn,0.489747675364107
gene,within_syn,0.3367700609857419
gene,within_syn,0.026996565509937964
gene,within_syn,0.04631363729908476
gene,within_syn,0.007144709602259146
gene,within_syn,2.9745697052841815
gene,within_syn,0.471015696340037
gene,within_syn,2.9977545422540692
gene,within_syn,0.4191390425821827
gene,within_syn,0.046313637299085414
gene,within_syn,0.48260282391901166
gene,within_syn,0.3351420479026441
gene,within_syn,2.9387614884540887
gene,within_syn,0.020961172575359534
gene,within_syn,0.003966742655033461
gene,within_syn,3.0021136088003417
gene,within_syn,3.002255355143568
gene,within_syn,0.475975947703365
gene,within_syn,0.024275543238097094
gene,within_syn,0.4837209266926524
gene,within_syn,0.48331896081508824
gene,within_syn,0.03464941491740286
gene,within_syn,0.6405701987409839
gene,within_syn,0.5107018750694471
gene,within_syn,0.5128868870015182
gene,within_syn,0.4947498043035152
gene,within_syn,2.631221797921127
gene,within_syn,0.0222444610771788
gene,within_syn,2.6568787564708676
gene,within_syn,0.10895948839248913
gene,within_syn,0.5128868870015187
gene,within_syn,0.09299189471175198
gene,within_syn,0.6427358346176482
gene,within_syn,2.5938265090344292
gene,within_syn,0.5098646187856831
gene,within_syn,0.4876657837561255
gene,within_syn,2.662019059334784
gene,within_syn,2.662147470887713
gene,within_syn,0.06500944535119989
gene,within_syn,0.5102817794913914
gene,within_syn,0.07794670138237958
gene,within_syn,0.06525688851077817
gene,within_syn,0.5147317237494872
gene,within_syn,0.3494512507079266
gene,within_syn,0.36769881878440447
gene,within_syn,0.3346923410201332
gene,within_syn,2.8280920791712685
gene,within_syn,0.6301526931692041
gene,within_syn,2.8492285211957102
gene,within_syn,0.6220930140004662
gene,within_syn,0.3676988187844042
gene,within_syn,0.668294479732277
gene,within_syn,0.0048253696522003705
gene,within_syn,2.794470728867614
gene,within_syn,0.3398476259588077
gene,within_syn,0.34000922938670336
gene,within_syn,2.851585220578903
gene,within_syn,2.8517355046472628
gene,within_syn,0.6474788214436293
gene,within_syn,0.34511072095675993
gene,within_syn,0.663060606774089
gene,within_syn,0.6543570986659172
gene,within_syn,0.3561184751116845
gene,within_syn,0.03607452234229993
gene,within_syn,0.02324133589723072
gene,within_syn,3.001531044007093
gene,within_syn,0.4917231546197
gene,within_syn,3.0247091258314844
gene,within_syn,0.43688924566352183
gene,within_syn,0.03607452234230076
gene,within_syn,0.5020094398221776
gene,within_syn,0.34750991323074076
gene,within_syn,2.965731234180542
gene,within_syn,0.012122410822442368
gene,within_syn,0.0276674446744555
gene,within_syn,3.0290538944791643
gene,within_syn,3.029195680752329
gene,within_syn,0.4963850920163196
gene,within_syn,0.004443395657111108
gene,within_syn,0.5035185590472067
gene,within_syn,0.503690751603323
gene,within_syn,0.008207192536087558
gene,within_syn,0.048017583870400164
gene,within_syn,3.005307519202309
gene,within_syn,0.4932443340234326
gene,within_syn,3.0284831935157865
gene,within_syn,0.43723246002145666
gene,within_syn,1.2212453270876722e-15
gene,within_syn,0.49794959278132156
gene,within_syn,0.3658510674187417
gene,within_syn,2.9693462316990793
gene,within_syn,0.03649070363429465
gene,within_syn,0.04444623228793388
gene,within_syn,3.033203390339715
gene,within_syn,3.0333450413962844
gene,within_syn,0.49408980642766537
gene,within_syn,0.03790237140217905
gene,within_syn,0.5004177195731796
gene,within_syn,0.5013126966622796
gene,within_syn,0.03516440489623514
gene,within_syn,2.9787305544201925
gene,within_syn,0.47610158200133224
gene,within_syn,3.0018979969345962
gene,within_syn,0.42413430535486746
gene,within_syn,0.048017583870400844
gene,within_syn,0.48832202828780336
gene,within_syn,0.3329834105420185
gene,within_syn,2.9429580903644754
gene,within_syn,0.017432129701563357
gene,within_syn,0.010583565686707753
gene,within_syn,3.0061977536259934
gene,within_syn,3.0063395988525805
gene,within_syn,0.48155747239045793
gene,within_syn,0.01996360898587693
gene,within_syn,0.4893523267210757
gene,within_syn,0.4889053026166675
gene,within_syn,0.031202316386651878
gene,within_syn,2.649394040431024
gene,within_syn,0.03153435871029332
gene,within_syn,2.738607466394909
gene,within_syn,3.005307519202309
gene,within_syn,2.6727422679722554
gene,within_syn,2.832911400668561
gene,within_syn,0.04078329286619732
gene,within_syn,2.993279904946735
gene,within_syn,2.9743868553125554
gene,within_syn,0.048971168419312254
gene,within_syn,0.04899465889269616
gene,within_syn,2.654590415589491
gene,within_syn,2.9984355929568163
gene,within_syn,2.663243070690837
gene,within_syn,2.6507561083235442
gene,within_syn,3.0091644822458044
gene,within_syn,2.6749810115037214
gene,within_syn,0.0894639205021492
gene,within_syn,0.49324433402343315
gene,within_syn,0.08037917571383427
gene,within_syn,0.6322083678483835
gene,within_syn,2.6119927952720348
gene,within_syn,0.4910023426337265
gene,within_syn,0.4688505260087396
gene,within_syn,2.680204142375409
gene,within_syn,2.6803329472346995
gene,within_syn,0.05232513941445051
gene,within_syn,0.49138481440900283
gene,within_syn,0.06618629676077248
gene,within_syn,0.054720912993440986
gene,within_syn,0.4956372158699325
gene,within_syn,2.764185959545355
gene,within_syn,3.0284831935157865
gene,within_syn,2.6984270622708326
gene,within_syn,2.854046409027518
gene,within_syn,0.07006924651967339
gene,within_syn,3.0163973881807626
gene,within_syn,2.9975910177654734
gene,within_syn,0.03228774454198187
gene,within_syn,0.032285424441801235
gene,within_syn,2.680174016325591
gene,within_syn,3.021593104410505
gene,within_syn,2.6889188716549275
gene,within_syn,2.676380205900768
gene,within_syn,3.032362281960731
gene,within_syn,0.4372324600214573
gene,within_syn,0.09751832596326876
gene,within_syn,0.6235129584149407
gene,within_syn,2.7011747942389928
gene,within_syn,0.43790272816800974
gene,within_syn,0.416624564520003
gene,within_syn,2.7694786468354575
gene,within_syn,2.769607489136335
gene,within_syn,0.09593892073242971
gene,within_syn,0.43722609955264063
gene,within_syn,0.0960611586899652
gene,within_syn,0.10067324264119291
gene,within_syn,0.43967240196773777
gene,within_syn,0.49794959278132206
gene,within_syn,0.36585106741874146
gene,within_syn,2.9693462316990793
gene,within_syn,0.036490703634295206
gene,within_syn,0.04444623228793457
gene,within_syn,3.033203390339715
gene,within_syn,3.0333450413962844
gene,within_syn,0.4940898064276659
gene,within_syn,0.03790237140217981
gene,within_syn,0.5004177195731802
gene,within_syn,0.5013126966622801
gene,within_syn,0.03516440489623603
gene,within_syn,0.6701647858524152
gene,within_syn,2.634920216906623
gene,within_syn,0.5015861118650511
gene,within_syn,0.47993048718993175
gene,within_syn,2.704550946516092
gene,within_syn,2.7046786277846886
gene,within_syn,0.03322278174740565
gene,within_syn,0.5021062881030025
gene,within_syn,0.015410641505655515
gene,within_syn,0.03169482811187527
gene,within_syn,0.5052843953176969
gene,within_syn,2.79929183370461
gene,within_syn,0.33795632476093734
gene,within_syn,0.33840784654351275
gene,within_syn,2.856400345260347
gene,within_syn,2.856550635326097
gene,within_syn,0.6494885252131491
gene,within_syn,0.3431812938321726
gene,within_syn,0.6649970984168444
gene,within_syn,0.6563854186484116
gene,within_syn,0.3541168511995108
gene,within_syn,2.9575092659259683
gene,within_syn,2.938552537602254
gene,within_syn,0.08709118586250725
gene,within_syn,0.08714631237739967
gene,within_syn,2.6169311684886574
gene,within_syn,2.9626554683677813
gene,within_syn,2.6254833895884726
gene,within_syn,2.6130650761252183
gene,within_syn,2.9733464162017804
gene,within_syn,0.022472741665065105
gene,within_syn,3.020757098195671
gene,within_syn,3.0208991484080734
gene,within_syn,0.4955083013734743
gene,within_syn,0.00850200630706921
gene,within_syn,0.5029598860974845
gene,within_syn,0.5028331442767316
gene,within_syn,0.019575104460142205
gene,within_syn,3.001984287482518
gene,within_syn,3.002125935022696
gene,within_syn,0.47350646316998796
gene,within_syn,0.02545785136231452
gene,within_syn,0.4811432768307589
gene,within_syn,0.48084221345221034
gene,within_syn,0.03490810145358427
gene,within_syn,0.00017252896568446138
gene,within_syn,2.686012502378934
gene,within_syn,3.025920565062845
gene,within_syn,2.694900998873858
gene,within_syn,2.6822526502139694
gene,within_syn,3.0367216072301697
gene,within_syn,2.686140988740643
gene,within_syn,3.0260624488128163
gene,within_syn,2.695028832293079
gene,within_syn,2.682380868684749
gene,within_syn,3.0368633013204884
gene,within_syn,0.4962211022015287
gene,within_syn,0.01966601384829004
gene,within_syn,0.007426657141890778
gene,within_syn,0.5000811869227173
gene,within_syn,0.5035115052743704
gene,within_syn,0.5035376195756793
gene,within_syn,0.012392895987685188
gene,within_syn,0.017122527927538503
gene,within_syn,0.5069586540223266
gene,within_syn,0.5073682451573746
gene,within_syn,0.17748668963512965
gene,within_syn,1.6252395660495726
gene,within_syn,0.012909786640564011
gene,within_syn,1.2787008314044432
gene,within_syn,0.1776413323446861
gene,within_syn,1.6399755862677885
gene,within_syn,0.008459924664019387
gene,within_syn,0.038363273382428155
gene,within_syn,1.4670492861068039
gene,within_syn,0.008459924664019415
gene,within_syn,0.07087687245202412
gene,within_syn,0.046914994982895405
gene,within_syn,0.007353112740377631
gene,within_syn,0.04701543197226209
gene,within_syn,1.4179617387228212
gene,within_syn,0.17640359546395484
gene,within_syn,0.09376929951712025
gene,within_syn,0.1515638879919359
gene,within_syn,0.15355524099722231
gene,within_syn,1.4723308017313337
gene,within_syn,0.7400368435450839
gene,within_syn,0.03271468300786906
gene,within_syn,1.6257793809176846
gene,within_syn,0.13594807430632974
gene,within_syn,0.051306370856076346
gene,within_syn,0.13927926376620967
gene,within_syn,0.7400368435450839
gene,within_syn,0.16366083663659628
gene,within_syn,0.032078151129518694
gene,within_syn,0.17749079907667675
gene,within_syn,0.7169171641788514
gene,within_syn,0.03295275110995334
gene,within_syn,1.4670492861068039
gene,within_syn,0.16192765320380723
gene,within_syn,0.7247889354306423
gene,within_syn,0.18951699448299777
gene,within_syn,1.3346154478225185
gene,within_syn,0.7252299611330522
gene,within_syn,1.6286631140255219
gene,within_syn,1.5938572168301754
gene,within_syn,0.038087291837028234
gene,within_syn,0.17841596414673627
gene,within_syn,0.7247889354306423
gene,within_syn,0.007353112740377758
gene,within_syn,0.7169171641788513
gene,within_syn,0.06318348125461808
gene,within_syn,0.19138752355731353
gene,within_syn,0.03526224543910945
gene,within_syn,0.7036355426902361
gene,within_syn,1.6366106844541994
gene,within_syn,0.1636608366365963
gene,within_syn,0.7283602655145731
gene,within_syn,1.6366106844541994
gene,within_syn,0.038087291837028234
gene,within_syn,1.5938572168301757
gene,within_syn,0.18555366975322946
gene,within_syn,0.16366083663659622
gene,within_syn,1.6058457994392479
gene,within_syn,0.05707505726029155
gene,within_syn,1.5022781462607482
gene,within_syn,0.1790254814742596
gene,within_syn,1.1587149872322486
gene,within_syn,0.0011912815392397874
gene,within_syn,1.522365121174552
gene,within_syn,0.17741685216509842
gene,within_syn,0.15652290888792195
gene,within_syn,1.3563248294650074
gene,within_syn,0.17741685216509803
gene,within_syn,0.15249294467159508
gene,within_syn,0.1678696842930851
gene,within_syn,0.18203731272039791
gene,within_syn,0.14608943728512366
gene,within_syn,1.3004628176200912
gene,within_syn,0.020319840998575978
gene,within_syn,0.1119164406599461
gene,within_syn,0.13891477568108748
gene,within_syn,0.1295611995630101
gene,within_syn,1.3616492407799003
gene,within_syn,0.6754470904201503
gene,within_syn,0.15639608434612437
gene,within_syn,1.5035481377590048
gene,within_syn,0.10673443029921983
gene,within_syn,0.16288278064449443
gene,within_syn,0.11886110114015133
gene,within_syn,0.6754470904201503
gene,within_syn,0.018578726489448107
gene,within_syn,0.19125528397107128
gene,within_syn,6.79027177506824e-05
gene,within_syn,0.6621691194997081
gene,within_syn,0.15055525167440356
gene,within_syn,1.3563248294650074
gene,within_syn,0.15120050129482843
gene,within_syn,0.6698952080371249
gene,within_syn,0.01565398242103963
gene,within_syn,1.1953416805047634
gene,within_syn,0.6703177345850069
gene,within_syn,1.5042666790308583
gene,within_syn,1.4650842737823784
gene,within_syn,0.1559747000002125
gene,within_syn,0.027866414885069638
gene,within_syn,0.6698952080371249
gene,within_syn,0.18203731272039758
gene,within_syn,0.6621691194997081
gene,within_syn,0.17289031704830843
gene,within_syn,0.03344798706828954
gene,within_syn,0.15287946408690734
gene,within_syn,0.6480418912271363
gene,within_syn,1.5117418586831617
gene,within_syn,0.018578726489448083
gene,within_syn,0.6722713321866856
gene,within_syn,1.5117418586831617
gene,within_syn,0.15597470000021235
gene,within_syn,1.4650842737823784
gene,within_syn,0.02758434480169181
gene,within_syn,0.01857872648944808
gene,within_syn,1.4758869548364941
gene,within_syn,0.1335614935973063
gene,within_syn,1.632326183463582
gene,within_syn,0.47221193731279726
gene,within_syn,1.503035955542756
gene,within_syn,0.12370569252404712
gene,within_syn,1.629608362882503
gene,within_syn,1.5874510476670227
gene,within_syn,0.30513521694214857
gene,within_syn,1.629608362882503
gene,within_syn,1.559338472155213
gene,within_syn,1.5858341071136368
gene,within_syn,1.6323760509247183
gene,within_syn,1.57998456707521
gene,within_syn,0.3174627385255084
gene,within_syn,1.4969076747565324
gene,within_syn,1.5353388635553176
gene,within_syn,1.5654079369876361
gene,within_syn,1.521451133957918
gene,within_syn,0.3038027246906998
gene,within_syn,0.9996828946566978
gene,within_syn,1.5926106167595546
gene,within_syn,0.009399282446278079
gene,within_syn,1.5613357586581929
gene,within_syn,1.5846895985314176
gene,within_syn,1.5514084835185387
gene,within_syn,0.9996828946566978
gene,within_syn,1.5169662793714165
gene,within_syn,1.619796397869171
gene,within_syn,1.5022287159063412
gene,within_syn,1.055875070130073
gene,within_syn,1.596162760695843
gene,within_syn,0.30513521694214846
gene,within_syn,1.5415478031226642
gene,within_syn,1.045627957856585
gene,within_syn,1.4937456480581377
gene,within_syn,0.40632614873393624
gene,within_syn,1.0450625798792215
gene,within_syn,0.019395629067139212
gene,within_syn,0.14108041608850982
gene,within_syn,1.587579737109934
gene,within_syn,1.4903077246360346
gene,within_syn,1.045627957856585
gene,within_syn,1.6323760509247185
gene,within_syn,1.055875070130073
gene,within_syn,1.5748315588498498
gene,within_syn,1.4734119163273387
gene,within_syn,1.6142559479669014
gene,within_syn,1.0535282799985937
gene,within_syn,0.025825882401098676
gene,within_syn,1.5169662793714165
gene,within_syn,1.0392944205368975
gene,within_syn,0.02582588240109878
gene,within_syn,1.587579737109934
gene,within_syn,0.1410804160885098
gene,within_syn,1.4789832617462664
gene,within_syn,1.5169662793714165
gene,within_syn,0.09316111678344631
gene,within_syn,1.569603366095864
gene,within_syn,1.2835309315330374
gene,within_syn,0.17910674560976428
gene,within_syn,1.6466681113438395
gene,within_syn,0.014738264950031684
gene,within_syn,0.04635633470035332
gene,within_syn,1.4730732320822937
gene,within_syn,0.014738264950030812
gene,within_syn,0.07690630033745373
gene,within_syn,0.05327040633836384
gene,within_syn,0.011638586736492021
gene,within_syn,0.05251038578920164
gene,within_syn,1.423667521900896
gene,within_syn,0.17749206324754033
gene,within_syn,0.09843441464545699
gene,within_syn,0.1453040628099682
gene,within_syn,0.15141570687970968
gene,within_syn,1.4783504142882233
gene,within_syn,0.7452749149605457
gene,within_syn,0.040860214962433306
gene,within_syn,1.6328811740766451
gene,within_syn,0.13096401388412318
gene,within_syn,0.05462264787263202
gene,within_syn,0.13482919658230796
gene,within_syn,0.7452749149605457
gene,within_syn,0.16431740070112313
gene,within_syn,0.03363514991970183
gene,within_syn,0.17903409185592456
gene,within_syn,0.7215313278177075
gene,within_syn,0.04196633187506703
gene,within_syn,1.4730732320822935
gene,within_syn,0.15744842781150886
gene,within_syn,0.7296002540880532
gene,within_syn,0.190583854527257
gene,within_syn,1.3396151672995873
gene,within_syn,0.7300509518948267
gene,within_syn,1.635729468310832
gene,within_syn,1.599999907592069
gene,within_syn,0.04612011729856439
gene,within_syn,0.17970846713588226
gene,within_syn,0.7296002540880532
gene,within_syn,0.011638586736490956
gene,within_syn,0.7215313278177072
gene,within_syn,0.06941135144259739
gene,within_syn,0.19483131489243502
gene,within_syn,0.04050484946140988
gene,within_syn,0.7085755563619094
gene,within_syn,1.6436264287750262
gene,within_syn,0.16431740070112316
gene,within_syn,0.7332102550479702
gene,within_syn,1.6436264287750262
gene,within_syn,0.04612011729856432
gene,within_syn,1.5999999075920692
gene,within_syn,0.18793350954300544
gene,within_syn,0.16431740070112308
gene,within_syn,1.612735718065662
gene,within_syn,0.06479555011145957
gene,within_syn,1.1593868443055657
gene,within_syn,0.433746365786857
gene,within_syn,1.2840641741892007
gene,within_syn,1.2409703328270767
gene,within_syn,0.2424781515684354
gene,within_syn,1.2840641741892005
gene,within_syn,1.2099806663448935
gene,within_syn,1.2368413828298384
gene,within_syn,1.2859696945115957
gene,within_syn,1.2317896825629144
gene,within_syn,0.17195029008042986
gene,within_syn,1.149077793713817
gene,within_syn,1.186801705890883
gene,within_syn,1.1943808986172657
gene,within_syn,1.1539792840971848
gene,within_syn,0.24670423264107483
gene,within_syn,0.6164920509172641
gene,within_syn,1.2464347473991364
gene,within_syn,0.4713352627594586
gene,within_syn,1.1977156046038897
gene,within_syn,1.2328908286358884
gene,within_syn,1.1851426333814417
gene,within_syn,0.6164920509172641
gene,within_syn,1.1705887066606036
gene,within_syn,1.2689000147081215
gene,within_syn,1.1586731342940868
gene,within_syn,0.6634218456667702
gene,within_syn,1.2528603982006157
gene,within_syn,0.24247815156843563
gene,within_syn,1.1683087928869689
gene,within_syn,0.656489044049785
gene,within_syn,1.148018199971315
gene,within_syn,0.22328401632136902
gene,within_syn,0.6560881621180755
gene,within_syn,0.4790324779805585
gene,within_syn,0.3852209990632254
gene,within_syn,1.2412048041982837
gene,within_syn,1.1416858531251497
gene,within_syn,0.656489044049785
gene,within_syn,1.2859696945115957
gene,within_syn,0.6634218456667705
gene,within_syn,1.225078268220862
gene,within_syn,1.1339054082843498
gene,within_syn,1.2722615346663675
gene,within_syn,0.6672588208474461
gene,within_syn,0.482104122158884
gene,within_syn,1.1705887066606036
gene,within_syn,0.6504748056151765
gene,within_syn,0.4821041221588839
gene,within_syn,1.2412048041982835
gene,within_syn,0.3852209990632255
gene,within_syn,1.1341255322340722
gene,within_syn,1.1705887066606038
gene,within_syn,0.473822692320779
gene,within_syn,1.2257914673477384
gene,within_syn,1.5231344968146543
gene,within_syn,0.17753791742031338
gene,within_syn,0.15688391079311925
gene,within_syn,1.3570978192964658
gene,within_syn,0.17753791742031297
gene,within_syn,0.15301867925701143
gene,within_syn,0.16826849687280343
gene,within_syn,0.18215862615130576
gene,within_syn,0.1464443602065541
gene,within_syn,1.3011912605621554
gene,within_syn,0.020632212729535398
gene,within_syn,0.11250582720417673
gene,within_syn,0.13869331019236195
gene,within_syn,0.12979923260061596
gene,within_syn,1.3624220107806944
gene,within_syn,0.6763449440902165
gene,within_syn,0.1567157953130057
gene,within_syn,1.5043104773772669
gene,within_syn,0.10645897010869977
gene,within_syn,0.1632363631040303
gene,within_syn,0.11877632300160335
gene,within_syn,0.6763449440902165
gene,within_syn,0.018145637567698835
gene,within_syn,0.19149398024314881
gene,within_syn,0.001257347266273
gene,within_syn,0.6630444777562592
gene,within_syn,0.1508310491310064
gene,within_syn,1.3570978192964658
gene,within_syn,0.1512425758082905
gene,within_syn,0.6707829506037292
gene,within_syn,0.01546948137750237
gene,within_syn,1.1959197899114646
gene,within_syn,0.671206057687301
gene,within_syn,1.5050156525920577
gene,within_syn,1.4657725793746603
gene,within_syn,0.1563329549332359
gene,within_syn,0.028375351971949268
gene,within_syn,0.6707829506037292
gene,within_syn,0.1821586261513054
gene,within_syn,0.6630444777562592
gene,within_syn,0.17337351595783387
gene,within_syn,0.03449761141253595
gene,within_syn,0.15298952963238502
gene,within_syn,0.6489383490847161
gene,within_syn,1.512486164296122
gene,within_syn,0.018145637567698807
gene,within_syn,0.6731594887366101
gene,within_syn,1.512486164296122
gene,within_syn,0.15633295493323573
gene,within_syn,1.4657725793746603
gene,within_syn,0.02854688317630162
gene,within_syn,0.01814563756769881
gene,within_syn,1.4765975332550618
gene,within_syn,0.13398996803774266
gene,within_syn,1.6448627037390005
gene,within_syn,1.6018187697136523
gene,within_syn,0.2265424861378954
gene,within_syn,1.6448627037390007
gene,within_syn,1.572273875932292
gene,within_syn,1.598841325655585
gene,within_syn,1.647224545502028
gene,within_syn,1.5941601502681986
gene,within_syn,0.26370621262725047
gene,within_syn,1.5154357652380765
gene,within_syn,1.5499021225330933
gene,within_syn,1.5754768698833344
gene,within_syn,1.5312565211150366
gene,within_syn,0.22344670664598534
gene,within_syn,0.9796532003908727
gene,within_syn,1.607261902023484
gene,within_syn,0.1168535405693411
gene,within_syn,1.5741668756015654
gene,within_syn,1.5971715358744092
gene,within_syn,1.5626988947495368
gene,within_syn,0.9796532003908727
gene,within_syn,1.5360928125933664
gene,within_syn,1.6322472148187004
gene,within_syn,1.5223161876709066
gene,within_syn,1.0324600803575192
gene,within_syn,1.612138232013661
gene,within_syn,0.22654248613789532
gene,within_syn,1.549787194148324
gene,within_syn,1.0223314385572522
gene,within_syn,1.5134604747741418
gene,within_syn,0.42001879199881353
gene,within_syn,1.0217712045662166
gene,within_syn,0.13928996245967729
gene,within_syn,0.14660210478671143
gene,within_syn,1.602011696801196
gene,within_syn,1.5083932363634613
gene,within_syn,1.0223314385572522
gene,within_syn,1.647224545502028
gene,within_syn,1.032460080357519
gene,within_syn,1.5870408161907406
gene,within_syn,1.4940942921468068
gene,within_syn,1.6313647346752325
gene,within_syn,1.032739019792579
gene,within_syn,0.13806182993066607
gene,within_syn,1.5360928125933664
gene,within_syn,1.0161470798327366
gene,within_syn,0.13806182993066599
gene,within_syn,1.602011696801196
gene,within_syn,0.14660210478671146
gene,within_syn,1.4980937536009797
gene,within_syn,1.5360928125933664
gene,within_syn,0.2002924200108154
gene,within_syn,1.5853465176665724
gene,within_syn,0.04434837399703868
gene,within_syn,1.4725201557792549
gene,within_syn,1.1322097734007351e-15
gene,within_syn,0.07770734971015579
gene,within_syn,0.05459418160415969
gene,within_syn,0.006168776650175037
gene,within_syn,0.05267994308616927
gene,within_syn,1.4232150266377004
gene,within_syn,0.17722287559382555
gene,within_syn,0.09821963167082816
gene,within_syn,0.1552444841220093
gene,within_syn,0.1588365909274472
gene,within_syn,1.4778062171288602
gene,within_syn,0.7470162496615448
gene,within_syn,0.038186622950757615
gene,within_syn,1.6301845713220005
gene,within_syn,0.1384174851883371
gene,within_syn,0.058996671817783335
gene,within_syn,0.1430713023064824
gene,within_syn,0.7470162496615448
gene,within_syn,0.16364515541103708
gene,within_syn,0.040100313380869834
gene,within_syn,0.1774224649232275
gene,within_syn,0.7242376568513265
gene,within_syn,0.034473744623301515
gene,within_syn,1.4725201557792549
gene,within_syn,0.16714051545872533
gene,within_syn,0.7320748247341257
gene,within_syn,0.18976141294026996
gene,within_syn,1.3388306036586828
gene,within_syn,0.7325138641661766
gene,within_syn,1.6329539486245408
gene,within_syn,1.5983487741521845
gene,within_syn,0.043948307442878386
gene,within_syn,0.1796330305134852
gene,within_syn,0.7320748247341257
gene,within_syn,0.006168776650175186
gene,within_syn,0.7242376568513262
gene,within_syn,0.07099858700288617
gene,within_syn,0.19192709624471013
gene,within_syn,0.030585615582569177
gene,within_syn,0.7108676715628803
gene,within_syn,1.6409025851073784
gene,within_syn,0.1636451554110371
gene,within_syn,0.7356144869422839
gene,within_syn,1.6409025851073784
gene,within_syn,0.043948307442878407
gene,within_syn,1.5983487741521845
gene,within_syn,0.18660741466407899
gene,within_syn,0.16364515541103702
gene,within_syn,1.6098647748199182
gene,within_syn,0.06033641417895086
gene,within_syn,1.4287762054684172
gene,within_syn,0.04434837399703883
gene,within_syn,0.0342251804552712
gene,within_syn,0.018697713119223226
gene,within_syn,0.045692168032978576
gene,within_syn,0.013496960668068214
gene,within_syn,1.3798570705130866
gene,within_syn,0.15334292024461466
gene,within_syn,0.05904532576571098
gene,within_syn,0.13858824002131798
gene,within_syn,0.12830633559968363
gene,within_syn,1.434057816874142
gene,within_syn,0.703009576434766
gene,within_syn,0.006850161264590078
gene,within_syn,1.5879560467869505
gene,within_syn,0.12219147662558742
gene,within_syn,0.025536683480387436
gene,within_syn,0.12176082922899845
gene,within_syn,0.703009576434766
gene,within_syn,0.14419565874176926
gene,within_syn,0.0406682522504617
gene,within_syn,0.15651584551345735
gene,within_syn,0.6808183545386196
gene,within_syn,0.023510595563009103
gene,within_syn,1.4287762054684172
gene,within_syn,0.14248221400014954
gene,within_syn,0.688553270539585
gene,within_syn,0.1679288606379729
gene,within_syn,1.29775226165964
gene,within_syn,0.6889871806295148
gene,within_syn,1.590951864589211
gene,within_syn,1.5561385847342892
gene,within_syn,0.0009296974724128423
gene,within_syn,0.15384891050328173
gene,within_syn,0.688553270539585
gene,within_syn,0.045692168032978764
gene,within_syn,0.6808183545386194
gene,within_syn,0.033625677096060194
gene,within_syn,0.16582212437748786
gene,within_syn,0.04790070559291401
gene,within_syn,0.6672372570223661
gene,within_syn,1.598902614459382
gene,within_syn,0.1441956587417693
gene,within_syn,0.6920311226922314
gene,within_syn,1.598902614459382
gene,within_syn,0.0009296974724128525
gene,within_syn,1.5561385847342892
gene,within_syn,0.1598047362154845
gene,within_syn,0.1441956587417692
gene,within_syn,1.5684552985790428
gene,within_syn,0.026068641589077568
gene,within_syn,1.4725201557792549
gene,within_syn,1.3977211212213663
gene,within_syn,1.4242331336882468
gene,within_syn,1.4743786084086856
gene,within_syn,1.4207919344335584
gene,within_syn,0.0883397341005749
gene,within_syn,1.3474025385024897
gene,within_syn,1.3771818507924938
gene,within_syn,1.3963122777891463
gene,within_syn,1.3522959667236518
gene,within_syn,0.005389846927312032
gene,within_syn,0.7783498510370437
gene,within_syn,1.4344935463633333
gene,within_syn,0.30030959973968496
gene,within_syn,1.3983742371237655
gene,within_syn,1.4217603419014104
gene,within_syn,1.3851648886051493
gene,within_syn,0.7783498510370437
gene,within_syn,1.3686512412846508
gene,within_syn,1.4566987941950162
gene,within_syn,1.3562772551653917
gene,within_syn,0.8272779270699839
gene,within_syn,1.4409501198946801
gene,within_syn,4.47545209131181e-16
gene,within_syn,1.368734953118826
gene,within_syn,0.8177463538430778
gene,within_syn,1.3469700280196446
gene,within_syn,0.33804713670430436
gene,within_syn,0.8172160104121127
gene,within_syn,0.31902305118133967
gene,within_syn,0.25655504541807156
gene,within_syn,1.4290417593599305
gene,within_syn,1.339861847806423
gene,within_syn,0.8177463538430778
gene,within_syn,1.4743786084086858
gene,within_syn,0.827277927069984
gene,within_syn,1.4116673233733754
gene,within_syn,1.3292229257876669
gene,within_syn,1.4613226739016356
gene,within_syn,0.8301476930834814
gene,within_syn,0.32193669642470696
gene,within_syn,1.3686512412846508
gene,within_syn,0.8117371264621659
gene,within_syn,0.32193669642470685
gene,within_syn,1.4290417593599303
gene,within_syn,0.25655504541807167
gene,within_syn,1.3310443742418536
gene,within_syn,1.3686512412846508
gene,within_syn,0.3502070872805766
gene,within_syn,1.4140466901570983
gene,within_syn,0.07770734971015589
gene,within_syn,0.05459418160415984
gene,within_syn,0.006168776650174943
gene,within_syn,0.05267994308616919
gene,within_syn,1.4232150266377006
gene,within_syn,0.17722287559382507
gene,within_syn,0.09821963167082803
gene,within_syn,0.15524448412200842
gene,within_syn,0.1588365909274466
gene,within_syn,1.4778062171288604
gene,within_syn,0.747016249661545
gene,within_syn,0.03818662295075775
gene,within_syn,1.6301845713220007
gene,within_syn,0.13841748518833624
gene,within_syn,0.05899667181778322
gene,within_syn,0.1430713023064816
gene,within_syn,0.747016249661545
gene,within_syn,0.16364515541103658
gene,within_syn,0.04010031338086984
gene,within_syn,0.17742246492322708
gene,within_syn,0.7242376568513265
gene,within_syn,0.034473744623301716
gene,within_syn,1.4725201557792549
gene,within_syn,0.16714051545872458
gene,within_syn,0.7320748247341258
gene,within_syn,0.18976141294026952
gene,within_syn,1.3388306036586828
gene,within_syn,0.7325138641661767
gene,within_syn,1.632953948624541
gene,within_syn,1.5983487741521845
gene,within_syn,0.043948307442878545
gene,within_syn,0.17963303051348475
gene,within_syn,0.7320748247341258
gene,within_syn,0.006168776650175092
gene,within_syn,0.7242376568513264
gene,within_syn,0.07099858700288636
gene,within_syn,0.19192709624470988
gene,within_syn,0.03058561558256913
gene,within_syn,0.7108676715628803
gene,within_syn,1.6409025851073786
gene,within_syn,0.1636451554110366
gene,within_syn,0.735614486942284
gene,within_syn,1.6409025851073786
gene,within_syn,0.04394830744287856
gene,within_syn,1.5983487741521845
gene,within_syn,0.18660741466407865
gene,within_syn,0.16364515541103652
gene,within_syn,1.6098647748199184
gene,within_syn,0.06033641417895097
gene,within_syn,0.027098687216124035
gene,within_syn,0.0781778456831888
gene,within_syn,0.02882759224324485
gene,within_syn,1.3492125996786295
gene,within_syn,0.14574072378849434
gene,within_syn,0.04172221903445235
gene,within_syn,0.12943857857044808
gene,within_syn,0.10714613445022045
gene,within_syn,1.4029915504807975
gene,within_syn,0.6693465885947213
gene,within_syn,0.04076386750422143
gene,within_syn,1.5597555300485397
gene,within_syn,0.11696197838046161
gene,within_syn,0.026689206712666613
gene,within_syn,0.11069857490551503
gene,within_syn,0.6693465885947213
gene,within_syn,0.14137262952348836
gene,within_syn,0.06085125870531358
gene,within_syn,0.15247724790609754
gene,within_syn,0.6467842349690289
gene,within_syn,0.05511208256028082
gene,within_syn,1.3977211212213663
gene,within_syn,0.12491622490165738
gene,within_syn,0.6545891195395641
gene,within_syn,0.16198952591831023
gene,within_syn,1.2696923356859275
gene,within_syn,0.6550268058909187
gene,within_syn,1.5630339413061032
gene,within_syn,1.5274291013845613
gene,within_syn,0.03481729524726779
gene,within_syn,0.14426203188202724
gene,within_syn,0.6545891195395641
gene,within_syn,0.0781778456831889
gene,within_syn,0.6467842349690287
gene,within_syn,0.021658997395488475
gene,within_syn,0.1576022461740944
gene,within_syn,0.08003470035575826
gene,within_syn,0.6333293974524196
gene,within_syn,1.570962014095521
gene,within_syn,0.1413726295234884
gene,within_syn,0.6580879690871189
gene,within_syn,1.570962014095521
gene,within_syn,0.03481729524726772
gene,within_syn,1.5274291013845613
gene,within_syn,0.14997709587576186
gene,within_syn,0.1413726295234883
gene,within_syn,1.5412084732192812
gene,within_syn,0.03873684760712802
gene,within_syn,0.05391536308755997
gene,within_syn,0.023097118905739986
gene,within_syn,1.3759855123189757
gene,within_syn,0.16279883852202
gene,within_syn,0.0631440178027358
gene,within_syn,0.1375926740712295
gene,within_syn,0.12459614865757349
gene,within_syn,1.4295012183825186
gene,within_syn,0.693691623938538
gene,within_syn,0.024052698703828656
gene,within_syn,1.58623819412109
gene,within_syn,0.12571269562554635
gene,within_syn,0.014072440435888506
gene,within_syn,0.12190772209409732
gene,within_syn,0.693691623938538
gene,within_syn,0.1554108137025004
gene,within_syn,0.0344860944074657
gene,within_syn,0.16786108523469256
gene,within_syn,0.6702643521761996
gene,within_syn,0.04175840685464981
gene,within_syn,1.4242331336882466
gene,within_syn,0.1375948069086471
gene,within_syn,0.6781107793544057
gene,within_syn,0.17831643026996252
gene,within_syn,1.2967655179722786
gene,within_syn,0.678551192921472
gene,within_syn,1.5895470670588494
gene,within_syn,1.5543209657343953
gene,within_syn,0.01962136931815695
gene,within_syn,0.1624773485059532
gene,within_syn,0.6781107793544057
gene,within_syn,0.05391536308756013
gene,within_syn,0.6702643521761995
gene,within_syn,0.016939260962596583
gene,within_syn,0.17618977510074316
gene,within_syn,0.06498537710904148
gene,within_syn,0.6569888439393015
gene,within_syn,1.5975022723134682
gene,within_syn,0.15541081370250043
gene,within_syn,0.6817097066103917
gene,within_syn,1.5975022723134682
gene,within_syn,0.019621369318156924
gene,within_syn,1.5543209657343953
gene,within_syn,0.16896529461288015
gene,within_syn,0.15541081370250034
gene,within_syn,1.567799706263041
gene,within_syn,0.04079348283939093
gene,within_syn,0.05422736758178323
gene,within_syn,1.4252595335610871
gene,within_syn,0.1813628485769559
gene,within_syn,0.10072873166711463
gene,within_syn,0.15541141980563677
gene,within_syn,0.15930828752024725
gene,within_syn,1.479660527091638
gene,within_syn,0.7472630282771785
gene,within_syn,0.03997753228499294
gene,within_syn,1.6329238095666176
gene,within_syn,0.13991634457868699
gene,within_syn,0.05811369071509299
gene,within_syn,0.14389341537301364
gene,within_syn,0.7472630282771785
gene,within_syn,0.16805851411427492
gene,within_syn,0.03570793881984627
gene,within_syn,0.1820431432777779
gene,within_syn,0.7240220287532816
gene,within_syn,0.038752371166508155
gene,within_syn,1.4743786084086856
gene,within_syn,0.16681433345440128
gene,within_syn,0.7319084896092485
gene,within_syn,0.19416484183108876
gene,within_syn,1.341652632403264
gene,within_syn,0.7323502894978574
gene,within_syn,1.6357816182480216
gene,within_syn,1.6010233088135355
gene,within_syn,0.04540621626881142
gene,within_syn,0.18362377695782403
gene,within_syn,0.7319084896092485
gene,within_syn,1.1335697856308468e-15
gene,within_syn,0.7240220287532814
gene,within_syn,0.06998227116512366
gene,within_syn,0.19660157193878022
gene,within_syn,0.03669263106908822
gene,within_syn,0.7107768149691689
gene,within_syn,1.6437305354673482
gene,within_syn,0.16805851411427494
gene,within_syn,0.7354930402697758
gene,within_syn,1.6437305354673482
gene,within_syn,0.045406216268811424
gene,within_syn,1.6010233088135355
gene,within_syn,0.1908798560794647
gene,within_syn,0.16805851411427486
gene,within_syn,1.6128962278165735
gene,within_syn,0.06376792053627134
gene,within_syn,1.3714047949038597
gene,within_syn,0.14190276809556152
gene,within_syn,0.04787160610607317
gene,within_syn,0.1263664461401997
gene,within_syn,0.11537844205472671
gene,within_syn,1.4260726945892086
gene,within_syn,0.696040382523286
gene,within_syn,0.01668628900290308
gene,within_syn,1.580520406237748
gene,within_syn,0.1095786240041725
gene,within_syn,0.022659305994032094
gene,within_syn,0.10881145018278617
gene,within_syn,0.696040382523286
gene,within_syn,0.13337267355573976
gene,within_syn,0.04816103765870495
gene,within_syn,0.1460832423187655
gene,within_syn,0.6738926808456666
gene,within_syn,0.029602074694546916
gene,within_syn,1.4207919344335584
gene,within_syn,0.1301720079874111
gene,within_syn,0.6817597752333084
gene,within_syn,0.15692366913617295
gene,within_syn,1.2882223336501955
gene,within_syn,0.6821997041598734
gene,within_syn,1.5834347318670354
gene,within_syn,1.5477346631512185
gene,within_syn,0.013467678527639573
gene,within_syn,0.14219548627019882
gene,within_syn,0.6817597752333084
gene,within_syn,0.05422736758178318
gene,within_syn,0.6738926808456664
gene,within_syn,0.03523852185453275
gene,within_syn,0.15598019223057225
gene,within_syn,0.052557013117371626
gene,within_syn,0.6604631629804478
gene,within_syn,1.5913304025080928
gene,within_syn,0.13337267355573976
gene,within_syn,0.6852071385781712
gene,within_syn,1.5913304025080928
gene,within_syn,0.013467678527639297
gene,within_syn,1.5477346631512185
gene,within_syn,0.14885178210200678
gene,within_syn,0.1333726735557397
gene,within_syn,1.5606662672802587
gene,within_syn,0.02250914691765602
gene,within_syn,1.2918278361299766
gene,within_syn,1.3268202894695424
gene,within_syn,1.3428177714489116
gene,within_syn,1.3002557377778639
gene,within_syn,0.09188292433724499
gene,within_syn,0.7463781954081031
gene,within_syn,1.385389737563428
gene,within_syn,0.3150582870805799
gene,within_syn,1.3443845350675887
gene,within_syn,1.373085477631327
gene,within_syn,1.3319860224914564
gene,within_syn,0.7463781954081031
gene,within_syn,1.3130750334289523
gene,within_syn,1.408661134621632
gene,within_syn,1.3004172466766504
gene,within_syn,0.7962934357826974
gene,within_syn,1.3913513377976592
gene,within_syn,0.08833973410057513
gene,within_syn,1.3164561224525395
gene,within_syn,0.7875613425637038
gene,within_syn,1.2906116184818213
gene,within_syn,0.25220398891328655
gene,within_syn,0.78707010309671
gene,within_syn,0.3272436470629627
gene,within_syn,0.24246417269268905
gene,within_syn,1.3800862180535682
gene,within_syn,1.2844901417331034
gene,within_syn,0.7875613425637038
gene,within_syn,1.4252595335610871
gene,within_syn,0.7962934357826975
gene,within_syn,1.3639891548977534
gene,within_syn,1.2739301776890348
gene,within_syn,1.4109789647460849
gene,within_syn,0.7987064146582847
gene,within_syn,0.3299172947384316
gene,within_syn,1.3130750334289523
gene,within_syn,0.7814325973453417
gene,within_syn,0.32991729473843157
gene,within_syn,1.3800862180535682
gene,within_syn,0.24246417269268916
gene,within_syn,1.2757345010183216
gene,within_syn,1.3130750334289523
gene,within_syn,0.33914487696065065
gene,within_syn,1.3643217748705052
gene,within_syn,0.10468636137653849
gene,within_syn,0.1241445216157043
gene,within_syn,0.11173530383254675
gene,within_syn,1.3527157668322392
gene,within_syn,0.6616068216171683
gene,within_syn,0.15384493626176102
gene,within_syn,1.4980964241516626
gene,within_syn,0.09428285736949263
gene,within_syn,0.15661627214956142
gene,within_syn,0.1038556709986614
gene,within_syn,0.6616068216171683
gene,within_syn,0.021835538346734927
gene,within_syn,0.18701155179305645
gene,within_syn,0.02031528097797833
gene,within_syn,0.6471232257623594
gene,within_syn,0.15028370355524154
gene,within_syn,1.3474025385024897
gene,within_syn,0.13380344911895492
gene,within_syn,0.6550911870638839
gene,within_syn,0.017937124059457306
gene,within_syn,1.1887829993944927
gene,within_syn,0.6555262227930823
gene,within_syn,1.4990801212938276
gene,within_syn,1.4587552946090614
gene,within_syn,0.1528907685145983
gene,within_syn,0.008969954145567624
gene,within_syn,0.6550911870638839
gene,within_syn,0.1813628485769555
gene,within_syn,0.6471232257623594
gene,within_syn,0.16648810444299222
gene,within_syn,0.03891707892046079
gene,within_syn,0.15508437047369605
gene,within_syn,0.6334047808237707
gene,within_syn,1.5065213995648425
gene,within_syn,0.021835538346734924
gene,within_syn,0.6575629577940943
gene,within_syn,1.5065213995648425
gene,within_syn,0.1528907685145981
gene,within_syn,1.4587552946090616
gene,within_syn,0.021119341059427952
gene,within_syn,0.02183553834673495
gene,within_syn,1.47126176731188
gene,within_syn,0.13160663564018477
gene,within_syn,0.11425145837928244
gene,within_syn,0.0881890576200563
gene,within_syn,1.3824707097293727
gene,within_syn,0.6592782693388681
gene,within_syn,0.06280690664089078
gene,within_syn,1.5359579434825212
gene,within_syn,0.09417544323523303
gene,within_syn,0.059144306497572914
gene,within_syn,0.09083480544101408
gene,within_syn,0.6592782693388681
gene,within_syn,0.10186620428196275
gene,within_syn,0.0941635059227606
gene,within_syn,0.11189715392757593
gene,within_syn,0.6391861695105762
gene,within_syn,0.06819806665053066
gene,within_syn,1.3771818507924938
gene,within_syn,0.11227684645969564
gene,within_syn,0.646993983217934
gene,within_syn,0.1209833094564319
gene,within_syn,1.2412328157075496
gene,within_syn,0.6474290157746369
gene,within_syn,1.5386369270811895
gene,within_syn,1.5020262142150727
gene,within_syn,0.058984851916480674
gene,within_syn,0.10296393872571906
gene,within_syn,0.646993983217934
gene,within_syn,0.10072873166711455
gene,within_syn,0.639186169510576
gene,within_syn,0.06317922897841928
gene,within_syn,0.11641397150545879
gene,within_syn,0.08779248348513403
gene,within_syn,0.6254441429504908
gene,within_syn,1.546455509860071
gene,within_syn,0.10186620428196277
gene,within_syn,0.6501972779065632
gene,within_syn,1.546455509860071
gene,within_syn,0.05898485191648053
gene,within_syn,1.5020262142150727
gene,within_syn,0.10826531608183358
gene,within_syn,0.10186620428196269
gene,within_syn,1.5152568722799238
gene,within_syn,0.042643995243118286
gene,within_syn,0.05397977254304733
gene,within_syn,1.4015362646970198
gene,within_syn,0.6776431784746878
gene,within_syn,0.13931110295081642
gene,within_syn,1.56615851600795
gene,within_syn,0.03596742129810699
gene,within_syn,0.12399324374320307
gene,within_syn,0.025513182953137082
gene,within_syn,0.6776431784746878
gene,within_syn,0.12279919329997872
gene,within_syn,0.14668440055169824
gene,within_syn,0.1389426824029135
gene,within_syn,0.6522421453257615
gene,within_syn,0.14629171309284594
gene,within_syn,1.3963122777891463
gene,within_syn,0.03711866277039689
gene,within_syn,0.6619580198353479
gene,within_syn,0.13801459300371827
gene,within_syn,1.251014655921779
gene,within_syn,0.6624850049851723
gene,within_syn,1.5685425862668565
gene,within_syn,1.5222423226826725
gene,within_syn,0.13861415290171933
gene,within_syn,0.12321909602476815
gene,within_syn,0.6619580198353479
gene,within_syn,0.1554114198056359
gene,within_syn,0.6522421453257615
gene,within_syn,0.14025310466985091
gene,within_syn,0.1601055256532017
gene,within_syn,0.15330025503255607
gene,within_syn,0.6419544794760821
gene,within_syn,1.575799426359127
gene,within_syn,0.12279919329997876
gene,within_syn,0.6654060132855885
gene,within_syn,1.575799426359127
gene,within_syn,0.138614152901719
gene,within_syn,1.5222423226826725
gene,within_syn,0.14030089188205241
gene,within_syn,0.12279919329997878
gene,within_syn,1.5436486081185257
gene,within_syn,0.13681363879468744
gene,within_syn,1.3575299623579007
gene,within_syn,0.6303242820065497
gene,within_syn,0.1314439365993246
gene,within_syn,1.5220546037720126
gene,within_syn,0.06112703715784715
gene,within_syn,0.11244280518135265
gene,within_syn,0.03921833655529182
gene,within_syn,0.6303242820065497
gene,within_syn,0.11748968201487733
gene,within_syn,0.14447482039446938
gene,within_syn,0.12956324505470654
gene,within_syn,0.606125424938372
gene,within_syn,0.14091184824257771
gene,within_syn,1.3522959667236518
gene,within_syn,0.03165840517410139
gene,within_syn,0.6153852120378921
gene,within_syn,0.1284814137241298
gene,within_syn,1.2135091545406653
gene,within_syn,0.6158906164733104
gene,within_syn,1.524871670383908
gene,within_syn,1.4807283969969158
gene,within_syn,0.1284995659380497
gene,within_syn,0.10732873233593719
gene,within_syn,0.6153852120378921
gene,within_syn,0.15930828752024667
gene,within_syn,0.6061254249383721
gene,within_syn,0.12153305180295207
gene,within_syn,0.1400473831435953
gene,within_syn,0.15560462763731361
gene,within_syn,0.5949391507395488
gene,within_syn,1.5322832983220231
gene,within_syn,0.11748968201487735
gene,within_syn,0.618775380162695
gene,within_syn,1.5322832983220231
gene,within_syn,0.12849956593804943
gene,within_syn,1.4807283969969158
gene,within_syn,0.1209580359222748
gene,within_syn,0.11748968201487735
gene,within_syn,1.5012648037970449
gene,within_syn,0.12309056732402421
gene,within_syn,0.7832075600352015
gene,within_syn,1.4397774259288716
gene,within_syn,0.29890202537835026
gene,within_syn,1.4036303469986087
gene,within_syn,1.4270235756457983
gene,within_syn,1.3904080628233217
gene,within_syn,0.7832075600352015
gene,within_syn,1.3739677568229867
gene,within_syn,1.4619575451005848
gene,within_syn,1.3616016860197349
gene,within_syn,0.8320304331671572
gene,within_syn,1.446245936747656
gene,within_syn,0.005389846927312113
gene,within_syn,1.373944483337534
gene,within_syn,0.8225013723044372
gene,within_syn,1.352289236197944
gene,within_syn,0.34125590628960484
gene,within_syn,0.8219711502339438
gene,within_syn,0.31778948672783325
gene,within_syn,0.2552388381970559
gene,within_syn,1.4343239867293012
gene,within_syn,1.3451729067026525
gene,within_syn,0.8225013723044372
gene,within_syn,1.4796605270916383
gene,within_syn,0.8320304331671572
gene,within_syn,1.4169279326695674
gene,within_syn,1.3345574320906348
gene,within_syn,1.4666268707214651
gene,within_syn,0.8349614398071379
gene,within_syn,0.32057823883084285
gene,within_syn,1.3739677568229867
gene,within_syn,0.8164991649387902
gene,within_syn,0.3205782388308428
gene,within_syn,1.4343239867293012
gene,within_syn,0.255238838197056
gene,within_syn,1.3363658031829877
gene,within_syn,1.3739677568229867
gene,within_syn,0.34971134896066436
gene,within_syn,1.4193430158202283
gene,within_syn,0.709495377482175
gene,within_syn,0.99774264629673
gene,within_syn,0.6866971273877631
gene,within_syn,0.6908537149270748
gene,within_syn,0.6681000929586564
gene,within_syn,2.7755575615628914e-17
gene,within_syn,0.6822171799058758
gene,within_syn,0.7222554435479421
gene,within_syn,0.675398684744611
gene,within_syn,0.06188449715520134
gene,within_syn,0.7203330436461884
gene,within_syn,0.7783498510370436
gene,within_syn,0.6438777223048447
gene,within_syn,0.052095136980223514
gene,within_syn,0.6681553782087226
gene,within_syn,0.7538772624852866
gene,within_syn,0.05161555112757047
gene,within_syn,1.0082716740337725
gene,within_syn,0.9630641938151442
gene,within_syn,0.703511292822242
gene,within_syn,0.6527895899673423
gene,within_syn,0.052095136980223514
gene,within_syn,0.7472630282771786
gene,within_syn,0.06188449715520091
gene,within_syn,0.678745659363708
gene,within_syn,0.6515055741889597
gene,within_syn,0.7441261675364351
gene,within_syn,0.05396614846670324
gene,within_syn,1.0157085891620226
gene,within_syn,0.6822171799058758
gene,within_syn,0.046087214080688416
gene,within_syn,1.0157085891620226
gene,within_syn,0.703511292822242
gene,within_syn,0.9630641938151443
gene,within_syn,0.647945119535216
gene,within_syn,0.6822171799058758
gene,within_syn,1.0060108125918057
gene,within_syn,0.6950838066789885
gene,within_syn,1.5931415935376154
gene,within_syn,0.1221449708340433
gene,within_syn,0.02985206768915838
gene,within_syn,0.12291887612925059
gene,within_syn,0.709495377482175
gene,within_syn,0.14379646952505984
gene,within_syn,0.03981837751201487
gene,within_syn,0.15639121893102698
gene,within_syn,0.687386532677333
gene,within_syn,0.01797226389632659
gene,within_syn,1.4344935463633333
gene,within_syn,0.14492379940430966
gene,within_syn,0.6951334069844577
gene,within_syn,0.16805855984673124
gene,within_syn,1.302490804697017
gene,within_syn,0.6955677415823178
gene,within_syn,1.5960573553307698
gene,within_syn,1.5612450800024906
gene,within_syn,0.006180677924877612
gene,within_syn,0.15474404957844282
gene,within_syn,0.6951334069844577
gene,within_syn,0.0399775322849931
gene,within_syn,0.6873865326773329
gene,within_syn,0.039869091347868535
gene,within_syn,0.1667032997264463
gene,within_syn,0.041393876479397115
gene,within_syn,0.6738096407529023
gene,within_syn,1.604002062015496
gene,within_syn,0.14379646952505984
gene,within_syn,0.6986013824249466
gene,within_syn,1.604002062015496
gene,within_syn,0.006180677924877584
gene,within_syn,1.5612450800024906
gene,within_syn,0.1608552518866268
gene,within_syn,0.14379646952505978
gene,within_syn,1.5733552451496822
gene,within_syn,0.027232053874615088
gene,within_syn,1.562215288301218
gene,within_syn,1.5851117128397223
gene,within_syn,1.5521655691275698
gene,within_syn,0.99774264629673
gene,within_syn,1.5181818826870541
gene,within_syn,1.6201726919195945
gene,within_syn,1.503498535105866
gene,within_syn,1.0538121355505268
gene,within_syn,1.5967801990730648
gene,within_syn,0.30030959973968485
gene,within_syn,1.5421296113525609
gene,within_syn,1.043508761805838
gene,within_syn,1.4950435561311097
gene,within_syn,0.4099795932935475
gene,within_syn,1.0429406114254227
gene,within_syn,0.028606642019274178
gene,within_syn,0.1440272004787847
gene,within_syn,1.5880899254767988
gene,within_syn,1.4914614492925933
gene,within_syn,1.043508761805838
gene,within_syn,1.6329238095666179
gene,within_syn,1.0538121355505266
gene,within_syn,1.5751600622275956
gene,within_syn,1.4746450271335914
gene,within_syn,1.6149783426785993
gene,within_syn,1.0515542085363254
gene,within_syn,0.0341984176945147
gene,within_syn,1.5181818826870541
gene,within_syn,1.0371845164317113
gene,within_syn,0.0341984176945148
gene,within_syn,1.5880899254767988
gene,within_syn,0.1440272004787847
gene,within_syn,1.4801638534864963
gene,within_syn,1.5181818826870541
gene,within_syn,0.10240111690943937
gene,within_syn,1.5702173153096535
gene,within_syn,0.11357744101115433
gene,within_syn,0.02377203139924195
gene,within_syn,0.6866971273877631
gene,within_syn,0.08955413687222025
gene,within_syn,0.13789060041062565
gene,within_syn,0.10676560014506752
gene,within_syn,0.6640544152057948
gene,within_syn,0.12547341669872325
gene,within_syn,1.3983742371237655
gene,within_syn,0.06260080155072814
gene,within_syn,0.6732630969497237
gene,within_syn,0.1078505415482906
gene,within_syn,1.2492330446469317
gene,within_syn,0.673764091649249
gene,within_syn,1.5641818906513192
gene,within_syn,1.5200689047469966
gene,within_syn,0.1220052953937278
gene,within_syn,0.09489678301501632
gene,within_syn,0.6732630969497237
gene,within_syn,0.13991634457868615
gene,within_syn,0.6640544152057948
gene,within_syn,0.13084304143656933
gene,within_syn,0.13034134904990613
gene,within_syn,0.1302361112880431
gene,within_syn,0.6526781385975534
gene,within_syn,1.5715246968666845
gene,within_syn,0.08955413687222026
gene,within_syn,0.6764923269182458
gene,within_syn,1.5715246968666845
gene,within_syn,0.12200529539372748
gene,within_syn,1.5200689047469966
gene,within_syn,0.11185573932871391
gene,within_syn,0.08955413687222027
gene,within_syn,1.538412021001572
gene,within_syn,0.115218949645095
gene,within_syn,0.1089967269877776
gene,within_syn,0.6908537149270748
gene,within_syn,0.14959074601802802
gene,within_syn,0.03732614443051491
gene,within_syn,0.16287738475429184
gene,within_syn,0.6669107324959568
gene,within_syn,0.04733256085576245
gene,within_syn,1.4217603419014104
gene,within_syn,0.12414627596070807
gene,within_syn,0.6749857437855621
gene,within_syn,0.17254262276154875
gene,within_syn,1.2930583360477828
gene,within_syn,0.675437175793336
gene,within_syn,1.5883810749765284
gene,within_syn,1.551956957314469
gene,within_syn,0.026268376590687353
gene,within_syn,0.15617010694283917
gene,within_syn,0.6749857437855621
gene,within_syn,0.05811369071509287
gene,within_syn,0.6669107324959566
gene,within_syn,0.022051304142531623
gene,within_syn,0.17268813917689563
gene,within_syn,0.06887915595725315
gene,within_syn,0.6539804246961272
gene,within_syn,1.5962692580336943
gene,within_syn,0.14959074601802805
gene,within_syn,0.6786033412906611
gene,within_syn,1.5962692580336943
gene,within_syn,0.02626837659068716
gene,within_syn,1.551956957314469
gene,within_syn,0.16390632462997035
gene,within_syn,0.14959074601802796
gene,within_syn,1.5664333901645435
gene,within_syn,0.04418154978594891
gene,within_syn,0.6681000929586564
gene,within_syn,0.10312667700957337
gene,within_syn,0.13589462135806277
gene,within_syn,0.11888189240952754
gene,within_syn,0.6442952538243477
gene,within_syn,0.12936973463147886
gene,within_syn,1.3851648886051493
gene,within_syn,0.040037248069901187
gene,within_syn,0.6536172041516564
gene,within_syn,0.11910247434639956
gene,within_syn,1.2404326569690807
gene,within_syn,0.6541247544056966
gene,within_syn,1.5545121289593111
gene,within_syn,1.5100638171932748
gene,within_syn,0.12174848495517433
gene,within_syn,0.10247865326453874
gene,within_syn,0.6536172041516564
gene,within_syn,0.14389341537301287
gene,within_syn,0.6442952538243478
gene,within_syn,0.12416398892037754
gene,within_syn,0.1380347843286873
gene,within_syn,0.1382105247036403
gene,within_syn,0.6331883758454926
gene,within_syn,1.5618699285316977
gene,within_syn,0.1031266770095734
gene,within_syn,0.6569580067564363
gene,within_syn,1.5618699285316977
gene,within_syn,0.12174848495517403
gene,within_syn,1.5100638171932748
gene,within_syn,0.11879539083416905
gene,within_syn,0.10312667700957343
gene,within_syn,1.529672264569695
gene,within_syn,0.1167972248370676
gene,within_syn,0.6822171799058758
gene,within_syn,0.7222554435479421
gene,within_syn,0.675398684744611
gene,within_syn,0.06188449715520137
gene,within_syn,0.7203330436461884
gene,within_syn,0.7783498510370435
gene,within_syn,0.6438777223048447
gene,within_syn,0.05209513698022354
gene,within_syn,0.6681553782087226
gene,within_syn,0.7538772624852866
gene,within_syn,0.0516155511275705
gene,within_syn,1.0082716740337725
gene,within_syn,0.9630641938151442
gene,within_syn,0.703511292822242
gene,within_syn,0.6527895899673423
gene,within_syn,0.05209513698022354
gene,within_syn,0.7472630282771786
gene,within_syn,0.06188449715520094
gene,within_syn,0.678745659363708
gene,within_syn,0.6515055741889597
gene,within_syn,0.7441261675364351
gene,within_syn,0.05396614846670326
gene,within_syn,1.0157085891620226
gene,within_syn,0.6822171799058758
gene,within_syn,0.04608721408068844
gene,within_syn,1.0157085891620226
gene,within_syn,0.703511292822242
gene,within_syn,0.9630641938151443
gene,within_syn,0.647945119535216
gene,within_syn,0.6822171799058758
gene,within_syn,1.0060108125918057
gene,within_syn,0.6950838066789885
gene,within_syn,0.17716560622545502
gene,within_syn,0.018619106434145636
gene,within_syn,0.6673645978025525
gene,within_syn,0.1383959905411485
gene,within_syn,1.3686512412846505
gene,within_syn,0.1374288447523501
gene,within_syn,0.6753265365147189
gene,within_syn,0.027225038845147806
gene,within_syn,1.2093102888182845
gene,within_syn,0.6757617345064276
gene,within_syn,1.5190730383434434
gene,within_syn,1.4792797251231422
gene,within_syn,0.14364795121155546
gene,within_syn,0.03009931476773587
gene,within_syn,0.6753265365147189
gene,within_syn,0.1680585141142745
gene,within_syn,0.6673645978025525
gene,within_syn,0.16119779254130417
gene,within_syn,0.04935608783001722
gene,within_syn,0.14018382911522936
gene,within_syn,0.6536250856862168
gene,within_syn,1.5265369847257038
gene,within_syn,2.7755575615628914e-17
gene,within_syn,0.6778548694996606
gene,within_syn,1.5265369847257038
gene,within_syn,0.14364795121155527
gene,within_syn,1.4792797251231424
gene,within_syn,0.03860095487740033
gene,within_syn,1.1102230246251565e-16
gene,within_syn,1.4910465003585767
gene,within_syn,0.12259612087279917
gene,within_syn,0.19125585221152033
gene,within_syn,0.6971757358277415
gene,within_syn,0.052403503916800626
gene,within_syn,1.4566987941950162
gene,within_syn,0.15103713725911935
gene,within_syn,0.7052374462754725
gene,within_syn,0.20189484834591612
gene,within_syn,1.3299573776933984
gene,within_syn,0.7056893508726977
gene,within_syn,1.6235658874075234
gene,within_syn,1.587956122604532
gene,within_syn,0.04113008155670173
gene,within_syn,0.1876561362179665
gene,within_syn,0.7052374462754725
gene,within_syn,0.03570793881984627
gene,within_syn,0.6971757358277414
gene,within_syn,0.04575824488990117
gene,within_syn,0.20343215400744352
gene,within_syn,0.06508064769109291
gene,within_syn,0.6844159332442094
gene,within_syn,1.6315133999817553
gene,within_syn,0.17716560622545505
gene,within_syn,0.7089962027022951
gene,within_syn,1.6315133999817553
gene,within_syn,0.04113008155670171
gene,within_syn,1.587956122604532
gene,within_syn,0.19561744089751995
gene,within_syn,0.17716560622545496
gene,within_syn,1.6019587338743417
gene,within_syn,0.06641064853867489
gene,within_syn,0.6621233840154567
gene,within_syn,0.15055189652894088
gene,within_syn,1.3562772551653917
gene,within_syn,0.1512136356855704
gene,within_syn,0.6698485950399665
gene,within_syn,0.015664225500680497
gene,within_syn,1.1953023218128314
gene,within_syn,0.6702710788969825
gene,within_syn,1.504217569489996
gene,within_syn,1.465039007355609
gene,within_syn,0.15596776170840662
gene,within_syn,0.027848610288583646
gene,within_syn,0.6698485950399665
gene,within_syn,0.18204314327777754
gene,within_syn,0.6621233840154566
gene,within_syn,0.17287704525997508
gene,within_syn,0.033382827336677905
gene,within_syn,0.1528844914386093
gene,within_syn,0.6479946828398503
gene,within_syn,1.51169300446689
gene,within_syn,0.018619106434145615
gene,within_syn,0.6722245554623917
gene,within_syn,1.51169300446689
gene,within_syn,0.15596776170840645
gene,within_syn,1.465039007355609
gene,within_syn,0.027532592662320412
gene,within_syn,0.018619106434145608
gene,within_syn,1.475839419070779
gene,within_syn,0.13354988740987597
gene,within_syn,0.699353143509944
gene,within_syn,0.8272779270699839
gene,within_syn,0.617437752938015
gene,within_syn,0.014303899893370995
gene,within_syn,0.6549714384641195
gene,within_syn,0.8057409890193398
gene,within_syn,0.01504289058896716
gene,within_syn,1.0647027931504576
gene,within_syn,1.0166972773332572
gene,within_syn,0.681375916674372
gene,within_syn,0.6381937474990234
gene,within_syn,0.014303899893370995
gene,within_syn,0.7240220287532817
gene,within_syn,1.2225062931717345e-15
gene,within_syn,0.6549563894966738
gene,within_syn,0.6401712764082634
gene,within_syn,0.7235535296573866
gene,within_syn,0.02433519549482027
gene,within_syn,1.0719816135011278
gene,within_syn,0.6673645978025525
gene,within_syn,0.01909987493849539
gene,within_syn,1.0719816135011278
gene,within_syn,0.681375916674372
gene,within_syn,1.0166972773332572
gene,within_syn,0.634860443728857
gene,within_syn,0.6673645978025525
gene,within_syn,1.063129200794684
gene,within_syn,0.6748415586001598
gene,within_syn,1.4409501198946801
gene,within_syn,0.15508433098430885
gene,within_syn,0.7069600555489413
gene,within_syn,0.1632098276329444
gene,within_syn,1.3060564578170142
gene,within_syn,0.7073866766644101
gene,within_syn,1.5994232399197705
gene,within_syn,1.565238397085269
gene,within_syn,0.02262513984342929
gene,within_syn,0.15206836156576486
gene,within_syn,0.7069600555489413
gene,within_syn,0.0387523711665084
gene,within_syn,0.6993531435099438
gene,within_syn,0.056886704514751786
gene,within_syn,0.16160122709899163
gene,within_syn,0.025748390141701466
gene,within_syn,0.685465096601897
gene,within_syn,1.6073770137618542
gene,within_syn,0.13839599054114854
gene,within_syn,0.7103237493838209
gene,within_syn,1.6073770137618542
gene,within_syn,0.022625139843429346
gene,within_syn,1.565238397085269
gene,within_syn,0.1573639367548042
gene,within_syn,0.13839599054114846
gene,within_syn,1.576093406560546
gene,within_syn,0.027094243748569835
gene,within_syn,1.368734953118826
gene,within_syn,0.8177463538430778
gene,within_syn,1.3469700280196446
gene,within_syn,0.3380471367043046
gene,within_syn,0.8172160104121126
gene,within_syn,0.3190230511813396
gene,within_syn,0.25655504541807167
gene,within_syn,1.4290417593599303
gene,within_syn,1.339861847806423
gene,within_syn,0.8177463538430778
gene,within_syn,1.4743786084086856
gene,within_syn,0.8272779270699839
gene,within_syn,1.4116673233733754
gene,within_syn,1.3292229257876669
gene,within_syn,1.4613226739016356
gene,within_syn,0.8301476930834812
gene,within_syn,0.32193669642470685
gene,within_syn,1.3686512412846505
gene,within_syn,0.8117371264621659
gene,within_syn,0.3219366964247068
gene,within_syn,1.4290417593599303
gene,within_syn,0.2565550454180718
gene,within_syn,1.3310443742418536
gene,within_syn,1.3686512412846505
gene,within_syn,0.35020708728057653
gene,within_syn,1.4140466901570983
gene,within_syn,0.6271954255939006
gene,within_syn,0.14940086181879242
gene,within_syn,1.229825456139286
gene,within_syn,0.6277256406602857
gene,within_syn,1.545032135722774
gene,within_syn,1.4987601541675108
gene,within_syn,0.14270936623758929
gene,within_syn,0.13046154953947178
gene,within_syn,0.6271954255939006
gene,within_syn,0.16681433345440055
gene,within_syn,0.6174377529380151
gene,within_syn,0.13570226105083588
gene,within_syn,0.16581157635185056
gene,within_syn,0.16749393456697012
gene,within_syn,0.6073062331308441
gene,within_syn,1.5523318551222296
gene,within_syn,0.13742884475235012
gene,within_syn,0.6307496772468688
gene,within_syn,1.5523318551222296
gene,within_syn,0.142709366237589
gene,within_syn,1.4987601541675108
gene,within_syn,0.14582080947584206
gene,within_syn,0.13742884475235015
gene,within_syn,1.5214643150447411
gene,within_syn,0.14150672618725657
gene,within_syn,0.6628334640228101
gene,within_syn,0.7994537037656224
gene,within_syn,0.000741003961635757
gene,within_syn,1.054556107934746
gene,within_syn,1.0077887818877727
gene,within_syn,0.6891070983320787
gene,within_syn,0.6461713970202585
gene,within_syn,0.0
gene,within_syn,0.7319084896092486
gene,within_syn,0.014303899893370121
gene,within_syn,0.6627719118891949
gene,within_syn,0.647438662615616
gene,within_syn,0.7311977312592748
gene,within_syn,0.023288470089974266
gene,within_syn,1.061903450170548
gene,within_syn,0.6753265365147189
gene,within_syn,0.0064198735793717645
gene,within_syn,1.061903450170548
gene,within_syn,0.6891070983320787
gene,within_syn,1.0077887818877727
gene,within_syn,0.6425199552506732
gene,within_syn,0.6753265365147189
gene,within_syn,1.0535106204736446
gene,within_syn,0.6823991422656173
gene,within_syn,1.1844128210346885
gene,within_syn,0.66326194216064
gene,within_syn,1.4956909979405342
gene,within_syn,1.455387507305241
gene,within_syn,0.16742529916386303
gene,within_syn,0.02378434186649921
gene,within_syn,0.6628334640228101
gene,within_syn,0.19416484183108837
gene,within_syn,0.6549714384641195
gene,within_syn,0.18262924664093524
gene,within_syn,0.036113808952087975
gene,within_syn,0.1661743198879434
gene,within_syn,0.641094218349711
gene,within_syn,1.503095289896986
gene,within_syn,0.027225038845147785
gene,within_syn,0.6651630621487765
gene,within_syn,1.503095289896986
gene,within_syn,0.16742529916386287
gene,within_syn,1.455387507305241
gene,within_syn,0.025473195841368042
gene,within_syn,0.02722503884514784
gene,within_syn,1.4670586047350163
gene,within_syn,0.14558871513150307
gene,within_syn,0.7990859528854327
gene,within_syn,0.403875875608583
gene,within_syn,0.30749949934518067
gene,within_syn,1.297831016812267
gene,within_syn,1.1824641246126002
gene,within_syn,0.7994537037656224
gene,within_syn,1.341652632403264
gene,within_syn,0.80574098901934
gene,within_syn,1.287092464841009
gene,within_syn,1.1704415423494066
gene,within_syn,1.3225274043336668
gene,within_syn,0.805070561938333
gene,within_syn,0.40543001869259476
gene,within_syn,1.2093102888182845
gene,within_syn,0.7932658545161422
gene,within_syn,0.40543001869259465
gene,within_syn,1.297831016812267
gene,within_syn,0.3074994993451807
gene,within_syn,1.1732907732520041
gene,within_syn,1.2093102888182845
gene,within_syn,0.36432767319185333
gene,within_syn,1.279197048024876
gene,within_syn,1.0539956936763835
gene,within_syn,1.007288333632746
gene,within_syn,0.6895407732511054
gene,within_syn,0.6466070535800666
gene,within_syn,0.000741003961635757
gene,within_syn,0.7323502894978575
gene,within_syn,0.015042890588966289
gene,within_syn,0.6632113789016479
gene,within_syn,0.647838075532509
gene,within_syn,0.7316254900978529
gene,within_syn,0.02349326054158135
gene,within_syn,1.0613462869293662
gene,within_syn,0.6757617345064276
gene,within_syn,0.005925054908698705
gene,within_syn,1.061346286929366
gene,within_syn,0.6895407732511053
gene,within_syn,1.0072883336327463
gene,within_syn,0.6429393519569131
gene,within_syn,0.6757617345064276
gene,within_syn,1.0529764901285552
gene,within_syn,0.6828227870082448
gene,within_syn,0.13978194343106948
gene,within_syn,1.5910697419895812
gene,within_syn,1.4925555112479085
gene,within_syn,1.054556107934746
gene,within_syn,1.6357816182480218
gene,within_syn,1.0647027931504573
gene,within_syn,1.578699957070726
gene,within_syn,1.4754623804333387
gene,within_syn,1.6172977457336448
gene,within_syn,1.0621695785970278
gene,within_syn,0.011140180563128396
gene,within_syn,1.5190730383434434
gene,within_syn,1.0482063396896675
gene,within_syn,0.011140180563128552
gene,within_syn,1.5910697419895812
gene,within_syn,0.13978194343106945
gene,within_syn,1.4811626731664425
gene,within_syn,1.5190730383434434
gene,within_syn,0.0760351149371862
gene,within_syn,1.5728797433055055
gene,within_syn,1.5562684623123446
gene,within_syn,1.4521160579559622
gene,within_syn,1.0077887818877727
gene,within_syn,1.6010233088135357
gene,within_syn,1.0166972773332572
gene,within_syn,1.5435270281976718
gene,within_syn,1.4379000770278765
gene,within_syn,1.583105172174053
gene,within_syn,1.0165067109461572
gene,within_syn,0.13535250978651123
gene,within_syn,1.4792797251231422
gene,within_syn,1.0014829865874153
gene,within_syn,0.13535250978651103
gene,within_syn,1.5562684623123444
gene,within_syn,1.1102230246251565e-16
gene,within_syn,1.4419301285562636
gene,within_syn,1.4792797251231422
gene,within_syn,0.13638004868035145
gene,within_syn,1.5383496574254067
gene,within_syn,0.1534420433273149
gene,within_syn,0.6891070983320787
gene,within_syn,0.0454062162688116
gene,within_syn,0.6813759166743719
gene,within_syn,0.03452588076722655
gene,within_syn,0.16534317844705168
gene,within_syn,0.04706345143658955
gene,within_syn,0.6677828910094761
gene,within_syn,1.5990197582205274
gene,within_syn,0.14364795121155546
gene,within_syn,0.6925792488278788
gene,within_syn,1.5990197582205274
gene,within_syn,3.3306690738754696e-16
gene,within_syn,1.5562684623123446
gene,within_syn,0.159379538915309
gene,within_syn,0.1436479512115554
gene,within_syn,1.5685341268008348
gene,within_syn,0.02550043921715487
gene,within_syn,0.6461713970202585
gene,within_syn,0.18362377695782364
gene,within_syn,0.6381937474990234
gene,within_syn,0.16526687981232363
gene,within_syn,0.038660627961012044
gene,within_syn,0.15827230435109665
gene,within_syn,0.6244930665241109
gene,within_syn,1.5000012506234175
gene,within_syn,0.030099314767735866
gene,within_syn,0.6486521040281773
gene,within_syn,1.5000012506234175
gene,within_syn,0.1534420433273147
gene,within_syn,1.4521160579559622
gene,within_syn,0.017995369972817456
gene,within_syn,0.030099314767735887
gene,within_syn,1.4650062124696661
gene,within_syn,0.13226256593951244
gene,within_syn,0.7319084896092486
gene,within_syn,0.014303899893370121
gene,within_syn,0.6627719118891949
gene,within_syn,0.647438662615616
gene,within_syn,0.7311977312592748
gene,within_syn,0.023288470089974266
gene,within_syn,1.061903450170548
gene,within_syn,0.6753265365147189
gene,within_syn,0.0064198735793717645
gene,within_syn,1.061903450170548
gene,within_syn,0.6891070983320787
gene,within_syn,1.0077887818877727
gene,within_syn,0.6425199552506732
gene,within_syn,0.6753265365147189
gene,within_syn,1.0535106204736446
gene,within_syn,0.6823991422656173
gene,within_syn,0.7240220287532816
gene,within_syn,0.06998227116512387
gene,within_syn,0.19660157193878003
gene,within_syn,0.03669263106908825
gene,within_syn,0.710776814969169
gene,within_syn,1.6437305354673484
gene,within_syn,0.1680585141142745
gene,within_syn,0.7354930402697759
gene,within_syn,1.6437305354673484
gene,within_syn,0.04540621626881161
gene,within_syn,1.6010233088135357
gene,within_syn,0.19087985607946442
gene,within_syn,0.16805851411427444
gene,within_syn,1.6128962278165737
gene,within_syn,0.06376792053627149
gene,within_syn,0.6549563894966737
gene,within_syn,0.6401712764082633
gene,within_syn,0.7235535296573865
gene,within_syn,0.02433519549481938
gene,within_syn,1.0719816135011278
gene,within_syn,0.6673645978025525
gene,within_syn,0.01909987493849471
gene,within_syn,1.0719816135011278
gene,within_syn,0.6813759166743719
gene,within_syn,1.0166972773332572
gene,within_syn,0.634860443728857
gene,within_syn,0.6673645978025525
gene,within_syn,1.0631292007946838
gene,within_syn,0.6748415586001597
gene,within_syn,0.17881667528954312
gene,within_syn,0.08115814352215958
gene,within_syn,0.6416979678658914
gene,within_syn,1.586674815489049
gene,within_syn,0.1611977925413042
gene,within_syn,0.6664134491695545
gene,within_syn,1.586674815489049
gene,within_syn,0.03452588076722656
gene,within_syn,1.5435270281976718
gene,within_syn,0.17130967213953704
gene,within_syn,0.16119779254130412
gene,within_syn,1.5575499560899146
gene,within_syn,0.05018515029503257
gene,within_syn,0.16735242825561256
gene,within_syn,0.6253062215829166
gene,within_syn,1.483030613999549
gene,within_syn,0.04935608783001721
gene,within_syn,0.6496565547004178
gene,within_syn,1.483030613999549
gene,within_syn,0.16534317844705157
gene,within_syn,1.4379000770278767
gene,within_syn,0.02151461944140107
gene,within_syn,0.04935608783001717
gene,within_syn,1.4474931927771515
gene,within_syn,0.14129060566882187
gene,within_syn,0.7096651513926115
gene,within_syn,1.6252239907860524
gene,within_syn,0.1401838291152294
gene,within_syn,0.7345132243553547
gene,within_syn,1.6252239907860524
gene,within_syn,0.047063451436589555
gene,within_syn,1.583105172174053
gene,within_syn,0.16391295219366148
gene,within_syn,0.1401838291152293
gene,within_syn,1.593144668387283
gene,within_syn,0.049106916113159774
gene,within_syn,1.0696032812932628
gene,within_syn,0.6536250856862168
gene,within_syn,0.025311047501575482
gene,within_syn,1.0696032812932628
gene,within_syn,0.667782891009476
gene,within_syn,1.0165067109461574
gene,within_syn,0.6206281985513529
gene,within_syn,0.6536250856862168
gene,within_syn,1.0599529824423992
gene,within_syn,0.6608010535877237
gene,within_syn,1.5265369847257038
gene,within_syn,1.0555541746866302
gene,within_syn,2.220446049250313e-16
gene,within_syn,1.5990197582205272
gene,within_syn,0.1353525097865112
gene,within_syn,1.4886619051425127
gene,within_syn,1.5265369847257038
gene,within_syn,0.07536792010162435
gene,within_syn,1.5808127952700577
gene,within_syn,0.6778548694996606
gene,within_syn,1.5265369847257038
gene,within_syn,0.1436479512115553
gene,within_syn,1.4792797251231424
gene,within_syn,0.03860095487740032
gene,within_syn,1.1443916996305594e-16
gene,within_syn,1.4910465003585767
gene,within_syn,0.1225961208727992
gene,within_syn,1.0555541746866302
gene,within_syn,0.6925792488278788
gene,within_syn,1.0014829865874153
gene,within_syn,0.6448757595856369
gene,within_syn,0.6778548694996606
gene,within_syn,1.047111378400596
gene,within_syn,0.6856776572729435
gene,within_syn,1.5990197582205272
gene,within_syn,0.135352509786511
gene,within_syn,1.4886619051425127
gene,within_syn,1.5265369847257038
gene,within_syn,0.0753679201016243
gene,within_syn,1.5808127952700577
gene,within_syn,1.5562684623123446
gene,within_syn,0.15937953891530887
gene,within_syn,0.1436479512115552
gene,within_syn,1.5685341268008348
gene,within_syn,0.025500439217154853
gene,within_syn,1.4419301285562636
gene,within_syn,1.4792797251231424
gene,within_syn,0.13638004868035136
gene,within_syn,1.5383496574254067
gene,within_syn,0.03860095487740031
gene,within_syn,1.453491533302133
gene,within_syn,0.13672870918839058
gene,within_syn,1.4910465003585767
gene,within_syn,0.1225961208727991
gene,within_syn,1.5495975360366254
gene,between_real,0.20528073413079417
gene,between_real,1.7308906234316326
gene,between_real,1.7815255794259885
gene,between_real,1.7009738334343754
gene,between_real,1.7728567043059758
gene,between_real,1.5717683449340742
gene,between_real,1.5744413380251199
gene,between_real,2.4460339650428957
gene,between_real,2.4946946090286373
gene,between_real,2.4294780925350703
gene,between_real,0.6755752238590802
gene,between_real,0.6725881473839577
gene,between_real,0.6788536958679603
gene,between_real,1.043192298882584
gene,between_real,1.0356859586310563
gene,between_real,1.034389940490792
gene,between_real,2.7600419127921194
gene,between_real,2.7593816859670186
gene,between_real,2.7721594501316704
gene,between_real,2.24056164782755
gene,between_real,2.289987493374187
gene,between_real,2.200779939276494
gene,between_real,2.283581432617929
gene,between_real,2.0774762037009675
gene,between_real,2.0791848124221546
gene,between_real,2.659997650402716
gene,between_real,2.7038960759385264
gene,between_real,2.633312235844308
gene,between_real,2.238498150227861
gene,between_real,2.2880057451928115
gene,between_real,2.1992841372172762
gene,between_real,2.281625553828274
gene,between_real,2.0757738823601244
gene,between_real,2.077588064151575
gene,between_real,2.6691782660283003
gene,between_real,2.7131965992938625
gene,between_real,2.6427297100086204
gene,between_real,2.242241690540426
gene,between_real,2.291784572785947
gene,between_real,2.2034977890529626
gene,between_real,2.2856715859128465
gene,between_real,2.080155201146812
gene,between_real,2.0821302350436213
gene,between_real,2.679977475861094
gene,between_real,2.723991228352675
gene,between_real,2.653616098138617
gene,between_real,2.5474300782908874
gene,between_real,2.594732874184132
gene,between_real,2.498034571777129
gene,between_real,2.58545359674213
gene,between_real,2.3778195763485668
gene,between_real,2.376799841444026
gene,between_real,2.709684078792442
gene,between_real,2.749667376120034
gene,between_real,2.67708415721531
gene,between_real,2.561155010866862
gene,between_real,2.6089376598337726
gene,between_real,2.513266309114308
gene,between_real,2.6000258264057745
gene,between_real,2.392104935944994
gene,between_real,2.3915119428148417
gene,between_real,2.7552037428534217
gene,between_real,2.795515216735824
gene,between_real,2.7229422527051024
gene,between_real,2.5623844095053787
gene,between_real,2.6102319355450216
gene,between_real,2.5147449526200107
gene,between_real,2.601239266786515
gene,between_real,2.3933224261362946
gene,between_real,2.39275119297624
gene,between_real,2.76212327869328
gene,between_real,2.802526237662322
gene,between_real,2.7299771688391785
gene,between_real,3.0989947640042974
gene,between_real,3.1141756090494863
gene,between_real,3.019370689608042
gene,between_real,3.1177663811298144
gene,between_real,2.9960105294018136
gene,between_real,2.9888893064980295
gene,between_real,1.7648362770079014
gene,between_real,1.7540810327045024
gene,between_real,1.7165841869300469
gene,between_real,3.1159348048156126
gene,between_real,3.131578427759696
gene,between_real,3.0363056431418234
gene,between_real,3.1350939315100184
gene,between_real,3.011683485124535
gene,between_real,3.0046224067489478
gene,between_real,1.7918564199767988
gene,between_real,1.781604364567114
gene,between_real,1.7433794550269257
gene,between_real,3.124638727236833
gene,between_real,3.1401201372346104
gene,between_real,3.045011912759184
gene,between_real,3.1436379048379197
gene,between_real,3.0207899606681576
gene,between_real,3.0137009830758807
gene,between_real,1.7959475646372445
gene,between_real,1.7853592609817759
gene,between_real,1.7475997964320005
gene,between_syn,2.531700356619977
gene,between_syn,2.5509819487994183
gene,between_syn,2.162848339514026
gene,between_syn,2.5344473224612747
gene,between_syn,1.9986723102559338
gene,between_syn,2.5518057841658868
gene,between_syn,2.050679619283039
gene,between_syn,2.540092234554245
gene,between_syn,2.506242534123535
gene,between_syn,1.9277969256755771
gene,between_syn,2.540092234554245
gene,between_syn,2.4761054736777437
gene,between_syn,2.489459637218635
gene,between_syn,2.536935100271363
gene,between_syn,2.5035150047216876
gene,between_syn,1.988463518966944
gene,between_syn,2.5334331677227584
gene,between_syn,2.488498200168901
gene,between_syn,2.489381807128565
gene,between_syn,2.4533627572631524
gene,between_syn,1.9263060885618888
gene,between_syn,1.9623529669368742
gene,between_syn,2.512722953416311
gene,between_syn,2.1542132966938383
gene,between_syn,2.5129471391101497
gene,between_syn,2.487170309421489
gene,between_syn,2.489316644707466
gene,between_syn,1.9623529669368742
gene,between_syn,2.5497285115979493
gene,between_syn,2.502079248822728
gene,between_syn,2.550944332630611
gene,between_syn,1.944754266117354
gene,between_syn,2.529217511400137
gene,between_syn,1.927796925675577
gene,between_syn,2.4532133372010105
gene,between_syn,1.9408188395342423
gene,between_syn,2.546375989046272
gene,between_syn,2.210749583446658
gene,between_syn,1.940620541468749
gene,between_syn,2.18154960854337
gene,between_syn,2.1520340517444976
gene,between_syn,2.507095364634564
gene,between_syn,2.524807128125936
gene,between_syn,1.9408188395342423
gene,between_syn,2.5369351002713634
gene,between_syn,1.944754266117354
gene,between_syn,2.4730484353080238
gene,between_syn,2.535613899284544
gene,between_syn,2.5541112781588584
gene,between_syn,1.9618000659704946
gene,between_syn,2.1835627451563666
gene,between_syn,2.5497285115979493
gene,between_syn,1.941576804133417
gene,between_syn,2.1835627451563666
gene,between_syn,2.507095364634564
gene,between_syn,2.1520340517444976
gene,between_syn,2.5262443069366647
gene,between_syn,2.5497285115979493
gene,between_syn,2.242374925251831
gene,between_syn,2.513161258344899
gene,between_syn,2.542527793911079
gene,between_syn,2.5616188191089577
gene,between_syn,2.1705571078765105
gene,between_syn,2.5452632051660693
gene,between_syn,2.007178897283426
gene,between_syn,2.562441753911911
gene,between_syn,2.058222114671743
gene,between_syn,2.550921006611867
gene,between_syn,2.5170571951242904
gene,between_syn,1.9358786902629594
gene,between_syn,2.550921006611867
gene,between_syn,2.486904269663321
gene,between_syn,2.5002767360794906
gene,between_syn,2.5477652745064607
gene,between_syn,2.5143114586470863
gene,between_syn,1.9966320721334703
gene,between_syn,2.5440593800138465
gene,between_syn,2.499253199021486
gene,between_syn,2.4999897124738095
gene,between_syn,2.46400039851717
gene,between_syn,1.9343675595364493
gene,between_syn,1.9726338370971033
gene,between_syn,2.523537595724813
gene,between_syn,2.1619214009389336
gene,between_syn,2.52357803947648
gene,between_syn,2.4979686456793395
gene,between_syn,2.499949043978344
gene,between_syn,1.9726338370971033
gene,between_syn,2.5603705939085764
gene,between_syn,2.512907162363798
gene,between_syn,2.5615812469227253
gene,between_syn,1.9550879301925204
gene,between_syn,2.540034485585674
gene,between_syn,1.9358786902629594
gene,between_syn,2.4638267348833316
gene,between_syn,1.951156898469441
gene,between_syn,2.5569892104025502
gene,between_syn,2.2190564125406205
gene,between_syn,1.9509586787104203
gene,between_syn,2.1892473002225286
gene,between_syn,2.159643192995363
gene,between_syn,2.517909787799698
gene,between_syn,2.535431599813918
gene,between_syn,1.951156898469441
gene,between_syn,2.5477652745064607
gene,between_syn,1.9550879301925206
gene,between_syn,2.48386791789659
gene,between_syn,2.5462596931378236
gene,between_syn,2.5649264562777074
gene,between_syn,1.9721623312456107
gene,between_syn,2.191221345313505
gene,between_syn,2.5603705939085764
gene,between_syn,1.9519053182760844
gene,between_syn,2.191221345313505
gene,between_syn,2.517909787799698
gene,between_syn,2.159643192995363
gene,between_syn,2.536876370335231
gene,between_syn,2.5603705939085764
gene,between_syn,2.2501367726877577
gene,between_syn,2.5239617687248055
gene,between_syn,2.879423955375858
gene,between_syn,2.738767831394614
gene,between_syn,1.2937304166160235
gene,between_syn,2.8862650531535143
gene,between_syn,1.707193583131176
gene,between_syn,2.739381753442064
gene,between_syn,1.3233961141928166
gene,between_syn,2.882745987019926
gene,between_syn,2.842978986407847
gene,between_syn,1.5393271125894283
gene,between_syn,2.882745987019926
gene,between_syn,2.817543356851234
gene,between_syn,2.843964785613643
gene,between_syn,2.886257041010947
gene,between_syn,2.835039786469743
gene,between_syn,1.5595811842987126
gene,between_syn,2.736042879643469
gene,between_syn,2.7890387147339704
gene,between_syn,2.815403874055319
gene,between_syn,2.7760083918170797
gene,between_syn,1.535507140780335
gene,between_syn,2.2891413078767955
gene,between_syn,2.847421007415549
gene,between_syn,1.29629931084506
gene,between_syn,2.808233486749046
gene,between_syn,2.842645257081516
gene,between_syn,2.8016710123310986
gene,between_syn,2.2891413078767955
gene,between_syn,2.7548970057658195
gene,between_syn,2.8783081709284004
gene,between_syn,2.738724056039989
gene,between_syn,2.3441625740125374
gene,between_syn,2.848535049437892
gene,between_syn,1.5393271125894283
gene,between_syn,2.796085821336909
gene,between_syn,2.3346275545791255
gene,between_syn,2.7296683115704297
gene,between_syn,1.5886579954116569
gene,between_syn,2.3340949551531778
gene,between_syn,1.2844982789971329
gene,between_syn,1.3302384752369383
gene,between_syn,2.8429729430232635
gene,between_syn,2.730594920661586
gene,between_syn,2.3346275545791255
gene,between_syn,2.8862570410109467
gene,between_syn,2.3441625740125374
gene,between_syn,2.834874162908671
gene,between_syn,2.7113058978820974
gene,between_syn,2.863596213890422
gene,between_syn,2.3429357050619357
gene,between_syn,1.2762272012736893
gene,between_syn,2.7548970057658195
gene,between_syn,2.3282987226525544
gene,between_syn,1.2762272012736893
gene,between_syn,2.8429729430232635
gene,between_syn,1.330238475236938
gene,between_syn,2.718574390644883
gene,between_syn,2.7548970057658195
gene,between_syn,1.289008011454518
gene,between_syn,2.822512158979926
gene,between_syn,2.71493105940923
gene,between_syn,2.702654378377736
gene,between_syn,2.046554754202331
gene,between_syn,2.717969620030257
gene,between_syn,1.9477280651334397
gene,between_syn,2.703466616442
gene,between_syn,1.9278056596164301
gene,between_syn,2.723245583295608
gene,between_syn,2.685184271293965
gene,between_syn,1.843225116700479
gene,between_syn,2.7232455832956086
gene,between_syn,2.6526311137508
gene,between_syn,2.669947409008535
gene,between_syn,2.720948781418502
gene,between_syn,2.6805639072615546
gene,between_syn,1.9092991347566626
gene,between_syn,2.685433734856793
gene,between_syn,2.65765817555686
gene,between_syn,2.655638036865217
gene,between_syn,2.6175668752051315
gene,between_syn,1.840485309629702
gene,between_syn,2.0638082009279834
gene,between_syn,2.691854497068252
gene,between_syn,2.038104307948429
gene,between_syn,2.677391109022583
gene,between_syn,2.666724597126553
gene,between_syn,2.6545835130241193
gene,between_syn,2.0638082009279834
gene,between_syn,2.7040701905427533
gene,between_syn,2.68747770158767
gene,between_syn,2.7026151583019056
gene,between_syn,2.0574028086442953
gene,between_syn,2.7073763132292408
gene,between_syn,1.8432251167004787
gene,between_syn,2.619421134493021
gene,between_syn,2.05238812899773
gene,between_syn,2.6959443859866856
gene,between_syn,2.138903613073319
gene,between_syn,2.0521211410337896
gene,between_syn,2.0641265057018914
gene,between_syn,2.0315316207943726
gene,between_syn,2.685959909993289
gene,between_syn,2.6765350682957516
gene,between_syn,2.05238812899773
gene,between_syn,2.720948781418502
gene,between_syn,2.0574028086442953
gene,between_syn,2.653483748271187
gene,between_syn,2.684832983379712
gene,between_syn,2.732575290483388
gene,between_syn,2.0749871930319728
gene,between_syn,2.0637960575325276
gene,between_syn,2.7040701905427533
gene,between_syn,2.0517235103199747
gene,between_syn,2.0637960575325276
gene,between_syn,2.685959909993289
gene,between_syn,2.0315316207943726
gene,between_syn,2.676492614245295
gene,between_syn,2.7040701905427533
gene,between_syn,2.1273969370214103
gene,between_syn,2.6877686958202203
gene,between_syn,2.859620352055179
gene,between_syn,2.7192795820466134
gene,between_syn,1.2681571686679045
gene,between_syn,2.8663115241837454
gene,between_syn,1.6747529298756434
gene,between_syn,2.7198925582893403
gene,between_syn,1.2929519455292926
gene,between_syn,2.8630779071083237
gene,between_syn,2.823002104487435
gene,between_syn,1.5063764585874801
gene,between_syn,2.8630779071083237
gene,between_syn,2.797134436201239
gene,between_syn,2.8236734951740075
gene,between_syn,2.8664992077225366
gene,between_syn,2.81492118521568
gene,between_syn,1.527374513461025
gene,between_syn,2.716126061538862
gene,between_syn,2.768793098739436
gene,between_syn,2.7934411480872203
gene,between_syn,2.754099694543108
gene,between_syn,1.5024460070509256
gene,between_syn,2.261260802016003
gene,between_syn,2.827514510445124
gene,between_syn,1.2705475606410712
gene,between_syn,2.7870118396287684
gene,between_syn,2.8221333028070803
gene,between_syn,2.7800910918814217
gene,between_syn,2.261260802016003
gene,between_syn,2.735206380893402
gene,between_syn,2.857953707693393
gene,between_syn,2.71923610574598
gene,between_syn,2.3155744770916002
gene,between_syn,2.828963277105737
gene,between_syn,1.5063764585874806
gene,between_syn,2.7737178418741952
gene,between_syn,2.3061530738526503
gene,between_syn,2.709977921272049
gene,between_syn,1.5605079200923435
gene,between_syn,2.305625835567914
gene,between_syn,1.2593325055823004
gene,between_syn,1.300667445766145
gene,between_syn,2.8230103662224204
gene,between_syn,2.7105613211965367
gene,between_syn,2.3061530738526503
gene,between_syn,2.8664992077225366
gene,between_syn,2.3155744770916002
gene,between_syn,2.814401886168197
gene,between_syn,2.691992490093883
gene,between_syn,2.8443024150898464
gene,between_syn,2.3149338657071024
gene,between_syn,1.2507918955225281
gene,between_syn,2.735206380893402
gene,between_syn,2.2998488754353072
gene,between_syn,1.2507918955225281
gene,between_syn,2.8230103662224204
gene,between_syn,1.3006674457661447
gene,between_syn,2.6988180773623736
gene,between_syn,2.735206380893402
gene,between_syn,1.26513435851497
gene,between_syn,2.8027884074488214
gene,between_syn,2.5557883610834407
gene,between_syn,2.574705109354032
gene,between_syn,2.17361097933873
gene,between_syn,2.558632693420567
gene,between_syn,2.0153918920745797
gene,between_syn,2.5755353372850984
gene,between_syn,2.061483320978509
gene,between_syn,2.5641728972891387
gene,between_syn,2.5301906995962686
gene,between_syn,1.941309504800477
gene,between_syn,2.564172897289139
gene,between_syn,2.500019916730044
gene,between_syn,2.513455607939534
gene,between_syn,2.5610448111354325
gene,between_syn,2.5274956722636968
gene,between_syn,2.002869954643425
gene,between_syn,2.557233710119789
gene,between_syn,2.512343253775955
gene,between_syn,2.5140319488804197
gene,between_syn,2.4777006762129954
gene,between_syn,1.939761667077621
gene,between_syn,1.9837670355867634
gene,between_syn,2.5366859592591324
gene,between_syn,2.1649338968268643
gene,between_syn,2.5373879848097936
gene,between_syn,2.511251859848131
gene,between_syn,2.51377120770225
gene,between_syn,1.9837670355867634
gene,between_syn,2.573574801870749
gene,between_syn,2.526246099462588
gene,between_syn,2.5746670504364704
gene,between_syn,1.966796775737702
gene,between_syn,2.553126215326694
gene,between_syn,1.941309504800477
gene,between_syn,2.47780044798717
gene,between_syn,1.962705931401587
gene,between_syn,2.5701306093730785
gene,between_syn,2.2266655825192236
gene,between_syn,1.9624994961301496
gene,between_syn,2.192336438882309
gene,between_syn,2.164161155073213
gene,between_syn,2.531041973427628
gene,between_syn,2.548594964710591
gene,between_syn,1.962705931401587
gene,between_syn,2.561044811135433
gene,between_syn,1.966796775737702
gene,between_syn,2.4970116467203307
gene,between_syn,2.5591034141359335
gene,between_syn,2.5780676965412987
gene,between_syn,1.9836919735644065
gene,between_syn,2.194317024037283
gene,between_syn,2.573574801870749
gene,between_syn,1.9634078411713576
gene,between_syn,2.194317024037283
gene,between_syn,2.531041973427628
gene,between_syn,2.164161155073213
gene,between_syn,2.5498893004628655
gene,between_syn,2.573574801870749
gene,between_syn,2.253744319147714
gene,between_syn,2.536991468482028
gene,between_syn,2.620365043338594
gene,between_syn,2.6044438921565702
gene,between_syn,1.9520696597680645
gene,between_syn,2.623243628321753
gene,between_syn,1.8423485498385583
gene,between_syn,2.605240277499815
gene,between_syn,1.8323181975505687
gene,between_syn,2.628667794229766
gene,between_syn,2.590341839439259
gene,between_syn,1.7430530474674468
gene,between_syn,2.628667794229766
gene,between_syn,2.5575727869614453
gene,between_syn,2.5752582306652223
gene,between_syn,2.6264404789012534
gene,between_syn,2.585393098807515
gene,between_syn,1.8072588015519833
gene,between_syn,2.587137085936776
gene,between_syn,2.561687331970443
gene,between_syn,2.5576811525028895
gene,between_syn,2.51999219587929
gene,between_syn,1.7403482179755454
gene,between_syn,1.964898361138381
gene,between_syn,2.5969965574071727
gene,between_syn,1.9437482826256898
gene,between_syn,2.5795437005242463
gene,between_syn,2.5717339729259625
gene,between_syn,2.5568638790074085
gene,between_syn,1.964898361138381
gene,between_syn,2.605969164488679
gene,between_syn,2.5931181728403496
gene,between_syn,2.6044054186036942
gene,between_syn,1.9586084570943947
gene,between_syn,2.612461697048527
gene,between_syn,1.7430530474674468
gene,between_syn,2.5216431606456173
gene,between_syn,1.9538008082941465
gene,between_syn,2.5973962655832414
gene,between_syn,2.0338825523092687
gene,between_syn,1.9535430953686521
gene,between_syn,1.9695022042239279
gene,between_syn,1.932505358657777
gene,between_syn,2.5911081516605012
gene,between_syn,2.578241228589028
gene,between_syn,1.9538008082941465
gene,between_syn,2.626440478901254
gene,between_syn,1.9586084570943947
gene,between_syn,2.5588853567361793
gene,between_syn,2.5867989436678807
gene,between_syn,2.63756114084324
gene,between_syn,1.9765657165076262
gene,between_syn,1.96906166442567
gene,between_syn,2.605969164488679
gene,between_syn,1.9530687652328995
gene,between_syn,1.96906166442567
gene,between_syn,2.5911081516605012
gene,between_syn,1.9325053586577772
gene,between_syn,2.578289775133084
gene,between_syn,2.6059691644886795
gene,between_syn,2.0313355202766963
gene,between_syn,2.5925447247090054
gene,between_syn,2.6565697024304793
gene,between_syn,2.641824225109991
gene,between_syn,1.9783940303862426
gene,between_syn,2.65963401039674
gene,between_syn,1.8782412681003482
gene,between_syn,2.6426349729042964
gene,between_syn,1.8593690022413296
gene,between_syn,2.664865730726591
gene,between_syn,2.626504862856626
gene,between_syn,1.7740438320513066
gene,between_syn,2.6648657307265915
gene,between_syn,2.5937999198543458
gene,between_syn,2.6114190239005537
gene,between_syn,2.6626452421044817
gene,between_syn,2.6217377079673008
gene,between_syn,1.8398254928463984
gene,between_syn,2.6246557454098673
gene,between_syn,2.598226071397857
gene,between_syn,2.5960857560526693
gene,between_syn,2.55785629995472
gene,between_syn,1.7712971004692737
gene,between_syn,2.000598808387744
gene,between_syn,2.6331817008710714
gene,between_syn,1.9699772189460947
gene,between_syn,2.61762972775442
gene,between_syn,2.6081283613603836
gene,between_syn,2.5949192808974915
gene,between_syn,2.000598808387744
gene,between_syn,2.6434430165113736
gene,between_syn,2.629341084225637
gene,between_syn,2.641784910393556
gene,between_syn,1.994891450277197
gene,between_syn,2.6486001432365254
gene,between_syn,1.7740438320513066
gene,between_syn,2.5599050047674976
gene,between_syn,1.989826651456327
gene,between_syn,2.634972218434313
gene,between_syn,2.069026320139522
gene,between_syn,1.9895563023868623
gene,between_syn,1.9959265035894587
gene,between_syn,1.9623022894462936
gene,between_syn,2.6272730053500113
gene,between_syn,2.615747998620851
gene,between_syn,1.989826651456327
gene,between_syn,2.6626452421044817
gene,between_syn,1.9948914502771973
gene,between_syn,2.59497386378751
gene,between_syn,2.6238361223050726
gene,between_syn,2.673790720829775
gene,between_syn,2.0124909348575577
gene,between_syn,1.9955605563034204
gene,between_syn,2.6434430165113736
gene,between_syn,1.989071831152038
gene,between_syn,1.9955605563034202
gene,between_syn,2.6272730053500113
gene,between_syn,1.9623022894462936
gene,between_syn,2.615588154387609
gene,between_syn,2.6434430165113736
gene,between_syn,2.058850758781281
gene,between_syn,2.628729112287404
gene,between_syn,2.872918944598513
gene,between_syn,2.7299988852186834
gene,between_syn,1.3028685609258395
gene,between_syn,2.8797428002890477
gene,between_syn,1.7164814611576178
gene,between_syn,2.7305935690418957
gene,between_syn,1.3388604688617074
gene,between_syn,2.8760320875687424
gene,between_syn,2.8368156939997866
gene,between_syn,1.5554058476372483
gene,between_syn,2.8760320875687424
gene,between_syn,2.811991019834804
gene,between_syn,2.838312078823739
gene,between_syn,2.8796769316558675
gene,between_syn,2.82885298853577
gene,between_syn,1.5718750378431356
gene,between_syn,2.727775395777952
gene,between_syn,2.7827781755234335
gene,between_syn,2.8093164613026724
gene,between_syn,2.7705956820738926
gene,between_syn,1.5517725810638856
gene,between_syn,2.2963984155603785
gene,between_syn,2.841113131892824
gene,between_syn,1.3059511349048012
gene,between_syn,2.801364731422468
gene,between_syn,2.8370264762589725
gene,between_syn,2.7954428626320444
gene,between_syn,2.2963984155603785
gene,between_syn,2.7463410615125965
gene,between_syn,2.8726641954922485
gene,between_syn,2.7299558239181976
gene,between_syn,2.352038213468084
gene,between_syn,2.8417530014229473
gene,between_syn,1.5554058476372488
gene,between_syn,2.7908798613620154
gene,between_syn,2.342633841066409
gene,between_syn,2.720930487668574
gene,between_syn,1.58912826068658
gene,between_syn,2.3421078578126875
gene,between_syn,1.2926462951188034
gene,between_syn,1.3387003236674728
gene,between_syn,2.836784029452467
gene,between_syn,2.722533453471958
gene,between_syn,2.342633841066409
gene,between_syn,2.879676931655868
gene,between_syn,2.3520382134680844
gene,between_syn,2.8296150904957225
gene,between_syn,2.7027288565875693
gene,between_syn,2.8562397284624237
gene,between_syn,2.350258946294519
gene,between_syn,1.284456404155055
gene,between_syn,2.7463410615125965
gene,between_syn,2.336274120544521
gene,between_syn,1.284456404155055
gene,between_syn,2.836784029452467
gene,between_syn,1.3387003236674728
gene,between_syn,2.7103493502268234
gene,between_syn,2.7463410615125965
gene,between_syn,1.2928703631535472
gene,between_syn,2.815910142610409
gene,between_syn,2.6245017252469536
gene,between_syn,2.6121953562208424
gene,between_syn,1.9904585161708657
gene,between_syn,2.6272654695241093
gene,between_syn,1.8718517462521158
gene,between_syn,2.6129886793224077
gene,between_syn,1.8709260303050075
gene,between_syn,2.6328367093114378
gene,between_syn,2.595003787155397
gene,between_syn,1.7769950871384388
gene,between_syn,2.6328367093114378
gene,between_syn,2.5624530447162934
gene,between_syn,2.5796786008406563
gene,between_syn,2.6304853383079574
gene,between_syn,2.5902177757422287
gene,between_syn,1.8404594226216808
gene,between_syn,2.59474581322513
gene,between_syn,2.567421101979984
gene,between_syn,2.562929555907192
gene,between_syn,2.5256830049264996
gene,between_syn,1.7744144414342347
gene,between_syn,1.9778052490795845
gene,between_syn,2.6016388995121735
gene,between_syn,1.9821188173024906
gene,between_syn,2.585239726516095
gene,between_syn,2.5761689859586365
gene,between_syn,2.5624115507865928
gene,between_syn,1.9778052490795845
gene,between_syn,2.61333628716125
gene,between_syn,2.5968910946827286
gene,between_syn,2.6121573754619636
gene,between_syn,1.969888451518456
gene,between_syn,2.617289836880124
gene,between_syn,1.7769950871384388
gene,between_syn,2.52688039328166
gene,between_syn,1.9652965605934294
gene,between_syn,2.60531736333097
gene,between_syn,2.0661752551504957
gene,between_syn,1.9650512559269133
gene,between_syn,2.0080130961529257
gene,between_syn,1.9705662049474286
gene,between_syn,2.5957814182766055
gene,between_syn,2.5858703873917945
gene,between_syn,1.9652965605934294
gene,between_syn,2.6304853383079574
gene,between_syn,1.969888451518456
gene,between_syn,2.563305386118152
gene,between_syn,2.5949767495393803
gene,between_syn,2.6423656737792918
gene,between_syn,1.9879842171745985
gene,between_syn,2.007772560372575
gene,between_syn,2.61333628716125
gene,between_syn,1.9647470777714655
gene,between_syn,2.007772560372575
gene,between_syn,2.5957814182766055
gene,between_syn,1.9705662049474286
gene,between_syn,2.5862025021445274
gene,between_syn,2.61333628716125
gene,between_syn,2.069551190420004
gene,between_syn,2.5977808613653153
gene,between_syn,2.6565697024304793
gene,between_syn,2.641824225109991
gene,between_syn,1.9783940303862428
gene,between_syn,2.6596340103967404
gene,between_syn,1.8782412681003482
gene,between_syn,2.642634972904297
gene,between_syn,1.8593690022413296
gene,between_syn,2.664865730726591
gene,between_syn,2.6265048628566263
gene,between_syn,1.7740438320513066
gene,between_syn,2.6648657307265915
gene,between_syn,2.5937999198543458
gene,between_syn,2.6114190239005537
gene,between_syn,2.6626452421044817
gene,between_syn,2.6217377079673008
gene,between_syn,1.8398254928463986
gene,between_syn,2.6246557454098673
gene,between_syn,2.598226071397857
gene,between_syn,2.5960857560526693
gene,between_syn,2.55785629995472
gene,between_syn,1.7712971004692737
gene,between_syn,2.000598808387744
gene,between_syn,2.6331817008710714
gene,between_syn,1.9699772189460947
gene,between_syn,2.61762972775442
gene,between_syn,2.6081283613603836
gene,between_syn,2.594919280897492
gene,between_syn,2.000598808387744
gene,between_syn,2.6434430165113736
gene,between_syn,2.6293410842256373
gene,between_syn,2.641784910393556
gene,between_syn,1.994891450277197
gene,between_syn,2.6486001432365254
gene,between_syn,1.7740438320513066
gene,between_syn,2.5599050047674976
gene,between_syn,1.989826651456327
gene,between_syn,2.634972218434313
gene,between_syn,2.069026320139522
gene,between_syn,1.9895563023868623
gene,between_syn,1.995926503589459
gene,between_syn,1.9623022894462936
gene,between_syn,2.6272730053500113
gene,between_syn,2.615747998620851
gene,between_syn,1.989826651456327
gene,between_syn,2.6626452421044817
gene,between_syn,1.9948914502771973
gene,between_syn,2.59497386378751
gene,between_syn,2.6238361223050726
gene,between_syn,2.673790720829775
gene,between_syn,2.012490934857558
gene,between_syn,1.9955605563034204
gene,between_syn,2.6434430165113736
gene,between_syn,1.9890718311520381
gene,between_syn,1.9955605563034204
gene,between_syn,2.6272730053500113
gene,between_syn,1.9623022894462936
gene,between_syn,2.6155881543876096
gene,between_syn,2.6434430165113736
gene,between_syn,2.058850758781281
gene,between_syn,2.6287291122874046
gene,between_syn,2.892587928132892
gene,between_syn,2.7508808919255583
gene,between_syn,1.3135280671186655
gene,between_syn,2.899426243391074
gene,between_syn,1.727257053719793
gene,between_syn,2.751486023027141
gene,between_syn,1.3459164120401927
gene,between_syn,2.8958120743162095
gene,between_syn,2.856298885854245
gene,between_syn,1.5622038333599662
gene,between_syn,2.8958120743162095
gene,between_syn,2.8311481118295068
gene,between_syn,2.8575232593442474
gene,between_syn,2.8993863707955985
gene,between_syn,2.848352663717351
gene,between_syn,1.5808961913254764
gene,between_syn,2.74839528715166
gene,between_syn,2.802318052321869
gene,between_syn,2.828797727227148
gene,between_syn,2.789706397516137
gene,between_syn,1.5584592795922183
gene,between_syn,2.3084452515404346
gene,between_syn,2.8606741798248714
gene,between_syn,1.3163142218457349
gene,between_syn,2.8212580494500723
gene,between_syn,2.8562252543489195
gene,between_syn,2.814994070949535
gene,between_syn,2.3084452515404346
gene,between_syn,2.767113828001294
gene,between_syn,2.891875210530689
gene,between_syn,2.7508374353938647
gene,between_syn,2.363747224367006
gene,between_syn,2.8615647598221248
gene,between_syn,1.5622038333599662
gene,between_syn,2.8098863642397314
gene,between_syn,2.354264061293498
gene,between_syn,2.7417989132148164
gene,between_syn,1.6048160095538309
gene,between_syn,2.3537340797563755
gene,between_syn,1.3038711965681653
gene,between_syn,1.3498466476927342
gene,between_syn,2.8562809017766035
gene,between_syn,2.743043879190714
gene,between_syn,2.354264061293498
gene,between_syn,2.8993863707955985
gene,between_syn,2.363747224367006
gene,between_syn,2.848613468114345
gene,between_syn,2.7235008158586407
gene,between_syn,2.8763594728093156
gene,between_syn,2.362276787883013
gene,between_syn,1.295640366123623
gene,between_syn,2.767113828001294
gene,between_syn,2.3479209905125438
gene,between_syn,1.295640366123623
gene,between_syn,2.8562809017766035
gene,between_syn,1.349846647692734
gene,between_syn,2.7309414438411896
gene,between_syn,2.767113828001294
gene,between_syn,1.3065467244348412
gene,between_syn,2.8356254523566014
gene,between_syn,2.8510144524225685
gene,between_syn,2.7107465854120028
gene,between_syn,1.2595121916313712
gene,between_syn,2.8577142976510794
gene,between_syn,1.6665435353461195
gene,between_syn,2.711360424662464
gene,between_syn,1.2845088026360747
gene,between_syn,2.8544720492022093
gene,between_syn,2.814394168394142
gene,between_syn,1.4980885282511076
gene,between_syn,2.8544720492022093
gene,between_syn,2.7885292897357625
gene,between_syn,2.8150649615849157
gene,between_syn,2.85789338280807
gene,between_syn,2.8063219212341135
gene,between_syn,1.5190798047401077
gene,between_syn,2.707597768297378
gene,between_syn,2.760204300252605
gene,between_syn,2.784949863851262
gene,between_syn,2.7455785867656597
gene,between_syn,1.494164157312393
gene,between_syn,2.252761242036536
gene,between_syn,2.8189077513844913
gene,between_syn,1.2619061068324042
gene,between_syn,2.778504899192436
gene,between_syn,2.813535712328194
gene,between_syn,2.7715809212507936
gene,between_syn,2.252761242036536
gene,between_syn,2.7266761537128508
gene,between_syn,2.8493477795678497
gene,between_syn,2.710703061742459
gene,between_syn,2.3071076802686106
gene,between_syn,2.8203552354466708
gene,between_syn,1.4980885282511078
gene,between_syn,2.765217862006116
gene,between_syn,2.2976771216241545
gene,between_syn,2.701456054282751
gene,between_syn,1.552251636916161
gene,between_syn,2.2971494495470006
gene,between_syn,1.250679274313871
gene,between_syn,1.2922611489726565
gene,between_syn,2.814402550224816
gene,between_syn,2.702031590586223
gene,between_syn,2.2976771216241545
gene,between_syn,2.85789338280807
gene,between_syn,2.3071076802686106
gene,between_syn,2.805790009282832
gene,between_syn,2.6834417150751078
gene,between_syn,2.835699928273351
gene,between_syn,2.3064403978204924
gene,between_syn,1.2421499626159636
gene,between_syn,2.7266761537128503
gene,between_syn,2.2913719181125125
gene,between_syn,1.2421499626159636
gene,between_syn,2.814402550224816
gene,between_syn,1.2922611489726565
gene,between_syn,2.690278703031427
gene,between_syn,2.7266761537128508
gene,between_syn,1.256488024640517
gene,between_syn,2.79418257753085
gene,between_syn,2.550051785587313
gene,between_syn,2.5721864028979406
gene,between_syn,2.198693079997329
gene,between_syn,2.55281890073113
gene,between_syn,2.0341052945908635
gene,between_syn,2.573013501666913
gene,between_syn,2.0872540858841027
gene,between_syn,2.558433334074911
gene,between_syn,2.524986333235473
gene,between_syn,1.9637970848487278
gene,between_syn,2.558433334074911
gene,between_syn,2.4951223211477034
gene,between_syn,2.5081051805525973
gene,between_syn,2.555211621446954
gene,between_syn,2.522469457733779
gene,between_syn,2.024522521966299
gene,between_syn,2.554678126684647
gene,between_syn,2.5081809886015427
gene,between_syn,2.509778208899618
gene,between_syn,2.4738590668191107
gene,between_syn,1.9623621956909687
gene,between_syn,1.9881814102021906
gene,between_syn,2.53144514047275
gene,between_syn,2.1900305821761994
gene,between_syn,2.533370420534653
gene,between_syn,2.505960220372237
gene,between_syn,2.5097078372671713
gene,between_syn,1.9881814102021906
gene,between_syn,2.5707465888431362
gene,between_syn,2.520307587412084
gene,between_syn,2.5721487589240617
gene,between_syn,1.969983521688787
gene,between_syn,2.547978068190954
gene,between_syn,1.9637970848487276
gene,between_syn,2.4736455248378983
gene,between_syn,1.9660670476960076
gene,between_syn,2.56780670611255
gene,between_syn,2.2467747146723833
gene,between_syn,1.965870815141007
gene,between_syn,2.2174582139848313
gene,between_syn,2.1891747994918105
gene,between_syn,2.5258445078898286
gene,between_syn,2.546085845274087
gene,between_syn,1.9660670476960076
gene,between_syn,2.555211621446954
gene,between_syn,1.9699835216887869
gene,between_syn,2.4917094733739806
gene,between_syn,2.5569491083402007
gene,between_syn,2.572826850821003
gene,between_syn,1.9868432528958944
gene,between_syn,2.2196135042905616
gene,between_syn,2.5707465888431362
gene,between_syn,1.966920120049013
gene,between_syn,2.2196135042905616
gene,between_syn,2.5258445078898286
gene,between_syn,2.1891747994918105
gene,between_syn,2.54758353995942
gene,between_syn,2.5707465888431362
gene,between_syn,2.278416723791537
gene,between_syn,2.5322567413680024
gene,between_syn,2.9037096587448414
gene,between_syn,2.7621987022829
gene,between_syn,1.3262432207474248
gene,between_syn,2.9106265585381386
gene,between_syn,1.7430958440610074
gene,between_syn,2.7628068973130957
gene,between_syn,1.3601580361944086
gene,between_syn,2.9068922377937483
gene,between_syn,2.867471441660378
gene,between_syn,1.5774438133319977
gene,between_syn,2.9068922377937483
gene,between_syn,2.8424648672509365
gene,between_syn,2.8687863089409236
gene,between_syn,2.910493262114383
gene,between_syn,2.859604203276403
gene,between_syn,1.5962810972483203
gene,between_syn,2.7598650470653863
gene,between_syn,2.8136582061297815
gene,between_syn,2.8409981884946474
gene,between_syn,2.801792926249649
gene,between_syn,1.573731362717059
gene,between_syn,2.321973221871057
gene,between_syn,2.8718295646908483
gene,between_syn,1.3290441299209044
gene,between_syn,2.83318671859237
gene,between_syn,2.8675983759994197
gene,between_syn,2.8270192625619956
gene,between_syn,2.321973221871057
gene,between_syn,2.778501912613188
gene,between_syn,2.903161037970303
gene,between_syn,2.7621550007629403
gene,between_syn,2.377533167147426
gene,between_syn,2.872613375936636
gene,between_syn,1.5774438133319977
gene,between_syn,2.8221766716100225
gene,between_syn,2.3679763389476682
gene,between_syn,2.7532199260842036
gene,between_syn,1.619805532262522
gene,between_syn,2.3674428469921076
gene,between_syn,1.3165309618790768
gene,between_syn,1.3646335875777376
gene,between_syn,2.8674496694191745
gene,between_syn,2.7545464648695654
gene,between_syn,2.3679763389476682
gene,between_syn,2.910493262114383
gene,between_syn,2.377533167147426
gene,between_syn,2.8599169631127133
gene,between_syn,2.7347082269033915
gene,between_syn,2.8873414070812524
gene,between_syn,2.3758393359233816
gene,between_syn,1.3084339370819533
gene,between_syn,2.778501912613188
gene,between_syn,2.361627076441254
gene,between_syn,1.3084339370819533
gene,between_syn,2.8674496694191745
gene,between_syn,1.3646335875777376
gene,between_syn,2.7423266941165143
gene,between_syn,2.778501912613188
gene,between_syn,1.319154355573216
gene,between_syn,2.8467342442552073
gene,between_syn,2.854590711585612
gene,between_syn,2.7115493815710194
gene,between_syn,1.2833891808729916
gene,between_syn,2.8613533718157775
gene,between_syn,1.6945900374415372
gene,between_syn,2.7121420149345847
gene,between_syn,1.3183206000705847
gene,between_syn,2.8577386509055964
gene,between_syn,2.8184442597530746
gene,between_syn,1.5340955004153627
gene,between_syn,2.8577386509055964
gene,between_syn,2.7935010104466738
gene,between_syn,2.819864847894519
gene,between_syn,2.8613610944050274
gene,between_syn,2.810420148772355
gene,between_syn,1.5503663016754856
gene,between_syn,2.709200883352001
gene,between_syn,2.7642772566484113
gene,between_syn,2.7901518837807266
gene,between_syn,2.7515095342889486
gene,between_syn,1.5304431882319476
gene,between_syn,2.276207580216441
gene,between_syn,2.822756610640565
gene,between_syn,1.2864704594723155
gene,between_syn,2.7824177935748273
gene,between_syn,2.818493033495993
gene,between_syn,2.7764135536074783
gene,between_syn,2.276207580216441
gene,between_syn,2.7278339698217566
gene,between_syn,2.8541989350440544
gene,between_syn,2.7115064976338217
gene,between_syn,2.331655243652357
gene,between_syn,2.823485153074324
gene,between_syn,1.5340955004153627
gene,between_syn,2.7716359636774976
gene,between_syn,2.3223091293171274
gene,between_syn,2.702401008002404
gene,between_syn,1.567825102824631
gene,between_syn,2.3217859338343465
gene,between_syn,1.2731927885748262
gene,between_syn,1.317585251968536
gene,between_syn,2.818415821535204
gene,between_syn,2.7039305106661837
gene,between_syn,2.3223091293171274
gene,between_syn,2.8613610944050274
gene,between_syn,2.331655243652357
gene,between_syn,2.8111326857144325
gene,between_syn,2.6843616556777454
gene,between_syn,2.838030735928746
gene,between_syn,2.3300413445254233
gene,between_syn,1.2648974796239494
gene,between_syn,2.727833969821756
gene,between_syn,2.315953894164627
gene,between_syn,1.2648974796239494
gene,between_syn,2.818415821535204
gene,between_syn,1.317585251968536
gene,between_syn,2.6918393016258446
gene,between_syn,2.7278339698217566
gene,between_syn,1.273394732996664
gene,between_syn,2.7975933307912646
gene,between_syn,2.8953443253498956
gene,between_syn,2.7521078834618677
gene,between_syn,1.3284920461566039
gene,between_syn,2.902195487190268
gene,between_syn,1.743112761878794
gene,between_syn,2.7527000907425214
gene,between_syn,1.3657673867355742
gene,between_syn,2.8984041680004986
gene,between_syn,2.859324173435129
gene,between_syn,1.5826904487625424
gene,between_syn,2.898404168000498
gene,between_syn,2.8346643314274926
gene,between_syn,2.860944382213086
gene,between_syn,2.902082666243819
gene,between_syn,2.851389301325074
gene,between_syn,1.598782199936228
gene,between_syn,2.7500336186860066
gene,between_syn,2.805340869251843
gene,between_syn,2.8322260431854724
gene,between_syn,2.7935883241844626
gene,between_syn,1.5790879580273356
gene,between_syn,2.3219253489388487
gene,between_syn,2.8635892791525626
gene,between_syn,1.33163910577735
gene,between_syn,2.824037605735984
gene,between_syn,2.8597080001973176
gene,between_syn,2.8182662587012515
gene,between_syn,2.3219253489388487
gene,between_syn,2.768513796312409
gene,between_syn,2.8953036919829027
gene,between_syn,2.7520648672616614
gene,between_syn,2.377735802200113
gene,between_syn,2.864103968283899
gene,between_syn,1.5826904487625426
gene,between_syn,2.8139797880956707
gene,between_syn,2.3683227221902783
gene,between_syn,2.7430846571395366
gene,between_syn,1.6142391903555922
gene,between_syn,2.3677963733282823
gene,between_syn,1.3181332410872686
gene,between_syn,1.3649993412021961
gene,between_syn,2.859286567132435
gene,between_syn,2.7448421959966787
gene,between_syn,2.3683227221902783
gene,between_syn,2.9020826662438184
gene,between_syn,2.377735802200113
gene,between_syn,2.8523316518968658
gene,between_syn,2.7248346018866445
gene,between_syn,2.8784615787986936
gene,between_syn,2.375801673586914
gene,between_syn,1.3100108186266828
gene,between_syn,2.768513796312409
gene,between_syn,2.3619573424570537
gene,between_syn,1.3100108186266828
gene,between_syn,2.859286567132435
gene,between_syn,1.3649993412021961
gene,between_syn,2.732585796074589
gene,between_syn,2.768513796312409
gene,between_syn,1.3177903624654368
gene,between_syn,2.838319056492565
gene,between_syn,2.848805834231774
gene,between_syn,2.7085705525124557
gene,between_syn,1.2572473381403761
gene,between_syn,2.855509197766866
gene,between_syn,1.6644412438711154
gene,between_syn,2.709184754273658
gene,between_syn,1.28229344265639
gene,between_syn,2.852263790551543
gene,between_syn,2.812184195265938
gene,between_syn,1.495926921744999
gene,between_syn,2.852263790551543
gene,between_syn,2.7863193763571275
gene,between_syn,2.812853823383151
gene,between_syn,2.855684910716111
gene,between_syn,2.804115502206633
gene,between_syn,1.5169348411883976
gene,between_syn,2.705422900543582
gene,between_syn,2.7580022861228146
gene,between_syn,2.7827855520122684
gene,between_syn,2.7434016025230936
gene,between_syn,1.4920038733127812
gene,between_syn,2.250555004448222
gene,between_syn,2.8166984985975128
gene,between_syn,1.2596401874360919
gene,between_syn,2.7763360032404734
gene,between_syn,2.811328921430999
gene,between_syn,2.769409656319181
gene,between_syn,2.250555004448222
gene,between_syn,2.724500900980674
gene,between_syn,2.8471376204057313
gene,between_syn,2.708527009398763
gene,between_syn,2.30491126720663
gene,between_syn,2.818146253374119
gene,between_syn,1.495926921744999
gene,between_syn,2.7630485450308004
gene,between_syn,2.2954766208387576
gene,between_syn,2.6992843457771185
gene,between_syn,1.550163260054132
gene,between_syn,2.29494875302083
gene,between_syn,1.2484156983058878
gene,between_syn,1.29009429330977
gene,between_syn,2.8121926705030984
gene,between_syn,2.6998558755560986
gene,between_syn,2.2954766208387576
gene,between_syn,2.855684910716111
gene,between_syn,2.30491126720663
gene,between_syn,2.803576786998395
gene,between_syn,2.6812584692735895
gene,between_syn,2.83349407237987
gene,between_syn,2.304235985898704
gene,between_syn,1.23989103706524
gene,between_syn,2.724500900980674
gene,between_syn,2.2891711945023605
gene,between_syn,1.23989103706524
gene,between_syn,2.8121926705030984
gene,between_syn,1.29009429330977
gene,between_syn,2.688099463237903
gene,between_syn,2.724500900980674
gene,between_syn,1.2542443218169106
gene,between_syn,2.7919742362305993
gene,between_syn,2.892587928132892
gene,between_syn,2.7508808919255583
gene,between_syn,1.3135280671186655
gene,between_syn,2.899426243391074
gene,between_syn,1.727257053719793
gene,between_syn,2.751486023027141
gene,between_syn,1.3459164120401927
gene,between_syn,2.8958120743162095
gene,between_syn,2.856298885854245
gene,between_syn,1.5622038333599662
gene,between_syn,2.8958120743162095
gene,between_syn,2.8311481118295068
gene,between_syn,2.8575232593442474
gene,between_syn,2.8993863707955985
gene,between_syn,2.848352663717351
gene,between_syn,1.5808961913254764
gene,between_syn,2.74839528715166
gene,between_syn,2.802318052321869
gene,between_syn,2.828797727227148
gene,between_syn,2.789706397516137
gene,between_syn,1.5584592795922183
gene,between_syn,2.3084452515404346
gene,between_syn,2.8606741798248714
gene,between_syn,1.3163142218457349
gene,between_syn,2.8212580494500723
gene,between_syn,2.8562252543489195
gene,between_syn,2.814994070949535
gene,between_syn,2.3084452515404346
gene,between_syn,2.767113828001294
gene,between_syn,2.891875210530689
gene,between_syn,2.7508374353938647
gene,between_syn,2.363747224367006
gene,between_syn,2.8615647598221248
gene,between_syn,1.5622038333599662
gene,between_syn,2.8098863642397314
gene,between_syn,2.354264061293498
gene,between_syn,2.7417989132148164
gene,between_syn,1.6048160095538309
gene,between_syn,2.3537340797563755
gene,between_syn,1.3038711965681653
gene,between_syn,1.3498466476927342
gene,between_syn,2.8562809017766035
gene,between_syn,2.743043879190714
gene,between_syn,2.354264061293498
gene,between_syn,2.8993863707955985
gene,between_syn,2.363747224367006
gene,between_syn,2.848613468114345
gene,between_syn,2.7235008158586407
gene,between_syn,2.8763594728093156
gene,between_syn,2.362276787883013
gene,between_syn,1.295640366123623
gene,between_syn,2.767113828001294
gene,between_syn,2.3479209905125438
gene,between_syn,1.295640366123623
gene,between_syn,2.8562809017766035
gene,between_syn,1.349846647692734
gene,between_syn,2.7309414438411896
gene,between_syn,2.767113828001294
gene,between_syn,1.3065467244348412
gene,between_syn,2.8356254523566014
gene,between_syn,2.911680009295224
gene,between_syn,2.7686324449506894
gene,between_syn,1.3427962166936724
gene,between_syn,2.9185309602718714
gene,between_syn,1.7572836319472136
gene,between_syn,2.769226187650174
gene,between_syn,1.3791436679152982
gene,between_syn,2.9147606316269603
gene,between_syn,2.8756245122969757
gene,between_syn,1.595973788016987
gene,between_syn,2.914760631626961
gene,between_syn,2.850901215836944
gene,between_syn,2.8771937282239843
gene,between_syn,2.918426106772712
gene,between_syn,2.867689285125068
gene,between_syn,1.61258970363444
gene,between_syn,2.7665080038064267
gene,between_syn,2.8216426862154025
gene,between_syn,2.8484726690413837
gene,between_syn,2.8097781255620826
gene,between_syn,1.5923407025001217
gene,between_syn,2.336619673992722
gene,between_syn,2.8799039538141513
gene,between_syn,1.3458735095425882
gene,between_syn,2.840369629349767
gene,between_syn,2.875950898460046
gene,between_syn,2.8345352873133693
gene,between_syn,2.336619673992722
gene,between_syn,2.785017774343662
gene,between_syn,2.911553319316977
gene,between_syn,2.7685893765109753
gene,between_syn,2.3923439734721783
gene,between_syn,2.880465902714243
gene,between_syn,1.5959737880169873
gene,between_syn,2.830139765048398
gene,between_syn,2.3829171661175743
gene,between_syn,2.7596012982320555
gene,between_syn,1.629476329580201
gene,between_syn,2.382390097604391
gene,between_syn,1.3325689724229026
gene,between_syn,1.3793051979213233
gene,between_syn,2.875589429757399
gene,between_syn,2.7612969128988003
gene,between_syn,2.3829171661175743
gene,between_syn,2.9184261067727126
gene,between_syn,2.3923439734721783
gene,between_syn,2.8685414997405014
gene,between_syn,2.7413458921395097
gene,between_syn,2.894879074452646
gene,between_syn,2.3904909184049568
gene,between_syn,1.3244314339209715
gene,between_syn,2.785017774343662
gene,between_syn,2.3765554706312875
gene,between_syn,1.3244314339209715
gene,between_syn,2.875589429757399
gene,between_syn,1.3793051979213233
gene,between_syn,2.7490594673917212
gene,between_syn,2.785017774343662
gene,between_syn,1.3327758757657637
gene,between_syn,2.854661322549912
gene,between_syn,2.901965712179831
gene,between_syn,2.760486323436262
gene,between_syn,1.324416903595428
gene,between_syn,2.908884971972521
gene,between_syn,1.741370962176413
gene,between_syn,2.761094841652883
gene,between_syn,1.3583456651923724
gene,between_syn,2.905149432669219
gene,between_syn,2.8657251930838386
gene,between_syn,1.5756601958715422
gene,between_syn,2.9051494326692198
gene,between_syn,2.8407160711850015
gene,between_syn,2.8670370888461547
gene,between_syn,2.9087497263887396
gene,between_syn,2.8578603942932195
gene,between_syn,1.594520133407284
gene,between_syn,2.758151241431183
gene,between_syn,2.8119176938929424
gene,between_syn,2.839281768772107
gene,between_syn,2.800065308861651
gene,between_syn,1.5719481510362217
gene,between_syn,2.320178829929823
gene,between_syn,2.8700844055269643
gene,between_syn,1.327215496422472
gene,between_syn,2.8314706384439425
gene,between_syn,2.8658518536065687
gene,between_syn,2.8252988628783986
gene,between_syn,2.320178829929823
gene,between_syn,2.776789085474914
gene,between_syn,2.901412348058147
gene,between_syn,2.7604426059995846
gene,between_syn,2.3757426153013883
gene,between_syn,2.870870457981695
gene,between_syn,1.5756601958715424
gene,between_syn,2.820453209682644
gene,between_syn,2.3661826835514326
gene,between_syn,2.751510284096633
gene,between_syn,1.6181223066965944
gene,between_syn,2.3656490424095917
gene,between_syn,1.3147086904555723
gene,between_syn,1.3628750438049009
gene,between_syn,2.865703592996348
gene,between_syn,2.752831208186269
gene,between_syn,2.3661826835514326
gene,between_syn,2.908749726388739
gene,between_syn,2.3757426153013883
gene,between_syn,2.858164707817418
gene,between_syn,2.732990289503454
gene,between_syn,2.8856030223531
gene,between_syn,2.3740454973206955
gene,between_syn,1.3066147624061755
gene,between_syn,2.776789085474914
gene,between_syn,2.3598334345215752
gene,between_syn,1.3066147624061755
gene,between_syn,2.865703592996348
gene,between_syn,1.3628750438049009
gene,between_syn,2.7406098445200597
gene,between_syn,2.776789085474914
gene,between_syn,1.3173585923865891
gene,between_syn,2.8449910069766733
gene,between_syn,2.7343206796780866
gene,between_syn,2.72925555774349
gene,between_syn,2.1414531948613575
gene,between_syn,2.7369839107157032
gene,between_syn,2.0203673768865187
gene,between_syn,2.730050929271687
gene,between_syn,2.0226605714198485
gene,between_syn,2.742700411638156
gene,between_syn,2.705800469918979
gene,between_syn,1.9272940424436762
gene,between_syn,2.742700411638156
gene,between_syn,2.6737310869720607
gene,between_syn,2.6900503594516953
gene,between_syn,2.740127122862923
gene,between_syn,2.701431496360285
gene,between_syn,1.9910025959639364
gene,between_syn,2.71165467286422
gene,between_syn,2.680435421280041
gene,between_syn,2.67614485324055
gene,between_syn,2.6394512040517775
gene,between_syn,1.924807932925834
gene,between_syn,2.1033581254864333
gene,between_syn,2.712405019450812
gene,between_syn,2.133024565597073
gene,between_syn,2.699065168291817
gene,between_syn,2.6867173609830313
gene,between_syn,2.6759802148606173
gene,between_syn,2.1033581254864333
gene,between_syn,2.7297713705725752
gene,between_syn,2.7060841216614215
gene,between_syn,2.729217998554673
gene,between_syn,2.0931821108475606
gene,between_syn,2.7283472263678283
gene,between_syn,1.9272940424436762
gene,between_syn,2.6400449369489567
gene,between_syn,2.088791492600519
gene,between_syn,2.7227962680027096
gene,between_syn,2.2171726510121994
gene,between_syn,2.0885589748247093
gene,between_syn,2.1591866637335198
gene,between_syn,2.1237550663376155
gene,between_syn,2.70659899307547
gene,between_syn,2.702818691295462
gene,between_syn,2.088791492600519
gene,between_syn,2.740127122862923
gene,between_syn,2.093182110847561
gene,between_syn,2.6736526587755023
gene,between_syn,2.712602623463141
gene,between_syn,2.7534057481641043
gene,between_syn,2.1112515027222316
gene,between_syn,2.159170150772214
gene,between_syn,2.7297713705725752
gene,between_syn,2.0885267106530194
gene,between_syn,2.159170150772214
gene,between_syn,2.70659899307547
gene,between_syn,2.123755066337616
gene,between_syn,2.70352801761445
gene,between_syn,2.7297713705725752
gene,between_syn,2.2212917858509282
gene,between_syn,2.709635691851217
gene,between_syn,2.542527793911079
gene,between_syn,2.5616188191089577
gene,between_syn,2.170557107876511
gene,between_syn,2.5452632051660693
gene,between_syn,2.007178897283426
gene,between_syn,2.562441753911911
gene,between_syn,2.058222114671743
gene,between_syn,2.550921006611867
gene,between_syn,2.5170571951242904
gene,between_syn,1.9358786902629594
gene,between_syn,2.550921006611867
gene,between_syn,2.486904269663321
gene,between_syn,2.5002767360794906
gene,between_syn,2.5477652745064607
gene,between_syn,2.5143114586470863
gene,between_syn,1.99663207213347
gene,between_syn,2.5440593800138465
gene,between_syn,2.499253199021486
gene,between_syn,2.499989712473809
gene,between_syn,2.46400039851717
gene,between_syn,1.9343675595364491
gene,between_syn,1.9726338370971033
gene,between_syn,2.523537595724813
gene,between_syn,2.1619214009389336
gene,between_syn,2.52357803947648
gene,between_syn,2.4979686456793395
gene,between_syn,2.499949043978344
gene,between_syn,1.9726338370971033
gene,between_syn,2.5603705939085764
gene,between_syn,2.512907162363798
gene,between_syn,2.5615812469227253
gene,between_syn,1.9550879301925204
gene,between_syn,2.5400344855856742
gene,between_syn,1.9358786902629592
gene,between_syn,2.4638267348833316
gene,between_syn,1.951156898469441
gene,between_syn,2.5569892104025502
gene,between_syn,2.2190564125406205
gene,between_syn,1.9509586787104203
gene,between_syn,2.1892473002225286
gene,between_syn,2.159643192995363
gene,between_syn,2.5179097877996983
gene,between_syn,2.535431599813918
gene,between_syn,1.951156898469441
gene,between_syn,2.5477652745064607
gene,between_syn,1.9550879301925206
gene,between_syn,2.48386791789659
gene,between_syn,2.5462596931378236
gene,between_syn,2.564926456277708
gene,between_syn,1.9721623312456107
gene,between_syn,2.191221345313505
gene,between_syn,2.5603705939085764
gene,between_syn,1.9519053182760844
gene,between_syn,2.191221345313505
gene,between_syn,2.5179097877996983
gene,between_syn,2.159643192995363
gene,between_syn,2.536876370335231
gene,between_syn,2.5603705939085764
gene,between_syn,2.2501367726877577
gene,between_syn,2.5239617687248055
gene,between_syn,2.8527846090025126
gene,between_syn,2.7124726936982597
gene,between_syn,1.2614275402385322
gene,between_syn,2.8594816304873567
gene,between_syn,1.6683422468897724
gene,between_syn,2.713086103047485
gene,between_syn,1.2864360978778897
gene,between_syn,2.8562403048036016
gene,between_syn,2.816167838058536
gene,between_syn,1.4999834538891494
gene,between_syn,2.856240304803602
gene,between_syn,2.790307551594632
gene,between_syn,2.816843550326834
gene,between_syn,2.8596628769769348
gene,between_syn,2.8080925999135884
gene,between_syn,1.5209328446510493
gene,between_syn,2.709326901492234
gene,between_syn,2.7619706888958455
gene,between_syn,2.786688405277812
gene,between_syn,2.7473320590911214
gene,between_syn,1.4960594259373134
gene,between_syn,2.2546322627739266
gene,between_syn,2.8206797538653317
gene,between_syn,1.2638263497035678
gene,between_syn,2.780240845504501
gene,between_syn,2.815311186324406
gene,between_syn,2.7733237022844954
gene,between_syn,2.2546322627739266
gene,between_syn,2.728403440925245
gene,between_syn,2.8511258869573193
gene,between_syn,2.712429190508429
gene,between_syn,2.30897629178881
gene,between_syn,2.822123306976173
gene,between_syn,1.4999834538891494
gene,between_syn,2.766967097353225
gene,between_syn,2.299549837033876
gene,between_syn,2.7031789766678678
gene,between_syn,1.5539684133436666
gene,between_syn,2.299022363528311
gene,between_syn,1.2525856477260058
gene,between_syn,1.294096393393974
gene,between_syn,2.816175946121827
gene,between_syn,2.7037629694815752
gene,between_syn,2.299549837033876
gene,between_syn,2.8596628769769357
gene,between_syn,2.30897629178881
gene,between_syn,2.807573246482903
gene,between_syn,2.6851747646808075
gene,between_syn,2.8374611480658944
gene,between_syn,2.3083109674208497
gene,between_syn,1.2440531727562698
gene,between_syn,2.728403440925245
gene,between_syn,2.2932445164652804
gene,between_syn,1.2440531727562698
gene,between_syn,2.816175946121827
gene,between_syn,1.294096393393974
gene,between_syn,2.69201145805908
gene,between_syn,2.728403440925245
gene,between_syn,1.2583456115492366
gene,between_syn,2.79595140562197
gene,between_syn,2.889460350882982
gene,between_syn,2.7475736213361612
gene,between_syn,1.3143663609805922
gene,between_syn,2.8963599668162634
gene,between_syn,1.730741511431652
gene,between_syn,2.7481784265967484
gene,between_syn,1.349177867015952
gene,between_syn,2.892618416424143
gene,between_syn,2.8532660114443633
gene,between_syn,1.5664104010994502
gene,between_syn,2.892618416424143
gene,between_syn,2.8283280043708245
gene,between_syn,2.854643387589967
gene,between_syn,2.8962350385738365
gene,between_syn,2.8453806375913113
gene,between_syn,1.5845219919486824
gene,between_syn,2.745288414175427
gene,between_syn,2.7994077057994993
gene,between_syn,2.8266266084198315
gene,between_syn,2.787543290673151
gene,between_syn,1.5627287948503628
gene,between_syn,2.309580604438166
gene,between_syn,2.857604884212737
gene,between_syn,1.3172581476067007
gene,between_syn,2.8187414701817666
gene,between_syn,2.853440471861708
gene,between_syn,2.8126550205004954
gene,between_syn,2.309580604438166
gene,between_syn,2.7638960923017875
gene,between_syn,2.8890148018922064
gene,between_syn,2.747530068648702
gene,between_syn,2.3652055310482716
gene,between_syn,2.8583353976077674
gene,between_syn,1.5664104010994504
gene,between_syn,2.807925080308133
gene,between_syn,2.3556844601110667
gene,between_syn,2.7385818987639916
gene,between_syn,1.6060984363241868
gene,between_syn,2.355152748695254
gene,between_syn,1.3044858313965795
gene,between_syn,1.352284429059074
gene,between_syn,2.8532409743902387
gene,between_syn,2.7399950195222686
gene,between_syn,2.3556844601110667
gene,between_syn,2.896235038573836
gene,between_syn,2.3652055310482716
gene,between_syn,2.8458281273072075
gene,between_syn,2.720131355223774
gene,between_syn,2.872987539796019
gene,between_syn,2.3634515952697943
gene,between_syn,1.2963780944267367
gene,between_syn,2.7638960923017875
gene,between_syn,2.349330852340941
gene,between_syn,1.2963780944267367
gene,between_syn,2.8532409743902387
gene,between_syn,1.352284429059074
gene,between_syn,2.727771182862085
gene,between_syn,2.7638960923017875
gene,between_syn,1.3063648925961737
gene,between_syn,2.832473142559021
gene,between_syn,2.891681257063659
gene,between_syn,2.7497537727743455
gene,between_syn,1.3166775356896228
gene,between_syn,2.8985773588396464
gene,between_syn,1.7329020481195265
gene,between_syn,2.7503581500218077
gene,between_syn,1.3514571955088257
gene,between_syn,2.8948381901201428
gene,between_syn,2.8554894645005593
gene,between_syn,1.5686460034263332
gene,between_syn,2.8948381901201437
gene,between_syn,2.8305536254965746
gene,between_syn,2.8568698965971717
gene,between_syn,2.8984555307257236
gene,between_syn,2.847600489508221
gene,between_syn,1.5867301559377984
gene,between_syn,2.747469275061868
gene,between_syn,2.8016228552868654
gene,between_syn,2.8288053652037917
gene,between_syn,2.7897369278483657
gene,between_syn,1.564963543967126
gene,between_syn,2.3118455757379786
gene,between_syn,2.8598270961769052
gene,between_syn,1.3195718340417921
gene,between_syn,2.820921794177832
gene,between_syn,2.8556628271937967
gene,between_syn,2.8148400559094244
gene,between_syn,2.3118455757379786
gene,between_syn,2.766076287215465
gene,between_syn,2.8912404521707527
gene,between_syn,2.749710241850611
gene,between_syn,2.367463581668681
gene,between_syn,2.8605555715072044
gene,between_syn,1.5686460034263332
gene,between_syn,2.8101120028436615
gene,between_syn,2.357946888251181
gene,between_syn,2.7407578916839173
gene,between_syn,1.6082158342391852
gene,between_syn,2.3574153869059
gene,between_syn,1.3067928650995317
gene,between_syn,1.354496168218422
gene,between_syn,2.8554642397650745
gene,between_syn,2.7421774712234015
gene,between_syn,2.357946888251181
gene,between_syn,2.8984555307257236
gene,between_syn,2.3674635816686806
gene,between_syn,2.848058136275736
gene,between_syn,2.722319294983422
gene,between_syn,2.875202507371221
gene,between_syn,2.365715557482048
gene,between_syn,1.2986803141475647
gene,between_syn,2.766076287215465
gene,between_syn,2.3515933241122893
gene,between_syn,1.2986803141475647
gene,between_syn,2.8554642397650745
gene,between_syn,1.3544961682184218
gene,between_syn,2.729956484430678
gene,between_syn,2.766076287215465
gene,between_syn,1.3086410374211028
gene,between_syn,2.8346933139409036
gene,between_syn,2.55218444880289
gene,between_syn,2.5719565693099002
gene,between_syn,2.184801728401619
gene,between_syn,2.5548976116843565
gene,between_syn,2.020878152099889
gene,between_syn,2.572778467996486
gene,between_syn,2.0725170587190678
gene,between_syn,2.5605775737787138
gene,between_syn,2.5268346444565624
gene,between_syn,1.9499667238698037
gene,between_syn,2.560577573778714
gene,between_syn,2.4967477696007445
gene,between_syn,2.5100202844760804
gene,between_syn,2.557400053999017
gene,between_syn,2.524124565402285
gene,between_syn,2.0106455585953427
gene,between_syn,2.554384341649659
gene,between_syn,2.5092535349661906
gene,between_syn,2.509910453262962
gene,between_syn,2.474030153082262
gene,between_syn,1.9484643603914389
gene,between_syn,1.984335701797081
gene,between_syn,2.5333065997379984
gene,between_syn,2.176165547484531
gene,between_syn,2.5335648811119875
gene,between_syn,2.5077195899481755
gene,between_syn,2.5099252586820704
gene,between_syn,1.984335701797081
gene,between_syn,2.570639335876684
gene,between_syn,2.522515437750158
gene,between_syn,2.5719191076690464
gene,between_syn,1.966554259670634
gene,between_syn,2.549826366068373
gene,between_syn,1.9499667238698037
gene,between_syn,2.4737724839185486
gene,between_syn,1.962660657778705
gene,between_syn,2.5673624684415004
gene,between_syn,2.2329028012176204
gene,between_syn,1.9624645621812622
gene,between_syn,2.2034959613441645
gene,between_syn,2.173906785044698
gene,between_syn,2.5276887971479005
gene,between_syn,2.545766377247835
gene,between_syn,1.962660657778705
gene,between_syn,2.557400053999017
gene,between_syn,1.9665542596706342
gene,between_syn,2.4936232835959276
gene,between_syn,2.556683304880837
gene,between_syn,2.5746964563846784
gene,between_syn,1.983630699452698
gene,between_syn,2.2054820763042517
gene,between_syn,2.570639335876684
gene,between_syn,1.9634373152801519
gene,between_syn,2.2054820763042517
gene,between_syn,2.5276887971479005
gene,between_syn,2.1739067850446983
gene,between_syn,2.547260458994231
gene,between_syn,2.570639335876684
gene,between_syn,2.264369381695233
gene,between_syn,2.5338446660773193
gene,between_syn,2.189228778408025
gene,between_syn,2.2064226196150822
gene,between_syn,1.8637862329214114
gene,between_syn,2.192420828651593
gene,between_syn,1.680229244823213
gene,between_syn,2.20727436947617
gene,between_syn,1.7558937021264722
gene,between_syn,2.1975869554869125
gene,between_syn,2.1629514757522013
gene,between_syn,1.6194539147090397
gene,between_syn,2.197586955486913
gene,between_syn,2.1325682165539988
gene,between_syn,2.1464402512277236
gene,between_syn,2.19460346444146
gene,between_syn,2.160282973089412
gene,between_syn,1.6775668372232988
gene,between_syn,2.1892273451563824
gene,between_syn,2.1444569461006084
gene,between_syn,2.1492549178685367
gene,between_syn,2.1116158985004185
gene,between_syn,1.6184599407367166
gene,between_syn,1.6147190645645928
gene,between_syn,2.169504450557656
gene,between_syn,1.8552504962482583
gene,between_syn,2.171686503296
gene,between_syn,2.14447974429658
gene,between_syn,2.1481411337278637
gene,between_syn,1.6147190645645928
gene,between_syn,2.2056650406842024
gene,between_syn,2.160068232594226
gene,between_syn,2.206383113187077
gene,between_syn,1.5977851231455968
gene,between_syn,2.1857297387211077
gene,between_syn,1.6194539147090392
gene,between_syn,2.112770262788708
gene,between_syn,1.593456520576109
gene,between_syn,2.202018107891106
gene,between_syn,1.8958769875971264
gene,between_syn,1.5932398589907786
gene,between_syn,1.8826206697168955
gene,between_syn,1.8541845958549419
gene,between_syn,2.1637944138822136
gene,between_syn,2.1805583274449263
gene,between_syn,1.593456520576109
gene,between_syn,2.19460346444146
gene,between_syn,1.5977851231455968
gene,between_syn,2.129883711906047
gene,between_syn,2.1901245324040106
gene,between_syn,2.210841926995777
gene,between_syn,1.6141611990471187
gene,between_syn,1.8855250221791449
gene,between_syn,2.2056650406842024
gene,between_syn,1.5942048171736216
gene,between_syn,1.8855250221791449
gene,between_syn,2.1637944138822136
gene,between_syn,1.8541845958549419
gene,between_syn,2.1813985363030235
gene,between_syn,2.2056650406842024
gene,between_syn,1.941203313074099
gene,between_syn,2.169203842231003
gene,between_syn,2.2102279208940154
gene,between_syn,2.2302553917286785
gene,between_syn,1.8961345793618531
gene,between_syn,2.2135122064214556
gene,between_syn,1.7159018294673452
gene,between_syn,2.231115089796414
gene,between_syn,1.7891751346247722
gene,between_syn,2.2185694592550633
gene,between_syn,2.184274464308461
gene,between_syn,1.6538262338332095
gene,between_syn,2.2185694592550638
gene,between_syn,2.154164694871189
gene,between_syn,2.1676920794768404
gene,between_syn,2.2155374605983993
gene,between_syn,2.181857729431638
gene,between_syn,1.712505312733126
gene,between_syn,2.2131630270955145
gene,between_syn,2.1667267113935007
gene,between_syn,2.172885766538174
gene,between_syn,2.135134600298497
gene,between_syn,1.652862826466337
gene,between_syn,1.6424031980607532
gene,between_syn,2.1908144488619876
gene,between_syn,1.88754779203714
gene,between_syn,2.195189891340095
gene,between_syn,2.165949989286012
gene,between_syn,2.1716234961114425
gene,between_syn,1.6424031980607532
gene,between_syn,2.2293822500960245
gene,between_syn,2.1809923219803817
gene,between_syn,2.2302155475284846
gene,between_syn,1.6252246113413713
gene,between_syn,2.20704137543433
gene,between_syn,1.6538262338332093
gene,between_syn,2.1364004588029304
gene,between_syn,1.6208125358548326
gene,between_syn,2.2261215516464103
gene,between_syn,1.9315039641817617
gene,between_syn,1.6205927489489662
gene,between_syn,1.9150457343730631
gene,between_syn,1.8888327879015134
gene,between_syn,2.1851220260360287
gene,between_syn,2.204523672010471
gene,between_syn,1.6208125358548326
gene,between_syn,2.2155374605983997
gene,between_syn,1.6252246113413713
gene,between_syn,2.151129363107877
gene,between_syn,2.2139377174100554
gene,between_syn,2.232138199199135
gene,between_syn,1.6412675143975362
gene,between_syn,1.9180932922108769
gene,between_syn,2.2293822500960245
gene,between_syn,1.6216315297480048
gene,between_syn,1.9180932922108769
gene,between_syn,2.1851220260360287
gene,between_syn,1.8888327879015134
gene,between_syn,2.20532821133742
gene,between_syn,2.2293822500960245
gene,between_syn,1.9740845303614167
gene,between_syn,2.190822624792072
gene,between_syn,2.5642899752817514
gene,between_syn,2.584156952205797
gene,between_syn,2.1949625746278625
gene,between_syn,2.5670066823207036
gene,between_syn,2.032171990347645
gene,between_syn,2.584979174951483
gene,between_syn,2.0826307897724887
gene,between_syn,2.5726824701418414
gene,between_syn,2.538953280411628
gene,between_syn,1.9606842021864002
gene,between_syn,2.5726824701418414
gene,between_syn,2.5088767764786635
gene,between_syn,2.522136020967684
gene,between_syn,2.569502787971883
gene,between_syn,2.5362532070308488
gene,between_syn,2.021522263289485
gene,between_syn,2.5665884694109673
gene,between_syn,2.521406890835785
gene,between_syn,2.522107282858503
gene,between_syn,2.4862253647634556
gene,between_syn,1.9591668318931004
gene,between_syn,1.9964681184281672
gene,between_syn,2.545424802665968
gene,between_syn,2.186318963925869
gene,between_syn,2.545759831905059
gene,between_syn,2.51984410398335
gene,between_syn,2.5221192806915376
gene,between_syn,1.9964681184281672
gene,between_syn,2.5828384164785056
gene,between_syn,2.5346172848173607
gene,between_syn,2.584119473892176
gene,between_syn,1.978731556650302
gene,between_syn,2.561944591731563
gene,between_syn,1.9606842021864
gene,between_syn,2.4859696186459157
gene,between_syn,1.9748269348901724
gene,between_syn,2.579570298281848
gene,between_syn,2.2440319625540357
gene,between_syn,1.9746302549351178
gene,between_syn,2.213657576593876
gene,between_syn,2.1842570338856624
gene,between_syn,2.539807620391644
gene,between_syn,2.5579709992597524
gene,between_syn,1.9748269348901724
gene,between_syn,2.569502787971883
gene,between_syn,1.978731556650302
gene,between_syn,2.5057385878099123
gene,between_syn,2.568878391931646
gene,between_syn,2.586814402133087
gene,between_syn,1.9957961217182882
gene,between_syn,2.2156258637814172
gene,between_syn,2.5828384164785056
gene,between_syn,1.975600022495434
gene,between_syn,2.2156258637814172
gene,between_syn,2.539807620391644
gene,between_syn,2.1842570338856624
gene,between_syn,2.5594617238975466
gene,between_syn,2.5828384164785056
gene,between_syn,2.2746492626177828
gene,between_syn,2.545974338560919
gene,between_syn,2.8162293990050675
gene,between_syn,2.6761311675196304
gene,between_syn,1.2232828936301043
gene,between_syn,2.822874109336049
gene,between_syn,1.6278641619809509
gene,between_syn,2.6767451348892486
gene,between_syn,1.2468723117755154
gene,between_syn,2.8197376773947465
gene,between_syn,2.7795477553726813
gene,between_syn,1.459589282838302
gene,between_syn,2.8197376773947465
gene,between_syn,2.753525424049321
gene,between_syn,2.7801013756596897
gene,between_syn,2.8231248214678897
gene,between_syn,2.7714249872113457
gene,between_syn,1.480584337110696
gene,between_syn,2.6728202194497026
gene,between_syn,2.7252674396876038
gene,between_syn,2.749413743232798
gene,between_syn,2.710051093740272
gene,between_syn,1.4556424017038083
gene,between_syn,2.215410309638667
gene,between_syn,2.7840873998968965
gene,between_syn,1.2256412144906117
gene,between_syn,2.7432363907303907
gene,between_syn,2.778492026119098
gene,between_syn,2.736177463934104
gene,between_syn,2.215410309638667
gene,between_syn,2.691982259840129
gene,between_syn,2.814357435646286
gene,between_syn,2.676087733976032
gene,between_syn,2.2695356047882993
gene,between_syn,2.7856605114822828
gene,between_syn,1.4595892828383021
gene,between_syn,2.7295301095827407
gene,between_syn,2.2601513543711897
gene,between_syn,2.6667709663472743
gene,between_syn,1.5148773009122154
gene,between_syn,2.259625911111486
gene,between_syn,1.2145496109517218
gene,between_syn,1.2545088251735415
gene,between_syn,2.7795615070666364
gene,between_syn,2.6672089256019564
gene,between_syn,2.2601513543711897
gene,between_syn,2.82312482146789
gene,between_syn,2.2695356047882993
gene,between_syn,2.770760396178232
gene,between_syn,2.6488863762854735
gene,between_syn,2.8011105457327323
gene,between_syn,2.2690461404964437
gene,between_syn,1.2059190719511435
gene,between_syn,2.691982259840129
gene,between_syn,2.253853619059462
gene,between_syn,1.2059190719511435
gene,between_syn,2.7795615070666364
gene,between_syn,1.2545088251735412
gene,between_syn,2.6555581619046404
gene,between_syn,2.691982259840129
gene,between_syn,1.2206500986886548
gene,between_syn,2.7594338807965393
gene,between_syn,2.6654348694688985
gene,between_syn,2.6518728436320234
gene,between_syn,1.994628289782039
gene,between_syn,2.6685004120428606
gene,between_syn,1.8937862734530329
gene,between_syn,2.652685265582956
gene,between_syn,1.8757803379110591
gene,between_syn,2.6737385673628427
gene,between_syn,2.635505013032724
gene,between_syn,1.7899126787336899
gene,between_syn,2.6737385673628427
gene,between_syn,2.602870074419858
gene,between_syn,2.6203530512366098
gene,between_syn,2.6714855557158783
gene,between_syn,2.6308136040517067
gene,between_syn,1.855771917481166
gene,between_syn,2.6346894218369745
gene,between_syn,2.60758191311197
gene,between_syn,2.605633368460854
gene,between_syn,2.5674297404905073
gene,between_syn,1.7871909480065964
gene,between_syn,2.011726832055694
gene,between_syn,2.642180466850328
gene,between_syn,1.9861900650920288
gene,between_syn,2.6272439268872834
gene,between_syn,2.6171070408649784
gene,between_syn,2.6044876383259172
gene,between_syn,2.011726832055694
gene,between_syn,2.653403961850117
gene,between_syn,2.638110352467795
gene,between_syn,2.6518335157222097
gene,between_syn,2.005683629836219
gene,between_syn,2.6576413618618346
gene,between_syn,1.7899126787336899
gene,between_syn,2.569424357223031
gene,between_syn,2.0006322227685933
gene,between_syn,2.6451004080936227
gene,between_syn,2.085184472958312
gene,between_syn,2.000363014095392
gene,between_syn,2.0122100082105834
gene,between_syn,1.9790442325926647
gene,between_syn,2.6362765551137923
gene,between_syn,2.6257849759788554
gene,between_syn,2.0006322227685933
gene,between_syn,2.6714855557158788
gene,between_syn,2.005683629836219
gene,between_syn,2.603895001292925
gene,between_syn,2.633940153681506
gene,between_syn,2.682841723821653
gene,between_syn,2.0232592697799703
gene,between_syn,2.011908506650928
gene,between_syn,2.653403961850117
gene,between_syn,1.9999223934031203
gene,between_syn,2.011908506650928
gene,between_syn,2.6362765551137923
gene,between_syn,1.9790442325926647
gene,between_syn,2.62566567833207
gene,between_syn,2.653403961850117
gene,between_syn,2.075247482624074
gene,between_syn,2.6378887692984123
gene,between_syn,2.9116909487863687
gene,between_syn,2.7684246602440905
gene,between_syn,1.3441887403767154
gene,between_syn,2.918533414829578
gene,between_syn,1.7583660464381623
gene,between_syn,2.7690163342848786
gene,between_syn,1.3809399487522425
gene,between_syn,2.914755801751748
gene,between_syn,2.8756639557323154
gene,between_syn,1.5977104490497893
gene,between_syn,2.9147558017517485
gene,between_syn,2.8509854114792006
gene,between_syn,2.877272173255058
gene,between_syn,2.9184311385501482
gene,between_syn,2.867720253587867
gene,between_syn,1.613988790658093
gene,between_syn,2.7663335757612697
gene,between_syn,2.821661385240448
gene,between_syn,2.8484320572582225
gene,between_syn,2.8098110485167176
gene,between_syn,1.5940907173724974
gene,between_syn,2.3376884802160887
gene,between_syn,2.8799314306790915
gene,between_syn,1.3473082037499555
gene,between_syn,2.84028116103113
gene,between_syn,2.8760232084034816
gene,between_syn,2.8344976172807
gene,between_syn,2.3376884802160887
gene,between_syn,2.7848228800372934
gene,between_syn,2.911629226679651
gene,between_syn,2.7683816808246027
gene,between_syn,2.3934419314251705
gene,between_syn,2.8804589042684685
gene,between_syn,1.5977104490497895
gene,between_syn,2.8301730256394024
gene,between_syn,2.384033425527781
gene,between_syn,2.759387935818626
gene,between_syn,1.6298692574354237
gene,between_syn,2.3835072666945725
gene,between_syn,1.3338829297946642
gene,between_syn,1.3804569737169794
gene,between_syn,2.8756268490608843
gene,between_syn,2.7611389136570845
gene,between_syn,2.384033425527781
gene,between_syn,2.9184311385501487
gene,between_syn,2.3934419314251705
gene,between_syn,2.868652845204061
gene,between_syn,2.7411665589527763
gene,between_syn,2.8948243814896575
gene,between_syn,2.3915596989329866
gene,between_syn,1.3257426738778628
gene,between_syn,2.7848228800372934
gene,between_syn,2.3776698848898072
gene,between_syn,1.3257426738778628
gene,between_syn,2.8756268490608843
gene,between_syn,1.3804569737169794
gene,between_syn,2.7488970309344145
gene,between_syn,2.7848228800372934
gene,between_syn,1.3337236072392988
gene,between_syn,2.8546668529244874
gene,between_syn,2.669251096595857
gene,between_syn,2.6552584234033754
gene,between_syn,1.9941396164163494
gene,between_syn,2.6723207219167833
gene,between_syn,1.8944388318601117
gene,between_syn,2.656070541994654
gene,between_syn,1.8752412158675227
gene,between_syn,2.677551743527424
gene,between_syn,2.63926904726982
gene,between_syn,1.7900595535124313
gene,between_syn,2.6775517435274234
gene,between_syn,2.606609045700752
gene,between_syn,2.6241421170275
gene,between_syn,2.675311151194968
gene,between_syn,2.634553402758681
gene,between_syn,1.8559794710210575
gene,between_syn,2.6380844752658392
gene,between_syn,2.61121901749146
gene,between_syn,2.609238236767664
gene,between_syn,2.5710137757856613
gene,between_syn,1.7873189893055443
gene,between_syn,2.014608159577323
gene,between_syn,2.6459455995169456
gene,between_syn,1.985707375110867
gene,between_syn,2.6308169496263174
gene,between_syn,2.62088501917697
gene,between_syn,2.608077690876714
gene,between_syn,2.014608159577323
gene,between_syn,2.65682697443575
gene,between_syn,2.641963025007086
gene,between_syn,2.655219079185997
gene,between_syn,2.0087297910831894
gene,between_syn,2.661389131085236
gene,between_syn,1.7900595535124308
gene,between_syn,2.5730372644368154
gene,between_syn,2.0036641570541773
gene,between_syn,2.6484589674146415
gene,between_syn,2.085418162011064
gene,between_syn,2.0033940361374962
gene,between_syn,2.011696319770584
gene,between_syn,1.9785132455140246
gene,between_syn,2.6400393434594225
gene,between_syn,2.6291784012347503
gene,between_syn,2.0036641570541773
gene,between_syn,2.6753111511949683
gene,between_syn,2.0087297910831894
gene,between_syn,2.6076870970708352
gene,between_syn,2.637294310700672
gene,between_syn,2.686588132478849
gene,between_syn,2.0263036397782668
gene,between_syn,2.011357347608121
gene,between_syn,2.65682697443575
gene,between_syn,2.0029343351065676
gene,between_syn,2.011357347608121
gene,between_syn,2.6400393434594225
gene,between_syn,1.9785132455140246
gene,between_syn,2.629037497782593
gene,between_syn,2.65682697443575
gene,between_syn,2.074754529968338
gene,between_syn,2.6415923681560316
gene,between_syn,2.859620352055179
gene,between_syn,2.719279582046613
gene,between_syn,1.268157168667904
gene,between_syn,2.8663115241837454
gene,between_syn,1.6747529298756434
gene,between_syn,2.7198925582893403
gene,between_syn,1.292951945529292
gene,between_syn,2.863077907108323
gene,between_syn,2.8230021044874345
gene,between_syn,1.5063764585874801
gene,between_syn,2.863077907108323
gene,between_syn,2.797134436201239
gene,between_syn,2.8236734951740075
gene,between_syn,2.8664992077225366
gene,between_syn,2.8149211852156797
gene,between_syn,1.527374513461025
gene,between_syn,2.7161260615388616
gene,between_syn,2.768793098739436
gene,between_syn,2.7934411480872203
gene,between_syn,2.7540996945431075
gene,between_syn,1.5024460070509253
gene,between_syn,2.261260802016003
gene,between_syn,2.8275145104451234
gene,between_syn,1.2705475606410708
gene,between_syn,2.7870118396287684
gene,between_syn,2.8221333028070803
gene,between_syn,2.7800910918814217
gene,between_syn,2.261260802016003
gene,between_syn,2.735206380893402
gene,between_syn,2.857953707693392
gene,between_syn,2.7192361057459795
gene,between_syn,2.3155744770916002
gene,between_syn,2.828963277105737
gene,between_syn,1.5063764585874801
gene,between_syn,2.773717841874195
gene,between_syn,2.3061530738526503
gene,between_syn,2.7099779212720487
gene,between_syn,1.5605079200923437
gene,between_syn,2.305625835567914
gene,between_syn,1.2593325055823
gene,between_syn,1.3006674457661447
gene,between_syn,2.82301036622242
gene,between_syn,2.7105613211965363
gene,between_syn,2.3061530738526503
gene,between_syn,2.8664992077225366
gene,between_syn,2.3155744770916
gene,between_syn,2.814401886168197
gene,between_syn,2.6919924900938828
gene,between_syn,2.844302415089846
gene,between_syn,2.3149338657071024
gene,between_syn,1.250791895522528
gene,between_syn,2.735206380893402
gene,between_syn,2.299848875435307
gene,between_syn,1.250791895522528
gene,between_syn,2.82301036622242
gene,between_syn,1.3006674457661445
gene,between_syn,2.698818077362373
gene,between_syn,2.735206380893402
gene,between_syn,1.2651343585149695
gene,between_syn,2.802788407448821
gene,between_syn,2.8669126872033375
gene,between_syn,2.7250432607386235
gene,between_syn,1.2897833235518532
gene,between_syn,2.8737541581778676
gene,between_syn,1.7039139787250552
gene,between_syn,2.7256472987900686
gene,between_syn,1.3232869494635626
gene,between_syn,2.8701168800460066
gene,between_syn,2.8306556937132377
gene,between_syn,1.539786623207029
gene,between_syn,2.8701168800460066
gene,between_syn,2.8055665611384053
gene,between_syn,2.8319297379157513
gene,between_syn,2.8737039449076707
gene,between_syn,2.8227120787327067
gene,between_syn,1.5578887291232282
gene,between_syn,2.722606969740549
gene,between_syn,2.776676804490737
gene,between_syn,2.803248628600651
gene,between_syn,2.764198976572753
gene,between_syn,1.5360785651399678
gene,between_syn,2.284475206895928
gene,between_syn,2.8350176035104395
gene,between_syn,1.2926492328441412
gene,between_syn,2.7956186980535134
gene,between_syn,2.830641342326146
gene,between_syn,2.7894144910734644
gene,between_syn,2.284475206895928
gene,between_syn,2.741297510142337
gene,between_syn,2.8662838067204155
gene,between_syn,2.724999833463639
gene,between_syn,2.339887616160006
gene,between_syn,2.8358620802365837
gene,between_syn,1.5397866232070292
gene,between_syn,2.7844180211452927
gene,between_syn,2.3304155520486853
gene,between_syn,2.715972672789137
gene,between_syn,1.5802979374624373
gene,between_syn,2.329886167820736
gene,between_syn,1.2799752966833455
gene,between_syn,1.326190035689428
gene,between_syn,2.83063528875863
gene,between_syn,2.7172735046546377
gene,between_syn,2.3304155520486853
gene,between_syn,2.8737039449076707
gene,between_syn,2.339887616160006
gene,between_syn,2.8230573103621532
gene,between_syn,2.6976678148947566
gene,between_syn,2.8506056840319807
gene,between_syn,2.338319117171403
gene,between_syn,1.271761017571862
gene,between_syn,2.7412975101423367
gene,between_syn,2.324067534298176
gene,between_syn,1.271761017571862
gene,between_syn,2.83063528875863
gene,between_syn,1.326190035689428
gene,between_syn,2.7051487199186166
gene,between_syn,2.741297510142337
gene,between_syn,1.282055492551328
gene,between_syn,2.809941230938729
gene,between_syn,2.674886971317316
gene,between_syn,2.661300034811381
gene,between_syn,2.002461087105774
gene,between_syn,2.6779468225688148
gene,between_syn,1.9023725350732135
gene,between_syn,2.6621120248117602
gene,between_syn,1.8835899821715767
gene,between_syn,2.6831911320232047
gene,between_syn,2.6449616269095535
gene,between_syn,1.798219551936086
gene,between_syn,2.6831911320232047
gene,between_syn,2.612326155679888
gene,between_syn,2.629808072328019
gene,between_syn,2.6809369680219928
gene,between_syn,2.640266520547244
gene,between_syn,1.8641191836894946
gene,between_syn,2.6441126080456043
gene,between_syn,2.6170334800033883
gene,between_syn,2.615023543587747
gene,between_syn,2.576840678058635
gene,between_syn,1.7954858744035576
gene,between_syn,2.0211384928063163
gene,between_syn,2.651636441863647
gene,between_syn,1.9940254239784494
gene,between_syn,2.6366476012575624
gene,between_syn,2.6265561408045963
gene,between_syn,2.613891710677437
gene,between_syn,2.0211384928063163
gene,between_syn,2.6628292597555636
gene,between_syn,2.647558828160602
gene,between_syn,2.6612607311798113
gene,between_syn,2.015107876065358
gene,between_syn,2.667099680297829
gene,between_syn,1.798219551936086
gene,between_syn,2.5788194670777087
gene,between_syn,2.010059853290487
gene,between_syn,2.6545207870562324
gene,between_syn,2.0935341673240093
gene,between_syn,2.009790772236046
gene,between_syn,2.0200268250103934
gene,between_syn,1.9868891664130668
gene,between_syn,2.6457331963191906
gene,between_syn,2.63520843281578
gene,between_syn,2.010059853290487
gene,between_syn,2.680936968021993
gene,between_syn,2.015107876065358
gene,between_syn,2.6133517287346435
gene,between_syn,2.643375894096805
gene,between_syn,2.692297757127219
gene,between_syn,2.03269058010968
gene,between_syn,2.019700034225372
gene,between_syn,2.6628292597555636
gene,between_syn,2.0093478561282563
gene,between_syn,2.019700034225372
gene,between_syn,2.6457331963191906
gene,between_syn,1.986889166413067
gene,between_syn,2.6350946876007764
gene,between_syn,2.6628292597555636
gene,between_syn,2.083095698316407
gene,between_syn,2.647347867449046
gene,between_syn,2.5240341490930396
gene,between_syn,2.5418140236237954
gene,between_syn,2.144165673359182
gene,between_syn,2.5267963074673463
gene,between_syn,1.9812731830118109
gene,between_syn,2.542637834466283
gene,between_syn,2.03168573916088
gene,between_syn,2.53242840252699
gene,between_syn,2.498347974575363
gene,between_syn,1.909531533300417
gene,between_syn,2.53242840252699
gene,between_syn,2.468070068937703
gene,between_syn,2.4816278759188273
gene,between_syn,2.5293112172191203
gene,between_syn,2.4955248568075103
gene,between_syn,1.9703333590273673
gene,between_syn,2.5242670080870053
gene,between_syn,2.480114696872496
gene,between_syn,2.480859624244074
gene,between_syn,2.4447116087059864
gene,between_syn,1.908005577284474
gene,between_syn,1.9504426668293222
gene,between_syn,2.5048422957388827
gene,between_syn,2.135536365840415
gene,between_syn,2.5043533244657272
gene,between_syn,2.479289537352588
gene,between_syn,2.4807445374316326
gene,between_syn,1.9504426668293222
gene,between_syn,2.5406836264207167
gene,between_syn,2.494497761505816
gene,between_syn,2.541776310517703
gene,between_syn,1.9332838316357832
gene,between_syn,2.5213021384979473
gene,between_syn,1.9095315333004168
gene,between_syn,2.4446602302996823
gene,between_syn,1.9293024126927092
gene,between_syn,2.5371060603975986
gene,between_syn,2.192914693672291
gene,between_syn,1.9291011964413436
gene,between_syn,2.1628416599308635
gene,between_syn,2.133009583810288
gene,between_syn,2.49919766836242
gene,between_syn,2.5156219866514684
gene,between_syn,1.9293024126927092
gene,between_syn,2.5293112172191203
gene,between_syn,1.9332838316357832
gene,between_syn,2.465202183245675
gene,between_syn,2.52632367560388
gene,between_syn,2.546228100389902
gene,between_syn,1.950380628236598
gene,between_syn,2.164786284322805
gene,between_syn,2.5406836264207167
gene,between_syn,1.9300011171725955
gene,between_syn,2.164786284322805
gene,between_syn,2.49919766836242
gene,between_syn,2.133009583810288
gene,between_syn,2.516992700531899
gene,between_syn,2.5406836264207167
gene,between_syn,2.2237016965447602
gene,between_syn,2.5050614594943976
gene,between_syn,2.6254617769054662
gene,between_syn,2.6100110921837554
gene,between_syn,1.9599518541636964
gene,between_syn,2.6283374519864786
gene,between_syn,1.850014971390765
gene,between_syn,2.610807923174539
gene,between_syn,1.8402574554262987
gene,between_syn,2.633768101130211
gene,between_syn,2.595495214338949
gene,between_syn,1.7508368192460968
gene,between_syn,2.6337681011302116
gene,between_syn,2.5627534246175863
gene,between_syn,2.5803834869443745
gene,between_syn,2.6315269201027567
gene,between_syn,2.590574735621854
gene,between_syn,1.8150707978159202
gene,between_syn,2.5926951856983713
gene,between_syn,2.56698176023549
gene,between_syn,2.5630191815150223
gene,between_syn,2.5253510612404177
gene,between_syn,1.748140057830835
gene,between_syn,1.9709118993175965
gene,between_syn,2.6021491247664734
gene,between_syn,1.9516228059041563
gene,between_syn,2.5849166372687025
gene,between_syn,2.576873528501547
gene,between_syn,2.562217728022683
gene,between_syn,1.9709118993175965
gene,between_syn,2.611498526960052
gene,between_syn,2.5981734441039084
gene,between_syn,2.609972627658419
gene,between_syn,1.9644782660516298
gene,between_syn,2.617633327356758
gene,between_syn,1.7508368192460968
gene,between_syn,2.5269713990366363
gene,between_syn,1.9596795889611118
gene,between_syn,2.602992474758324
gene,between_syn,2.041762382856432
gene,between_syn,1.9594225083162786
gene,between_syn,1.9774008970943577
gene,between_syn,1.940566600793215
gene,between_syn,2.5962629390769423
gene,between_syn,2.5838006999644576
gene,between_syn,1.9596795889611118
gene,between_syn,2.6315269201027567
gene,between_syn,1.96447826605163
gene,between_syn,2.564006078384676
gene,between_syn,2.5923946763325056
gene,between_syn,2.642735856282779
gene,between_syn,1.9824317454242222
gene,between_syn,1.976980731045308
gene,between_syn,2.611498526960052
gene,between_syn,1.9589660339311934
gene,between_syn,1.976980731045308
gene,between_syn,2.5962629390769423
gene,between_syn,1.940566600793215
gene,between_syn,2.583869751774394
gene,between_syn,2.611498526960052
gene,between_syn,2.039279288220953
gene,between_syn,2.5977645365385107
gene,between_syn,2.1973009583540417
gene,between_syn,2.2174775691955317
gene,between_syn,1.8937277316191259
gene,between_syn,2.200476601400671
gene,between_syn,1.7081539588872605
gene,between_syn,2.218330153240592
gene,between_syn,1.7866146196773485
gene,between_syn,2.2056538577481675
gene,between_syn,2.171462329159682
gene,between_syn,1.6490483415029382
gene,between_syn,2.2056538577481675
gene,between_syn,2.141357905276752
gene,between_syn,2.1548304330398627
gene,between_syn,2.2025940570024507
gene,between_syn,2.168991121934371
gene,between_syn,1.7068516840300152
gene,between_syn,2.2002913823272245
gene,between_syn,2.153941708490676
gene,between_syn,2.159139138437448
gene,between_syn,2.121716376500074
gene,between_syn,1.648125108028775
gene,between_syn,1.6314463295305548
gene,between_syn,2.177989601743679
gene,between_syn,1.8851881065805414
gene,between_syn,2.181682863352979
gene,between_syn,2.152980832438886
gene,between_syn,2.1580966143993936
gene,between_syn,1.6314463295305548
gene,between_syn,2.216487380672956
gene,between_syn,2.167979259881037
gene,between_syn,2.217438203128714
gene,between_syn,1.6136500698736072
gene,between_syn,2.194277874314887
gene,between_syn,1.649048341502938
gene,between_syn,2.1227090308375596
gene,between_syn,1.6094059559427878
gene,between_syn,2.213285187470781
gene,between_syn,1.924363803399835
gene,between_syn,1.6091948173084156
gene,between_syn,1.9125930682706935
gene,between_syn,1.8849233717618157
gene,between_syn,2.172311406905068
gene,between_syn,2.191660205651151
gene,between_syn,1.6094059559427878
gene,between_syn,2.2025940570024507
gene,between_syn,1.6136500698736072
gene,between_syn,2.13829780452777
gene,between_syn,2.201398341268633
gene,between_syn,2.219332816835109
gene,between_syn,1.6298885670720429
gene,between_syn,1.9156329031665342
gene,between_syn,2.216487380672956
gene,between_syn,1.6102747503997545
gene,between_syn,1.9156329031665342
gene,between_syn,2.172311406905068
gene,between_syn,1.8849233717618157
gene,between_syn,2.1926158681877785
gene,between_syn,2.216487380672956
gene,between_syn,1.9710699005342063
gene,between_syn,2.178112626297885
gene,between_syn,2.5352968771213162
gene,between_syn,2.554602042134616
gene,between_syn,2.1684746808886843
gene,between_syn,2.537997445960999
gene,between_syn,2.0030184623123364
gene,between_syn,2.555422738689885
gene,between_syn,2.056143104601465
gene,between_syn,2.5436923475029
gene,between_syn,2.509888920219139
gene,between_syn,1.9328549703116218
gene,between_syn,2.5436923475029
gene,between_syn,2.479756609059885
gene,between_syn,2.493088445104318
gene,between_syn,2.5405241960331946
gene,between_syn,2.507137563212756
gene,between_syn,1.993295761138216
gene,between_syn,2.5370158909319906
gene,between_syn,2.492149833977791
gene,between_syn,2.4926136197307796
gene,between_syn,2.456741497887864
gene,between_syn,1.931364809637459
gene,between_syn,1.9665854870360746
gene,between_syn,2.516363214178363
gene,between_syn,2.1598531699844323
gene,between_syn,2.516278781318397
gene,between_syn,2.4907535083671486
gene,between_syn,2.4926441761257565
gene,between_syn,1.9665854870360746
gene,between_syn,2.55330392857063
gene,between_syn,2.5056443344146206
gene,between_syn,2.5545646302589122
gene,between_syn,1.9487985411252373
gene,between_syn,2.5328807272798213
gene,between_syn,1.9328549703116216
gene,between_syn,2.456475134816421
gene,between_syn,1.9449240654484943
gene,between_syn,2.549967400350705
gene,between_syn,2.2151840831158958
gene,between_syn,1.9447288331804928
gene,between_syn,2.1871572462002566
gene,between_syn,2.1571144919136658
gene,between_syn,2.510742223178997
gene,between_syn,2.5283937803487992
gene,between_syn,1.9449240654484943
gene,between_syn,2.540524196033194
gene,between_syn,1.9487985411252373
gene,between_syn,2.476692200721009
gene,between_syn,2.5393314633877093
gene,between_syn,2.557753739418378
gene,between_syn,1.9659218712639366
gene,between_syn,2.1891452194601757
gene,between_syn,2.55330392857063
gene,between_syn,1.9456951102923554
gene,between_syn,2.1891452194601757
gene,between_syn,2.510742223178997
gene,between_syn,2.1571144919136658
gene,between_syn,2.5298920382005
gene,between_syn,2.55330392857063
gene,between_syn,2.24784672180841
gene,between_syn,2.5168464727072872
gene,between_syn,2.5593325447455153
gene,between_syn,2.578757057733479
gene,between_syn,2.1811782838110223
gene,between_syn,2.5621633356593656
gene,between_syn,2.0223050320649234
gene,between_syn,2.5795867206710184
gene,between_syn,2.0691222332325943
gene,between_syn,2.5677168945779516
gene,between_syn,2.533820708778681
gene,between_syn,1.9486358177751641
gene,between_syn,2.5677168945779516
gene,between_syn,2.503698180703064
gene,between_syn,2.5170614301946124
gene,between_syn,2.5645734096503148
gene,between_syn,2.5311534409804057
gene,between_syn,2.0101117163594107
gene,between_syn,2.561278301940515
gene,between_syn,2.516138291642459
gene,between_syn,2.51779695949493
gene,between_syn,2.4815358317953216
gene,between_syn,1.94709958486029
gene,between_syn,1.9888451685848596
gene,between_syn,2.5403101610350154
gene,between_syn,2.1725016619904585
gene,between_syn,2.5411951484166115
gene,between_syn,2.5148658542088245
gene,between_syn,2.5175704241892958
gene,between_syn,1.9888451685848596
gene,between_syn,2.5775774120746364
gene,between_syn,2.5297562790793378
gene,between_syn,2.5787190685498547
gene,between_syn,1.9716943839273051
gene,between_syn,2.5567661599320854
gene,between_syn,1.9486358177751641
gene,between_syn,2.481581416725852
gene,between_syn,1.967629936895396
gene,between_syn,2.5742114998145733
gene,between_syn,2.2337408146360667
gene,between_syn,1.967425030167315
gene,between_syn,2.199908823395324
gene,between_syn,2.1717424178345754
gene,between_syn,2.5346731170848145
gene,between_syn,2.5526466468626854
gene,between_syn,1.967629936895396
gene,between_syn,2.564573409650315
gene,between_syn,1.9716943839273051
gene,between_syn,2.500625126401553
gene,between_syn,2.5632140812660276
gene,between_syn,2.581692955724836
gene,between_syn,1.9885868181770936
gene,between_syn,2.201907322299521
gene,between_syn,2.5775774120746364
gene,between_syn,1.9683539250287152
gene,between_syn,2.201907322299521
gene,between_syn,2.5346731170848145
gene,between_syn,2.1717424178345754
gene,between_syn,2.5539743529628907
gene,between_syn,2.5775774120746364
gene,between_syn,2.2612817238923326
gene,between_syn,2.5406973609595442
gene,between_syn,2.5211215525449298
gene,between_syn,2.539243879997303
gene,between_syn,2.1459229660227375
gene,between_syn,2.5238594368081593
gene,between_syn,1.9815793244504112
gene,between_syn,2.5400662765837363
gene,between_syn,2.033483122353748
gene,between_syn,2.5295170197472654
gene,between_syn,2.495506443505559
gene,between_syn,1.9106548836973425
gene,between_syn,2.5295170197472654
gene,between_syn,2.465260668626886
gene,between_syn,2.478764733034729
gene,between_syn,2.526386370055443
gene,between_syn,2.4926928654455827
gene,between_syn,1.971246018009754
gene,between_syn,2.5216793634260486
gene,between_syn,2.477381469713708
gene,between_syn,2.4779709795147586
gene,between_syn,2.441915157260985
gene,between_syn,1.9091462761962712
gene,between_syn,1.9488481965159454
gene,between_syn,2.50199504135176
gene,between_syn,2.137301615054388
gene,between_syn,2.5015240023894654
gene,between_syn,2.476416002029525
gene,between_syn,2.4779083573537233
gene,between_syn,1.9488481965159454
gene,between_syn,2.5380649001634414
gene,between_syn,2.491552768193179
gene,between_syn,2.539206281864769
gene,between_syn,1.9314773793076978
gene,between_syn,2.518473003896407
gene,between_syn,1.9106548836973423
gene,between_syn,2.441791024262924
gene,between_syn,1.927537952019531
gene,between_syn,2.534546508953715
gene,between_syn,2.1934577777581294
gene,between_syn,1.927339018544972
gene,between_syn,2.1645974864551984
gene,between_syn,2.134534130848708
gene,between_syn,2.4963570323271407
gene,between_syn,2.5130404320601323
gene,between_syn,1.927537952019531
gene,between_syn,2.526386370055443
gene,between_syn,1.9314773793076978
gene,between_syn,2.462348837164601
gene,between_syn,2.5238264128805983
gene,between_syn,2.543382760848577
gene,between_syn,1.9485987857112081
gene,between_syn,2.1665591489903386
gene,between_syn,2.5380649001634414
gene,between_syn,1.928258947570682
gene,between_syn,2.1665591489903386
gene,between_syn,2.4963570323271407
gene,between_syn,2.134534130848708
gene,between_syn,2.5144543178930894
gene,between_syn,2.5380649001634414
gene,between_syn,2.2253306997008258
gene,between_syn,2.5022819949731137
gene,between_syn,2.8866107116946025
gene,between_syn,2.745081198346468
gene,between_syn,1.3066305256795905
gene,between_syn,2.893453604045741
gene,between_syn,1.7205324468145253
gene,between_syn,2.745687947858051
gene,between_syn,1.3387552923738453
gene,between_syn,2.8898482748976764
gene,between_syn,2.850299171254362
gene,between_syn,1.5550654738579852
gene,between_syn,2.8898482748976764
gene,between_syn,2.8251106779294544
gene,between_syn,2.851490671881775
gene,between_syn,2.893413965415092
gene,between_syn,2.84235801941342
gene,between_syn,1.573964262540028
gene,between_syn,2.7425651599279326
gene,between_syn,2.7963327304049237
gene,between_syn,2.822843584945282
gene,between_syn,2.783696248866751
gene,between_syn,1.5513137873578837
gene,between_syn,2.301680835195738
gene,between_syn,2.854684171897167
gene,between_syn,1.3093894522705392
gene,between_syn,2.815346835619626
gene,between_syn,2.8501949643067417
gene,between_syn,2.809040499516116
gene,between_syn,2.301680835195738
gene,between_syn,2.761301420129702
gene,between_syn,2.88584289123687
gene,between_syn,2.7450376752485175
gene,between_syn,2.3569601529175124
gene,between_syn,2.85560467183661
gene,between_syn,1.555065473857985
gene,between_syn,2.8038724111395754
gene,between_syn,2.347465578888564
gene,between_syn,2.7360020921764936
gene,between_syn,1.598594121095245
gene,between_syn,2.346935035031942
gene,between_syn,1.297026139248328
gene,between_syn,1.3430924280184127
gene,between_syn,2.8502828759460734
gene,between_syn,2.737199845695283
gene,between_syn,2.347465578888564
gene,between_syn,2.893413965415092
gene,between_syn,2.356960152917512
gene,between_syn,2.842554524490318
gene,between_syn,2.7176812096319565
gene,between_syn,2.8704385494403653
gene,between_syn,2.3555100826987156
gene,between_syn,1.2887957405515176
gene,between_syn,2.761301420129702
gene,between_syn,2.341123986558736
gene,between_syn,1.2887957405515176
gene,between_syn,2.8502828759460734
gene,between_syn,1.3430924280184124
gene,between_syn,2.7251038759255497
gene,between_syn,2.761301420129702
gene,between_syn,1.2999488483245871
gene,between_syn,2.8296548441969462
gene,between_syn,2.6308495350790344
gene,between_syn,2.6168227411431
gene,between_syn,1.9745089797142528
gene,between_syn,2.6337359370833573
gene,between_syn,1.8636469974671075
gene,between_syn,2.617622256987978
gene,between_syn,1.8550528915324007
gene,between_syn,2.6391646394559483
gene,between_syn,2.601034182579833
gene,between_syn,1.7648367708511936
gene,between_syn,2.6391646394559483
gene,between_syn,2.5683744124955776
gene,between_syn,2.585845952593169
gene,between_syn,2.636886543184914
gene,between_syn,2.596209199616445
gene,between_syn,1.8291955581886166
gene,between_syn,2.5994955805760838
gene,between_syn,2.5729467922505465
gene,between_syn,2.5693019403796256
gene,between_syn,2.5316327254073587
gene,between_syn,1.7621746793928361
gene,between_syn,1.9789020197646467
gene,between_syn,2.60768785756855
gene,between_syn,1.9661497894439548
gene,between_syn,2.591259456108576
gene,between_syn,2.5823984330715892
gene,between_syn,2.5685051989645116
gene,between_syn,1.9789020197646467
gene,between_syn,2.6182125776498673
gene,between_syn,2.603451475468092
gene,between_syn,2.616784218770278
gene,between_syn,1.9720885333109102
gene,between_syn,2.623219136531103
gene,between_syn,1.7648367708511936
gene,between_syn,2.5332123688594064
gene,between_syn,1.9672947241753609
gene,between_syn,2.609906442462085
gene,between_syn,2.0562299499699503
gene,between_syn,1.9670384660027382
gene,between_syn,1.9920291504038918
gene,between_syn,1.9558265207862335
gene,between_syn,2.6018059256590336
gene,between_syn,2.5906040390342784
gene,between_syn,1.9672947241753609
gene,between_syn,2.636886543184914
gene,between_syn,1.9720885333109104
gene,between_syn,2.56944956455724
gene,between_syn,2.5992540055408684
gene,between_syn,2.6483383116828976
gene,between_syn,1.9899995276749751
gene,between_syn,1.9917015351531882
gene,between_syn,2.6182125776498673
gene,between_syn,1.9666340502916824
gene,between_syn,1.9917015351531882
gene,between_syn,2.6018059256590336
gene,between_syn,1.9558265207862338
gene,between_syn,2.5907102496102503
gene,between_syn,2.6182125776498673
gene,between_syn,2.054060776955818
gene,between_syn,2.603487793934863
gene,between_syn,2.889460350882982
gene,between_syn,2.7475736213361612
gene,between_syn,1.3143663609805922
gene,between_syn,2.8963599668162634
gene,between_syn,1.730741511431652
gene,between_syn,2.7481784265967484
gene,between_syn,1.349177867015952
gene,between_syn,2.892618416424143
gene,between_syn,2.8532660114443633
gene,between_syn,1.5664104010994502
gene,between_syn,2.892618416424143
gene,between_syn,2.8283280043708245
gene,between_syn,2.854643387589967
gene,between_syn,2.8962350385738365
gene,between_syn,2.8453806375913113
gene,between_syn,1.5845219919486824
gene,between_syn,2.745288414175427
gene,between_syn,2.7994077057994993
gene,between_syn,2.8266266084198315
gene,between_syn,2.787543290673151
gene,between_syn,1.5627287948503628
gene,between_syn,2.309580604438166
gene,between_syn,2.857604884212737
gene,between_syn,1.3172581476067007
gene,between_syn,2.8187414701817666
gene,between_syn,2.853440471861708
gene,between_syn,2.8126550205004954
gene,between_syn,2.309580604438166
gene,between_syn,2.7638960923017875
gene,between_syn,2.8890148018922064
gene,between_syn,2.747530068648702
gene,between_syn,2.3652055310482716
gene,between_syn,2.8583353976077674
gene,between_syn,1.5664104010994504
gene,between_syn,2.807925080308133
gene,between_syn,2.3556844601110667
gene,between_syn,2.7385818987639916
gene,between_syn,1.6060984363241868
gene,between_syn,2.355152748695254
gene,between_syn,1.3044858313965795
gene,between_syn,1.352284429059074
gene,between_syn,2.8532409743902387
gene,between_syn,2.7399950195222686
gene,between_syn,2.3556844601110667
gene,between_syn,2.896235038573836
gene,between_syn,2.3652055310482716
gene,between_syn,2.8458281273072075
gene,between_syn,2.720131355223774
gene,between_syn,2.872987539796019
gene,between_syn,2.3634515952697943
gene,between_syn,1.2963780944267367
gene,between_syn,2.7638960923017875
gene,between_syn,2.349330852340941
gene,between_syn,1.2963780944267367
gene,between_syn,2.8532409743902387
gene,between_syn,1.352284429059074
gene,between_syn,2.727771182862085
gene,between_syn,2.7638960923017875
gene,between_syn,1.3063648925961737
gene,between_syn,2.832473142559021
gene,between_syn,2.6714745518871403
gene,between_syn,2.662287649100276
gene,between_syn,2.055052749960255
gene,between_syn,2.674194055591638
gene,between_syn,1.935421998169544
gene,between_syn,2.6630819015062306
gene,between_syn,1.9358313658787667
gene,between_syn,2.6798307722709116
gene,between_syn,2.642393225458262
gene,between_syn,1.8413172157608007
gene,between_syn,2.6798307722709116
gene,between_syn,2.6100429510106293
gene,between_syn,2.6268808140419355
gene,between_syn,2.6773828723789372
gene,between_syn,2.6377852072867065
gene,between_syn,1.9048962088737724
gene,between_syn,2.6447682005798496
gene,between_syn,2.6157609610885952
gene,between_syn,2.6113402653065005
gene,between_syn,2.5743295027685487
gene,between_syn,1.838776494114899
gene,between_syn,2.0314447113880476
gene,between_syn,2.6490164298818435
gene,between_syn,2.0466739838368757
gene,between_syn,2.633922007640051
gene,between_syn,2.6234450882100733
gene,between_syn,2.6109781143871054
gene,between_syn,2.0314447113880476
gene,between_syn,2.663157857403114
gene,between_syn,2.6435868643054166
gene,between_syn,2.662249849634796
gene,between_syn,2.022539137861754
gene,between_syn,2.6647970985299674
gene,between_syn,1.8413172157608004
gene,between_syn,2.5752624378976634
gene,between_syn,2.018035057386245
gene,between_syn,2.655587806010816
gene,between_syn,2.1308215209052457
gene,between_syn,2.017795321318346
gene,between_syn,2.0726846798928813
gene,between_syn,2.0361150377633344
gene,between_syn,2.6431800521303463
gene,between_syn,2.635908166427015
gene,between_syn,2.018035057386245
gene,between_syn,2.6773828723789372
gene,between_syn,2.0225391378617545
gene,between_syn,2.6104937976499847
gene,between_syn,2.645312781915815
gene,between_syn,2.689870192835104
gene,between_syn,2.0406307573673783
gene,between_syn,2.0725387824388486
gene,between_syn,2.663157857403114
gene,between_syn,2.017609488187583
gene,between_syn,2.0725387824388486
gene,between_syn,2.6431800521303463
gene,between_syn,2.0361150377633344
gene,between_syn,2.6364050351824186
gene,between_syn,2.663157857403114
gene,between_syn,2.134476984372592
gene,between_syn,2.645628394723289
gene,between_syn,2.5593325447455153
gene,between_syn,2.578757057733479
gene,between_syn,2.1811782838110223
gene,between_syn,2.5621633356593656
gene,between_syn,2.0223050320649234
gene,between_syn,2.5795867206710184
gene,between_syn,2.0691222332325943
gene,between_syn,2.5677168945779516
gene,between_syn,2.533820708778681
gene,between_syn,1.9486358177751644
gene,between_syn,2.5677168945779516
gene,between_syn,2.503698180703064
gene,between_syn,2.5170614301946124
gene,between_syn,2.5645734096503148
gene,between_syn,2.5311534409804057
gene,between_syn,2.010111716359411
gene,between_syn,2.561278301940515
gene,between_syn,2.516138291642459
gene,between_syn,2.51779695949493
gene,between_syn,2.4815358317953216
gene,between_syn,1.94709958486029
gene,between_syn,1.9888451685848596
gene,between_syn,2.5403101610350154
gene,between_syn,2.1725016619904585
gene,between_syn,2.5411951484166115
gene,between_syn,2.5148658542088245
gene,between_syn,2.5175704241892958
gene,between_syn,1.9888451685848596
gene,between_syn,2.5775774120746364
gene,between_syn,2.5297562790793373
gene,between_syn,2.5787190685498547
gene,between_syn,1.9716943839273051
gene,between_syn,2.5567661599320854
gene,between_syn,1.9486358177751644
gene,between_syn,2.481581416725852
gene,between_syn,1.967629936895396
gene,between_syn,2.5742114998145733
gene,between_syn,2.2337408146360667
gene,between_syn,1.967425030167315
gene,between_syn,2.199908823395324
gene,between_syn,2.1717424178345754
gene,between_syn,2.5346731170848145
gene,between_syn,2.5526466468626854
gene,between_syn,1.967629936895396
gene,between_syn,2.564573409650315
gene,between_syn,1.9716943839273051
gene,between_syn,2.500625126401553
gene,between_syn,2.5632140812660276
gene,between_syn,2.581692955724836
gene,between_syn,1.9885868181770936
gene,between_syn,2.201907322299521
gene,between_syn,2.5775774120746364
gene,between_syn,1.9683539250287154
gene,between_syn,2.201907322299521
gene,between_syn,2.5346731170848145
gene,between_syn,2.1717424178345754
gene,between_syn,2.5539743529628907
gene,between_syn,2.5775774120746364
gene,between_syn,2.2612817238923326
gene,between_syn,2.5406973609595442
gene,between_syn,2.697660896090751
gene,between_syn,2.6845162635418856
gene,between_syn,2.0232422278141633
gene,between_syn,2.700739349642433
gene,between_syn,1.925532075241399
gene,between_syn,2.685330094104116
gene,between_syn,1.9044979346667372
gene,between_syn,2.705966461769711
gene,between_syn,2.667772786903498
gene,between_syn,1.8203323070720843
gene,between_syn,2.705966461769711
gene,between_syn,2.6351654231867467
gene,between_syn,2.65259982658587
gene,between_syn,2.7037031272156047
gene,between_syn,2.663118466308975
gene,between_syn,1.886536326322096
gene,between_syn,2.6673395975322967
gene,between_syn,2.639985569235879
gene,between_syn,2.638203598911679
gene,between_syn,2.59998196112105
gene,between_syn,1.8175808655107097
gene,between_syn,2.044395637691979
gene,between_syn,2.674449226933026
gene,between_syn,2.014791850495959
gene,between_syn,2.659818498612962
gene,between_syn,2.649384696590172
gene,between_syn,2.637047640065957
gene,between_syn,2.044395637691979
gene,between_syn,2.6860333696580736
gene,between_syn,2.6703059149729964
gene,between_syn,2.684476872334484
gene,between_syn,2.0383824971746165
gene,between_syn,2.6899197025590245
gene,between_syn,1.8203323070720843
gene,between_syn,2.6019802660205404
gene,between_syn,2.03330618436271
gene,between_syn,2.6777760454613366
gene,between_syn,2.1163679607550008
gene,between_syn,2.0330357795121508
gene,between_syn,2.040809020290724
gene,between_syn,2.0083263609242707
gene,between_syn,2.668545521452259
gene,between_syn,2.658435277569433
gene,between_syn,2.03330618436271
gene,between_syn,2.703703127215605
gene,between_syn,2.0383824971746165
gene,between_syn,2.6361328536197437
gene,between_syn,2.666570197942741
gene,between_syn,2.7151291681005327
gene,between_syn,2.055916978265816
gene,between_syn,2.0404707449965063
gene,between_syn,2.6860333696580736
gene,between_syn,2.032599208511604
gene,between_syn,2.0404707449965063
gene,between_syn,2.668545521452259
gene,between_syn,2.008326360924271
gene,between_syn,2.658310192701452
gene,between_syn,2.6860333696580736
gene,between_syn,2.1041092815667195
gene,between_syn,2.6702074534786706
gene,between_syn,2.198824593875444
gene,between_syn,2.2193316976890185
gene,between_syn,1.898080729062487
gene,between_syn,2.2019874328103897
gene,between_syn,1.7119882984636723
gene,between_syn,2.2201836368724273
gene,between_syn,1.791009212982799
gene,between_syn,2.207177884050762
gene,between_syn,2.1730453076377745
gene,between_syn,1.6532278998454606
gene,between_syn,2.2071778840507625
gene,between_syn,2.142971987873641
gene,between_syn,2.1563958525187386
gene,between_syn,2.2041071045313045
gene,between_syn,2.170589858600318
gene,between_syn,1.7109462357959266
gene,between_syn,2.202137361898601
gene,between_syn,2.1556317280381845
gene,between_syn,2.16077246616961
gene,between_syn,2.1234075979508633
gene,between_syn,1.652312172610331
gene,between_syn,1.6340556949416223
gene,between_syn,2.1795684020058403
gene,between_syn,1.8895437268519037
gene,between_syn,2.183352609115037
gene,between_syn,2.1545473975225997
gene,between_syn,2.1597605006606755
gene,between_syn,1.6340556949416223
gene,between_syn,2.2183055702944823
gene,between_syn,2.169477440115087
gene,between_syn,2.2192923949774093
gene,between_syn,1.6161192174421044
gene,between_syn,2.195869216536407
gene,between_syn,1.6532278998454606
gene,between_syn,2.124354716629487
gene,between_syn,1.6118994011263037
gene,between_syn,2.215155493220546
gene,between_syn,1.928284726816839
gene,between_syn,1.6116896221636938
gene,between_syn,1.9169451728140932
gene,between_syn,1.8892326893763016
gene,between_syn,2.173895177677854
gene,between_syn,2.193511111942286
gene,between_syn,1.6118994011263037
gene,between_syn,2.2041071045313045
gene,between_syn,1.6161192174421044
gene,between_syn,2.1398691879882867
gene,between_syn,2.203299271942729
gene,between_syn,2.2209132860574345
gene,between_syn,1.6323625623353393
gene,between_syn,1.919993327165944
gene,between_syn,2.2183055702944823
gene,between_syn,1.6127844656402395
gene,between_syn,1.919993327165944
gene,between_syn,2.173895177677854
gene,between_syn,1.8892326893763018
gene,between_syn,2.19449389913599
gene,between_syn,2.2183055702944823
gene,between_syn,1.9753803195565989
gene,between_syn,2.179748289063069
gene,between_syn,2.8793853035281374
gene,between_syn,2.738981707414334
gene,between_syn,1.2921367642054333
gene,between_syn,2.8862272406533713
gene,between_syn,1.7054909792212756
gene,between_syn,2.7395976790652408
gene,between_syn,1.3210957363454003
gene,between_syn,2.8827303794731645
gene,between_syn,2.8429042470991996
gene,between_syn,1.536914432806294
gene,between_syn,2.8827303794731645
gene,between_syn,2.817401809089749
gene,between_syn,2.8438334368120333
gene,between_syn,2.8862264150982897
gene,between_syn,2.8349672520471865
gene,between_syn,1.5575746090070448
gene,between_syn,2.7362007175812684
gene,between_syn,2.7889756281684535
gene,between_syn,2.815313423338281
gene,between_syn,2.7758469670248043
gene,between_syn,1.5330746039469196
gene,between_syn,2.2876191255768608
gene,between_syn,2.8473620017215535
gene,between_syn,1.2946492550250492
gene,between_syn,2.808230965630182
gene,between_syn,2.842509249758299
gene,between_syn,2.8015979693477737
gene,between_syn,2.2876191255768608
gene,between_syn,2.755086159746432
gene,between_syn,2.878174064330407
gene,between_syn,2.7389378581568926
gene,between_syn,2.3425675054281374
gene,between_syn,2.848528760358501
gene,between_syn,1.536914432806294
gene,between_syn,2.7958992267670104
gene,between_syn,2.333019595690404
gene,between_syn,2.72987837583661
gene,between_syn,1.587937616308355
gene,between_syn,2.332486345580874
gene,between_syn,1.283014633623035
gene,between_syn,1.3286926971778232
gene,between_syn,2.842901035867864
gene,between_syn,2.7307302106181117
gene,between_syn,2.333019595690404
gene,between_syn,2.8862264150982897
gene,between_syn,2.3425675054281374
gene,between_syn,2.8346999242414395
gene,between_syn,2.7115011141445313
gene,between_syn,2.863652587634866
gene,between_syn,2.341402350124956
gene,between_syn,1.2747352474164457
gene,between_syn,2.7550861597464316
gene,between_syn,2.3266945881504437
gene,between_syn,1.2747352474164457
gene,between_syn,2.842901035867864
gene,between_syn,1.3286926971778232
gene,between_syn,2.7187291822713178
gene,between_syn,2.755086159746432
gene,between_syn,1.287989221431706
gene,between_syn,2.8224868763058693
gene,between_syn,2.527589022579675
gene,between_syn,2.5467963726872997
gene,between_syn,2.159011767613418
gene,between_syn,2.530336158401202
gene,between_syn,1.9945300432680741
gene,between_syn,2.5476201626138684
gene,between_syn,2.0468529509610747
gene,between_syn,2.5359811070459832
gene,between_syn,2.50211944753151
gene,between_syn,1.9238034898997796
gene,between_syn,2.5359811070459832
gene,between_syn,2.471974883059465
gene,between_syn,2.485339619049161
gene,between_syn,2.53282602697376
gene,between_syn,2.4993863867026462
gene,between_syn,1.984426427411668
gene,between_syn,2.5292471260582765
gene,between_syn,2.4843497287846135
gene,between_syn,2.4852232468352815
gene,between_syn,2.4491982095215543
gene,between_syn,1.9223165111690736
gene,between_syn,1.9580981127334516
gene,between_syn,2.508600524923232
gene,between_syn,2.150379070370242
gene,between_syn,2.508785249916673
gene,between_syn,2.4830469080402
gene,between_syn,2.485155744590076
gene,between_syn,1.9580981127334516
gene,between_syn,2.5455477359066436
gene,between_syn,2.497972124871565
gene,between_syn,2.5467587552286237
gene,between_syn,1.9405010761525257
gene,between_syn,2.525093650045713
gene,between_syn,1.9238034898997796
gene,between_syn,2.449053202543557
gene,between_syn,1.9365667261736617
gene,between_syn,2.5421856145510313
gene,between_syn,2.206646313788548
gene,between_syn,1.9363684746204959
gene,between_syn,2.177712346983994
gene,between_syn,2.1481367791440387
gene,between_syn,2.5029721187559715
gene,between_syn,2.520620300412272
gene,between_syn,1.9365667261736617
gene,between_syn,2.5328260269737606
gene,between_syn,1.9405010761525257
gene,between_syn,2.468927850474051
gene,between_syn,2.531424664461516
gene,between_syn,2.5499888349889868
gene,between_syn,1.9575507452594305
gene,between_syn,2.1797297589368956
gene,between_syn,2.5455477359066436
gene,between_syn,1.9373238945076465
gene,between_syn,2.1797297589368956
gene,between_syn,2.5029721187559715
gene,between_syn,2.1481367791440387
gene,between_syn,2.522055499357399
gene,between_syn,2.5455477359066436
gene,between_syn,2.238502758592628
gene,between_syn,2.5090279737258427
gene,between_syn,2.5274679681887484
gene,between_syn,2.5451182605182403
gene,between_syn,2.145541793571231
gene,between_syn,2.5302356909109154
gene,between_syn,1.9832951581885525
gene,between_syn,2.5459423624523727
gene,between_syn,2.0330191192951585
gene,between_syn,2.5358620265501077
gene,between_syn,2.5017591010011473
gene,between_syn,1.911199053697622
gene,between_syn,2.5358620265501077
gene,between_syn,2.471469546346877
gene,between_syn,2.4850457774877204
gene,between_syn,2.5327490047275214
gene,between_syn,2.498930653134241
gene,between_syn,1.9720887464902215
gene,between_syn,2.527574987426661
gene,between_syn,2.4834853057005404
gene,between_syn,2.4842547851852355
gene,between_syn,2.448084046904228
gene,between_syn,1.9096634728353086
gene,between_syn,1.9533913321722016
gene,between_syn,2.5082551010635314
gene,between_syn,2.136909557784553
gene,between_syn,2.507734351087471
gene,between_syn,2.4827079379689123
gene,between_syn,2.4841278822703305
gene,between_syn,1.9533913321722016
gene,between_syn,2.54400330043498
gene,between_syn,2.4979412449765825
gene,between_syn,2.5450805193122177
gene,between_syn,1.9363080875137362
gene,between_syn,2.524709849854927
gene,between_syn,1.9111990536976218
gene,between_syn,2.448050577692656
gene,between_syn,1.9323141271733675
gene,between_syn,2.5404035712383535
gene,between_syn,2.194819376011969
gene,between_syn,1.9321122027511763
gene,between_syn,2.1642162722156
gene,between_syn,2.134450844148203
gene,between_syn,2.502608494819017
gene,between_syn,2.518927891023069
gene,between_syn,1.9323141271733675
gene,between_syn,2.532749004727522
gene,between_syn,1.9363080875137362
gene,between_syn,2.468617548886622
gene,between_syn,2.529607191026844
gene,between_syn,2.5496403163943753
gene,between_syn,1.9534014787264964
gene,between_syn,2.1661479581085326
gene,between_syn,2.54400330043498
gene,between_syn,1.9330042870024802
gene,between_syn,2.1661479581085326
gene,between_syn,2.502608494819017
gene,between_syn,2.134450844148203
gene,between_syn,2.520286679746116
gene,between_syn,2.54400330043498
gene,between_syn,2.225132571274341
gene,between_syn,2.5084521725839095
gene,between_syn,2.872769426180398
gene,between_syn,2.729852706723974
gene,between_syn,1.3027073092482742
gene,between_syn,2.8795935165746784
gene,between_syn,1.7163302651778183
gene,between_syn,2.730447424953982
gene,between_syn,1.3386994855585879
gene,between_syn,2.875882713223093
gene,between_syn,2.836665884569175
gene,between_syn,1.555247686025477
gene,between_syn,2.8758827132230933
gene,between_syn,2.81184085804867
gene,between_syn,2.8381619024972604
gene,between_syn,2.8795274673976796
gene,between_syn,2.8287034163188216
gene,between_syn,1.5717197431232939
gene,between_syn,2.72762900203857
gene,between_syn,2.7826289147190275
gene,between_syn,2.809169508763643
gene,between_syn,2.770447526759178
gene,between_syn,1.5516144190375538
gene,between_syn,2.296241403794686
gene,between_syn,2.840963452306659
gene,between_syn,1.3057895800051864
gene,between_syn,2.8012179334266514
gene,between_syn,2.83687655600502
gene,between_syn,2.795295544149103
gene,between_syn,2.296241403794686
gene,between_syn,2.746194814965673
gene,between_syn,2.872514083426386
gene,between_syn,2.7298096437578487
gene,between_syn,2.351881481892009
gene,between_syn,2.8416036122549597
gene,between_syn,1.555247686025477
gene,between_syn,2.7907320808463703
gene,between_syn,2.342476782839152
gene,between_syn,2.7207845643521207
gene,between_syn,1.5889824383176965
gene,between_syn,2.341950783778242
gene,between_syn,1.2924855801621886
gene,between_syn,1.3385456646391833
gene,between_syn,2.8366342406723293
gene,between_syn,2.7223868856150744
gene,between_syn,2.342476782839152
gene,between_syn,2.8795274673976796
gene,between_syn,2.351881481892009
gene,between_syn,2.829464554467829
gene,between_syn,2.702582098978092
gene,between_syn,2.856090872867128
gene,between_syn,2.3501020024390393
gene,between_syn,1.2842959587854075
gene,between_syn,2.746194814965673
gene,between_syn,2.336117066311349
gene,between_syn,1.2842959587854075
gene,between_syn,2.8366342406723293
gene,between_syn,1.3385456646391831
gene,between_syn,2.7102026479540853
gene,between_syn,2.746194814965673
gene,between_syn,1.2927128781793549
gene,between_syn,2.8157606841024356
gene,between_syn,2.872918944598514
gene,between_syn,2.729998885218684
gene,between_syn,1.30286856092584
gene,between_syn,2.879742800289048
gene,between_syn,1.7164814611576182
gene,between_syn,2.730593569041896
gene,between_syn,1.3388604688617078
gene,between_syn,2.876032087568743
gene,between_syn,2.836815693999787
gene,between_syn,1.5554058476372488
gene,between_syn,2.876032087568743
gene,between_syn,2.8119910198348044
gene,between_syn,2.8383120788237393
gene,between_syn,2.879676931655868
gene,between_syn,2.82885298853577
gene,between_syn,1.5718750378431359
gene,between_syn,2.7277753957779525
gene,between_syn,2.782778175523434
gene,between_syn,2.809316461302673
gene,between_syn,2.770595682073893
gene,between_syn,1.551772581063886
gene,between_syn,2.2963984155603785
gene,between_syn,2.841113131892824
gene,between_syn,1.3059511349048019
gene,between_syn,2.8013647314224683
gene,between_syn,2.837026476258973
gene,between_syn,2.795442862632045
gene,between_syn,2.2963984155603785
gene,between_syn,2.746341061512597
gene,between_syn,2.872664195492249
gene,between_syn,2.729955823918198
gene,between_syn,2.352038213468085
gene,between_syn,2.8417530014229477
gene,between_syn,1.555405847637249
gene,between_syn,2.7908798613620154
gene,between_syn,2.3426338410664096
gene,between_syn,2.720930487668574
gene,between_syn,1.58912826068658
gene,between_syn,2.342107857812688
gene,between_syn,1.2926462951188038
gene,between_syn,1.338700323667473
gene,between_syn,2.8367840294524673
gene,between_syn,2.7225334534719585
gene,between_syn,2.3426338410664096
gene,between_syn,2.8796769316558684
gene,between_syn,2.352038213468085
gene,between_syn,2.8296150904957225
gene,between_syn,2.70272885658757
gene,between_syn,2.856239728462424
gene,between_syn,2.3502589462945194
gene,between_syn,1.2844564041550555
gene,between_syn,2.746341061512597
gene,between_syn,2.3362741205445214
gene,between_syn,1.2844564041550555
gene,between_syn,2.8367840294524673
gene,between_syn,1.338700323667473
gene,between_syn,2.710349350226824
gene,between_syn,2.746341061512597
gene,between_syn,1.2928703631535476
gene,between_syn,2.8159101426104094
gene,between_syn,2.6654348694688985
gene,between_syn,2.6518728436320234
gene,between_syn,1.9946282897820389
gene,between_syn,2.6685004120428606
gene,between_syn,1.8937862734530329
gene,between_syn,2.652685265582956
gene,between_syn,1.8757803379110591
gene,between_syn,2.6737385673628427
gene,between_syn,2.635505013032724
gene,between_syn,1.7899126787336899
gene,between_syn,2.6737385673628427
gene,between_syn,2.6028700744198585
gene,between_syn,2.6203530512366098
gene,between_syn,2.6714855557158783
gene,between_syn,2.6308136040517067
gene,between_syn,1.855771917481166
gene,between_syn,2.6346894218369745
gene,between_syn,2.60758191311197
gene,between_syn,2.605633368460854
gene,between_syn,2.5674297404905073
gene,between_syn,1.7871909480065962
gene,between_syn,2.011726832055694
gene,between_syn,2.642180466850328
gene,between_syn,1.9861900650920288
gene,between_syn,2.627243926887283
gene,between_syn,2.6171070408649784
gene,between_syn,2.6044876383259172
gene,between_syn,2.011726832055694
gene,between_syn,2.653403961850117
gene,between_syn,2.638110352467795
gene,between_syn,2.6518335157222097
gene,between_syn,2.005683629836219
gene,between_syn,2.6576413618618346
gene,between_syn,1.7899126787336896
gene,between_syn,2.569424357223031
gene,between_syn,2.0006322227685933
gene,between_syn,2.6451004080936227
gene,between_syn,2.085184472958312
gene,between_syn,2.000363014095392
gene,between_syn,2.0122100082105834
gene,between_syn,1.9790442325926647
gene,between_syn,2.6362765551137923
gene,between_syn,2.6257849759788554
gene,between_syn,2.0006322227685933
gene,between_syn,2.6714855557158788
gene,between_syn,2.005683629836219
gene,between_syn,2.6038950012929254
gene,between_syn,2.633940153681506
gene,between_syn,2.682841723821653
gene,between_syn,2.0232592697799703
gene,between_syn,2.011908506650928
gene,between_syn,2.653403961850117
gene,between_syn,1.9999223934031203
gene,between_syn,2.011908506650928
gene,between_syn,2.6362765551137923
gene,between_syn,1.9790442325926647
gene,between_syn,2.62566567833207
gene,between_syn,2.653403961850117
gene,between_syn,2.075247482624074
gene,between_syn,2.6378887692984123
gene,between_syn,2.5312098031000736
gene,between_syn,2.550470831945395
gene,between_syn,2.1644417950829906
gene,between_syn,2.533918544429825
gene,between_syn,1.9989282836340627
gene,between_syn,2.5512920493351503
gene,between_syn,2.0521528000481473
gene,between_syn,2.5396047764885785
gene,between_syn,2.50578647506635
gene,between_syn,1.928780843218036
gene,between_syn,2.539604776488579
gene,between_syn,2.4756490929796047
gene,between_syn,2.488990765668751
gene,between_syn,2.5364397186992638
gene,between_syn,2.5030361243627883
gene,between_syn,1.9892218685138583
gene,between_syn,2.532890903903908
gene,between_syn,2.4880323943624028
gene,between_syn,2.488564518836232
gene,between_syn,2.4526630962971736
gene,between_syn,1.9272944644421897
gene,between_syn,1.9623295150357352
gene,between_syn,2.512262207485154
gene,between_syn,2.155819812825053
gene,between_syn,2.512210177227345
gene,between_syn,2.4866618221875596
gene,between_syn,2.4885767972188826
gene,between_syn,1.9623295150357352
gene,between_syn,2.5491828441832176
gene,between_syn,2.501565124008454
gene,between_syn,2.550433384095314
gene,between_syn,1.9445703660572595
gene,between_syn,2.528774956769582
gene,between_syn,1.928780843218036
gene,between_syn,2.452419806866347
gene,between_syn,1.9406867279346525
gene,between_syn,2.5458387993293865
gene,between_syn,2.211119029109716
gene,between_syn,1.9404910379813227
gene,between_syn,2.183127498209349
gene,between_syn,2.153131806851568
gene,between_syn,2.5066396070510817
gene,between_syn,2.5242677168153485
gene,between_syn,1.9406867279346525
gene,between_syn,2.5364397186992638
gene,between_syn,1.9445703660572597
gene,between_syn,2.4725915938606753
gene,between_syn,2.5351816885711487
gene,between_syn,2.5536523828323885
gene,between_syn,1.9616824383539704
gene,between_syn,2.1851247535486844
gene,between_syn,2.5491828441832176
gene,between_syn,1.9414557163259019
gene,between_syn,2.1851247535486844
gene,between_syn,2.5066396070510817
gene,between_syn,2.1531318068515684
gene,between_syn,2.5257544513542234
gene,between_syn,2.5491828441832176
gene,between_syn,2.2438104046609886
gene,between_syn,2.5127316066763896
gene,between_syn,2.685047371085263
gene,between_syn,2.6714380775933733
gene,between_syn,2.0106274452755235
gene,between_syn,2.688105941552504
gene,between_syn,1.9115279208226663
gene,between_syn,2.6722499399889275
gene,between_syn,1.8917489880476726
gene,between_syn,2.6933516317383956
gene,between_syn,2.65512272649854
gene,between_syn,1.8069776006797524
gene,between_syn,2.693351631738396
gene,between_syn,2.622486874425188
gene,between_syn,2.639969030891697
gene,between_syn,2.691097197632135
gene,between_syn,2.650426642046421
gene,between_syn,1.8729514898488002
gene,between_syn,2.6542503461358486
gene,between_syn,2.6271909157965667
gene,between_syn,2.625160138293008
gene,between_syn,2.5869846704926376
gene,between_syn,1.8042306103774068
gene,between_syn,2.0312015756480815
gene,between_syn,2.6617974340261603
gene,between_syn,2.002192684060459
gene,between_syn,2.6467885204109463
gene,between_syn,2.6367158134154716
gene,between_syn,2.624033380666922
gene,between_syn,2.0312015756480815
gene,between_syn,2.6729695303611747
gene,between_syn,2.6577182474602377
gene,between_syn,2.671398778555749
gene,between_syn,2.0252044476089432
gene,between_syn,2.677260908755968
gene,between_syn,1.8069776006797524
gene,between_syn,2.58895833467294
gene,between_syn,2.0201534726558457
gene,between_syn,2.6646550120237733
gene,between_syn,2.1024218092338147
gene,between_syn,2.0198841979431563
gene,between_syn,2.028178306463376
gene,between_syn,1.9951388808783186
gene,between_syn,2.6558942897676725
gene,between_syn,2.645346121790396
gene,between_syn,2.0201534726558457
gene,between_syn,2.691097197632135
gene,between_syn,2.0252044476089437
gene,between_syn,2.623513015314866
gene,between_syn,2.653513159538105
gene,between_syn,2.702458565525548
gene,between_syn,2.0427861160835366
gene,between_syn,2.0278267945474777
gene,between_syn,2.6729695303611747
gene,between_syn,2.019437824017928
gene,between_syn,2.0278267945474777
gene,between_syn,2.6558942897676725
gene,between_syn,1.9951388808783186
gene,between_syn,2.645232071368451
gene,between_syn,2.6729695303611747
gene,between_syn,2.091300625057949
gene,between_syn,2.65750848382642
gene,between_syn,2.6692510965958576
gene,between_syn,2.655258423403376
gene,between_syn,1.9941396164163496
gene,between_syn,2.6723207219167837
gene,between_syn,1.8944388318601117
gene,between_syn,2.656070541994654
gene,between_syn,1.8752412158675231
gene,between_syn,2.677551743527424
gene,between_syn,2.63926904726982
gene,between_syn,1.7900595535124313
gene,between_syn,2.677551743527424
gene,between_syn,2.606609045700752
gene,between_syn,2.624142117027501
gene,between_syn,2.6753111511949683
gene,between_syn,2.634553402758681
gene,between_syn,1.8559794710210578
gene,between_syn,2.6380844752658392
gene,between_syn,2.6112190174914605
gene,between_syn,2.6092382367676645
gene,between_syn,2.571013775785662
gene,between_syn,1.7873189893055446
gene,between_syn,2.014608159577323
gene,between_syn,2.645945599516946
gene,between_syn,1.9857073751108671
gene,between_syn,2.630816949626318
gene,between_syn,2.6208850191769706
gene,between_syn,2.608077690876714
gene,between_syn,2.014608159577323
gene,between_syn,2.6568269744357504
gene,between_syn,2.641963025007086
gene,between_syn,2.6552190791859975
gene,between_syn,2.00872979108319
gene,between_syn,2.6613891310852362
gene,between_syn,1.7900595535124313
gene,between_syn,2.5730372644368154
gene,between_syn,2.0036641570541778
gene,between_syn,2.6484589674146415
gene,between_syn,2.085418162011064
gene,between_syn,2.0033940361374962
gene,between_syn,2.0116963197705844
gene,between_syn,1.9785132455140249
gene,between_syn,2.640039343459423
gene,between_syn,2.6291784012347508
gene,between_syn,2.0036641570541778
gene,between_syn,2.675311151194968
gene,between_syn,2.00872979108319
gene,between_syn,2.6076870970708357
gene,between_syn,2.637294310700672
gene,between_syn,2.6865881324788496
gene,between_syn,2.026303639778267
gene,between_syn,2.0113573476081212
gene,between_syn,2.6568269744357504
gene,between_syn,2.002934335106568
gene,between_syn,2.0113573476081212
gene,between_syn,2.640039343459423
gene,between_syn,1.9785132455140249
gene,between_syn,2.629037497782593
gene,between_syn,2.6568269744357504
gene,between_syn,2.074754529968338
gene,between_syn,2.641592368156032
gene,between_syn,2.5413155032172168
gene,between_syn,2.5609170260304372
gene,between_syn,2.176608548757245
gene,between_syn,2.5439973609620767
gene,between_syn,2.0107796050147715
gene,between_syn,2.5617366573709046
gene,between_syn,2.064258114648499
gene,between_syn,2.5497116091608385
gene,between_syn,2.5159695481232536
gene,between_syn,1.9408648343281258
gene,between_syn,2.5497116091608385
gene,between_syn,2.485866738623567
gene,between_syn,2.4991510710461466
gene,between_syn,2.5465318896472624
gene,between_syn,2.513228916703406
gene,between_syn,2.0012441827318055
gene,between_syn,2.5433180930772927
gene,between_syn,2.4983274019669595
gene,between_syn,2.498673463244683
gene,between_syn,2.462877657502718
gene,between_syn,1.9393767966314128
gene,between_syn,1.9735895772928447
gene,between_syn,2.5224389807689236
gene,between_syn,2.167988912993435
gene,between_syn,2.522386920958373
gene,between_syn,2.4968104127446398
gene,between_syn,2.498747040084703
gene,between_syn,1.9735895772928447
gene,between_syn,2.5595807597225235
gene,between_syn,2.5116359805101545
gene,between_syn,2.5608797016998857
gene,between_syn,1.9556703477699435
gene,between_syn,2.5389707832593706
gene,between_syn,1.9408648343281258
gene,between_syn,2.4625518742876085
gene,between_syn,1.9518231094034595
gene,between_syn,2.5562917450524356
gene,between_syn,2.223005797165716
gene,between_syn,1.9516293435778085
gene,between_syn,2.1952888790841225
gene,between_syn,2.165160898839981
gene,between_syn,2.5168236132521953
gene,between_syn,2.534700957954546
gene,between_syn,1.9518231094034595
gene,between_syn,2.5465318896472624
gene,between_syn,1.9556703477699435
gene,between_syn,2.4827629047347752
gene,between_syn,2.5457021638981834
gene,between_syn,2.5638302245384135
gene,between_syn,1.9728095914341737
gene,between_syn,2.197274545198033
gene,between_syn,2.5595807597225235
gene,between_syn,1.9526082038202262
gene,between_syn,2.197274545198033
gene,between_syn,2.5168236132521953
gene,between_syn,2.165160898839981
gene,between_syn,2.5362322312987975
gene,between_syn,2.5595807597225235
gene,between_syn,2.2559556876288203
gene,between_syn,2.522980082014161
